[{"body": "My. God.\n\nIt's happening everybody. Get your questions ready, because I will have some for sure.\n\n/u/polvitos, you're, hands down, the best.\n\nEDIT: I hope you don't mind, but I've stickied this post, so everybody will see it. I don't want anybody missing out on this.", "created_utc": 1391707618.0, "distinguished": null, "edited": false, "id": "cf8my8z", "is_submitter": false, "link_id": "t3_1x6yut", "parent_id": "t3_1x6yut", "permalink": "/r/Frozen/comments/1x6yut/monday_at_9am_pt_ama_with_the_filmmakers_and/cf8my8z/", "score": 32, "stickied": false, "subreddit_id": "t5_2vpth", "author_name": "OrangeFeels", "author_id": "e3m2z", "subreddit_name": "frozen"}, {"body": "HOOOOOOOOOOOOO!!!!!!!!!!!! \n\nCan I say something crazy, /u/polvitos? WILL YOU MARRY ME? \n\n", "created_utc": 1391708260.0, "distinguished": null, "edited": false, "id": "cf8n8yn", "is_submitter": false, "link_id": "t3_1x6yut", "parent_id": "t3_1x6yut", "permalink": "/r/Frozen/comments/1x6yut/monday_at_9am_pt_ama_with_the_filmmakers_and/cf8n8yn/", "score": 14, "stickied": false, "subreddit_id": "t5_2vpth", "author_name": "simien05", "author_id": "d9qj1", "subreddit_name": "frozen"}, {"body": "I'm a 19 year old male in college and I just giggled like a girl upon hearing this. I sure hope they deliver and answer all questions. I'd like to remind you all that everyone's going to ask \"is there going to be a second\" so please think of more creative questions!", "created_utc": 1391710304.0, "distinguished": null, "edited": false, "id": "cf8o7xx", "is_submitter": false, "link_id": "t3_1x6yut", "parent_id": "t3_1x6yut", "permalink": "/r/Frozen/comments/1x6yut/monday_at_9am_pt_ama_with_the_filmmakers_and/cf8o7xx/", "score": 14, "stickied": false, "subreddit_id": "t5_2vpth", "author_name": "UpvoteBecauseIcan", "author_id": "bpim5", "subreddit_name": "frozen"}, {"body": "[I'M SO EXCITED](http://img.pandawhale.com/96781-Anna-excited-gif-Imgur-Frozen-j9Hv.gif)", "created_utc": 1391745569.0, "distinguished": null, "edited": false, "id": "cf94s0u", "is_submitter": false, "link_id": "t3_1x6yut", "parent_id": "t3_1x6yut", "permalink": "/r/Frozen/comments/1x6yut/monday_at_9am_pt_ama_with_the_filmmakers_and/cf94s0u/", "score": 12, "stickied": false, "subreddit_id": "t5_2vpth", "author_name": "baconbroth", "author_id": "cidv2", "subreddit_name": "frozen"}, {"body": "AHHHHHHHHHHHHHHHHH!!!!!!", "created_utc": 1391707583.0, "distinguished": null, "edited": false, "id": "cf8mxn8", "is_submitter": false, "link_id": "t3_1x6yut", "parent_id": "t3_1x6yut", "permalink": "/r/Frozen/comments/1x6yut/monday_at_9am_pt_ama_with_the_filmmakers_and/cf8mxn8/", "score": 9, "stickied": false, "subreddit_id": "t5_2vpth", "author_name": "AdultSupervision", "author_id": "ej121", "subreddit_name": "frozen"}, {"body": "[All aboard!](http://zone-archive.com/tmp/hype_train.html)", "created_utc": 1391724809.0, "distinguished": null, "edited": false, "id": "cf8vd8u", "is_submitter": false, "link_id": "t3_1x6yut", "parent_id": "t3_1x6yut", "permalink": "/r/Frozen/comments/1x6yut/monday_at_9am_pt_ama_with_the_filmmakers_and/cf8vd8u/", "score": 9, "stickied": false, "subreddit_id": "t5_2vpth", "author_name": "Nolos", "author_id": "dqt7e", "subreddit_name": "frozen"}, {"body": "I'm not even going to be around to see it!\n\nCould someone ask this for me: What were Elsa's original motives as a villain before the final version of Frozen?\n\nand\n\nWas Hans always going to be under a guise of being Anna's love interest, just because he wanted to steal the throne? Because he was portrayed very well as a good guy from the very beginning. Even watching it a second time, I could hardly pick up any hints of him having malicious intentions.\n", "created_utc": 1391738368.0, "distinguished": null, "edited": false, "id": "cf91j8z", "is_submitter": false, "link_id": "t3_1x6yut", "parent_id": "t3_1x6yut", "permalink": "/r/Frozen/comments/1x6yut/monday_at_9am_pt_ama_with_the_filmmakers_and/cf91j8z/", "score": 10, "stickied": false, "subreddit_id": "t5_2vpth", "author_name": null, "author_id": null, "subreddit_name": "frozen"}, {"body": "WOW.\nNot sure how much I will be able to participate.. but I look forward to reading it all!\n\n(side note.. how does everyone get those images beside their name?)", "created_utc": 1391709343.0, "distinguished": null, "edited": false, "id": "cf8nr6h", "is_submitter": false, "link_id": "t3_1x6yut", "parent_id": "t3_1x6yut", "permalink": "/r/Frozen/comments/1x6yut/monday_at_9am_pt_ama_with_the_filmmakers_and/cf8nr6h/", "score": 6, "stickied": false, "subreddit_id": "t5_2vpth", "author_name": "gdkitty", "author_id": "8payt", "subreddit_name": "frozen"}, {"body": "Do we have forthcoming proof/confirmation? I'm already getting excited, but as I've seen my share of fake AMAs, it would be nice to see a Twitter mention or something.\n\nIn the meantime, I'll be trying to think up some good questions.", "created_utc": 1391715323.0, "distinguished": null, "edited": false, "id": "cf8qmlj", "is_submitter": false, "link_id": "t3_1x6yut", "parent_id": "t3_1x6yut", "permalink": "/r/Frozen/comments/1x6yut/monday_at_9am_pt_ama_with_the_filmmakers_and/cf8qmlj/", "score": 7, "stickied": false, "subreddit_id": "t5_2vpth", "author_name": "inkandpixelclub", "author_id": "4udc1", "subreddit_name": "frozen"}, {"body": "Is it happening here or over at /r/iama? I feel like this is big enough to warrant it being over there, it will get so much more traction :)", "created_utc": 1391718686.0, "distinguished": null, "edited": false, "id": "cf8sa9p", "is_submitter": false, "link_id": "t3_1x6yut", "parent_id": "t3_1x6yut", "permalink": "/r/Frozen/comments/1x6yut/monday_at_9am_pt_ama_with_the_filmmakers_and/cf8sa9p/", "score": 7, "stickied": false, "subreddit_id": "t5_2vpth", "author_name": "Wonderlandian", "author_id": "4e30s", "subreddit_name": "frozen"}, {"body": "I'd like to know some funny tidbits about early stages of a script. ", "created_utc": 1391715249.0, "distinguished": null, "edited": false, "id": "cf8qla3", "is_submitter": false, "link_id": "t3_1x6yut", "parent_id": "t3_1x6yut", "permalink": "/r/Frozen/comments/1x6yut/monday_at_9am_pt_ama_with_the_filmmakers_and/cf8qla3/", "score": 7, "stickied": false, "subreddit_id": "t5_2vpth", "author_name": "Portgas", "author_id": "7kc75", "subreddit_name": "frozen"}, {"body": "Oh my god, how did you pull this off? I bow to thee, /u/polvitos.", "created_utc": 1391728084.0, "distinguished": null, "edited": false, "id": "cf8wycc", "is_submitter": false, "link_id": "t3_1x6yut", "parent_id": "t3_1x6yut", "permalink": "/r/Frozen/comments/1x6yut/monday_at_9am_pt_ama_with_the_filmmakers_and/cf8wycc/", "score": 4, "stickied": false, "subreddit_id": "t5_2vpth", "author_name": "JiForce", "author_id": "5fwj2", "subreddit_name": "frozen"}, {"body": "I say we should get a list of all the questions we want to ask beforehand so there arent too many repeats of the same question. ", "created_utc": 1391710459.0, "distinguished": null, "edited": false, "id": "cf8oajq", "is_submitter": false, "link_id": "t3_1x6yut", "parent_id": "t3_1x6yut", "permalink": "/r/Frozen/comments/1x6yut/monday_at_9am_pt_ama_with_the_filmmakers_and/cf8oajq/", "score": 18, "stickied": false, "subreddit_id": "t5_2vpth", "author_name": "hooahguy", "author_id": "6201t", "subreddit_name": "frozen"}, {"body": "AYOOOO", "created_utc": 1391710207.0, "distinguished": null, "edited": false, "id": "cf8o6au", "is_submitter": false, "link_id": "t3_1x6yut", "parent_id": "t3_1x6yut", "permalink": "/r/Frozen/comments/1x6yut/monday_at_9am_pt_ama_with_the_filmmakers_and/cf8o6au/", "score": 3, "stickied": false, "subreddit_id": "t5_2vpth", "author_name": "UpvoteBecauseIcan", "author_id": "bpim5", "subreddit_name": "frozen"}, {"body": "holy sh** I'm so ready", "created_utc": 1391714060.0, "distinguished": null, "edited": false, "id": "cf8q01i", "is_submitter": false, "link_id": "t3_1x6yut", "parent_id": "t3_1x6yut", "permalink": "/r/Frozen/comments/1x6yut/monday_at_9am_pt_ama_with_the_filmmakers_and/cf8q01i/", "score": 3, "stickied": false, "subreddit_id": "t5_2vpth", "author_name": "Yopperpo", "author_id": "6gwut", "subreddit_name": "frozen"}, {"body": "If I wished to participate in the question asking should I just post them here?", "created_utc": 1391712848.0, "distinguished": null, "edited": false, "id": "cf8pft3", "is_submitter": false, "link_id": "t3_1x6yut", "parent_id": "t3_1x6yut", "permalink": "/r/Frozen/comments/1x6yut/monday_at_9am_pt_ama_with_the_filmmakers_and/cf8pft3/", "score": 3, "stickied": false, "subreddit_id": "t5_2vpth", "author_name": "Parsimony3", "author_id": "dhnoj", "subreddit_name": "frozen"}, {"body": "I take it this is happening on /r/IAmA? It is on the sidebar there.\n\nUnfortunately I'm busy from 9-10 PT and restricted to my phone for an hour after that.", "created_utc": 1391719769.0, "distinguished": null, "edited": false, "id": "cf8su76", "is_submitter": false, "link_id": "t3_1x6yut", "parent_id": "t3_1x6yut", "permalink": "/r/Frozen/comments/1x6yut/monday_at_9am_pt_ama_with_the_filmmakers_and/cf8su76/", "score": 3, "stickied": false, "subreddit_id": "t5_2vpth", "author_name": "Eren_Jeager", "author_id": "db1dv", "subreddit_name": "frozen"}, {"body": "eeeeeeeeeeeeeeeeeeeeeeeeee\n\nIf there was ever an AMA to participate in, this would be it. Yes. YES!", "created_utc": 1391731856.0, "distinguished": null, "edited": false, "id": "cf8yntd", "is_submitter": false, "link_id": "t3_1x6yut", "parent_id": "t3_1x6yut", "permalink": "/r/Frozen/comments/1x6yut/monday_at_9am_pt_ama_with_the_filmmakers_and/cf8yntd/", "score": 3, "stickied": false, "subreddit_id": "t5_2vpth", "author_name": "Miss_Sauce", "author_id": "9c9bo", "subreddit_name": "frozen"}, {"body": "WTF THIS AMA STARTS AT 1am at my time zone. NOOOOOO", "created_utc": 1391771921.0, "distinguished": null, "edited": false, "id": "cf9b9cg", "is_submitter": false, "link_id": "t3_1x6yut", "parent_id": "t3_1x6yut", "permalink": "/r/Frozen/comments/1x6yut/monday_at_9am_pt_ama_with_the_filmmakers_and/cf9b9cg/", "score": 3, "stickied": false, "subreddit_id": "t5_2vpth", "author_name": "IamVAcer", "author_id": "d3tyl", "subreddit_name": "frozen"}, {"body": "I'll ask if they want to build a snowman", "created_utc": 1392035608.0, "distinguished": null, "edited": false, "id": "cfbmxd9", "is_submitter": false, "link_id": "t3_1x6yut", "parent_id": "t3_1x6yut", "permalink": "/r/Frozen/comments/1x6yut/monday_at_9am_pt_ama_with_the_filmmakers_and/cfbmxd9/", "score": 3, "stickied": false, "subreddit_id": "t5_2vpth", "author_name": null, "author_id": null, "subreddit_name": "frozen"}, {"body": "Wait. Is it happening *here* or in IAMA? Because if it's happening here, we should at least post a link in IAMA about this AMA, so more people could participate!", "created_utc": 1391746286.0, "distinguished": null, "edited": false, "id": "cf952vp", "is_submitter": false, "link_id": "t3_1x6yut", "parent_id": "t3_1x6yut", "permalink": "/r/Frozen/comments/1x6yut/monday_at_9am_pt_ama_with_the_filmmakers_and/cf952vp/", "score": 2, "stickied": false, "subreddit_id": "t5_2vpth", "author_name": "Rakan-Han", "author_id": "8co91", "subreddit_name": "frozen"}, {"body": "SOMEONE GOTTA TELL THEM TO CHECK OUT /R/FROZEN!!!", "created_utc": 1391770831.0, "distinguished": null, "edited": false, "id": "cf9b3mv", "is_submitter": false, "link_id": "t3_1x6yut", "parent_id": "t3_1x6yut", "permalink": "/r/Frozen/comments/1x6yut/monday_at_9am_pt_ama_with_the_filmmakers_and/cf9b3mv/", "score": 2, "stickied": false, "subreddit_id": "t5_2vpth", "author_name": "IamVAcer", "author_id": "d3tyl", "subreddit_name": "frozen"}, {"body": "oh gosh this means it'll be 6am where I live.\n\nWHELP.", "created_utc": 1391807534.0, "distinguished": null, "edited": false, "id": "cf9omep", "is_submitter": false, "link_id": "t3_1x6yut", "parent_id": "t3_1x6yut", "permalink": "/r/Frozen/comments/1x6yut/monday_at_9am_pt_ama_with_the_filmmakers_and/cf9omep/", "score": 2, "stickied": false, "subreddit_id": "t5_2vpth", "author_name": "Zephusa", "author_id": "cq16a", "subreddit_name": "frozen"}, {"body": "This thread has been linked to from elsewhere on reddit.\n\n\n - [/r/disney] [Monday at 9am PT - AMA with the filmmakers and songwriters of FROZEN! (Cross-post from /r/Frozen)](http://np.reddit.com/r/disney/comments/1xbg50/monday_at_9am_pt_ama_with_the_filmmakers_and/)\n\n\n*^I ^am ^a ^bot. ^Comments? ^Complaints? [^Send ^them ^to ^my ^inbox!](http://www.reddit.com/message/compose/?to=totes_meta_bot)*\n\n", "created_utc": 1391819238.0, "distinguished": null, "edited": false, "id": "cf9tn67", "is_submitter": false, "link_id": "t3_1x6yut", "parent_id": "t3_1x6yut", "permalink": "/r/Frozen/comments/1x6yut/monday_at_9am_pt_ama_with_the_filmmakers_and/cf9tn67/", "score": 2, "stickied": false, "subreddit_id": "t5_2vpth", "author_name": "totes_meta_bot", "author_id": "f46db", "subreddit_name": "frozen"}, {"body": "Sadly I will be at school by this time. If someone's willing to send me a link when this starts, go for it!", "created_utc": 1391962787.0, "distinguished": null, "edited": false, "id": "cfay22q", "is_submitter": false, "link_id": "t3_1x6yut", "parent_id": "t3_1x6yut", "permalink": "/r/Frozen/comments/1x6yut/monday_at_9am_pt_ama_with_the_filmmakers_and/cfay22q/", "score": 2, "stickied": false, "subreddit_id": "t5_2vpth", "author_name": "jayjay200", "author_id": "c0kdx", "subreddit_name": "frozen"}, {"body": "I would want to ask if they had lgbts, introverts, people with psychological problems...essentially people who feel different, in mind when they created Elsa and if they had anticipated that she would be so beloved by fans.\n\nAnother question...well not really a question, but I hope Disney will take note of how complicated, flawed, multi-dimensional characters can really resonate with a global audience! I hope they should not be afraid to take risks with creating movies featuring a character as deep as Elsa, such characters also provide potential for important life lessons for children in ways that more \"conventional\" protagonists cant", "created_utc": 1391999296.0, "distinguished": null, "edited": false, "id": "cfbd0z0", "is_submitter": false, "link_id": "t3_1x6yut", "parent_id": "t3_1x6yut", "permalink": "/r/Frozen/comments/1x6yut/monday_at_9am_pt_ama_with_the_filmmakers_and/cfbd0z0/", "score": 2, "stickied": false, "subreddit_id": "t5_2vpth", "author_name": "iWoodstock", "author_id": "f49kr", "subreddit_name": "frozen"}, {"body": "Just listening to the soundtrack, as I count down the minutes.", "created_utc": 1392047810.0, "distinguished": null, "edited": false, "id": "cfbqdfw", "is_submitter": false, "link_id": "t3_1x6yut", "parent_id": "t3_1x6yut", "permalink": "/r/Frozen/comments/1x6yut/monday_at_9am_pt_ama_with_the_filmmakers_and/cfbqdfw/", "score": 2, "stickied": false, "subreddit_id": "t5_2vpth", "author_name": "Phaulty", "author_id": "5x95b", "subreddit_name": "frozen"}, {"body": "[deleted]", "created_utc": 1392051764.0, "distinguished": null, "edited": false, "id": "cfbs030", "is_submitter": false, "link_id": "t3_1x6yut", "parent_id": "t3_1x6yut", "permalink": "/r/Frozen/comments/1x6yut/monday_at_9am_pt_ama_with_the_filmmakers_and/cfbs030/", "score": 2, "stickied": false, "subreddit_id": "t5_2vpth", "author_name": null, "author_id": null, "subreddit_name": "frozen"}, {"body": "PT? I'm confused.", "created_utc": 1391919502.0, "distinguished": null, "edited": false, "id": "cfaoqku", "is_submitter": false, "link_id": "t3_1x6yut", "parent_id": "t3_1x6yut", "permalink": "/r/Frozen/comments/1x6yut/monday_at_9am_pt_ama_with_the_filmmakers_and/cfaoqku/", "score": 1, "stickied": false, "subreddit_id": "t5_2vpth", "author_name": "ADF01FALKEN", "author_id": "8hfgh", "subreddit_name": "frozen"}, {"body": "So, at the end can you answer this as clear as possible.\nis Elsa is a villan in this movie ?\n because some people say that she cursed the land and she froze her sister heart.\nin my opinion, i see that this was all by mistake and she didn't meant to.\n", "created_utc": 1391958655.0, "distinguished": null, "edited": false, "id": "cfawur7", "is_submitter": false, "link_id": "t3_1x6yut", "parent_id": "t3_1x6yut", "permalink": "/r/Frozen/comments/1x6yut/monday_at_9am_pt_ama_with_the_filmmakers_and/cfawur7/", "score": 1, "stickied": false, "subreddit_id": "t5_2vpth", "author_name": "Neko6500", "author_id": "d2b8r", "subreddit_name": "frozen"}, {"body": "I Heared that Elsa was the Villan in this movie, but you changed the story.\nso ? how exactly was Elsa going to be the Villan, because i can see from her character that she can't be a villan.", "created_utc": 1391958710.0, "distinguished": null, "edited": false, "id": "cfawva0", "is_submitter": false, "link_id": "t3_1x6yut", "parent_id": "t3_1x6yut", "permalink": "/r/Frozen/comments/1x6yut/monday_at_9am_pt_ama_with_the_filmmakers_and/cfawva0/", "score": 1, "stickied": false, "subreddit_id": "t5_2vpth", "author_name": "Neko6500", "author_id": "d2b8r", "subreddit_name": "frozen"}, {"body": "Why you didn't give Elsa more scenes in order to make people understand her character more and more", "created_utc": 1391958819.0, "distinguished": null, "edited": false, "id": "cfawwa5", "is_submitter": false, "link_id": "t3_1x6yut", "parent_id": "t3_1x6yut", "permalink": "/r/Frozen/comments/1x6yut/monday_at_9am_pt_ama_with_the_filmmakers_and/cfawwa5/", "score": 1, "stickied": false, "subreddit_id": "t5_2vpth", "author_name": "Neko6500", "author_id": "d2b8r", "subreddit_name": "frozen"}, {"body": "Is Elsa in her coronation dress is meant to be the Good Elsa ?\nand in the snow dress is meant to be the Bad Elsa ?", "created_utc": 1391958951.0, "distinguished": null, "edited": false, "id": "cfawxi3", "is_submitter": false, "link_id": "t3_1x6yut", "parent_id": "t3_1x6yut", "permalink": "/r/Frozen/comments/1x6yut/monday_at_9am_pt_ama_with_the_filmmakers_and/cfawxi3/", "score": 1, "stickied": false, "subreddit_id": "t5_2vpth", "author_name": "Neko6500", "author_id": "d2b8r", "subreddit_name": "frozen"}, {"body": "Man, life really doesn't want me to go to class on Monday...", "created_utc": 1391975033.0, "distinguished": null, "edited": false, "id": "cfb2z0r", "is_submitter": false, "link_id": "t3_1x6yut", "parent_id": "t3_1x6yut", "permalink": "/r/Frozen/comments/1x6yut/monday_at_9am_pt_ama_with_the_filmmakers_and/cfb2z0r/", "score": 1, "stickied": false, "subreddit_id": "t5_2vpth", "author_name": "CptnChunk", "author_id": "97ftt", "subreddit_name": "frozen"}, {"body": "I will be busy at that time, I have a question and was wondering if someone can post it for me right when the AMA is live? (Which is 12PM EST I believe)", "created_utc": 1392000080.0, "distinguished": null, "edited": false, "id": "cfbdctr", "is_submitter": false, "link_id": "t3_1x6yut", "parent_id": "t3_1x6yut", "permalink": "/r/Frozen/comments/1x6yut/monday_at_9am_pt_ama_with_the_filmmakers_and/cfbdctr/", "score": 1, "stickied": false, "subreddit_id": "t5_2vpth", "author_name": "Majorman45", "author_id": "6f2yq", "subreddit_name": "frozen"}, {"body": "where can i send my questions?", "created_utc": 1392041992.0, "distinguished": null, "edited": false, "id": "cfboeu4", "is_submitter": false, "link_id": "t3_1x6yut", "parent_id": "t3_1x6yut", "permalink": "/r/Frozen/comments/1x6yut/monday_at_9am_pt_ama_with_the_filmmakers_and/cfboeu4/", "score": 1, "stickied": false, "subreddit_id": "t5_2vpth", "author_name": "mariana9021", "author_id": "f7he3", "subreddit_name": "frozen"}, {"body": "[deleted]", "created_utc": 1392051864.0, "distinguished": null, "edited": false, "id": "cfbs1n8", "is_submitter": false, "link_id": "t3_1x6yut", "parent_id": "t3_1x6yut", "permalink": "/r/Frozen/comments/1x6yut/monday_at_9am_pt_ama_with_the_filmmakers_and/cfbs1n8/", "score": 1, "stickied": false, "subreddit_id": "t5_2vpth", "author_name": null, "author_id": null, "subreddit_name": "frozen"}, {"body": "ITS UP LETS GO PEOPLE!", "created_utc": 1392052064.0, "distinguished": null, "edited": false, "id": "cfbs4t8", "is_submitter": false, "link_id": "t3_1x6yut", "parent_id": "t3_1x6yut", "permalink": "/r/Frozen/comments/1x6yut/monday_at_9am_pt_ama_with_the_filmmakers_and/cfbs4t8/", "score": 1, "stickied": false, "subreddit_id": "t5_2vpth", "author_name": "IamVAcer", "author_id": "d3tyl", "subreddit_name": "frozen"}, {"body": "[deleted]", "created_utc": 1391717560.0, "distinguished": null, "edited": 1462513398.0, "id": "cf8rpye", "is_submitter": false, "link_id": "t3_1x6yut", "parent_id": "t3_1x6yut", "permalink": "/r/Frozen/comments/1x6yut/monday_at_9am_pt_ama_with_the_filmmakers_and/cf8rpye/", "score": 0, "stickied": false, "subreddit_id": "t5_2vpth", "author_name": null, "author_id": null, "subreddit_name": "frozen"}, {"body": "I'd love to make this question to Jennifer Lee:\n\nWhat do you think of the fanfics \"Frozen Fractals\" and \"r9k Elsa is Suffering\"? In your personal opinion and they way they're written.", "created_utc": 1391749792.0, "distinguished": null, "edited": 1391751799.0, "id": "cf96h4i", "is_submitter": false, "link_id": "t3_1x6yut", "parent_id": "t3_1x6yut", "permalink": "/r/Frozen/comments/1x6yut/monday_at_9am_pt_ama_with_the_filmmakers_and/cf96h4i/", "score": -1, "stickied": false, "subreddit_id": "t5_2vpth", "author_name": null, "author_id": null, "subreddit_name": "frozen"}, {"body": "I like the idea of /u/hooahguy, we should make list of all the questions we want to ask beforehand. So is it possible you make kinda sticky polling or discussion thread to compile the best questions for them? ", "created_utc": 1391710790.0, "distinguished": null, "edited": false, "id": "cf8og6l", "is_submitter": false, "link_id": "t3_1x6yut", "parent_id": "t1_cf8my8z", "permalink": "/r/Frozen/comments/1x6yut/monday_at_9am_pt_ama_with_the_filmmakers_and/cf8og6l/", "score": 12, "stickied": false, "subreddit_id": "t5_2vpth", "author_name": "simien05", "author_id": "d9qj1", "subreddit_name": "frozen"}, {"body": "-------> on the right side, you can find your name and could edit your flair. ", "created_utc": 1391709607.0, "distinguished": null, "edited": false, "id": "cf8nvsv", "is_submitter": false, "link_id": "t3_1x6yut", "parent_id": "t1_cf8nr6h", "permalink": "/r/Frozen/comments/1x6yut/monday_at_9am_pt_ama_with_the_filmmakers_and/cf8nvsv/", "score": 5, "stickied": false, "subreddit_id": "t5_2vpth", "author_name": "simien05", "author_id": "d9qj1", "subreddit_name": "frozen"}, {"body": "It was added to /r/IAMA", "created_utc": 1391720019.0, "distinguished": null, "edited": false, "id": "cf8syqx", "is_submitter": true, "link_id": "t3_1x6yut", "parent_id": "t1_cf8qmlj", "permalink": "/r/Frozen/comments/1x6yut/monday_at_9am_pt_ama_with_the_filmmakers_and/cf8syqx/", "score": 7, "stickied": false, "subreddit_id": "t5_2vpth", "author_name": "polvitos", "author_id": "5pvpc", "subreddit_name": "frozen"}, {"body": "Yep. On /r/IAMA but I wanted to make sure /r/Frozen was aware. ", "created_utc": 1391720064.0, "distinguished": null, "edited": false, "id": "cf8szjj", "is_submitter": true, "link_id": "t3_1x6yut", "parent_id": "t1_cf8sa9p", "permalink": "/r/Frozen/comments/1x6yut/monday_at_9am_pt_ama_with_the_filmmakers_and/cf8szjj/", "score": 9, "stickied": false, "subreddit_id": "t5_2vpth", "author_name": "polvitos", "author_id": "5pvpc", "subreddit_name": "frozen"}, {"body": "Sounds good.  Here are mine if someone wants to take one (or a variant).  Just let me know:\n\n1. **When did you know?**  Obvoiusly all films are special to someone, but *Frozen* really seems to be affecting audiences in a unique way.  It's a story that hooks most viewers more deeply.  Is this kind of thing obvious to a film-maker?  Was this a \"different\" film to you as it entered release, or did it just seem like any other movie at the time?\n\n2. As has been detailed already, *Frozen* went through a bunch of major plot changes quite late (i.e. post-*Let it Go*, which still seems to have vestigial lyrics from earlier scripts).  What are the chances that we might see a release of some of the early scripts?  I would be really curious how the \"fighting sisters\" ideas were expected to play out.\n\n3. More Demos!  The demo tracks on the Deluxe Soundtrack are a real treat.  Is there any chance of seeing an \"Extra Deluxe\" edition with more?  Maybe the original demo for *Let it Go*, or the second half of *We Know Better* that gets referenced?", "created_utc": 1391717391.0, "distinguished": null, "edited": 1391717576.0, "id": "cf8rmxf", "is_submitter": false, "link_id": "t3_1x6yut", "parent_id": "t1_cf8oajq", "permalink": "/r/Frozen/comments/1x6yut/monday_at_9am_pt_ama_with_the_filmmakers_and/cf8rmxf/", "score": 9, "stickied": false, "subreddit_id": "t5_2vpth", "author_name": "AndIfWeFall", "author_id": "f0b0t", "subreddit_name": "frozen"}, {"body": "3 MINUTES POLVITOS IS A FRAUD", "created_utc": 1392051836.0, "distinguished": null, "edited": false, "id": "cfbs169", "is_submitter": false, "link_id": "t3_1x6yut", "parent_id": "t1_cfbs030", "permalink": "/r/Frozen/comments/1x6yut/monday_at_9am_pt_ama_with_the_filmmakers_and/cfbs169/", "score": 1, "stickied": false, "subreddit_id": "t5_2vpth", "author_name": "Yopperpo", "author_id": "6gwut", "subreddit_name": "frozen"}, {"body": "I think as in PST, Pacific Standard Time (UTC-8). ", "created_utc": 1391920188.0, "distinguished": null, "edited": false, "id": "cfaoz3q", "is_submitter": false, "link_id": "t3_1x6yut", "parent_id": "t1_cfaoqku", "permalink": "/r/Frozen/comments/1x6yut/monday_at_9am_pt_ama_with_the_filmmakers_and/cfaoz3q/", "score": 1, "stickied": false, "subreddit_id": "t5_2vpth", "author_name": "randomness43080", "author_id": "f3ivm", "subreddit_name": "frozen"}, {"body": "In one of the podcast, she mentioned that there isn't really a villain, while she did mention that its about love vs fear, and fear being the villain ", "created_utc": 1392037270.0, "distinguished": null, "edited": false, "id": "cfbn9dz", "is_submitter": false, "link_id": "t3_1x6yut", "parent_id": "t1_cfawur7", "permalink": "/r/Frozen/comments/1x6yut/monday_at_9am_pt_ama_with_the_filmmakers_and/cfbn9dz/", "score": 3, "stickied": false, "subreddit_id": "t5_2vpth", "author_name": "IamVAcer", "author_id": "d3tyl", "subreddit_name": "frozen"}, {"body": "In a podcast, Jennifer mentioned that Anna's heart would be frozen very early on and Elsa would try to stop Anna from seeing Hans for the Kiss. The ending would be the same with Anna sacrificing herself for Elsa", "created_utc": 1392037382.0, "distinguished": null, "edited": false, "id": "cfbna7t", "is_submitter": false, "link_id": "t3_1x6yut", "parent_id": "t1_cfawva0", "permalink": "/r/Frozen/comments/1x6yut/monday_at_9am_pt_ama_with_the_filmmakers_and/cfbna7t/", "score": 2, "stickied": false, "subreddit_id": "t5_2vpth", "author_name": "IamVAcer", "author_id": "d3tyl", "subreddit_name": "frozen"}, {"body": "AMA Subreddit.", "created_utc": 1392049931.0, "distinguished": null, "edited": false, "id": "cfbr86m", "is_submitter": false, "link_id": "t3_1x6yut", "parent_id": "t1_cfboeu4", "permalink": "/r/Frozen/comments/1x6yut/monday_at_9am_pt_ama_with_the_filmmakers_and/cfbr86m/", "score": 1, "stickied": false, "subreddit_id": "t5_2vpth", "author_name": "AdultSupervision", "author_id": "ej121", "subreddit_name": "frozen"}, {"body": "They should not feel forced to do a sequel now. If they have good ideas, it will be wonderful. If they don't, then they shouldn't create a sequel. Everything's finite in this world. Who cares if it is one movie with 90 minutes or two with all in all 180? Important is: We have heard from Arendelle, we have seen its people. And in everyone's dreams and thoughts there are many more songs to sing and stories to tell. There are always two parts to a fantasy world: The stories that are told and the stories that are only hinted.\n\nIf Michael Ende reaches in his Neverending Story a branch, where the reader may unfold his own ideas, he simply writes: \"But that's another story and shall be told another time.\"", "created_utc": 1391719220.0, "distinguished": null, "edited": false, "id": "cf8sk4z", "is_submitter": false, "link_id": "t3_1x6yut", "parent_id": "t1_cf8rpye", "permalink": "/r/Frozen/comments/1x6yut/monday_at_9am_pt_ama_with_the_filmmakers_and/cf8sk4z/", "score": 8, "stickied": false, "subreddit_id": "t5_2vpth", "author_name": null, "author_id": null, "subreddit_name": "frozen"}, {"body": "I think she said somewhere that she didn't read fanfiction. Something about if messing with her idea of who the characters are. Correct me if I'm wrong, I probably am.", "created_utc": 1391751312.0, "distinguished": null, "edited": false, "id": "cf970r6", "is_submitter": false, "link_id": "t3_1x6yut", "parent_id": "t1_cf96h4i", "permalink": "/r/Frozen/comments/1x6yut/monday_at_9am_pt_ama_with_the_filmmakers_and/cf970r6/", "score": 3, "stickied": false, "subreddit_id": "t5_2vpth", "author_name": "OrangeFeels", "author_id": "e3m2z", "subreddit_name": "frozen"}, {"body": "I'll run it by /u/Eren_Jeager, and we'll see what we can do. ;)", "created_utc": 1391710978.0, "distinguished": null, "edited": false, "id": "cf8ojfz", "is_submitter": false, "link_id": "t3_1x6yut", "parent_id": "t1_cf8og6l", "permalink": "/r/Frozen/comments/1x6yut/monday_at_9am_pt_ama_with_the_filmmakers_and/cf8ojfz/", "score": 5, "stickied": false, "subreddit_id": "t5_2vpth", "author_name": "OrangeFeels", "author_id": "e3m2z", "subreddit_name": "frozen"}, {"body": "aha! I didn't see that! \n\nThank you very much!", "created_utc": 1391709723.0, "distinguished": null, "edited": false, "id": "cf8nxt4", "is_submitter": false, "link_id": "t3_1x6yut", "parent_id": "t1_cf8nvsv", "permalink": "/r/Frozen/comments/1x6yut/monday_at_9am_pt_ama_with_the_filmmakers_and/cf8nxt4/", "score": 7, "stickied": false, "subreddit_id": "t5_2vpth", "author_name": "gdkitty", "author_id": "8payt", "subreddit_name": "frozen"}, {"body": "> **When did you know?**\n\nAccording to Chris Buck, co-director (with Jennifer Lee), they did not really expect it to be a blockbuster.\n\n> SSN: While you were making this did you ever have any indication that it was going to be a huge hit?\nBuck: Not at all. You always hope, as you\u2019re making a movie, that it will connect with an audience and the audience will take something away from it. But you never think you\u2019re going to have people on YouTube doing their versions of the songs and going back to see it several times. It\u2019s crazy. It\u2019s great.\n\n> SSN: What was the first indication that this was going to be something much bigger than you had anticipated?\nBuck: It was the first screening that we had for an audience. Inside the studio walls we\u2019re pretty critical. We have other writers and storyboard artists look at it to see what\u2019s working and what isn\u2019t. It was seeing the response in the theater and talking afterwards about what they had enjoyed. We were concerned if boys would enjoy it as much as girls, and they did. At that point we were just 50 percent animated. The rest was storyboards, but they still got it.\n\nAccording to forecasts, it was expected to be equivalently successful to Tangled and Wreck-it-Ralph, so ~$190MM, yet Frozen's already accumulated $360MM, and it's only been 11 weeks in theaters, contrasted with a predicted run of 26 weeks. Moreover, it earned $9MM last weekend, 4th highest all-time for a movie 10 weeks old. (All numbers domestic, USA market only)\n\nTL;DR:\nHindsight can be funny sometimes; directors and writers hear criticism from other talented directors and writers, so it can be hard to judge how a real audience will react, which can lead to unexpected success.", "created_utc": 1391733980.0, "distinguished": null, "edited": 1391735043.0, "id": "cf8zlhf", "is_submitter": false, "link_id": "t3_1x6yut", "parent_id": "t1_cf8rmxf", "permalink": "/r/Frozen/comments/1x6yut/monday_at_9am_pt_ama_with_the_filmmakers_and/cf8zlhf/", "score": 6, "stickied": false, "subreddit_id": "t5_2vpth", "author_name": "randomness43080", "author_id": "f3ivm", "subreddit_name": "frozen"}, {"body": "Bobby Lopez's tweeted that its gonna start soon", "created_utc": 1392051881.0, "distinguished": null, "edited": false, "id": "cfbs1w4", "is_submitter": false, "link_id": "t3_1x6yut", "parent_id": "t1_cfbs169", "permalink": "/r/Frozen/comments/1x6yut/monday_at_9am_pt_ama_with_the_filmmakers_and/cfbs1w4/", "score": 1, "stickied": false, "subreddit_id": "t5_2vpth", "author_name": "IamVAcer", "author_id": "d3tyl", "subreddit_name": "frozen"}, {"body": "10 AM MST...maybe I'll try to sneak away at lunch.", "created_utc": 1391959720.0, "distinguished": null, "edited": false, "id": "cfax53a", "is_submitter": false, "link_id": "t3_1x6yut", "parent_id": "t1_cfaoz3q", "permalink": "/r/Frozen/comments/1x6yut/monday_at_9am_pt_ama_with_the_filmmakers_and/cfax53a/", "score": 2, "stickied": false, "subreddit_id": "t5_2vpth", "author_name": "ADF01FALKEN", "author_id": "8hfgh", "subreddit_name": "frozen"}, {"body": "now i am happy :)", "created_utc": 1392037570.0, "distinguished": null, "edited": false, "id": "cfbnbna", "is_submitter": false, "link_id": "t3_1x6yut", "parent_id": "t1_cfbn9dz", "permalink": "/r/Frozen/comments/1x6yut/monday_at_9am_pt_ama_with_the_filmmakers_and/cfbnbna/", "score": 1, "stickied": false, "subreddit_id": "t5_2vpth", "author_name": "Neko6500", "author_id": "d2b8r", "subreddit_name": "frozen"}, {"body": "Thanks :D", "created_utc": 1392037562.0, "distinguished": null, "edited": false, "id": "cfbnbl3", "is_submitter": false, "link_id": "t3_1x6yut", "parent_id": "t1_cfbna7t", "permalink": "/r/Frozen/comments/1x6yut/monday_at_9am_pt_ama_with_the_filmmakers_and/cfbnbl3/", "score": 1, "stickied": false, "subreddit_id": "t5_2vpth", "author_name": "Neko6500", "author_id": "d2b8r", "subreddit_name": "frozen"}, {"body": "in this page?", "created_utc": 1392051667.0, "distinguished": null, "edited": false, "id": "cfbrym7", "is_submitter": false, "link_id": "t3_1x6yut", "parent_id": "t1_cfbr86m", "permalink": "/r/Frozen/comments/1x6yut/monday_at_9am_pt_ama_with_the_filmmakers_and/cfbrym7/", "score": 1, "stickied": false, "subreddit_id": "t5_2vpth", "author_name": "mariana9021", "author_id": "f7he3", "subreddit_name": "frozen"}, {"body": "It's too bad they didn't heed that advice before they made The Neverending Story 2 and 3 movies :(  And this from someone who did enjoy the first movie, albeit not as much as the book.   ", "created_utc": 1391908714.0, "distinguished": null, "edited": false, "id": "cfakvgd", "is_submitter": false, "link_id": "t3_1x6yut", "parent_id": "t1_cf8sk4z", "permalink": "/r/Frozen/comments/1x6yut/monday_at_9am_pt_ama_with_the_filmmakers_and/cfakvgd/", "score": 1, "stickied": false, "subreddit_id": "t5_2vpth", "author_name": "irckeekle", "author_id": "ashba", "subreddit_name": "frozen"}, {"body": "well, a sequel should come if the plot is strong enough. There are many themes that can be done. But, they shouldn't rush. One advice should be, \"keep the original team if you do the sequel\". ", "created_utc": 1392049972.0, "distinguished": null, "edited": false, "id": "cfbr8u2", "is_submitter": false, "link_id": "t3_1x6yut", "parent_id": "t1_cf8sk4z", "permalink": "/r/Frozen/comments/1x6yut/monday_at_9am_pt_ama_with_the_filmmakers_and/cfbr8u2/", "score": 1, "stickied": false, "subreddit_id": "t5_2vpth", "author_name": "mariana9021", "author_id": "f7he3", "subreddit_name": "frozen"}, {"body": "[deleted]", "created_utc": 1391721877.0, "distinguished": null, "edited": false, "id": "cf8tw4n", "is_submitter": false, "link_id": "t3_1x6yut", "parent_id": "t1_cf8ojfz", "permalink": "/r/Frozen/comments/1x6yut/monday_at_9am_pt_ama_with_the_filmmakers_and/cf8tw4n/", "score": 7, "stickied": false, "subreddit_id": "t5_2vpth", "author_name": null, "author_id": null, "subreddit_name": "frozen"}, {"body": "you welcome VIP, let's kick it\n\n*intro song", "created_utc": 1391711786.0, "distinguished": null, "edited": false, "id": "cf8oxox", "is_submitter": false, "link_id": "t3_1x6yut", "parent_id": "t1_cf8nxt4", "permalink": "/r/Frozen/comments/1x6yut/monday_at_9am_pt_ama_with_the_filmmakers_and/cf8oxox/", "score": 7, "stickied": false, "subreddit_id": "t5_2vpth", "author_name": "simien05", "author_id": "d9qj1", "subreddit_name": "frozen"}, {"body": "/u/drewtailored wrote that!", "created_utc": 1392047571.0, "distinguished": null, "edited": false, "id": "cfbqa58", "is_submitter": true, "link_id": "t3_1x6yut", "parent_id": "t1_cf8zlhf", "permalink": "/r/Frozen/comments/1x6yut/monday_at_9am_pt_ama_with_the_filmmakers_and/cfbqa58/", "score": 1, "stickied": false, "subreddit_id": "t5_2vpth", "author_name": "polvitos", "author_id": "5pvpc", "subreddit_name": "frozen"}, {"body": "Just to let you know, the podcast I was referring to is this one http://nofilmschool.com/2014/02/frozen-writerdirector-jennifer-lee-breaks-story-screenplay-scriptnotes/. Really insightful :)", "created_utc": 1392039410.0, "distinguished": null, "edited": false, "id": "cfbnqut", "is_submitter": false, "link_id": "t3_1x6yut", "parent_id": "t1_cfbnbna", "permalink": "/r/Frozen/comments/1x6yut/monday_at_9am_pt_ama_with_the_filmmakers_and/cfbnqut/", "score": 1, "stickied": false, "subreddit_id": "t5_2vpth", "author_name": "IamVAcer", "author_id": "d3tyl", "subreddit_name": "frozen"}, {"body": "Fair enough. I agree, I think we should all just ask what's on our minds. I'm sure (like other AMA's) they wouldn't respond to something if it's asked too many times.", "created_utc": 1391727017.0, "distinguished": null, "edited": false, "id": "cf8wfso", "is_submitter": false, "link_id": "t3_1x6yut", "parent_id": "t1_cf8tw4n", "permalink": "/r/Frozen/comments/1x6yut/monday_at_9am_pt_ama_with_the_filmmakers_and/cf8wfso/", "score": 4, "stickied": false, "subreddit_id": "t5_2vpth", "author_name": "OrangeFeels", "author_id": "e3m2z", "subreddit_name": "frozen"}, {"body": "dn dn dn d-d-dn dn\n\ndn-dn dn dn d-d-dn dn", "created_utc": 1391712370.0, "distinguished": null, "edited": false, "id": "cf8p7qa", "is_submitter": false, "link_id": "t3_1x6yut", "parent_id": "t1_cf8oxox", "permalink": "/r/Frozen/comments/1x6yut/monday_at_9am_pt_ama_with_the_filmmakers_and/cf8p7qa/", "score": 6, "stickied": false, "subreddit_id": "t5_2vpth", "author_name": "EvilLittleThing", "author_id": "7c5qp", "subreddit_name": "frozen"}, {"body": "[deleted]", "created_utc": 1391735219.0, "distinguished": null, "edited": false, "id": "cf9057b", "is_submitter": false, "link_id": "t3_1x6yut", "parent_id": "t1_cf8wfso", "permalink": "/r/Frozen/comments/1x6yut/monday_at_9am_pt_ama_with_the_filmmakers_and/cf9057b/", "score": 3, "stickied": false, "subreddit_id": "t5_2vpth", "author_name": null, "author_id": null, "subreddit_name": "frozen"}, {"body": "All right, stop.", "created_utc": 1391721542.0, "distinguished": null, "edited": false, "id": "cf8tpyh", "is_submitter": false, "link_id": "t3_1x6yut", "parent_id": "t1_cf8p7qa", "permalink": "/r/Frozen/comments/1x6yut/monday_at_9am_pt_ama_with_the_filmmakers_and/cf8tpyh/", "score": 6, "stickied": false, "subreddit_id": "t5_2vpth", "author_name": "GlitchyVI", "author_id": "7ukuo", "subreddit_name": "frozen"}, {"body": "we leave more experience people like you guys to work the detail. meanwhile let us scream like a little girl in unicorn party.......", "created_utc": 1391746765.0, "distinguished": null, "edited": false, "id": "cf95a3u", "is_submitter": false, "link_id": "t3_1x6yut", "parent_id": "t1_cf9057b", "permalink": "/r/Frozen/comments/1x6yut/monday_at_9am_pt_ama_with_the_filmmakers_and/cf95a3u/", "score": 2, "stickied": false, "subreddit_id": "t5_2vpth", "author_name": "simien05", "author_id": "d9qj1", "subreddit_name": "frozen"}, {"body": "Collaborate and listen, ", "created_utc": 1391722425.0, "distinguished": null, "edited": false, "id": "cf8u66e", "is_submitter": false, "link_id": "t3_1x6yut", "parent_id": "t1_cf8tpyh", "permalink": "/r/Frozen/comments/1x6yut/monday_at_9am_pt_ama_with_the_filmmakers_and/cf8u66e/", "score": 5, "stickied": false, "subreddit_id": "t5_2vpth", "author_name": "FalconFlight17", "author_id": "6e27n", "subreddit_name": "frozen"}, {"body": "No, I think he meant that literally.  Stop. :)", "created_utc": 1391724952.0, "distinguished": null, "edited": false, "id": "cf8vfsy", "is_submitter": false, "link_id": "t3_1x6yut", "parent_id": "t1_cf8u66e", "permalink": "/r/Frozen/comments/1x6yut/monday_at_9am_pt_ama_with_the_filmmakers_and/cf8vfsy/", "score": 7, "stickied": false, "subreddit_id": "t5_2vpth", "author_name": "YouGeetBadJob", "author_id": "9cco9", "subreddit_name": "frozen"}]