{"clicked": false, "created_utc": 1391707428.0, "distinguished": null, "edited": 1391820921.0, "id": "1x6yut", "is_video": false, "locked": false, "num_comments": 68, "over_18": false, "permalink": "/r/Frozen/comments/1x6yut/monday_at_9am_pt_ama_with_the_filmmakers_and/", "score": 153, "selftext": "Directors: Jennifer Lee & Chris Buck\n\nProducer: Peter Del Vecho\n\nSongwriters: Kristen & Bobby Lopez\n\nYay! \n\nEdit: This will take place on /r/IAMA", "stickied": false, "subreddit_id": "t5_2vpth", "title": "Monday at 9am PT - AMA with the filmmakers and songwriters of FROZEN!", "url": null, "author_name": "polvitos", "author_id": "5pvpc", "subreddit_name": "frozen", "upvote_ratio": 0.99}