[{"body": "The tears are flowing again...", "created_utc": 1393556852.0, "distinguished": null, "edited": false, "id": "cfqnc7o", "is_submitter": false, "link_id": "t3_1z58ok", "parent_id": "t3_1z58ok", "permalink": "/r/Frozen/comments/1z58ok/you_sacrificed_yourself_for_me_didnt_you_too_by/cfqnc7o/", "score": 21, "stickied": false, "subreddit_id": "t5_2vpth", "author_name": "XLightThief", "author_id": "5o80b", "subreddit_name": "frozen"}, {"body": "Oh wow, that actually made me go from 0 to crying in 2.5 seconds. Q_Q", "created_utc": 1393558722.0, "distinguished": null, "edited": false, "id": "cfqo5qs", "is_submitter": false, "link_id": "t3_1z58ok", "parent_id": "t3_1z58ok", "permalink": "/r/Frozen/comments/1z58ok/you_sacrificed_yourself_for_me_didnt_you_too_by/cfqo5qs/", "score": 15, "stickied": false, "subreddit_id": "t5_2vpth", "author_name": "chzrm3", "author_id": "djsw3", "subreddit_name": "frozen"}, {"body": "This is raw pain.", "created_utc": 1393558132.0, "distinguished": null, "edited": false, "id": "cfqnwko", "is_submitter": false, "link_id": "t3_1z58ok", "parent_id": "t3_1z58ok", "permalink": "/r/Frozen/comments/1z58ok/you_sacrificed_yourself_for_me_didnt_you_too_by/cfqnwko/", "score": 16, "stickied": false, "subreddit_id": "t5_2vpth", "author_name": "HikariOni", "author_id": "75nqx", "subreddit_name": "frozen"}, {"body": "[stitched version](http://i.imgur.com/ByOY5Du.jpg)", "created_utc": 1393555011.0, "distinguished": null, "edited": false, "id": "cfqmi97", "is_submitter": true, "link_id": "t3_1z58ok", "parent_id": "t3_1z58ok", "permalink": "/r/Frozen/comments/1z58ok/you_sacrificed_yourself_for_me_didnt_you_too_by/cfqmi97/", "score": 11, "stickied": false, "subreddit_id": "t5_2vpth", "author_name": "damocles2501", "author_id": "d3wqx", "subreddit_name": "frozen"}, {"body": "Crap... I just realised that two of my posts just now are related... so yeah after reading this comic, go read this post: http://www.reddit.com/r/Frozen/comments/1z57fy/you_think_anna_was_still_conscious_even_after/\n\nT_T", "created_utc": 1393560760.0, "distinguished": null, "edited": false, "id": "cfqp0nn", "is_submitter": true, "link_id": "t3_1z58ok", "parent_id": "t3_1z58ok", "permalink": "/r/Frozen/comments/1z58ok/you_sacrificed_yourself_for_me_didnt_you_too_by/cfqp0nn/", "score": 7, "stickied": false, "subreddit_id": "t5_2vpth", "author_name": "damocles2501", "author_id": "d3wqx", "subreddit_name": "frozen"}, {"body": "\u0ca5_\u0ca5", "created_utc": 1393568405.0, "distinguished": null, "edited": false, "id": "cfqrqd5", "is_submitter": false, "link_id": "t3_1z58ok", "parent_id": "t3_1z58ok", "permalink": "/r/Frozen/comments/1z58ok/you_sacrificed_yourself_for_me_didnt_you_too_by/cfqrqd5/", "score": 4, "stickied": false, "subreddit_id": "t5_2vpth", "author_name": "Roxioz", "author_id": "f6z4v", "subreddit_name": "frozen"}, {"body": "The feels . . . why won't they stop?", "created_utc": 1393595667.0, "distinguished": null, "edited": false, "id": "cfqwvdj", "is_submitter": false, "link_id": "t3_1z58ok", "parent_id": "t3_1z58ok", "permalink": "/r/Frozen/comments/1z58ok/you_sacrificed_yourself_for_me_didnt_you_too_by/cfqwvdj/", "score": 1, "stickied": false, "subreddit_id": "t5_2vpth", "author_name": "otakursed", "author_id": "72nf7", "subreddit_name": "frozen"}, {"body": "Yesterday, I saw this post and didn't quite understand it.\n\nToday I read it again and understood.  And now I'm sitting in the middle of a restaurant sniffling.  \n\nIf anyone asks, I had too much pepper.\n", "created_utc": 1393631043.0, "distinguished": null, "edited": false, "id": "cfrcaso", "is_submitter": false, "link_id": "t3_1z58ok", "parent_id": "t3_1z58ok", "permalink": "/r/Frozen/comments/1z58ok/you_sacrificed_yourself_for_me_didnt_you_too_by/cfrcaso/", "score": 1, "stickied": false, "subreddit_id": "t5_2vpth", "author_name": "boomerangotan", "author_id": "3r350", "subreddit_name": "frozen"}, {"body": "...I don't get it. Could someone please explain?", "created_utc": 1393784705.0, "distinguished": null, "edited": false, "id": "cfsk5sx", "is_submitter": false, "link_id": "t3_1z58ok", "parent_id": "t3_1z58ok", "permalink": "/r/Frozen/comments/1z58ok/you_sacrificed_yourself_for_me_didnt_you_too_by/cfsk5sx/", "score": 1, "stickied": false, "subreddit_id": "t5_2vpth", "author_name": "ADF01FALKEN", "author_id": "8hfgh", "subreddit_name": "frozen"}, {"body": "Feels", "created_utc": 1398227453.0, "distinguished": null, "edited": false, "id": "cgzo39f", "is_submitter": false, "link_id": "t3_1z58ok", "parent_id": "t3_1z58ok", "permalink": "/r/Frozen/comments/1z58ok/you_sacrificed_yourself_for_me_didnt_you_too_by/cgzo39f/", "score": 1, "stickied": false, "subreddit_id": "t5_2vpth", "author_name": "Leeman1337", "author_id": "ezt26", "subreddit_name": "frozen"}, {"body": "Tearjerker Thursday. We should* make it a thing, bro. These are my favorite kinds of posts, so I'm down. ", "created_utc": 1393568780.0, "distinguished": null, "edited": 1393585020.0, "id": "cfqru95", "is_submitter": false, "link_id": "t3_1z58ok", "parent_id": "t1_cfqp0nn", "permalink": "/r/Frozen/comments/1z58ok/you_sacrificed_yourself_for_me_didnt_you_too_by/cfqru95/", "score": 7, "stickied": false, "subreddit_id": "t5_2vpth", "author_name": "JiForce", "author_id": "5fwj2", "subreddit_name": "frozen"}, {"body": "Would you please link me that tumblr post so I can reblog it? My phone is being extremely stupid.", "created_utc": 1393568376.0, "distinguished": null, "edited": false, "id": "cfqrq0y", "is_submitter": false, "link_id": "t3_1z58ok", "parent_id": "t1_cfqp0nn", "permalink": "/r/Frozen/comments/1z58ok/you_sacrificed_yourself_for_me_didnt_you_too_by/cfqrq0y/", "score": 3, "stickied": false, "subreddit_id": "t5_2vpth", "author_name": "askingxalice", "author_id": "dtcex", "subreddit_name": "frozen"}, {"body": "I'll try...", "created_utc": 1393580595.0, "distinguished": null, "edited": false, "id": "cfqu8dd", "is_submitter": true, "link_id": "t3_1z58ok", "parent_id": "t1_cfqru95", "permalink": "/r/Frozen/comments/1z58ok/you_sacrificed_yourself_for_me_didnt_you_too_by/cfqu8dd/", "score": 3, "stickied": false, "subreddit_id": "t5_2vpth", "author_name": "damocles2501", "author_id": "d3wqx", "subreddit_name": "frozen"}, {"body": "http://fairymascot.tumblr.com/post/72684450909/you-sacrificed-yourself-for-me-didnt-you\n\nand\n\nhttp://bespectacleddwarf.tumblr.com/post/75360249361/bad-english-ahead-you-think-anna-was-still\n\nDidn't know which one you wanted..", "created_utc": 1393568556.0, "distinguished": null, "edited": false, "id": "cfqrrwl", "is_submitter": true, "link_id": "t3_1z58ok", "parent_id": "t1_cfqrq0y", "permalink": "/r/Frozen/comments/1z58ok/you_sacrificed_yourself_for_me_didnt_you_too_by/cfqrrwl/", "score": 3, "stickied": false, "subreddit_id": "t5_2vpth", "author_name": "damocles2501", "author_id": "d3wqx", "subreddit_name": "frozen"}, {"body": "My tear ducts are ready!", "created_utc": 1393582899.0, "distinguished": null, "edited": false, "id": "cfquk4p", "is_submitter": false, "link_id": "t3_1z58ok", "parent_id": "t1_cfqu8dd", "permalink": "/r/Frozen/comments/1z58ok/you_sacrificed_yourself_for_me_didnt_you_too_by/cfquk4p/", "score": 3, "stickied": false, "subreddit_id": "t5_2vpth", "author_name": "JiForce", "author_id": "5fwj2", "subreddit_name": "frozen"}, {"body": "Oh, I'm sorry I should have specified thr one where Anna might be conscious. Thank you!", "created_utc": 1393569276.0, "distinguished": null, "edited": false, "id": "cfqrzcm", "is_submitter": false, "link_id": "t3_1z58ok", "parent_id": "t1_cfqrrwl", "permalink": "/r/Frozen/comments/1z58ok/you_sacrificed_yourself_for_me_didnt_you_too_by/cfqrzcm/", "score": 3, "stickied": false, "subreddit_id": "t5_2vpth", "author_name": "askingxalice", "author_id": "dtcex", "subreddit_name": "frozen"}]