{"clicked": false, "created_utc": 1393554999.0, "distinguished": null, "edited": false, "id": "1z58ok", "is_video": false, "locked": false, "num_comments": 16, "over_18": false, "permalink": "/r/Frozen/comments/1z58ok/you_sacrificed_yourself_for_me_didnt_you_too_by/", "score": 156, "selftext": "", "stickied": false, "subreddit_id": "t5_2vpth", "title": "'You sacrificed yourself for me?' 'Didn't you, too?' by fairymascot", "url": "http://fairymascot.tumblr.com/post/72684450909/you-sacrificed-yourself-for-me-didnt-you", "author_name": "damocles2501", "author_id": "d3wqx", "subreddit_name": "frozen", "upvote_ratio": 0.97}