[{"body": "Wow, this is very well done.", "created_utc": 1392049855.0, "distinguished": null, "edited": false, "id": "cfbr71k", "is_submitter": false, "link_id": "t3_1xixd4", "parent_id": "t3_1xixd4", "permalink": "/r/Frozen/comments/1xixd4/swirling_storm_inside/cfbr71k/", "score": 2, "stickied": false, "subreddit_id": "t5_2vpth", "author_name": "Phaulty", "author_id": "5x95b", "subreddit_name": "frozen"}, {"body": "Beautiful. I hope they add a little more dark elements to the sequel.", "created_utc": 1392078498.0, "distinguished": null, "edited": false, "id": "cfc4t4i", "is_submitter": false, "link_id": "t3_1xixd4", "parent_id": "t3_1xixd4", "permalink": "/r/Frozen/comments/1xixd4/swirling_storm_inside/cfc4t4i/", "score": 1, "stickied": false, "subreddit_id": "t5_2vpth", "author_name": "TheKing0fLimbs", "author_id": "d03e0", "subreddit_name": "frozen"}]