{"clicked": false, "created_utc": 1392047232.0, "distinguished": null, "edited": false, "id": "1xixd4", "is_video": false, "locked": false, "num_comments": 3, "over_18": false, "permalink": "/r/Frozen/comments/1xixd4/swirling_storm_inside/", "score": 159, "selftext": "", "stickied": false, "subreddit_id": "t5_2vpth", "title": "Swirling Storm Inside", "url": "http://annabjorgmans.tumblr.com/post/69511781551/this-swirling-storm-inside", "author_name": "JamesAQuintero", "author_id": "7gthv", "subreddit_name": "frozen", "upvote_ratio": 0.99}