[{"body": "Is it just me or does Elsa undoing her hair into a plait in Let It Go seem a lot more significant now? Like she is deciding to be herself instead of what her parents wanted her to be. ", "created_utc": 1393046454.0, "distinguished": null, "edited": false, "id": "cflmnsv", "is_submitter": false, "link_id": "t3_1yl6if", "parent_id": "t3_1yl6if", "permalink": "/r/Frozen/comments/1yl6if/elsa_wears_her_hair_the_same_way_as_her_mom/cflmnsv/", "score": 103, "stickied": false, "subreddit_id": "t5_2vpth", "author_name": "free-2-1", "author_id": "ao2of", "subreddit_name": "frozen"}, {"body": "Probably a certain hairstyle for queens.", "created_utc": 1393036537.0, "distinguished": null, "edited": false, "id": "cflj77j", "is_submitter": false, "link_id": "t3_1yl6if", "parent_id": "t3_1yl6if", "permalink": "/r/Frozen/comments/1yl6if/elsa_wears_her_hair_the_same_way_as_her_mom/cflj77j/", "score": 27, "stickied": false, "subreddit_id": "t5_2vpth", "author_name": "TeleVue", "author_id": "f5kuq", "subreddit_name": "frozen"}, {"body": "I wish they showed a little bit more of the mother..She only has one line:'She's ice cold' voiced by Jennifer Lee.\n\nToo much would have interfered the movie, but maybe a scene of her interacting with Elsa? Also it seemed Anna was more of a mother-child and Elsa was a father-child", "created_utc": 1393039270.0, "distinguished": null, "edited": false, "id": "cflk6oy", "is_submitter": false, "link_id": "t3_1yl6if", "parent_id": "t3_1yl6if", "permalink": "/r/Frozen/comments/1yl6if/elsa_wears_her_hair_the_same_way_as_her_mom/cflk6oy/", "score": 26, "stickied": false, "subreddit_id": "t5_2vpth", "author_name": "FelixBlue", "author_id": "fca2h", "subreddit_name": "frozen"}, {"body": "And I bet that had she not had ice powers she would have had the same hair color.", "created_utc": 1393042461.0, "distinguished": null, "edited": false, "id": "cfllb3r", "is_submitter": false, "link_id": "t3_1yl6if", "parent_id": "t3_1yl6if", "permalink": "/r/Frozen/comments/1yl6if/elsa_wears_her_hair_the_same_way_as_her_mom/cfllb3r/", "score": 16, "stickied": false, "subreddit_id": "t5_2vpth", "author_name": "theKunz1", "author_id": "c3jji", "subreddit_name": "frozen"}, {"body": "They also both wear pink eyeshadow if I remember correctly. ", "created_utc": 1393038515.0, "distinguished": null, "edited": false, "id": "cfljx07", "is_submitter": false, "link_id": "t3_1yl6if", "parent_id": "t3_1yl6if", "permalink": "/r/Frozen/comments/1yl6if/elsa_wears_her_hair_the_same_way_as_her_mom/cfljx07/", "score": 10, "stickied": false, "subreddit_id": "t5_2vpth", "author_name": "2beardeddragons", "author_id": "aj6e1", "subreddit_name": "frozen"}, {"body": "I never realized how striking the similarity is", "created_utc": 1393037445.0, "distinguished": null, "edited": false, "id": "cfljj1h", "is_submitter": false, "link_id": "t3_1yl6if", "parent_id": "t3_1yl6if", "permalink": "/r/Frozen/comments/1yl6if/elsa_wears_her_hair_the_same_way_as_her_mom/cfljj1h/", "score": 9, "stickied": false, "subreddit_id": "t5_2vpth", "author_name": null, "author_id": null, "subreddit_name": "frozen"}, {"body": "[Sauce](http://breep5.tumblr.com/post/73142689068/findsomethingtofightfor-snowqueenelsa-she)", "created_utc": 1393032824.0, "distinguished": null, "edited": false, "id": "cflht1r", "is_submitter": true, "link_id": "t3_1yl6if", "parent_id": "t3_1yl6if", "permalink": "/r/Frozen/comments/1yl6if/elsa_wears_her_hair_the_same_way_as_her_mom/cflht1r/", "score": 7, "stickied": false, "subreddit_id": "t5_2vpth", "author_name": "minewastaken2", "author_id": "fafwa", "subreddit_name": "frozen"}, {"body": "Doesn't Anna have the same hairstyle for coronation day?", "created_utc": 1393042423.0, "distinguished": null, "edited": false, "id": "cfllalk", "is_submitter": false, "link_id": "t3_1yl6if", "parent_id": "t3_1yl6if", "permalink": "/r/Frozen/comments/1yl6if/elsa_wears_her_hair_the_same_way_as_her_mom/cfllalk/", "score": 5, "stickied": false, "subreddit_id": "t5_2vpth", "author_name": "shmameron", "author_id": "9h46k", "subreddit_name": "frozen"}, {"body": "They're the same model with a recolor. Not surprising. \n\nEdit: -2 for this comment as of right now. Is this tidbit really news to you guys? Granted it's uncomfirmed, but Elsa and her mother appear virtually *identical*. I believe /u/AndIfIFall was the one I had this discussion with a couple weeks back. \n\nDenial in the form of downvotes is not a good look on you guys. I really wish I could say I'm *surprised* by this, or even that I'm disappointed at this sort of reflexive kneejerk reaction from this subreddit, but honestly given the current state of the sub, I'm neither. Just kind of.... Eh. =(", "created_utc": 1393047177.0, "distinguished": null, "edited": 1393055829.0, "id": "cflmw2l", "is_submitter": false, "link_id": "t3_1yl6if", "parent_id": "t3_1yl6if", "permalink": "/r/Frozen/comments/1yl6if/elsa_wears_her_hair_the_same_way_as_her_mom/cflmw2l/", "score": 12, "stickied": false, "subreddit_id": "t5_2vpth", "author_name": "JiForce", "author_id": "5fwj2", "subreddit_name": "frozen"}, {"body": "god Elsa's the hottest Disney Princess . . .", "created_utc": 1393076474.0, "distinguished": null, "edited": false, "id": "cflsafu", "is_submitter": false, "link_id": "t3_1yl6if", "parent_id": "t3_1yl6if", "permalink": "/r/Frozen/comments/1yl6if/elsa_wears_her_hair_the_same_way_as_her_mom/cflsafu/", "score": 5, "stickied": false, "subreddit_id": "t5_2vpth", "author_name": "RDRKeeper", "author_id": "c3yyo", "subreddit_name": "frozen"}, {"body": "Has anyone ever done an overlay of these two? They look like twins. ", "created_utc": 1393050520.0, "distinguished": null, "edited": false, "id": "cflnvdv", "is_submitter": false, "link_id": "t3_1yl6if", "parent_id": "t3_1yl6if", "permalink": "/r/Frozen/comments/1yl6if/elsa_wears_her_hair_the_same_way_as_her_mom/cflnvdv/", "score": 2, "stickied": false, "subreddit_id": "t5_2vpth", "author_name": "Miqote", "author_id": "d1u5x", "subreddit_name": "frozen"}, {"body": "I freaking love this hairstyle!!", "created_utc": 1393062836.0, "distinguished": null, "edited": false, "id": "cflqbov", "is_submitter": false, "link_id": "t3_1yl6if", "parent_id": "t3_1yl6if", "permalink": "/r/Frozen/comments/1yl6if/elsa_wears_her_hair_the_same_way_as_her_mom/cflqbov/", "score": 2, "stickied": false, "subreddit_id": "t5_2vpth", "author_name": null, "author_id": null, "subreddit_name": "frozen"}, {"body": "Perfect, thank you!  I'm working on a cosplay as the mom, and going to do my toddler as Anna.  I wasn't sure how I was going to do the hair until now  :-)  Many many more reference shots.", "created_utc": 1393733954.0, "distinguished": null, "edited": false, "id": "cfs7ir9", "is_submitter": false, "link_id": "t3_1yl6if", "parent_id": "t3_1yl6if", "permalink": "/r/Frozen/comments/1yl6if/elsa_wears_her_hair_the_same_way_as_her_mom/cfs7ir9/", "score": 1, "stickied": false, "subreddit_id": "t5_2vpth", "author_name": "Ashleyrah", "author_id": "8ug7w", "subreddit_name": "frozen"}, {"body": "Okay fine, I'll watch for a third time.\n\nEdit: Oops, I said third. I meant thirteenth.", "created_utc": 1393134538.0, "distinguished": null, "edited": 1393135174.0, "id": "cfmd5dl", "is_submitter": false, "link_id": "t3_1yl6if", "parent_id": "t1_cflmnsv", "permalink": "/r/Frozen/comments/1yl6if/elsa_wears_her_hair_the_same_way_as_her_mom/cfmd5dl/", "score": 23, "stickied": false, "subreddit_id": "t5_2vpth", "author_name": "TheGifGoddess", "author_id": "9v50n", "subreddit_name": "frozen"}, {"body": "Nice! ", "created_utc": 1393049922.0, "distinguished": null, "edited": false, "id": "cflnpm8", "is_submitter": false, "link_id": "t3_1yl6if", "parent_id": "t1_cflmnsv", "permalink": "/r/Frozen/comments/1yl6if/elsa_wears_her_hair_the_same_way_as_her_mom/cflnpm8/", "score": 23, "stickied": false, "subreddit_id": "t5_2vpth", "author_name": "teffhk", "author_id": "dyxc8", "subreddit_name": "frozen"}, {"body": "http://i.imgur.com/5tRFgj1.gif", "created_utc": 1394915059.0, "distinguished": null, "edited": false, "id": "cg3fsbx", "is_submitter": false, "link_id": "t3_1yl6if", "parent_id": "t1_cflmnsv", "permalink": "/r/Frozen/comments/1yl6if/elsa_wears_her_hair_the_same_way_as_her_mom/cg3fsbx/", "score": 8, "stickied": false, "subreddit_id": "t5_2vpth", "author_name": "Mike_Facking_Jones", "author_id": "6s846", "subreddit_name": "frozen"}, {"body": "Which would explain why she wore her coronation hair that way because she wasn't as close to her mom as she was with her father, unfortunately her mother died before she got to realize what she (Elsa) had been missing. ", "created_utc": 1393041319.0, "distinguished": null, "edited": false, "id": "cflkwki", "is_submitter": false, "link_id": "t3_1yl6if", "parent_id": "t1_cflk6oy", "permalink": "/r/Frozen/comments/1yl6if/elsa_wears_her_hair_the_same_way_as_her_mom/cflkwki/", "score": 14, "stickied": false, "subreddit_id": "t5_2vpth", "author_name": null, "author_id": null, "subreddit_name": "frozen"}, {"body": "I didn't know that was Lee.  That's awesome!", "created_utc": 1393086895.0, "distinguished": null, "edited": false, "id": "cflv8jj", "is_submitter": false, "link_id": "t3_1yl6if", "parent_id": "t1_cflk6oy", "permalink": "/r/Frozen/comments/1yl6if/elsa_wears_her_hair_the_same_way_as_her_mom/cflv8jj/", "score": 5, "stickied": false, "subreddit_id": "t5_2vpth", "author_name": "ImGonnaBeInPictures", "author_id": "7scts", "subreddit_name": "frozen"}, {"body": "Salt!", "created_utc": 1393049868.0, "distinguished": null, "edited": false, "id": "cflnp2j", "is_submitter": false, "link_id": "t3_1yl6if", "parent_id": "t1_cflht1r", "permalink": "/r/Frozen/comments/1yl6if/elsa_wears_her_hair_the_same_way_as_her_mom/cflnp2j/", "score": 1, "stickied": false, "subreddit_id": "t5_2vpth", "author_name": "teffhk", "author_id": "dyxc8", "subreddit_name": "frozen"}, {"body": "[Possibly? O.o](http://img2.wikia.nocookie.net/__cb20131101140934/disney/images/6/6d/Reunion.jpg)", "created_utc": 1393042752.0, "distinguished": null, "edited": false, "id": "cflleuc", "is_submitter": true, "link_id": "t3_1yl6if", "parent_id": "t1_cfllalk", "permalink": "/r/Frozen/comments/1yl6if/elsa_wears_her_hair_the_same_way_as_her_mom/cflleuc/", "score": 9, "stickied": false, "subreddit_id": "t5_2vpth", "author_name": "minewastaken2", "author_id": "fafwa", "subreddit_name": "frozen"}, {"body": "[even more in depth](http://tevlek.tumblr.com/post/76872480552/aelfethart-after-making-elsas-hair-guide-for)", "created_utc": 1393175469.0, "distinguished": null, "edited": false, "id": "cfmmrz9", "is_submitter": true, "link_id": "t3_1yl6if", "parent_id": "t1_cfllalk", "permalink": "/r/Frozen/comments/1yl6if/elsa_wears_her_hair_the_same_way_as_her_mom/cfmmrz9/", "score": 3, "stickied": false, "subreddit_id": "t5_2vpth", "author_name": "minewastaken2", "author_id": "fafwa", "subreddit_name": "frozen"}, {"body": "Anna's has a high bun at the back, Elsa has her braid coiled into a low bun.", "created_utc": 1393103625.0, "distinguished": null, "edited": false, "id": "cfm1scs", "is_submitter": false, "link_id": "t3_1yl6if", "parent_id": "t1_cfllalk", "permalink": "/r/Frozen/comments/1yl6if/elsa_wears_her_hair_the_same_way_as_her_mom/cfm1scs/", "score": 1, "stickied": false, "subreddit_id": "t5_2vpth", "author_name": "mail_order_bride", "author_id": "aphoc", "subreddit_name": "frozen"}, {"body": "I'd say they have slightly different jaws, eyes, noses, brows, lips etc. They are similar, but not a recolor. It's certainly the same model, same with Anna (makes sense from a production standpoint), but with some adjustments to make her look older and bit different. It's a subtle stuff, but it's there alright. ", "created_utc": 1393069108.0, "distinguished": null, "edited": 1393069471.0, "id": "cflr5i0", "is_submitter": false, "link_id": "t3_1yl6if", "parent_id": "t1_cflmw2l", "permalink": "/r/Frozen/comments/1yl6if/elsa_wears_her_hair_the_same_way_as_her_mom/cflr5i0/", "score": 17, "stickied": false, "subreddit_id": "t5_2vpth", "author_name": "Portgas", "author_id": "7kc75", "subreddit_name": "frozen"}, {"body": "the day people stop using the downvote button as a disagree button, everyone will get more karma.", "created_utc": 1393056947.0, "distinguished": null, "edited": false, "id": "cflpc9u", "is_submitter": false, "link_id": "t3_1yl6if", "parent_id": "t1_cflmw2l", "permalink": "/r/Frozen/comments/1yl6if/elsa_wears_her_hair_the_same_way_as_her_mom/cflpc9u/", "score": 7, "stickied": false, "subreddit_id": "t5_2vpth", "author_name": "rachael_bee", "author_id": "d75uw", "subreddit_name": "frozen"}, {"body": "Technically, she's the coldest.", "created_utc": 1393077609.0, "distinguished": null, "edited": false, "id": "cflsifw", "is_submitter": false, "link_id": "t3_1yl6if", "parent_id": "t1_cflsafu", "permalink": "/r/Frozen/comments/1yl6if/elsa_wears_her_hair_the_same_way_as_her_mom/cflsifw/", "score": 7, "stickied": false, "subreddit_id": "t5_2vpth", "author_name": "Swoove", "author_id": "7w825", "subreddit_name": "frozen"}, {"body": "[removed]", "created_utc": 1393419806.0, "distinguished": null, "edited": false, "id": "cfp4jef", "is_submitter": false, "link_id": "t3_1yl6if", "parent_id": "t1_cflsafu", "permalink": "/r/Frozen/comments/1yl6if/elsa_wears_her_hair_the_same_way_as_her_mom/cfp4jef/", "score": 3, "stickied": false, "subreddit_id": "t5_2vpth", "author_name": null, "author_id": null, "subreddit_name": "frozen"}, {"body": "Disney Princesses whose mothers are shown (even just in books, sequels, etc.) almost always bear a striking resemblance to them. ", "created_utc": 1393092960.0, "distinguished": null, "edited": false, "id": "cflxm5t", "is_submitter": false, "link_id": "t3_1yl6if", "parent_id": "t1_cflnvdv", "permalink": "/r/Frozen/comments/1yl6if/elsa_wears_her_hair_the_same_way_as_her_mom/cflxm5t/", "score": 2, "stickied": false, "subreddit_id": "t5_2vpth", "author_name": "maymayml", "author_id": "67oin", "subreddit_name": "frozen"}, {"body": "Anna's looks like a braid instead of Elsa's twisted roll thingy-mah-dohicky", "created_utc": 1393042849.0, "distinguished": null, "edited": false, "id": "cfllg3y", "is_submitter": true, "link_id": "t3_1yl6if", "parent_id": "t1_cflleuc", "permalink": "/r/Frozen/comments/1yl6if/elsa_wears_her_hair_the_same_way_as_her_mom/cfllg3y/", "score": 16, "stickied": false, "subreddit_id": "t5_2vpth", "author_name": "minewastaken2", "author_id": "fafwa", "subreddit_name": "frozen"}, {"body": "Fair enough. Recolor was definitely a poor word choice. Now that I'm paying more attention, I do see the other facial feature tweaks you mention- I'd only really noticed the mouth width and height of the eyes before. ", "created_utc": 1393071728.0, "distinguished": null, "edited": false, "id": "cflricd", "is_submitter": false, "link_id": "t3_1yl6if", "parent_id": "t1_cflr5i0", "permalink": "/r/Frozen/comments/1yl6if/elsa_wears_her_hair_the_same_way_as_her_mom/cflricd/", "score": 5, "stickied": false, "subreddit_id": "t5_2vpth", "author_name": "JiForce", "author_id": "5fwj2", "subreddit_name": "frozen"}, {"body": "I see them the same way (similarly for Anna, who has a rounder face, and if I remember correctly, slightly larger nose and bigger/wider eyes). It's particularly obvious when people change Elsa's hair colour to something closer to her mother's. The differences aren't very obvious and the viewer might not be consciously aware of them, but they help somewhat to distinguish them from each other beyond haircolour.", "created_utc": 1393074076.0, "distinguished": null, "edited": false, "id": "cflrv2z", "is_submitter": false, "link_id": "t3_1yl6if", "parent_id": "t1_cflr5i0", "permalink": "/r/Frozen/comments/1yl6if/elsa_wears_her_hair_the_same_way_as_her_mom/cflrv2z/", "score": 1, "stickied": false, "subreddit_id": "t5_2vpth", "author_name": "AlixEcho", "author_id": "ajekd", "subreddit_name": "frozen"}, {"body": "And she's a queen.", "created_utc": 1393085113.0, "distinguished": null, "edited": false, "id": "cfluljy", "is_submitter": false, "link_id": "t3_1yl6if", "parent_id": "t1_cflsifw", "permalink": "/r/Frozen/comments/1yl6if/elsa_wears_her_hair_the_same_way_as_her_mom/cfluljy/", "score": 7, "stickied": false, "subreddit_id": "t5_2vpth", "author_name": null, "author_id": null, "subreddit_name": "frozen"}, {"body": "yes yes :)", "created_utc": 1393422483.0, "distinguished": null, "edited": false, "id": "cfp56w2", "is_submitter": false, "link_id": "t3_1yl6if", "parent_id": "t1_cfp4jef", "permalink": "/r/Frozen/comments/1yl6if/elsa_wears_her_hair_the_same_way_as_her_mom/cfp56w2/", "score": 1, "stickied": false, "subreddit_id": "t5_2vpth", "author_name": "RDRKeeper", "author_id": "c3yyo", "subreddit_name": "frozen"}, {"body": "Gotcha, they're similar but I see the difference now.", "created_utc": 1393043161.0, "distinguished": null, "edited": false, "id": "cfllk1o", "is_submitter": false, "link_id": "t3_1yl6if", "parent_id": "t1_cfllg3y", "permalink": "/r/Frozen/comments/1yl6if/elsa_wears_her_hair_the_same_way_as_her_mom/cfllk1o/", "score": 3, "stickied": false, "subreddit_id": "t5_2vpth", "author_name": "shmameron", "author_id": "9h46k", "subreddit_name": "frozen"}, {"body": "And Anna has a bun in the back", "created_utc": 1393077166.0, "distinguished": null, "edited": false, "id": "cflsf95", "is_submitter": false, "link_id": "t3_1yl6if", "parent_id": "t1_cfllg3y", "permalink": "/r/Frozen/comments/1yl6if/elsa_wears_her_hair_the_same_way_as_her_mom/cflsf95/", "score": 3, "stickied": false, "subreddit_id": "t5_2vpth", "author_name": "MrDustibear", "author_id": "7su27", "subreddit_name": "frozen"}, {"body": "I stare at and analyse people's faces and bodies all day long, six days a week. Such stuff is really noticeable once you know what to look for. Most probably they had one model for all female characters of a certain age and just tweaked it to suit their needs. It's a common practice in movies or games.", "created_utc": 1393072367.0, "distinguished": null, "edited": false, "id": "cflrllu", "is_submitter": false, "link_id": "t3_1yl6if", "parent_id": "t1_cflricd", "permalink": "/r/Frozen/comments/1yl6if/elsa_wears_her_hair_the_same_way_as_her_mom/cflrllu/", "score": 6, "stickied": false, "subreddit_id": "t5_2vpth", "author_name": "Portgas", "author_id": "7kc75", "subreddit_name": "frozen"}, {"body": "Oh dear. That sounds a bit sketchy without context, my friend. =) Mind if I ask what it is you do that requires so much people watching? (Actually that sounds really cool.)\n\nThat does make sense though. As I think /u/AndIfWeFall said a while back, its more \"efficient\" to reuse assets like that instead of one-offing everything. I don't blame them. If a few seconds of the movie took months to make behind the scenes, I'd imagine making an entirely new model wouldn't be the go-to plan. ", "created_utc": 1393073003.0, "distinguished": null, "edited": false, "id": "cflrp1p", "is_submitter": false, "link_id": "t3_1yl6if", "parent_id": "t1_cflrllu", "permalink": "/r/Frozen/comments/1yl6if/elsa_wears_her_hair_the_same_way_as_her_mom/cflrp1p/", "score": 3, "stickied": false, "subreddit_id": "t5_2vpth", "author_name": "JiForce", "author_id": "5fwj2", "subreddit_name": "frozen"}, {"body": "Haha, i guess it does sound a bit sketchy without context. I'm an aspiring 3d character artist, and it's my duty to know all things anatomy and form. And that requires to stare at a lot of naked people as a reference.\n\nI can say by my experience that making an entirely new model isn't all that hard if you already know what to do and already made some others before that (to use as a guide), but it's still an unnecessary waste of time. In most cases you have so-called \"base mesh\" with ideal structure for animation (especially faces), rigged for said animation, and after that the only new assets you need is clothing, hair and stuff, because you'll need only to adjust existing base to make something new.\n\nIn most visual art, like anime or games or whatever, female characters of a certain age (for most cases it's 20+) have almost the same faces and the differences are subtle. For example, if you take heads of Lightning from Final Fantasy 13 and  Lara Croft from new Tomb Raider game, you will see that they are really similar to each other, despite even the difference in style and race of a character. Usually, the most important thing in creating a female character and making her distinct are hair and eyes. These really are the focus. Anna and Elsa are certainly look similar, but you will never mistake one for another, because your eyes are naturally hooked to the biggest and more colorful objects - eyes and hair. The facial structure isn't all that important here. It certainly helps, but not necessary.  Males, for that matter, are mostly always have different facial shapes. Hans, Guards, King, Kristoff, they are all different and most likely use unique bases. It is too a common thing in all art. Because male faces are not as smooth and easily masked by hair, and their ethnicity is more pronounced. It's really a thing that deserves it's own essay. \n\nSorry for a lot of words :D", "created_utc": 1393073795.0, "distinguished": null, "edited": 1393073993.0, "id": "cflrtgz", "is_submitter": false, "link_id": "t3_1yl6if", "parent_id": "t1_cflrp1p", "permalink": "/r/Frozen/comments/1yl6if/elsa_wears_her_hair_the_same_way_as_her_mom/cflrtgz/", "score": 9, "stickied": false, "subreddit_id": "t5_2vpth", "author_name": "Portgas", "author_id": "7kc75", "subreddit_name": "frozen"}]