{"clicked": false, "created_utc": 1393032810.0, "distinguished": null, "edited": false, "id": "1yl6if", "is_video": false, "locked": false, "num_comments": 37, "over_18": false, "permalink": "/r/Frozen/comments/1yl6if/elsa_wears_her_hair_the_same_way_as_her_mom/", "score": 347, "selftext": "", "stickied": false, "subreddit_id": "t5_2vpth", "title": "Elsa wears her hair the same way as her mom", "url": "http://24.media.tumblr.com/fc5690fe2233b311b94658470acfe1e3/tumblr_mykxkch5Xv1ssccu8o1_400.png", "author_name": "minewastaken2", "author_id": "fafwa", "subreddit_name": "frozen", "upvote_ratio": 0.98}