{"clicked": false, "created_utc": 1393022071.0, "distinguished": null, "edited": false, "id": "1ykpih", "is_video": false, "locked": false, "num_comments": 8, "over_18": false, "permalink": "/r/Frozen/comments/1ykpih/my_soul_is_spiraling_in_frozen_fractals_all_around/", "score": 239, "selftext": "", "stickied": false, "subreddit_id": "t5_2vpth", "title": "\"My soul is spiraling in frozen fractals all around\"", "url": "http://i.imgur.com/EWESSQm.jpg", "author_name": "loopuleasa", "author_id": "4josc", "subreddit_name": "frozen", "upvote_ratio": 0.99}