[{"body": "In the very first set of gifs, the top one, you can see the Elsa's calm smile fade *ever* so slightly when she see's Anna's discomfort at just being near her. It's so heartbreaking because of how close the were, and could have been.\n\nI LOVE the facial expressions in this movie. These animators deserve an award (fingers crossed for Sunday).", "created_utc": 1393647901.0, "distinguished": null, "edited": false, "id": "cfrihg6", "is_submitter": false, "link_id": "t3_1z8j93", "parent_id": "t3_1z8j93", "permalink": "/r/Frozen/comments/1z8j93/anna_and_the_people_she_cares_for_she_really/cfrihg6/", "score": 25, "stickied": false, "subreddit_id": "t5_2vpth", "author_name": "xostormystormsox", "author_id": "5fvfs", "subreddit_name": "frozen"}, {"body": "[What a smooth slide by Kristoff](http://31.media.tumblr.com/2defd3b8220e6e8542977715aebfc609/tumblr_n1q4zcjqSs1qgwefso5_250.gif)", "created_utc": 1393651176.0, "distinguished": null, "edited": false, "id": "cfrjj7k", "is_submitter": false, "link_id": "t3_1z8j93", "parent_id": "t3_1z8j93", "permalink": "/r/Frozen/comments/1z8j93/anna_and_the_people_she_cares_for_she_really/cfrjj7k/", "score": 14, "stickied": false, "subreddit_id": "t5_2vpth", "author_name": "mtd14", "author_id": "7vvbb", "subreddit_name": "frozen"}, {"body": "Wow, I didn't notice half of those similarities. ", "created_utc": 1393650482.0, "distinguished": null, "edited": false, "id": "cfrjbna", "is_submitter": false, "link_id": "t3_1z8j93", "parent_id": "t3_1z8j93", "permalink": "/r/Frozen/comments/1z8j93/anna_and_the_people_she_cares_for_she_really/cfrjbna/", "score": 8, "stickied": false, "subreddit_id": "t5_2vpth", "author_name": "NotUnusualYet", "author_id": "5pezz", "subreddit_name": "frozen"}, {"body": "I kind of want to be [dragged around](http://25.media.tumblr.com/9204f93166c45df049724b332e3cb24f/tumblr_n1q4zcjqSs1qgwefso10_r1_250.gif) by Anna.", "created_utc": 1393661052.0, "distinguished": null, "edited": false, "id": "cfrlxtw", "is_submitter": false, "link_id": "t3_1z8j93", "parent_id": "t3_1z8j93", "permalink": "/r/Frozen/comments/1z8j93/anna_and_the_people_she_cares_for_she_really/cfrlxtw/", "score": 5, "stickied": false, "subreddit_id": "t5_2vpth", "author_name": "ares623", "author_id": "3mbae", "subreddit_name": "frozen"}, {"body": "Whoa. Didn't notice this mirroring before. How much more does Frozen have??", "created_utc": 1393675972.0, "distinguished": null, "edited": false, "id": "cfro6ma", "is_submitter": false, "link_id": "t3_1z8j93", "parent_id": "t3_1z8j93", "permalink": "/r/Frozen/comments/1z8j93/anna_and_the_people_she_cares_for_she_really/cfro6ma/", "score": 4, "stickied": false, "subreddit_id": "t5_2vpth", "author_name": "FelixBlue", "author_id": "fca2h", "subreddit_name": "frozen"}, {"body": "I SEE IT NOW ", "created_utc": 1393687566.0, "distinguished": null, "edited": false, "id": "cfrqi2l", "is_submitter": false, "link_id": "t3_1z8j93", "parent_id": "t3_1z8j93", "permalink": "/r/Frozen/comments/1z8j93/anna_and_the_people_she_cares_for_she_really/cfrqi2l/", "score": 2, "stickied": false, "subreddit_id": "t5_2vpth", "author_name": "ectoplasm99j", "author_id": "d1z9g", "subreddit_name": "frozen"}, {"body": "Can anyone tell me what scene that 6th gif is from? I don't recognize it.", "created_utc": 1393680288.0, "distinguished": null, "edited": false, "id": "cfrov3a", "is_submitter": false, "link_id": "t3_1z8j93", "parent_id": "t3_1z8j93", "permalink": "/r/Frozen/comments/1z8j93/anna_and_the_people_she_cares_for_she_really/cfrov3a/", "score": 1, "stickied": false, "subreddit_id": "t5_2vpth", "author_name": "c0dege3k", "author_id": "61dkm", "subreddit_name": "frozen"}, {"body": "Holy shit, I didn't notice these parallels. ", "created_utc": 1397840066.0, "distinguished": null, "edited": false, "id": "cgvuaog", "is_submitter": false, "link_id": "t3_1z8j93", "parent_id": "t3_1z8j93", "permalink": "/r/Frozen/comments/1z8j93/anna_and_the_people_she_cares_for_she_really/cgvuaog/", "score": 1, "stickied": false, "subreddit_id": "t5_2vpth", "author_name": null, "author_id": null, "subreddit_name": "frozen"}, {"body": "This is captioned wrong. You should have captioned it something along the lines of: \"Kristoff is Elsa to Older Anna\"", "created_utc": 1393651706.0, "distinguished": null, "edited": false, "id": "cfrjowf", "is_submitter": false, "link_id": "t3_1z8j93", "parent_id": "t3_1z8j93", "permalink": "/r/Frozen/comments/1z8j93/anna_and_the_people_she_cares_for_she_really/cfrjowf/", "score": -1, "stickied": false, "subreddit_id": "t5_2vpth", "author_name": null, "author_id": null, "subreddit_name": "frozen"}, {"body": "Honestly, even if it doesn't win an award, it has won our hearts. I don't know of a movie that has captivated worldwide support and passion across different age groups as this one has. You could argue Pixar's UP or Toy Story trilogy but those movies give you an adopted perspective. Frozen, however, deals with so much more in the art of a human being and coming out strong out of the darkness of vulnerability that we all face in our lives. I am so happy this movie came out in my lifetime; I used to say I should have been born in the 50s because the vibe was amazing, but this is one i won't trade another moment for. Thank you, everybody, for sharing the same enthusiasm to what may seem to a few as a simple movie of animated pictures. But to me, it is discovering a new family I would love to build a snowman with. ", "created_utc": 1393651185.0, "distinguished": null, "edited": false, "id": "cfrjjaz", "is_submitter": false, "link_id": "t3_1z8j93", "parent_id": "t1_cfrihg6", "permalink": "/r/Frozen/comments/1z8j93/anna_and_the_people_she_cares_for_she_really/cfrjjaz/", "score": 13, "stickied": false, "subreddit_id": "t5_2vpth", "author_name": "lazybutter", "author_id": "73zbx", "subreddit_name": "frozen"}, {"body": "and keeping in mind there's 25 frames a second, these animators put so much into every single second.", "created_utc": 1393648230.0, "distinguished": null, "edited": false, "id": "cfrilho", "is_submitter": false, "link_id": "t3_1z8j93", "parent_id": "t1_cfrihg6", "permalink": "/r/Frozen/comments/1z8j93/anna_and_the_people_she_cares_for_she_really/cfrilho/", "score": 7, "stickied": false, "subreddit_id": "t5_2vpth", "author_name": null, "author_id": null, "subreddit_name": "frozen"}, {"body": "Yeah, I noticed that too. It's amazing how the animators can make her go from a relaxed smile to a look of such sadness with so little movement of her facial features.", "created_utc": 1393651635.0, "distinguished": null, "edited": false, "id": "cfrjo4u", "is_submitter": false, "link_id": "t3_1z8j93", "parent_id": "t1_cfrihg6", "permalink": "/r/Frozen/comments/1z8j93/anna_and_the_people_she_cares_for_she_really/cfrjo4u/", "score": 3, "stickied": false, "subreddit_id": "t5_2vpth", "author_name": "Swoove", "author_id": "7w825", "subreddit_name": "frozen"}, {"body": "All I noticed was how much I'm growing to like the Elsanna ship.", "created_utc": 1393658829.0, "distinguished": null, "edited": false, "id": "cfrlhr6", "is_submitter": false, "link_id": "t3_1z8j93", "parent_id": "t1_cfrihg6", "permalink": "/r/Frozen/comments/1z8j93/anna_and_the_people_she_cares_for_she_really/cfrlhr6/", "score": 3, "stickied": false, "subreddit_id": "t5_2vpth", "author_name": "CONCEITED_HIPSTER", "author_id": "a7tb2", "subreddit_name": "frozen"}, {"body": "Will the Oscars be broadcast live on the web? ", "created_utc": 1393660154.0, "distinguished": null, "edited": false, "id": "cfrlrie", "is_submitter": false, "link_id": "t3_1z8j93", "parent_id": "t1_cfrihg6", "permalink": "/r/Frozen/comments/1z8j93/anna_and_the_people_she_cares_for_she_really/cfrlrie/", "score": 1, "stickied": false, "subreddit_id": "t5_2vpth", "author_name": "ares623", "author_id": "3mbae", "subreddit_name": "frozen"}, {"body": "I didn't notice that before.....the feelz ;_;", "created_utc": 1393676288.0, "distinguished": null, "edited": false, "id": "cfro88w", "is_submitter": false, "link_id": "t3_1z8j93", "parent_id": "t1_cfrihg6", "permalink": "/r/Frozen/comments/1z8j93/anna_and_the_people_she_cares_for_she_really/cfro88w/", "score": 1, "stickied": false, "subreddit_id": "t5_2vpth", "author_name": "FelixBlue", "author_id": "fca2h", "subreddit_name": "frozen"}, {"body": "[optimized gfy(html5 video) version of the gif](http://gfycat.com/BareCloseBarracuda)\n\n* Original Gif Size 346K\n* Compressed Gfy Size 80K\n* Find out more about [gfycat/about](http://gfycat.com/about)", "created_utc": 1393651183.0, "distinguished": null, "edited": false, "id": "cfrjjag", "is_submitter": false, "link_id": "t3_1z8j93", "parent_id": "t1_cfrjj7k", "permalink": "/r/Frozen/comments/1z8j93/anna_and_the_people_she_cares_for_she_really/cfrjjag/", "score": 1, "stickied": false, "subreddit_id": "t5_2vpth", "author_name": null, "author_id": null, "subreddit_name": "frozen"}, {"body": "All sorts, the first convo Anna and Kristoff have is similar to the one with Hans. Theres repeating dialogue, repeating door themes (I made a post about it yesterday) and tons of other stuff.", "created_utc": 1393684406.0, "distinguished": null, "edited": false, "id": "cfrpoh8", "is_submitter": false, "link_id": "t3_1z8j93", "parent_id": "t1_cfro6ma", "permalink": "/r/Frozen/comments/1z8j93/anna_and_the_people_she_cares_for_she_really/cfrpoh8/", "score": 4, "stickied": false, "subreddit_id": "t5_2vpth", "author_name": "subconcussive", "author_id": "8zakp", "subreddit_name": "frozen"}, {"body": "6th or 8th? 6th is from the trolls.", "created_utc": 1393684464.0, "distinguished": null, "edited": false, "id": "cfrpoy8", "is_submitter": false, "link_id": "t3_1z8j93", "parent_id": "t1_cfrov3a", "permalink": "/r/Frozen/comments/1z8j93/anna_and_the_people_she_cares_for_she_really/cfrpoy8/", "score": 1, "stickied": false, "subreddit_id": "t5_2vpth", "author_name": "subconcussive", "author_id": "8zakp", "subreddit_name": "frozen"}, {"body": "[I LOVE OUR FROZEN FAMILY](http://media0.giphy.com/media/4Gf2txOa5EGY0/200.gif)", "created_utc": 1393651434.0, "distinguished": null, "edited": false, "id": "cfrjlzs", "is_submitter": false, "link_id": "t3_1z8j93", "parent_id": "t1_cfrjjaz", "permalink": "/r/Frozen/comments/1z8j93/anna_and_the_people_she_cares_for_she_really/cfrjlzs/", "score": 7, "stickied": false, "subreddit_id": "t5_2vpth", "author_name": "xostormystormsox", "author_id": "5fvfs", "subreddit_name": "frozen"}, {"body": "just watched the movie with my mom for the first time tonight and noticed even more. Really, really little things-- like when Kristoff and Anna are on the sleigh being chased by the wolves, Kristoff goes to put the lantern back on its little hook thingy-- and doesn't latch it on the first try. It's a split second but it's another thing that makes them all so lifelike.", "created_utc": 1393648454.0, "distinguished": null, "edited": false, "id": "cfrio8e", "is_submitter": false, "link_id": "t3_1z8j93", "parent_id": "t1_cfrilho", "permalink": "/r/Frozen/comments/1z8j93/anna_and_the_people_she_cares_for_she_really/cfrio8e/", "score": 9, "stickied": false, "subreddit_id": "t5_2vpth", "author_name": "xostormystormsox", "author_id": "5fvfs", "subreddit_name": "frozen"}, {"body": "[I love slowing these sorts of things down to fully appreciate the details.](http://i.imgur.com/oiS47mN.gif)\n", "created_utc": 1393655757.0, "distinguished": null, "edited": false, "id": "cfrksuc", "is_submitter": false, "link_id": "t3_1z8j93", "parent_id": "t1_cfrilho", "permalink": "/r/Frozen/comments/1z8j93/anna_and_the_people_she_cares_for_she_really/cfrksuc/", "score": 3, "stickied": false, "subreddit_id": "t5_2vpth", "author_name": "boomerangotan", "author_id": "3r350", "subreddit_name": "frozen"}, {"body": "Oh, I guess it's the 8th. RES showed it as the 6th", "created_utc": 1393695409.0, "distinguished": null, "edited": false, "id": "cfrt5zv", "is_submitter": false, "link_id": "t3_1z8j93", "parent_id": "t1_cfrpoy8", "permalink": "/r/Frozen/comments/1z8j93/anna_and_the_people_she_cares_for_she_really/cfrt5zv/", "score": 1, "stickied": false, "subreddit_id": "t5_2vpth", "author_name": "c0dege3k", "author_id": "61dkm", "subreddit_name": "frozen"}, {"body": "People are not that bad after all, right Sven?", "created_utc": 1393661718.0, "distinguished": null, "edited": false, "id": "cfrm2gu", "is_submitter": false, "link_id": "t3_1z8j93", "parent_id": "t1_cfrjlzs", "permalink": "/r/Frozen/comments/1z8j93/anna_and_the_people_she_cares_for_she_really/cfrm2gu/", "score": 3, "stickied": false, "subreddit_id": "t5_2vpth", "author_name": "teffhk", "author_id": "dyxc8", "subreddit_name": "frozen"}, {"body": "[optimized gfy(html5 video) version of the gif](http://gfycat.com/PeriodicWhisperedHyracotherium)\n\n* Original Gif Size 783K\n* Compressed Gfy Size 178K\n* Find out more about [gfycat/about](http://gfycat.com/about)", "created_utc": 1393651443.0, "distinguished": null, "edited": false, "id": "cfrjm32", "is_submitter": false, "link_id": "t3_1z8j93", "parent_id": "t1_cfrjlzs", "permalink": "/r/Frozen/comments/1z8j93/anna_and_the_people_she_cares_for_she_really/cfrjm32/", "score": 1, "stickied": false, "subreddit_id": "t5_2vpth", "author_name": null, "author_id": null, "subreddit_name": "frozen"}, {"body": "<3", "created_utc": 1393676101.0, "distinguished": null, "edited": false, "id": "cfro7a9", "is_submitter": false, "link_id": "t3_1z8j93", "parent_id": "t1_cfrjlzs", "permalink": "/r/Frozen/comments/1z8j93/anna_and_the_people_she_cares_for_she_really/cfro7a9/", "score": 1, "stickied": false, "subreddit_id": "t5_2vpth", "author_name": "FelixBlue", "author_id": "fca2h", "subreddit_name": "frozen"}, {"body": "And in the scene where Elsa and Anna present themselves at the party, Anna does a little wave to the crowd, and a curtsying lady in the foreground waves back (and quickly stops when Anna gets ushered towards Elsa). It was hilarious.", "created_utc": 1393650661.0, "distinguished": null, "edited": false, "id": "cfrjdlk", "is_submitter": false, "link_id": "t3_1z8j93", "parent_id": "t1_cfrio8e", "permalink": "/r/Frozen/comments/1z8j93/anna_and_the_people_she_cares_for_she_really/cfrjdlk/", "score": 8, "stickied": false, "subreddit_id": "t5_2vpth", "author_name": "throwaway133028", "author_id": "cyjn0", "subreddit_name": "frozen"}, {"body": "I got chills just watching that. ", "created_utc": 1393671932.0, "distinguished": null, "edited": false, "id": "cfrnnvr", "is_submitter": false, "link_id": "t3_1z8j93", "parent_id": "t1_cfrksuc", "permalink": "/r/Frozen/comments/1z8j93/anna_and_the_people_she_cares_for_she_really/cfrnnvr/", "score": 2, "stickied": false, "subreddit_id": "t5_2vpth", "author_name": "Chimon", "author_id": "640oy", "subreddit_name": "frozen"}, {"body": "Noooooo, why are you doing this??", "created_utc": 1393657462.0, "distinguished": null, "edited": false, "id": "cfrl7dq", "is_submitter": false, "link_id": "t3_1z8j93", "parent_id": "t1_cfrksuc", "permalink": "/r/Frozen/comments/1z8j93/anna_and_the_people_she_cares_for_she_really/cfrl7dq/", "score": 1, "stickied": false, "subreddit_id": "t5_2vpth", "author_name": "teffhk", "author_id": "dyxc8", "subreddit_name": "frozen"}, {"body": "*true.. but I still smells better than you*", "created_utc": 1393661892.0, "distinguished": null, "edited": false, "id": "cfrm3k5", "is_submitter": false, "link_id": "t3_1z8j93", "parent_id": "t1_cfrm2gu", "permalink": "/r/Frozen/comments/1z8j93/anna_and_the_people_she_cares_for_she_really/cfrm3k5/", "score": 3, "stickied": false, "subreddit_id": "t5_2vpth", "author_name": "teffhk", "author_id": "dyxc8", "subreddit_name": "frozen"}, {"body": "The first few times I watched the film, I was so wrapped up in the action that I missed many of these beautifully detailed expressions; they go by so quickly.", "created_utc": 1393659642.0, "distinguished": null, "edited": false, "id": "cfrlntc", "is_submitter": false, "link_id": "t3_1z8j93", "parent_id": "t1_cfrl7dq", "permalink": "/r/Frozen/comments/1z8j93/anna_and_the_people_she_cares_for_she_really/cfrlntc/", "score": 2, "stickied": false, "subreddit_id": "t5_2vpth", "author_name": "boomerangotan", "author_id": "3r350", "subreddit_name": "frozen"}, {"body": "My heart was teared apart frame by frame, slow motionally T.T", "created_utc": 1393662054.0, "distinguished": null, "edited": false, "id": "cfrm4l8", "is_submitter": false, "link_id": "t3_1z8j93", "parent_id": "t1_cfrlntc", "permalink": "/r/Frozen/comments/1z8j93/anna_and_the_people_she_cares_for_she_really/cfrm4l8/", "score": 1, "stickied": false, "subreddit_id": "t5_2vpth", "author_name": "teffhk", "author_id": "dyxc8", "subreddit_name": "frozen"}, {"body": "Apparently even the way her eyes froze was designed. Wish someone could get a slo gif of that.", "created_utc": 1393687046.0, "distinguished": null, "edited": false, "id": "cfrqct0", "is_submitter": false, "link_id": "t3_1z8j93", "parent_id": "t1_cfrm4l8", "permalink": "/r/Frozen/comments/1z8j93/anna_and_the_people_she_cares_for_she_really/cfrqct0/", "score": 2, "stickied": false, "subreddit_id": "t5_2vpth", "author_name": null, "author_id": null, "subreddit_name": "frozen"}, {"body": "[Here ya go](http://i.imgur.com/PU4SQis.gif)\n", "created_utc": 1393738343.0, "distinguished": null, "edited": false, "id": "cfs9178", "is_submitter": false, "link_id": "t3_1z8j93", "parent_id": "t1_cfrqct0", "permalink": "/r/Frozen/comments/1z8j93/anna_and_the_people_she_cares_for_she_really/cfs9178/", "score": 2, "stickied": false, "subreddit_id": "t5_2vpth", "author_name": "boomerangotan", "author_id": "3r350", "subreddit_name": "frozen"}]