{"clicked": false, "created_utc": 1393644368.0, "distinguished": null, "edited": false, "id": "1z8j93", "is_video": false, "locked": false, "num_comments": 33, "over_18": false, "permalink": "/r/Frozen/comments/1z8j93/anna_and_the_people_she_cares_for_she_really/", "score": 142, "selftext": "", "stickied": false, "subreddit_id": "t5_2vpth", "title": "Anna and the people she cares for... she really needs to listen to them.", "url": "http://annabjorgmans.tumblr.com/post/78162459005/elsa-anna-and-kristoff-parallels", "author_name": "damocles2501", "author_id": "d3wqx", "subreddit_name": "frozen", "upvote_ratio": 0.98}