[{"body": "That's cold.\n\n:)", "created_utc": 1391580609.0, "distinguished": null, "edited": false, "id": "cf7gky0", "is_submitter": false, "link_id": "t3_1x24v9", "parent_id": "t3_1x24v9", "permalink": "/r/Frozen/comments/1x24v9/hey_anna_knock_knock/cf7gky0/", "score": 28, "stickied": false, "subreddit_id": "t5_2vpth", "author_name": "WanderingRurouni", "author_id": "bes49", "subreddit_name": "frozen"}, {"body": "This is quite funny and quite depressing at the same time.", "created_utc": 1391582363.0, "distinguished": null, "edited": false, "id": "cf7h4vb", "is_submitter": false, "link_id": "t3_1x24v9", "parent_id": "t3_1x24v9", "permalink": "/r/Frozen/comments/1x24v9/hey_anna_knock_knock/cf7h4vb/", "score": 15, "stickied": false, "subreddit_id": "t5_2vpth", "author_name": "theKunz1", "author_id": "c3jji", "subreddit_name": "frozen"}, {"body": "Damn Anna really needs Elsa's ice for that burnnnnn", "created_utc": 1391587207.0, "distinguished": null, "edited": false, "id": "cf7idb6", "is_submitter": false, "link_id": "t3_1x24v9", "parent_id": "t3_1x24v9", "permalink": "/r/Frozen/comments/1x24v9/hey_anna_knock_knock/cf7idb6/", "score": 13, "stickied": false, "subreddit_id": "t5_2vpth", "author_name": "baconbroth", "author_id": "cidv2", "subreddit_name": "frozen"}, {"body": "Anna's face at the end! Ahahahahaha", "created_utc": 1391607539.0, "distinguished": null, "edited": false, "id": "cf7lzti", "is_submitter": false, "link_id": "t3_1x24v9", "parent_id": "t3_1x24v9", "permalink": "/r/Frozen/comments/1x24v9/hey_anna_knock_knock/cf7lzti/", "score": 3, "stickied": false, "subreddit_id": "t5_2vpth", "author_name": "EvilLittleThing", "author_id": "7c5qp", "subreddit_name": "frozen"}, {"body": "I love the look of anguish in the faces. Like that joke was meant to hit a nerve, and Elsa doesn't even care. ", "created_utc": 1391672396.0, "distinguished": null, "edited": false, "id": "cf8dyhh", "is_submitter": false, "link_id": "t3_1x24v9", "parent_id": "t3_1x24v9", "permalink": "/r/Frozen/comments/1x24v9/hey_anna_knock_knock/cf8dyhh/", "score": 3, "stickied": false, "subreddit_id": "t5_2vpth", "author_name": "MilanoMongoose", "author_id": "cse66", "subreddit_name": "frozen"}, {"body": "I laughed harder than I should've\n\nthen cried a bit.", "created_utc": 1391749180.0, "distinguished": null, "edited": false, "id": "cf968zk", "is_submitter": false, "link_id": "t3_1x24v9", "parent_id": "t3_1x24v9", "permalink": "/r/Frozen/comments/1x24v9/hey_anna_knock_knock/cf968zk/", "score": 3, "stickied": false, "subreddit_id": "t5_2vpth", "author_name": "Zephusa", "author_id": "cq16a", "subreddit_name": "frozen"}, {"body": "i don't get it", "created_utc": 1391583089.0, "distinguished": null, "edited": false, "id": "cf7hcfv", "is_submitter": false, "link_id": "t3_1x24v9", "parent_id": "t3_1x24v9", "permalink": "/r/Frozen/comments/1x24v9/hey_anna_knock_knock/cf7hcfv/", "score": 5, "stickied": false, "subreddit_id": "t5_2vpth", "author_name": "ares623", "author_id": "3mbae", "subreddit_name": "frozen"}, {"body": "*Anna screams in frustration before turning heel and storming off, muttering about how unfair life is and how nobody understands her.*", "created_utc": 1391581353.0, "distinguished": null, "edited": false, "id": "cf7gtn7", "is_submitter": true, "link_id": "t3_1x24v9", "parent_id": "t1_cf7gky0", "permalink": "/r/Frozen/comments/1x24v9/hey_anna_knock_knock/cf7gtn7/", "score": 15, "stickied": false, "subreddit_id": "t5_2vpth", "author_name": "JiForce", "author_id": "5fwj2", "subreddit_name": "frozen"}, {"body": "It's pretty funny, while the the combination of facial expression and context is REALLY depressing...", "created_utc": 1391609936.0, "distinguished": null, "edited": false, "id": "cf7moar", "is_submitter": false, "link_id": "t3_1x24v9", "parent_id": "t1_cf7h4vb", "permalink": "/r/Frozen/comments/1x24v9/hey_anna_knock_knock/cf7moar/", "score": 7, "stickied": false, "subreddit_id": "t5_2vpth", "author_name": "just-a-time-passer", "author_id": "d4y65", "subreddit_name": "frozen"}, {"body": "So the joke references how Anna used to knock at Elsa's door all the time when they were younger, like we see in Do You Wanna Build a Snowman. \n\nJudging by the dialogue, we know this strip is set some time after the film, since Anna knows about Elsa's powers and it's implied they're back to talking regularly, because Elsa's made other jokes too- mostly ice puns, which Anna's sick of already, because big sisters are obnoxious. \n\nElsa's all \"Hey Anna, knock knock!\" so Anna responds with the usual \"Who's there?\" \n\nThen Elsa hits it out of the park with her punchline, saying \"Not me!\" referencing how Elsa was never actually there for Anna throughout the years, back when she used to knock on Elsa's door during the song. ", "created_utc": 1391583715.0, "distinguished": null, "edited": false, "id": "cf7hik9", "is_submitter": true, "link_id": "t3_1x24v9", "parent_id": "t1_cf7hcfv", "permalink": "/r/Frozen/comments/1x24v9/hey_anna_knock_knock/cf7hik9/", "score": 25, "stickied": false, "subreddit_id": "t5_2vpth", "author_name": "JiForce", "author_id": "5fwj2", "subreddit_name": "frozen"}]