{"clicked": false, "created_utc": 1391579158.0, "distinguished": null, "edited": false, "id": "1x24v9", "is_video": false, "locked": false, "num_comments": 10, "over_18": false, "permalink": "/r/Frozen/comments/1x24v9/hey_anna_knock_knock/", "score": 161, "selftext": "", "stickied": false, "subreddit_id": "t5_2vpth", "title": "\"Hey, Anna. Knock knock!\"", "url": "http://your-supreme-ruler-olaf.tumblr.com/post/74341171075/um", "author_name": "JiForce", "author_id": "5fwj2", "subreddit_name": "frozen", "upvote_ratio": 0.99}