[{"body": "Um. First comment on Reddit ever. That's beautiful!\nMy goodness, maybe I should just pursue art instead...", "created_utc": 1391036447.0, "distinguished": null, "edited": false, "id": "cf274nc", "is_submitter": false, "link_id": "t3_1whtck", "parent_id": "t3_1whtck", "permalink": "/r/Frozen/comments/1whtck/elsa_in_pencil/cf274nc/", "score": 16, "stickied": false, "subreddit_id": "t5_2vpth", "author_name": "whyareyouflying", "author_id": "el60p", "subreddit_name": "frozen"}, {"body": "Ooooo, that's gorgeous. Any idea who drew the original?", "created_utc": 1391043836.0, "distinguished": null, "edited": false, "id": "cf2aivu", "is_submitter": false, "link_id": "t3_1whtck", "parent_id": "t3_1whtck", "permalink": "/r/Frozen/comments/1whtck/elsa_in_pencil/cf2aivu/", "score": 8, "stickied": false, "subreddit_id": "t5_2vpth", "author_name": "Ckydder", "author_id": "7ykzu", "subreddit_name": "frozen"}, {"body": "Very nice, very close to the movie, and I actually like the more angular features. It's stuff like this that *almost* make me want to put in the years of effort to learn how to draw.", "created_utc": 1391052504.0, "distinguished": null, "edited": false, "id": "cf2eh0c", "is_submitter": false, "link_id": "t3_1whtck", "parent_id": "t3_1whtck", "permalink": "/r/Frozen/comments/1whtck/elsa_in_pencil/cf2eh0c/", "score": 7, "stickied": false, "subreddit_id": "t5_2vpth", "author_name": "Arlnoff", "author_id": "75aii", "subreddit_name": "frozen"}, {"body": "Inspired by  David Kawena?\nhttp://davidkawena.deviantart.com/art/Disney-s-FROZEN-Queen-Elsa-Fast-Colour-Sketch-413698245", "created_utc": 1391125288.0, "distinguished": null, "edited": false, "id": "cf34vue", "is_submitter": false, "link_id": "t3_1whtck", "parent_id": "t3_1whtck", "permalink": "/r/Frozen/comments/1whtck/elsa_in_pencil/cf34vue/", "score": 6, "stickied": false, "subreddit_id": "t5_2vpth", "author_name": "Goronsruby", "author_id": "6whpw", "subreddit_name": "frozen"}, {"body": "If you can reach to draw like that, go for it.", "created_utc": 1391036615.0, "distinguished": null, "edited": false, "id": "cf277j9", "is_submitter": true, "link_id": "t3_1whtck", "parent_id": "t1_cf274nc", "permalink": "/r/Frozen/comments/1whtck/elsa_in_pencil/cf277j9/", "score": 10, "stickied": false, "subreddit_id": "t5_2vpth", "author_name": "loopuleasa", "author_id": "4josc", "subreddit_name": "frozen"}, {"body": "I'm thinking \n\nhttp://davidkawena.deviantart.com/art/Disney-s-FROZEN-Queen-Elsa-Fast-Colour-Sketch-413698245\n\nhe's one of my all time favorite artists.", "created_utc": 1391125624.0, "distinguished": null, "edited": false, "id": "cf351fl", "is_submitter": false, "link_id": "t3_1whtck", "parent_id": "t1_cf2aivu", "permalink": "/r/Frozen/comments/1whtck/elsa_in_pencil/cf351fl/", "score": 7, "stickied": false, "subreddit_id": "t5_2vpth", "author_name": "Goronsruby", "author_id": "6whpw", "subreddit_name": "frozen"}, {"body": "No dice. I plugged it into SauceNAO, Tineye, and Google Image Search and none of them provided any good leads. Google gave a few hits, but they all led to unattributed weheartit.com uploads, which wasn't very helpful. ", "created_utc": 1391066234.0, "distinguished": null, "edited": false, "id": "cf2js3b", "is_submitter": false, "link_id": "t3_1whtck", "parent_id": "t1_cf2aivu", "permalink": "/r/Frozen/comments/1whtck/elsa_in_pencil/cf2js3b/", "score": 2, "stickied": false, "subreddit_id": "t5_2vpth", "author_name": "JiForce", "author_id": "5fwj2", "subreddit_name": "frozen"}, {"body": "Found it on a tumblr that posted a whole lot of crap. The artist might be anonymous.", "created_utc": 1391080076.0, "distinguished": null, "edited": false, "id": "cf2mbdc", "is_submitter": true, "link_id": "t3_1whtck", "parent_id": "t1_cf2aivu", "permalink": "/r/Frozen/comments/1whtck/elsa_in_pencil/cf2mbdc/", "score": 2, "stickied": false, "subreddit_id": "t5_2vpth", "author_name": "loopuleasa", "author_id": "4josc", "subreddit_name": "frozen"}, {"body": "Looks like it.", "created_utc": 1391143101.0, "distinguished": null, "edited": false, "id": "cf3cscz", "is_submitter": true, "link_id": "t3_1whtck", "parent_id": "t1_cf34vue", "permalink": "/r/Frozen/comments/1whtck/elsa_in_pencil/cf3cscz/", "score": 2, "stickied": false, "subreddit_id": "t5_2vpth", "author_name": "loopuleasa", "author_id": "4josc", "subreddit_name": "frozen"}, {"body": "Ooh first message! I'm still trying to decide what I want to do, and art is definitely up there! Thanks! And beautiful drawing, by the way...", "created_utc": 1391039113.0, "distinguished": null, "edited": false, "id": "cf28djf", "is_submitter": false, "link_id": "t3_1whtck", "parent_id": "t1_cf277j9", "permalink": "/r/Frozen/comments/1whtck/elsa_in_pencil/cf28djf/", "score": 12, "stickied": false, "subreddit_id": "t5_2vpth", "author_name": "whyareyouflying", "author_id": "el60p", "subreddit_name": "frozen"}, {"body": "Yup, nailed it, nice find. Thanks!\n\n\nShitttt, this guy is good.", "created_utc": 1391126688.0, "distinguished": null, "edited": false, "id": "cf35isz", "is_submitter": false, "link_id": "t3_1whtck", "parent_id": "t1_cf351fl", "permalink": "/r/Frozen/comments/1whtck/elsa_in_pencil/cf35isz/", "score": 4, "stickied": false, "subreddit_id": "t5_2vpth", "author_name": "Ckydder", "author_id": "7ykzu", "subreddit_name": "frozen"}, {"body": "God I love how eager and unjaded you are. Gets me all nostalgic. ", "created_utc": 1391042253.0, "distinguished": null, "edited": false, "id": "cf29sna", "is_submitter": false, "link_id": "t3_1whtck", "parent_id": "t1_cf28djf", "permalink": "/r/Frozen/comments/1whtck/elsa_in_pencil/cf29sna/", "score": 11, "stickied": false, "subreddit_id": "t5_2vpth", "author_name": "JiForce", "author_id": "5fwj2", "subreddit_name": "frozen"}, {"body": "no problem! as soon as I saw OP's image I had to look it up :D\n\nHe is amazing on so many unnatural levels!", "created_utc": 1391129237.0, "distinguished": null, "edited": false, "id": "cf36o8e", "is_submitter": false, "link_id": "t3_1whtck", "parent_id": "t1_cf35isz", "permalink": "/r/Frozen/comments/1whtck/elsa_in_pencil/cf36o8e/", "score": 3, "stickied": false, "subreddit_id": "t5_2vpth", "author_name": "Goronsruby", "author_id": "6whpw", "subreddit_name": "frozen"}, {"body": "Yep, definitely nailed it.", "created_utc": 1391126692.0, "distinguished": null, "edited": false, "id": "cf35iv4", "is_submitter": false, "link_id": "t3_1whtck", "parent_id": "t1_cf35isz", "permalink": "/r/Frozen/comments/1whtck/elsa_in_pencil/cf35iv4/", "score": 4, "stickied": false, "subreddit_id": "t5_2vpth", "author_name": "__Nailed_It__", "author_id": "f1pp4", "subreddit_name": "frozen"}]