[{"body": "This is so good! Would it be okay to use this as the Snoo for the subreddit?\n\nAlso, do you have a PNG with a transparent background to use? I could always crop it out myself, but if you have a multilayered original it should be easier.", "created_utc": 1390504849.0, "distinguished": null, "edited": false, "id": "cex1jnx", "is_submitter": false, "link_id": "t3_1vyp5j", "parent_id": "t3_1vyp5j", "permalink": "/r/Frozen/comments/1vyp5j/i_made_an_elsaversion_of_the_reddit_alien/cex1jnx/", "score": 22, "stickied": false, "subreddit_id": "t5_2vpth", "author_name": "Eren_Jeager", "author_id": "db1dv", "subreddit_name": "frozen"}, {"body": "The Snoo Queen?", "created_utc": 1390533529.0, "distinguished": null, "edited": false, "id": "cexf76p", "is_submitter": false, "link_id": "t3_1vyp5j", "parent_id": "t3_1vyp5j", "permalink": "/r/Frozen/comments/1vyp5j/i_made_an_elsaversion_of_the_reddit_alien/cexf76p/", "score": 9, "stickied": false, "subreddit_id": "t5_2vpth", "author_name": "Chaos20X6", "author_id": "9oiph", "subreddit_name": "frozen"}, {"body": "Well, color me impressed, that's awesome.", "created_utc": 1390504923.0, "distinguished": null, "edited": false, "id": "cex1kxr", "is_submitter": false, "link_id": "t3_1vyp5j", "parent_id": "t3_1vyp5j", "permalink": "/r/Frozen/comments/1vyp5j/i_made_an_elsaversion_of_the_reddit_alien/cex1kxr/", "score": 5, "stickied": false, "subreddit_id": "t5_2vpth", "author_name": "sharkuppercut", "author_id": "8r5oj", "subreddit_name": "frozen"}, {"body": "I love it~\n\nCan you make an Anna one?", "created_utc": 1390510520.0, "distinguished": null, "edited": false, "id": "cex4cy3", "is_submitter": false, "link_id": "t3_1vyp5j", "parent_id": "t3_1vyp5j", "permalink": "/r/Frozen/comments/1vyp5j/i_made_an_elsaversion_of_the_reddit_alien/cex4cy3/", "score": 6, "stickied": false, "subreddit_id": "t5_2vpth", "author_name": "TheAdobeEmpire", "author_id": "8btkg", "subreddit_name": "frozen"}, {"body": "This is awesome! You did a great job. ", "created_utc": 1390506617.0, "distinguished": null, "edited": false, "id": "cex2eky", "is_submitter": false, "link_id": "t3_1vyp5j", "parent_id": "t3_1vyp5j", "permalink": "/r/Frozen/comments/1vyp5j/i_made_an_elsaversion_of_the_reddit_alien/cex2eky/", "score": 4, "stickied": false, "subreddit_id": "t5_2vpth", "author_name": "BlueRaith", "author_id": "brwtf", "subreddit_name": "frozen"}, {"body": "Loving the new Frozen alien banner! Very Well done!", "created_utc": 1390518091.0, "distinguished": null, "edited": false, "id": "cex85bh", "is_submitter": false, "link_id": "t3_1vyp5j", "parent_id": "t3_1vyp5j", "permalink": "/r/Frozen/comments/1vyp5j/i_made_an_elsaversion_of_the_reddit_alien/cex85bh/", "score": 3, "stickied": false, "subreddit_id": "t5_2vpth", "author_name": "baconbroth", "author_id": "cidv2", "subreddit_name": "frozen"}, {"body": "Congratulations this is on front page reddit :)\n\nhttp://imgur.com/uoTQDXU\n\nedit: added link.", "created_utc": 1390521742.0, "distinguished": null, "edited": false, "id": "cex9usv", "is_submitter": false, "link_id": "t3_1vyp5j", "parent_id": "t3_1vyp5j", "permalink": "/r/Frozen/comments/1vyp5j/i_made_an_elsaversion_of_the_reddit_alien/cex9usv/", "score": 2, "stickied": false, "subreddit_id": "t5_2vpth", "author_name": "Parsimony3", "author_id": "dhnoj", "subreddit_name": "frozen"}, {"body": "This is even better than I could have ever imagined. I love you. I mean...it.", "created_utc": 1390524967.0, "distinguished": null, "edited": false, "id": "cexbcco", "is_submitter": false, "link_id": "t3_1vyp5j", "parent_id": "t3_1vyp5j", "permalink": "/r/Frozen/comments/1vyp5j/i_made_an_elsaversion_of_the_reddit_alien/cexbcco/", "score": 2, "stickied": false, "subreddit_id": "t5_2vpth", "author_name": "JiForce", "author_id": "5fwj2", "subreddit_name": "frozen"}, {"body": "Oh wow, thanks :D Of course it's okey! \n\nHere is a png version with transparent background. And let me know if there needs to be further changes\n\nhttp://i.imgur.com/bIIsGHg.png\n", "created_utc": 1390506127.0, "distinguished": null, "edited": false, "id": "cex263z", "is_submitter": true, "link_id": "t3_1vyp5j", "parent_id": "t1_cex1jnx", "permalink": "/r/Frozen/comments/1vyp5j/i_made_an_elsaversion_of_the_reddit_alien/cex263z/", "score": 15, "stickied": false, "subreddit_id": "t5_2vpth", "author_name": "ilovemrmiyagi", "author_id": "6vnvy", "subreddit_name": "frozen"}, {"body": "thank you :)", "created_utc": 1390506136.0, "distinguished": null, "edited": false, "id": "cex269w", "is_submitter": true, "link_id": "t3_1vyp5j", "parent_id": "t1_cex1kxr", "permalink": "/r/Frozen/comments/1vyp5j/i_made_an_elsaversion_of_the_reddit_alien/cex269w/", "score": 3, "stickied": false, "subreddit_id": "t5_2vpth", "author_name": "ilovemrmiyagi", "author_id": "6vnvy", "subreddit_name": "frozen"}, {"body": "Yes, i made one [here](http://www.reddit.com/r/Frozen/comments/1vz5jz/i_also_made_an_annaalien/) :)", "created_utc": 1390513277.0, "distinguished": null, "edited": false, "id": "cex5rg2", "is_submitter": true, "link_id": "t3_1vyp5j", "parent_id": "t1_cex4cy3", "permalink": "/r/Frozen/comments/1vyp5j/i_made_an_elsaversion_of_the_reddit_alien/cex5rg2/", "score": 3, "stickied": false, "subreddit_id": "t5_2vpth", "author_name": "ilovemrmiyagi", "author_id": "6vnvy", "subreddit_name": "frozen"}, {"body": "Thanks ^^", "created_utc": 1390513328.0, "distinguished": null, "edited": false, "id": "cex5sdk", "is_submitter": true, "link_id": "t3_1vyp5j", "parent_id": "t1_cex2eky", "permalink": "/r/Frozen/comments/1vyp5j/i_made_an_elsaversion_of_the_reddit_alien/cex5sdk/", "score": 5, "stickied": false, "subreddit_id": "t5_2vpth", "author_name": "ilovemrmiyagi", "author_id": "6vnvy", "subreddit_name": "frozen"}, {"body": "Thanks :)", "created_utc": 1390518862.0, "distinguished": null, "edited": false, "id": "cex8iaa", "is_submitter": true, "link_id": "t3_1vyp5j", "parent_id": "t1_cex85bh", "permalink": "/r/Frozen/comments/1vyp5j/i_made_an_elsaversion_of_the_reddit_alien/cex8iaa/", "score": 3, "stickied": false, "subreddit_id": "t5_2vpth", "author_name": "ilovemrmiyagi", "author_id": "6vnvy", "subreddit_name": "frozen"}, {"body": "Just added it, it looks great!", "created_utc": 1390506833.0, "distinguished": null, "edited": false, "id": "cex2icp", "is_submitter": false, "link_id": "t3_1vyp5j", "parent_id": "t1_cex263z", "permalink": "/r/Frozen/comments/1vyp5j/i_made_an_elsaversion_of_the_reddit_alien/cex2icp/", "score": 3, "stickied": false, "subreddit_id": "t5_2vpth", "author_name": "Eren_Jeager", "author_id": "db1dv", "subreddit_name": "frozen"}]