{"clicked": false, "created_utc": 1390504246.0, "distinguished": null, "edited": false, "id": "1vyp5j", "is_video": false, "locked": false, "num_comments": 14, "over_18": false, "permalink": "/r/Frozen/comments/1vyp5j/i_made_an_elsaversion_of_the_reddit_alien/", "score": 319, "selftext": "", "stickied": false, "subreddit_id": "t5_2vpth", "title": "I made an Elsa-version of the Reddit alien", "url": "http://i.imgur.com/xPtLV1u.png", "author_name": "ilovemrmiyagi", "author_id": "6vnvy", "subreddit_name": "frozen", "upvote_ratio": 0.99}