[{"body": "Let it go... through.", "created_utc": 1391737422.0, "distinguished": null, "edited": false, "id": "cf9142n", "is_submitter": false, "link_id": "t3_1x83b2", "parent_id": "t3_1x83b2", "permalink": "/r/Frozen/comments/1x83b2/black_magic/cf9142n/", "score": 32, "stickied": false, "subreddit_id": "t5_2vpth", "author_name": "m_sobol", "author_id": "cdluz", "subreddit_name": "frozen"}, {"body": "The first part is totally how it should have gone down. Ice powers would be so freaking awesome.", "created_utc": 1391734808.0, "distinguished": null, "edited": false, "id": "cf8zyk7", "is_submitter": false, "link_id": "t3_1x83b2", "parent_id": "t3_1x83b2", "permalink": "/r/Frozen/comments/1x83b2/black_magic/cf8zyk7/", "score": 15, "stickied": false, "subreddit_id": "t5_2vpth", "author_name": "Arlnoff", "author_id": "75aii", "subreddit_name": "frozen"}, {"body": "Uhh.. I don't get it, her hair impaled her arm?", "created_utc": 1391732078.0, "distinguished": null, "edited": false, "id": "cf8yrc6", "is_submitter": false, "link_id": "t3_1x83b2", "parent_id": "t3_1x83b2", "permalink": "/r/Frozen/comments/1x83b2/black_magic/cf8yrc6/", "score": 24, "stickied": false, "subreddit_id": "t5_2vpth", "author_name": null, "author_id": null, "subreddit_name": "frozen"}, {"body": "*\"Magic is keen, yo!\"*\n\nGoddamnit Rapunzel. ", "created_utc": 1391753261.0, "distinguished": null, "edited": false, "id": "cf97ngw", "is_submitter": false, "link_id": "t3_1x83b2", "parent_id": "t3_1x83b2", "permalink": "/r/Frozen/comments/1x83b2/black_magic/cf97ngw/", "score": 22, "stickied": false, "subreddit_id": "t5_2vpth", "author_name": "JiForce", "author_id": "5fwj2", "subreddit_name": "frozen"}, {"body": "Hahahahahaha oh man. This is the funniest fan comic for Frozen I've seen yet.", "created_utc": 1391749843.0, "distinguished": null, "edited": false, "id": "cf96hs0", "is_submitter": false, "link_id": "t3_1x83b2", "parent_id": "t3_1x83b2", "permalink": "/r/Frozen/comments/1x83b2/black_magic/cf96hs0/", "score": 5, "stickied": false, "subreddit_id": "t5_2vpth", "author_name": "Swoove", "author_id": "7w825", "subreddit_name": "frozen"}, {"body": "lol, is that Rapunzel back there?", "created_utc": 1392315471.0, "distinguished": null, "edited": false, "id": "cfeheun", "is_submitter": false, "link_id": "t3_1x83b2", "parent_id": "t3_1x83b2", "permalink": "/r/Frozen/comments/1x83b2/black_magic/cfeheun/", "score": 1, "stickied": false, "subreddit_id": "t5_2vpth", "author_name": "EeveeGreyhame", "author_id": "7h4kr", "subreddit_name": "frozen"}, {"body": "During the Let It Go sequence, on the third chorus, when she says let it go the second time, she guides her braid right through her arm.", "created_utc": 1391732538.0, "distinguished": null, "edited": false, "id": "cf8yymk", "is_submitter": false, "link_id": "t3_1x83b2", "parent_id": "t1_cf8yrc6", "permalink": "/r/Frozen/comments/1x83b2/black_magic/cf8yymk/", "score": 46, "stickied": false, "subreddit_id": "t5_2vpth", "author_name": "TheKing0fLimbs", "author_id": "d03e0", "subreddit_name": "frozen"}, {"body": "you can check it in the frame per frame of that scene by /u/WanderingRurouni\n\nhttp://www.reddit.com/r/Frozen/comments/1wckdw/elsas_hairflip_107_images/", "created_utc": 1391734154.0, "distinguished": null, "edited": false, "id": "cf8zo8l", "is_submitter": false, "link_id": "t3_1x83b2", "parent_id": "t1_cf8yrc6", "permalink": "/r/Frozen/comments/1x83b2/black_magic/cf8zo8l/", "score": 4, "stickied": false, "subreddit_id": "t5_2vpth", "author_name": "simien05", "author_id": "d9qj1", "subreddit_name": "frozen"}, {"body": "Huh. Can't believe I havn't seen that before.", "created_utc": 1391733755.0, "distinguished": null, "edited": false, "id": "cf8zhwb", "is_submitter": false, "link_id": "t3_1x83b2", "parent_id": "t1_cf8yymk", "permalink": "/r/Frozen/comments/1x83b2/black_magic/cf8zhwb/", "score": 12, "stickied": false, "subreddit_id": "t5_2vpth", "author_name": "theKunz1", "author_id": "c3jji", "subreddit_name": "frozen"}, {"body": "So people are scared of her hairstyle? Sorry I'm a bit slow on this one.", "created_utc": 1391732846.0, "distinguished": null, "edited": false, "id": "cf8z3iq", "is_submitter": false, "link_id": "t3_1x83b2", "parent_id": "t1_cf8yymk", "permalink": "/r/Frozen/comments/1x83b2/black_magic/cf8z3iq/", "score": 3, "stickied": false, "subreddit_id": "t5_2vpth", "author_name": null, "author_id": null, "subreddit_name": "frozen"}, {"body": "[Specifically](http://i.imgur.com/S1FR7zM.jpg) [in](http://i.imgur.com/Z0x19hk.jpg) [this](http://i.imgur.com/mU2zT4X.jpg) [sequence](http://i.imgur.com/55tBjLp.jpg) [of](http://i.imgur.com/VOeYxvV.jpg) [frames](http://i.imgur.com/xJIDSMV.jpg).", "created_utc": 1391752939.0, "distinguished": null, "edited": false, "id": "cf97juy", "is_submitter": false, "link_id": "t3_1x83b2", "parent_id": "t1_cf8zo8l", "permalink": "/r/Frozen/comments/1x83b2/black_magic/cf97juy/", "score": 6, "stickied": false, "subreddit_id": "t5_2vpth", "author_name": null, "author_id": null, "subreddit_name": "frozen"}, {"body": "I just went to that sequence in HoverZoom and arrowed left and right for like five minutes to make her make the D: expression as her hair passes through her arm.\n", "created_utc": 1391748209.0, "distinguished": null, "edited": false, "id": "cf95vhc", "is_submitter": false, "link_id": "t3_1x83b2", "parent_id": "t1_cf8zo8l", "permalink": "/r/Frozen/comments/1x83b2/black_magic/cf95vhc/", "score": 3, "stickied": false, "subreddit_id": "t5_2vpth", "author_name": "Varyx", "author_id": "5vcqk", "subreddit_name": "frozen"}, {"body": "It's not that obvious unless you pay attention closely or look at a frame by frame gif. There was a post on tumblr explaining why the filmmakers did it and why it makes sense in terms of making the scene look very fluid and such.", "created_utc": 1391739206.0, "distinguished": null, "edited": false, "id": "cf91wks", "is_submitter": false, "link_id": "t3_1x83b2", "parent_id": "t1_cf8zhwb", "permalink": "/r/Frozen/comments/1x83b2/black_magic/cf91wks/", "score": 16, "stickied": false, "subreddit_id": "t5_2vpth", "author_name": "meismariah", "author_id": "3vfsg", "subreddit_name": "frozen"}, {"body": "No, people are scared of her hair clipping through her arm. ", "created_utc": 1391732957.0, "distinguished": null, "edited": false, "id": "cf8z59u", "is_submitter": false, "link_id": "t3_1x83b2", "parent_id": "t1_cf8z3iq", "permalink": "/r/Frozen/comments/1x83b2/black_magic/cf8z59u/", "score": 23, "stickied": false, "subreddit_id": "t5_2vpth", "author_name": "hooahguy", "author_id": "6201t", "subreddit_name": "frozen"}, {"body": "Someone else mentions they did it because of technical issues.\n\n>It was done neither as a mistake nor as a match-to-the-song timing thing, but actually just as a compromise to maintain the stability of the model.\n\n>The rigging for Elsa\u2019s hair in that scene was incredibly complex, to ensure fluid and lifelike motion. However, they tried repeatedly to have her braid drift over her shoulder, and for reasons they simply could not isolate, every time, it would distort the rigging and her hair would \u201ccrumple like cheap origami\u201d. Nothing they tried seemed to be able to overcome this.\n\n>So, rather than drag out the time and budget any further than they already had to try and identify whatever elusive glitch was hindering them just for the sake of a two-second-long bit of animation, they elected to simply allow the two models of hair and arm to clip through each other, and hide the result as best they could with a suitably-concealing camera-angle.\n\n[http://chaoswolf1982.tumblr.com/post/75801465877/sodakick-so-i-keep-seeing-this-gif-floating](http://chaoswolf1982.tumblr.com/post/75801465877/sodakick-so-i-keep-seeing-this-gif-floating)", "created_utc": 1391740969.0, "distinguished": null, "edited": false, "id": "cf92p5q", "is_submitter": false, "link_id": "t3_1x83b2", "parent_id": "t1_cf91wks", "permalink": "/r/Frozen/comments/1x83b2/black_magic/cf92p5q/", "score": 28, "stickied": false, "subreddit_id": "t5_2vpth", "author_name": "SimianMountedCavalry", "author_id": "b20rs", "subreddit_name": "frozen"}, {"body": "Huh, glad to know that \"match to the song timing\" idea was wrong.  Thanks for the info!", "created_utc": 1391792230.0, "distinguished": null, "edited": false, "id": "cf9hc9t", "is_submitter": false, "link_id": "t3_1x83b2", "parent_id": "t1_cf92p5q", "permalink": "/r/Frozen/comments/1x83b2/black_magic/cf9hc9t/", "score": 10, "stickied": false, "subreddit_id": "t5_2vpth", "author_name": "shmameron", "author_id": "9h46k", "subreddit_name": "frozen"}]