{"clicked": false, "created_utc": 1391729659.0, "distinguished": null, "edited": false, "id": "1x83b2", "is_video": false, "locked": false, "num_comments": 16, "over_18": false, "permalink": "/r/Frozen/comments/1x83b2/black_magic/", "score": 184, "selftext": "", "stickied": false, "subreddit_id": "t5_2vpth", "title": "Black Magic", "url": "http://tran4of3.deviantart.com/art/Frozen-BlackMagic-432198998", "author_name": "Eren_Jeager", "author_id": "db1dv", "subreddit_name": "frozen", "upvote_ratio": 0.99}