[{"body": "I would love more fanart of Elsa in her coronation dress but with the hair down. My favourite.", "created_utc": 1393381301.0, "distinguished": null, "edited": false, "id": "cfou930", "is_submitter": false, "link_id": "t3_1yxvsr", "parent_id": "t3_1yxvsr", "permalink": "/r/Frozen/comments/1yxvsr/and_ill_rise_like_the_break_of_dawn_1920x1080/cfou930/", "score": 13, "stickied": false, "subreddit_id": "t5_2vpth", "author_name": "MotherCanada", "author_id": "4qccj", "subreddit_name": "frozen"}, {"body": "Yes! I love her coronation dress more than her ice dress honestly. I do like the ice dress hairstyle though!", "created_utc": 1393381705.0, "distinguished": null, "edited": false, "id": "cfoufss", "is_submitter": false, "link_id": "t3_1yxvsr", "parent_id": "t1_cfou930", "permalink": "/r/Frozen/comments/1yxvsr/and_ill_rise_like_the_break_of_dawn_1920x1080/cfoufss/", "score": 8, "stickied": false, "subreddit_id": "t5_2vpth", "author_name": "Notanoveltyaccountok", "author_id": "agveh", "subreddit_name": "frozen"}, {"body": "Too bad it only lasts for a second or two :(", "created_utc": 1393422670.0, "distinguished": null, "edited": false, "id": "cfp58q9", "is_submitter": false, "link_id": "t3_1yxvsr", "parent_id": "t1_cfou930", "permalink": "/r/Frozen/comments/1yxvsr/and_ill_rise_like_the_break_of_dawn_1920x1080/cfp58q9/", "score": 3, "stickied": false, "subreddit_id": "t5_2vpth", "author_name": null, "author_id": null, "subreddit_name": "frozen"}]