{"clicked": false, "created_utc": 1393373457.0, "distinguished": null, "edited": false, "id": "1yxvsr", "is_video": false, "locked": false, "num_comments": 3, "over_18": false, "permalink": "/r/Frozen/comments/1yxvsr/and_ill_rise_like_the_break_of_dawn_1920x1080/", "score": 124, "selftext": "", "stickied": false, "subreddit_id": "t5_2vpth", "title": "And I'll rise like the break of dawn! (1920x1080)", "url": "http://coinpo.deviantart.com/art/Frozen-Elsa-Wallpaper-432254948", "author_name": null, "author_id": null, "subreddit_name": "frozen", "upvote_ratio": 0.97}