[{"body": "I bet half of the men on this subreddit are like *Why am i a man dammit!*...I am not ashamed to be one of them. Thats fancy as fuck", "created_utc": 1393268333.0, "distinguished": null, "edited": false, "id": "cfnktqb", "is_submitter": false, "link_id": "t3_1yt5lu", "parent_id": "t3_1yt5lu", "permalink": "/r/Frozen/comments/1yt5lu/elsa_costume_i_made_that_lights_up/cfnktqb/", "score": 11, "stickied": false, "subreddit_id": "t5_2vpth", "author_name": "The1andonlygogoman64", "author_id": "dgjve", "subreddit_name": "frozen"}, {"body": "Incredible! How did you do it, if you don't mind sharing your secrets?", "created_utc": 1393280897.0, "distinguished": null, "edited": false, "id": "cfnr5l5", "is_submitter": false, "link_id": "t3_1yt5lu", "parent_id": "t3_1yt5lu", "permalink": "/r/Frozen/comments/1yt5lu/elsa_costume_i_made_that_lights_up/cfnr5l5/", "score": 3, "stickied": false, "subreddit_id": "t5_2vpth", "author_name": "EvilLittleThing", "author_id": "7c5qp", "subreddit_name": "frozen"}, {"body": "Wow! I love all these costumes people are making!", "created_utc": 1393284442.0, "distinguished": null, "edited": false, "id": "cfnsuw5", "is_submitter": false, "link_id": "t3_1yt5lu", "parent_id": "t3_1yt5lu", "permalink": "/r/Frozen/comments/1yt5lu/elsa_costume_i_made_that_lights_up/cfnsuw5/", "score": 2, "stickied": false, "subreddit_id": "t5_2vpth", "author_name": "Nonmedicated", "author_id": "ewaga", "subreddit_name": "frozen"}, {"body": "Mabel?", "created_utc": 1393282004.0, "distinguished": null, "edited": false, "id": "cfnrotj", "is_submitter": false, "link_id": "t3_1yt5lu", "parent_id": "t3_1yt5lu", "permalink": "/r/Frozen/comments/1yt5lu/elsa_costume_i_made_that_lights_up/cfnrotj/", "score": 1, "stickied": false, "subreddit_id": "t5_2vpth", "author_name": "poktanju", "author_id": "4z4uc", "subreddit_name": "frozen"}, {"body": "The bodess is perfect!! Any reason you made it with a high neck?", "created_utc": 1393283931.0, "distinguished": null, "edited": false, "id": "cfnsm48", "is_submitter": false, "link_id": "t3_1yt5lu", "parent_id": "t3_1yt5lu", "permalink": "/r/Frozen/comments/1yt5lu/elsa_costume_i_made_that_lights_up/cfnsm48/", "score": 1, "stickied": false, "subreddit_id": "t5_2vpth", "author_name": "bejouled", "author_id": "8uww5", "subreddit_name": "frozen"}, {"body": "That's me... fancy as fuck. Except when I'm making these things. Putting finishing touches on one right now in pajamas. I love my job. ", "created_utc": 1393268525.0, "distinguished": null, "edited": false, "id": "cfnkx3i", "is_submitter": true, "link_id": "t3_1yt5lu", "parent_id": "t1_cfnktqb", "permalink": "/r/Frozen/comments/1yt5lu/elsa_costume_i_made_that_lights_up/cfnkx3i/", "score": 7, "stickied": false, "subreddit_id": "t5_2vpth", "author_name": "glimmerlady", "author_id": "bq9po", "subreddit_name": "frozen"}, {"body": "Fuck that, I'd wear the *shit* outta that dress.", "created_utc": 1393273192.0, "distinguished": null, "edited": false, "id": "cfnn8cu", "is_submitter": false, "link_id": "t3_1yt5lu", "parent_id": "t1_cfnktqb", "permalink": "/r/Frozen/comments/1yt5lu/elsa_costume_i_made_that_lights_up/cfnn8cu/", "score": 4, "stickied": false, "subreddit_id": "t5_2vpth", "author_name": "sharkuppercut", "author_id": "8r5oj", "subreddit_name": "frozen"}, {"body": "I'm a costumer by trade and writing out how I made it would take a long time... haha so... MAGIC!", "created_utc": 1393284754.0, "distinguished": null, "edited": false, "id": "cfnt07t", "is_submitter": true, "link_id": "t3_1yt5lu", "parent_id": "t1_cfnr5l5", "permalink": "/r/Frozen/comments/1yt5lu/elsa_costume_i_made_that_lights_up/cfnt07t/", "score": 1, "stickied": false, "subreddit_id": "t5_2vpth", "author_name": "glimmerlady", "author_id": "bq9po", "subreddit_name": "frozen"}, {"body": "Request from the client :) ", "created_utc": 1393284694.0, "distinguished": null, "edited": false, "id": "cfnsz6d", "is_submitter": true, "link_id": "t3_1yt5lu", "parent_id": "t1_cfnsm48", "permalink": "/r/Frozen/comments/1yt5lu/elsa_costume_i_made_that_lights_up/cfnsz6d/", "score": 1, "stickied": false, "subreddit_id": "t5_2vpth", "author_name": "glimmerlady", "author_id": "bq9po", "subreddit_name": "frozen"}, {"body": "Lol. Just the basics\u2013\u2013are they Christmas lights, LEDs, something else?", "created_utc": 1393353618.0, "distinguished": null, "edited": false, "id": "cfogl8g", "is_submitter": false, "link_id": "t3_1yt5lu", "parent_id": "t1_cfnt07t", "permalink": "/r/Frozen/comments/1yt5lu/elsa_costume_i_made_that_lights_up/cfogl8g/", "score": 1, "stickied": false, "subreddit_id": "t5_2vpth", "author_name": "EvilLittleThing", "author_id": "7c5qp", "subreddit_name": "frozen"}, {"body": "Little leds on a string with a battery pack :) ", "created_utc": 1393353746.0, "distinguished": null, "edited": false, "id": "cfognjz", "is_submitter": true, "link_id": "t3_1yt5lu", "parent_id": "t1_cfogl8g", "permalink": "/r/Frozen/comments/1yt5lu/elsa_costume_i_made_that_lights_up/cfognjz/", "score": 2, "stickied": false, "subreddit_id": "t5_2vpth", "author_name": "glimmerlady", "author_id": "bq9po", "subreddit_name": "frozen"}]