{"clicked": false, "created_utc": 1393263212.0, "distinguished": null, "edited": false, "id": "1yt5lu", "is_video": false, "locked": false, "num_comments": 11, "over_18": false, "permalink": "/r/Frozen/comments/1yt5lu/elsa_costume_i_made_that_lights_up/", "score": 137, "selftext": "", "stickied": false, "subreddit_id": "t5_2vpth", "title": "Elsa costume I made... that lights up!", "url": "http://glimmerwood.deviantart.com/art/Light-Up-Frozen-Elsa-Cosplay-Costume-436062663", "author_name": "glimmerlady", "author_id": "bq9po", "subreddit_name": "frozen", "upvote_ratio": 0.99}