[{"body": "This video is so beautiful. Take all my upvotes, while I sit in my corner sobbing.", "created_utc": 1391959316.0, "distinguished": null, "edited": false, "id": "cfax12s", "is_submitter": false, "link_id": "t3_1xfpz4", "parent_id": "t3_1xfpz4", "permalink": "/r/Frozen/comments/1xfpz4/i_think_this_is_why_frozen_is_so_popular_even/cfax12s/", "score": 27, "stickied": false, "subreddit_id": "t5_2vpth", "author_name": "Nolos", "author_id": "dqt7e", "subreddit_name": "frozen"}, {"body": "My brother & sister in law had not seen it, so we watched it last night.\n\nBy the end of the do you want to build a snowman.. she was sitting there in AWE.. the parents dead.. and the sadness of them being separate, etc.... let alone the rest of the movie.\n\nIn so many other Disney movies.. you don't get this.  You get the occasional BIG tragedy (mufasa's death)..  but most of the time, its 'oh no the person needs to find their love' or 'defeat the badguy' or a combination..  While you CHEER them on.. there isn't that sense of\n\"oh my god that so horrible for them. they are so sad, I want to just go and hold them and tell them it will be ok\" feeling.\nAnd you get that feeling repeatedly over the movie.", "created_utc": 1391959602.0, "distinguished": null, "edited": false, "id": "cfax3wn", "is_submitter": false, "link_id": "t3_1xfpz4", "parent_id": "t3_1xfpz4", "permalink": "/r/Frozen/comments/1xfpz4/i_think_this_is_why_frozen_is_so_popular_even/cfax3wn/", "score": 23, "stickied": false, "subreddit_id": "t5_2vpth", "author_name": "gdkitty", "author_id": "8payt", "subreddit_name": "frozen"}, {"body": "This video made me feel physical pain. It was so good but so sad, makes me want to just go comfort them and hold them, parents dead, exiled, not knowing why or if it will ever get better...", "created_utc": 1391966117.0, "distinguished": null, "edited": false, "id": "cfaz95e", "is_submitter": false, "link_id": "t3_1xfpz4", "parent_id": "t3_1xfpz4", "permalink": "/r/Frozen/comments/1xfpz4/i_think_this_is_why_frozen_is_so_popular_even/cfaz95e/", "score": 7, "stickied": false, "subreddit_id": "t5_2vpth", "author_name": "UpvoteBecauseIcan", "author_id": "bpim5", "subreddit_name": "frozen"}, {"body": "Wow. this is so amazing! ", "created_utc": 1391961037.0, "distinguished": null, "edited": false, "id": "cfaxiko", "is_submitter": false, "link_id": "t3_1xfpz4", "parent_id": "t3_1xfpz4", "permalink": "/r/Frozen/comments/1xfpz4/i_think_this_is_why_frozen_is_so_popular_even/cfaxiko/", "score": 5, "stickied": false, "subreddit_id": "t5_2vpth", "author_name": "Eldis_", "author_id": "e2dmq", "subreddit_name": "frozen"}, {"body": "*hides tissues...* \n\nBut seriously for a moment, the person that edited this is actually very good at what they do! That moment where everything goes to full colour... *shiver*", "created_utc": 1391987028.0, "distinguished": null, "edited": false, "id": "cfb81ej", "is_submitter": false, "link_id": "t3_1xfpz4", "parent_id": "t3_1xfpz4", "permalink": "/r/Frozen/comments/1xfpz4/i_think_this_is_why_frozen_is_so_popular_even/cfb81ej/", "score": 5, "stickied": false, "subreddit_id": "t5_2vpth", "author_name": "Koppenflak", "author_id": "81tqh", "subreddit_name": "frozen"}, {"body": "Damn, dude. The feels... this is amazing.", "created_utc": 1391962485.0, "distinguished": null, "edited": false, "id": "cfaxyip", "is_submitter": false, "link_id": "t3_1xfpz4", "parent_id": "t3_1xfpz4", "permalink": "/r/Frozen/comments/1xfpz4/i_think_this_is_why_frozen_is_so_popular_even/cfaxyip/", "score": 5, "stickied": false, "subreddit_id": "t5_2vpth", "author_name": "jayjay200", "author_id": "c0kdx", "subreddit_name": "frozen"}, {"body": "My god. This song is played to death at my job so I'm usually pretty burned out on it, but damn if that video didn't hit me in the feels anyway! A testament to how good the film is. ", "created_utc": 1391992913.0, "distinguished": null, "edited": false, "id": "cfbagd8", "is_submitter": false, "link_id": "t3_1xfpz4", "parent_id": "t3_1xfpz4", "permalink": "/r/Frozen/comments/1xfpz4/i_think_this_is_why_frozen_is_so_popular_even/cfbagd8/", "score": 3, "stickied": false, "subreddit_id": "t5_2vpth", "author_name": "MilanoMongoose", "author_id": "cse66", "subreddit_name": "frozen"}, {"body": "Right. In the feels.", "created_utc": 1391966430.0, "distinguished": null, "edited": false, "id": "cfazdgs", "is_submitter": false, "link_id": "t3_1xfpz4", "parent_id": "t3_1xfpz4", "permalink": "/r/Frozen/comments/1xfpz4/i_think_this_is_why_frozen_is_so_popular_even/cfazdgs/", "score": 2, "stickied": false, "subreddit_id": "t5_2vpth", "author_name": "KaptainK27", "author_id": "f0vwg", "subreddit_name": "frozen"}, {"body": "Great video, but it looks like they stretched it height-wise. Kinda ruined it for me :/", "created_utc": 1391972402.0, "distinguished": null, "edited": false, "id": "cfb1uvb", "is_submitter": false, "link_id": "t3_1xfpz4", "parent_id": "t3_1xfpz4", "permalink": "/r/Frozen/comments/1xfpz4/i_think_this_is_why_frozen_is_so_popular_even/cfb1uvb/", "score": 2, "stickied": false, "subreddit_id": "t5_2vpth", "author_name": "PenguinPwnge", "author_id": "5jlkp", "subreddit_name": "frozen"}, {"body": "Oh my god. I'm sitting here with chills and tears in my eyes. This was simply.... majestic. ", "created_utc": 1391988296.0, "distinguished": null, "edited": false, "id": "cfb8kpu", "is_submitter": false, "link_id": "t3_1xfpz4", "parent_id": "t3_1xfpz4", "permalink": "/r/Frozen/comments/1xfpz4/i_think_this_is_why_frozen_is_so_popular_even/cfb8kpu/", "score": 3, "stickied": false, "subreddit_id": "t5_2vpth", "author_name": "OniWeird", "author_id": "9eg6p", "subreddit_name": "frozen"}, {"body": "Holy freakin' GOOSEBUMPS! ", "created_utc": 1392000387.0, "distinguished": null, "edited": false, "id": "cfbdhil", "is_submitter": false, "link_id": "t3_1xfpz4", "parent_id": "t3_1xfpz4", "permalink": "/r/Frozen/comments/1xfpz4/i_think_this_is_why_frozen_is_so_popular_even/cfbdhil/", "score": 2, "stickied": false, "subreddit_id": "t5_2vpth", "author_name": "c0dege3k", "author_id": "61dkm", "subreddit_name": "frozen"}, {"body": "Aaaand now I'm crying.", "created_utc": 1392000952.0, "distinguished": null, "edited": false, "id": "cfbdq47", "is_submitter": false, "link_id": "t3_1xfpz4", "parent_id": "t3_1xfpz4", "permalink": "/r/Frozen/comments/1xfpz4/i_think_this_is_why_frozen_is_so_popular_even/cfbdq47/", "score": 2, "stickied": false, "subreddit_id": "t5_2vpth", "author_name": "Princess_Anna_", "author_id": "er36f", "subreddit_name": "frozen"}, {"body": "Damn onions man.", "created_utc": 1391974860.0, "distinguished": null, "edited": false, "id": "cfb2wc8", "is_submitter": false, "link_id": "t3_1xfpz4", "parent_id": "t3_1xfpz4", "permalink": "/r/Frozen/comments/1xfpz4/i_think_this_is_why_frozen_is_so_popular_even/cfb2wc8/", "score": 1, "stickied": false, "subreddit_id": "t5_2vpth", "author_name": "Cheshire808", "author_id": "f6umw", "subreddit_name": "frozen"}, {"body": "Go ahead, I won't judge.", "created_utc": 1391961047.0, "distinguished": null, "edited": false, "id": "cfaxiod", "is_submitter": false, "link_id": "t3_1xfpz4", "parent_id": "t1_cfax12s", "permalink": "/r/Frozen/comments/1xfpz4/i_think_this_is_why_frozen_is_so_popular_even/cfaxiod/", "score": 18, "stickied": false, "subreddit_id": "t5_2vpth", "author_name": "Eldis_", "author_id": "e2dmq", "subreddit_name": "frozen"}, {"body": "I hope that corner has room for one more.", "created_utc": 1391961773.0, "distinguished": null, "edited": false, "id": "cfaxqji", "is_submitter": false, "link_id": "t3_1xfpz4", "parent_id": "t1_cfax12s", "permalink": "/r/Frozen/comments/1xfpz4/i_think_this_is_why_frozen_is_so_popular_even/cfaxqji/", "score": 14, "stickied": false, "subreddit_id": "t5_2vpth", "author_name": "Phaulty", "author_id": "5x95b", "subreddit_name": "frozen"}, {"body": "[Right there with you](http://www.youtube.com/watch?v=3Js4YZ1z0to)", "created_utc": 1391964977.0, "distinguished": null, "edited": false, "id": "cfaytyd", "is_submitter": false, "link_id": "t3_1xfpz4", "parent_id": "t1_cfax12s", "permalink": "/r/Frozen/comments/1xfpz4/i_think_this_is_why_frozen_is_so_popular_even/cfaytyd/", "score": 7, "stickied": false, "subreddit_id": "t5_2vpth", "author_name": "everettdc", "author_id": "a64bz", "subreddit_name": "frozen"}, {"body": "Here's a tissue.. im already there.", "created_utc": 1391959347.0, "distinguished": null, "edited": false, "id": "cfax1dg", "is_submitter": false, "link_id": "t3_1xfpz4", "parent_id": "t1_cfax12s", "permalink": "/r/Frozen/comments/1xfpz4/i_think_this_is_why_frozen_is_so_popular_even/cfax1dg/", "score": 5, "stickied": false, "subreddit_id": "t5_2vpth", "author_name": "gdkitty", "author_id": "8payt", "subreddit_name": "frozen"}, {"body": "That's exactly how I feel about Frozen, how it is different from other Disney movies.", "created_utc": 1391962640.0, "distinguished": null, "edited": false, "id": "cfay0dq", "is_submitter": false, "link_id": "t3_1xfpz4", "parent_id": "t1_cfax3wn", "permalink": "/r/Frozen/comments/1xfpz4/i_think_this_is_why_frozen_is_so_popular_even/cfay0dq/", "score": 6, "stickied": false, "subreddit_id": "t5_2vpth", "author_name": null, "author_id": null, "subreddit_name": "frozen"}, {"body": "And the timing! with Elsa shooting the ice, and her stomp\u2026\u00a0hoh", "created_utc": 1392003413.0, "distinguished": null, "edited": false, "id": "cfberye", "is_submitter": false, "link_id": "t3_1xfpz4", "parent_id": "t1_cfb81ej", "permalink": "/r/Frozen/comments/1xfpz4/i_think_this_is_why_frozen_is_so_popular_even/cfberye/", "score": 3, "stickied": false, "subreddit_id": "t5_2vpth", "author_name": "EvilLittleThing", "author_id": "7c5qp", "subreddit_name": "frozen"}, {"body": "feels trip :(", "created_utc": 1391985925.0, "distinguished": null, "edited": false, "id": "cfb7kp5", "is_submitter": false, "link_id": "t3_1xfpz4", "parent_id": "t1_cfaxyip", "permalink": "/r/Frozen/comments/1xfpz4/i_think_this_is_why_frozen_is_so_popular_even/cfb7kp5/", "score": 2, "stickied": false, "subreddit_id": "t5_2vpth", "author_name": "baconbroth", "author_id": "cidv2", "subreddit_name": "frozen"}, {"body": "Yeah.  The screener copy this was surely taken from (honestly I'm not sure if that's the same as the cinema release or not) is at a 9:4 ratio, and this got expanded to the 16:9 standard youtube window.  Anyone doing amateur video work: keeping the aspect ratio correct is one of the easiest things to get wrong.  Be careful.", "created_utc": 1391983419.0, "distinguished": null, "edited": false, "id": "cfb6is3", "is_submitter": false, "link_id": "t3_1xfpz4", "parent_id": "t1_cfb1uvb", "permalink": "/r/Frozen/comments/1xfpz4/i_think_this_is_why_frozen_is_so_popular_even/cfb6is3/", "score": 3, "stickied": false, "subreddit_id": "t5_2vpth", "author_name": "AndIfWeFall", "author_id": "f0b0t", "subreddit_name": "frozen"}, {"body": "Yup.", "created_utc": 1393039836.0, "distinguished": null, "edited": false, "id": "cflkdr0", "is_submitter": false, "link_id": "t3_1xfpz4", "parent_id": "t1_cfb2wc8", "permalink": "/r/Frozen/comments/1xfpz4/i_think_this_is_why_frozen_is_so_popular_even/cflkdr0/", "score": 1, "stickied": false, "subreddit_id": "t5_2vpth", "author_name": "jayjay200", "author_id": "c0kdx", "subreddit_name": "frozen"}, {"body": "The corner has space for everyone :)", "created_utc": 1391961901.0, "distinguished": null, "edited": false, "id": "cfaxrzk", "is_submitter": false, "link_id": "t3_1xfpz4", "parent_id": "t1_cfaxqji", "permalink": "/r/Frozen/comments/1xfpz4/i_think_this_is_why_frozen_is_so_popular_even/cfaxrzk/", "score": 13, "stickied": false, "subreddit_id": "t5_2vpth", "author_name": "Nolos", "author_id": "dqt7e", "subreddit_name": "frozen"}, {"body": "That was me a few minutes ago.", "created_utc": 1391974637.0, "distinguished": null, "edited": false, "id": "cfb2sxg", "is_submitter": false, "link_id": "t3_1xfpz4", "parent_id": "t1_cfaytyd", "permalink": "/r/Frozen/comments/1xfpz4/i_think_this_is_why_frozen_is_so_popular_even/cfb2sxg/", "score": 3, "stickied": false, "subreddit_id": "t5_2vpth", "author_name": null, "author_id": null, "subreddit_name": "frozen"}, {"body": "good because just i burst into tears!", "created_utc": 1392290041.0, "distinguished": null, "edited": false, "id": "cfe8ztc", "is_submitter": false, "link_id": "t3_1xfpz4", "parent_id": "t1_cfaxrzk", "permalink": "/r/Frozen/comments/1xfpz4/i_think_this_is_why_frozen_is_so_popular_even/cfe8ztc/", "score": 1, "stickied": false, "subreddit_id": "t5_2vpth", "author_name": "Gnet20", "author_id": "654xm", "subreddit_name": "frozen"}]