{"clicked": false, "created_utc": 1391958963.0, "distinguished": null, "edited": false, "id": "1xfpz4", "is_video": false, "locked": false, "num_comments": 25, "over_18": false, "permalink": "/r/Frozen/comments/1xfpz4/i_think_this_is_why_frozen_is_so_popular_even/", "score": 125, "selftext": "", "stickied": false, "subreddit_id": "t5_2vpth", "title": "I think this is why Frozen is so popular even among older people-the tragic, more realistic side of the characters' lives", "url": "http://www.youtube.com/watch?v=ukPYBurau6U", "author_name": null, "author_id": null, "subreddit_name": "frozen", "upvote_ratio": 0.97}