[{"body": "So much better than other \"no makeup\" pic. God, that one was terrifying. They took our her eyebrows and her *irises*.", "created_utc": 1393552144.0, "distinguished": null, "edited": false, "id": "cfql7ix", "is_submitter": false, "link_id": "t3_1z5375", "parent_id": "t3_1z5375", "permalink": "/r/Frozen/comments/1z5375/modern_elsa/cfql7ix/", "score": 19, "stickied": false, "subreddit_id": "t5_2vpth", "author_name": "Canticles", "author_id": "f194d", "subreddit_name": "frozen"}, {"body": "Since I'm reading a bunch of Modern AU fanfics, thanks for giving me a better insight on modern Elsa. Can anyone find modern Anna?", "created_utc": 1393552903.0, "distinguished": null, "edited": false, "id": "cfqljrf", "is_submitter": false, "link_id": "t3_1z5375", "parent_id": "t3_1z5375", "permalink": "/r/Frozen/comments/1z5375/modern_elsa/cfqljrf/", "score": 7, "stickied": false, "subreddit_id": "t5_2vpth", "author_name": "TheKing0fLimbs", "author_id": "d03e0", "subreddit_name": "frozen"}, {"body": "The OP has some decent stuff.\n-http://punziella.tumblr.com/post/77794871143/excuse-jacks-face-hes-high-also-kept", "created_utc": 1393558206.0, "distinguished": null, "edited": false, "id": "cfqnxq6", "is_submitter": false, "link_id": "t3_1z5375", "parent_id": "t3_1z5375", "permalink": "/r/Frozen/comments/1z5375/modern_elsa/cfqnxq6/", "score": 10, "stickied": false, "subreddit_id": "t5_2vpth", "author_name": "TeleVue", "author_id": "f5kuq", "subreddit_name": "frozen"}, {"body": "This and the pasta's in the past are my 2 favorite Elsa pics", "created_utc": 1393556373.0, "distinguished": null, "edited": false, "id": "cfqn4mp", "is_submitter": false, "link_id": "t3_1z5375", "parent_id": "t3_1z5375", "permalink": "/r/Frozen/comments/1z5375/modern_elsa/cfqn4mp/", "score": 6, "stickied": false, "subreddit_id": "t5_2vpth", "author_name": "ElsaTheSnowQueen", "author_id": "f84dr", "subreddit_name": "frozen"}, {"body": "Dayum", "created_utc": 1393556906.0, "distinguished": null, "edited": false, "id": "cfqnd38", "is_submitter": false, "link_id": "t3_1z5375", "parent_id": "t3_1z5375", "permalink": "/r/Frozen/comments/1z5375/modern_elsa/cfqnd38/", "score": 5, "stickied": false, "subreddit_id": "t5_2vpth", "author_name": "fratticus_maximus", "author_id": "807uj", "subreddit_name": "frozen"}, {"body": "This is gorgeous.", "created_utc": 1393561295.0, "distinguished": null, "edited": false, "id": "cfqp8e0", "is_submitter": false, "link_id": "t3_1z5375", "parent_id": "t3_1z5375", "permalink": "/r/Frozen/comments/1z5375/modern_elsa/cfqp8e0/", "score": 3, "stickied": false, "subreddit_id": "t5_2vpth", "author_name": "RKitch2112", "author_id": "etl3g", "subreddit_name": "frozen"}, {"body": "She's always so gorgeous <3", "created_utc": 1393583765.0, "distinguished": null, "edited": false, "id": "cfquoby", "is_submitter": false, "link_id": "t3_1z5375", "parent_id": "t3_1z5375", "permalink": "/r/Frozen/comments/1z5375/modern_elsa/cfquoby/", "score": 3, "stickied": false, "subreddit_id": "t5_2vpth", "author_name": null, "author_id": null, "subreddit_name": "frozen"}, {"body": "Dat neck is getting close to uncanny valley though.", "created_utc": 1393555104.0, "distinguished": null, "edited": false, "id": "cfqmjsr", "is_submitter": false, "link_id": "t3_1z5375", "parent_id": "t3_1z5375", "permalink": "/r/Frozen/comments/1z5375/modern_elsa/cfqmjsr/", "score": 3, "stickied": false, "subreddit_id": "t5_2vpth", "author_name": "Canticles", "author_id": "f194d", "subreddit_name": "frozen"}, {"body": "Tumblr can be a den of lunatics at times.", "created_utc": 1393552588.0, "distinguished": null, "edited": false, "id": "cfqlepj", "is_submitter": false, "link_id": "t3_1z5375", "parent_id": "t1_cfql7ix", "permalink": "/r/Frozen/comments/1z5375/modern_elsa/cfqlepj/", "score": 6, "stickied": false, "subreddit_id": "t5_2vpth", "author_name": "AdultSupervision", "author_id": "ej121", "subreddit_name": "frozen"}, {"body": "Link? I don't think I saw it. ", "created_utc": 1393564413.0, "distinguished": null, "edited": false, "id": "cfqqf82", "is_submitter": false, "link_id": "t3_1z5375", "parent_id": "t1_cfql7ix", "permalink": "/r/Frozen/comments/1z5375/modern_elsa/cfqqf82/", "score": 5, "stickied": false, "subreddit_id": "t5_2vpth", "author_name": "MercuryCocktail", "author_id": "7wdas", "subreddit_name": "frozen"}, {"body": "That picture is a bit extreme. ", "created_utc": 1393567898.0, "distinguished": null, "edited": false, "id": "cfqrkt0", "is_submitter": false, "link_id": "t3_1z5375", "parent_id": "t1_cfql7ix", "permalink": "/r/Frozen/comments/1z5375/modern_elsa/cfqrkt0/", "score": 3, "stickied": false, "subreddit_id": "t5_2vpth", "author_name": "TeleVue", "author_id": "f5kuq", "subreddit_name": "frozen"}, {"body": "[Here's](http://punziella.tumblr.com/tagged/why-the-hell-did-that-wip-of-elsa-get-4000-notes) the guy's blog and the post where this came from.", "created_utc": 1393570620.0, "distinguished": null, "edited": false, "id": "cfqsbyd", "is_submitter": false, "link_id": "t3_1z5375", "parent_id": "t1_cfqljrf", "permalink": "/r/Frozen/comments/1z5375/modern_elsa/cfqsbyd/", "score": 4, "stickied": false, "subreddit_id": "t5_2vpth", "author_name": "Handro3", "author_id": "7qbu8", "subreddit_name": "frozen"}, {"body": "That Rapunzel one is gorgeous.", "created_utc": 1393559533.0, "distinguished": null, "edited": false, "id": "cfqoiai", "is_submitter": false, "link_id": "t3_1z5375", "parent_id": "t1_cfqnxq6", "permalink": "/r/Frozen/comments/1z5375/modern_elsa/cfqoiai/", "score": 14, "stickied": false, "subreddit_id": "t5_2vpth", "author_name": "shmameron", "author_id": "9h46k", "subreddit_name": "frozen"}, {"body": "'can be'? You, my friend, are the king of understatement.\n\nand I include myself in that seeing as I'm on tumblr. >.>", "created_utc": 1393552838.0, "distinguished": null, "edited": false, "id": "cfqliqv", "is_submitter": true, "link_id": "t3_1z5375", "parent_id": "t1_cfqlepj", "permalink": "/r/Frozen/comments/1z5375/modern_elsa/cfqliqv/", "score": 7, "stickied": false, "subreddit_id": "t5_2vpth", "author_name": "damocles2501", "author_id": "d3wqx", "subreddit_name": "frozen"}, {"body": "~~this one http://www.reddit.com/r/Frozen/comments/1xy0mv/elsa_without_makeup/~~ \n\nedit... no wait.. that one is the 'fixed' one.. er .. this one (I can't find the post to this sub) http://jeans0924.tumblr.com/post/75301586653/elsa-with-no-make-up", "created_utc": 1393565446.0, "distinguished": null, "edited": false, "id": "cfqqsd8", "is_submitter": true, "link_id": "t3_1z5375", "parent_id": "t1_cfqqf82", "permalink": "/r/Frozen/comments/1z5375/modern_elsa/cfqqsd8/", "score": 7, "stickied": false, "subreddit_id": "t5_2vpth", "author_name": "damocles2501", "author_id": "d3wqx", "subreddit_name": "frozen"}, {"body": "I book-marked the dude's page. I'm sure he'll draw Anna next. ", "created_utc": 1393565519.0, "distinguished": null, "edited": false, "id": "cfqqt9i", "is_submitter": false, "link_id": "t3_1z5375", "parent_id": "t1_cfqoiai", "permalink": "/r/Frozen/comments/1z5375/modern_elsa/cfqqt9i/", "score": 6, "stickied": false, "subreddit_id": "t5_2vpth", "author_name": "TeleVue", "author_id": "f5kuq", "subreddit_name": "frozen"}, {"body": "Rapunzel looks eerily similar to Taylor Swift o_o", "created_utc": 1393576135.0, "distinguished": null, "edited": false, "id": "cfqtif0", "is_submitter": false, "link_id": "t3_1z5375", "parent_id": "t1_cfqoiai", "permalink": "/r/Frozen/comments/1z5375/modern_elsa/cfqtif0/", "score": 4, "stickied": false, "subreddit_id": "t5_2vpth", "author_name": "Chimon", "author_id": "640oy", "subreddit_name": "frozen"}, {"body": "LOL. Wooowwww. That's awful!\n\nThank you for linking it!!!", "created_utc": 1393566015.0, "distinguished": null, "edited": false, "id": "cfqqz7c", "is_submitter": false, "link_id": "t3_1z5375", "parent_id": "t1_cfqqsd8", "permalink": "/r/Frozen/comments/1z5375/modern_elsa/cfqqz7c/", "score": 6, "stickied": false, "subreddit_id": "t5_2vpth", "author_name": "MercuryCocktail", "author_id": "7wdas", "subreddit_name": "frozen"}, {"body": "Looks like they did. :) http://punziella.tumblr.com/post/78084780932/as-requested-modern-anna-and-elsa-c-x-x", "created_utc": 1393568789.0, "distinguished": null, "edited": false, "id": "cfqrud4", "is_submitter": true, "link_id": "t3_1z5375", "parent_id": "t1_cfqqt9i", "permalink": "/r/Frozen/comments/1z5375/modern_elsa/cfqrud4/", "score": 10, "stickied": false, "subreddit_id": "t5_2vpth", "author_name": "damocles2501", "author_id": "d3wqx", "subreddit_name": "frozen"}, {"body": "That's what I going to say!", "created_utc": 1393584380.0, "distinguished": null, "edited": false, "id": "cfqurfc", "is_submitter": false, "link_id": "t3_1z5375", "parent_id": "t1_cfqtif0", "permalink": "/r/Frozen/comments/1z5375/modern_elsa/cfqurfc/", "score": 5, "stickied": false, "subreddit_id": "t5_2vpth", "author_name": "teffhk", "author_id": "dyxc8", "subreddit_name": "frozen"}, {"body": "Post a thread about it!", "created_utc": 1393570150.0, "distinguished": null, "edited": false, "id": "cfqs7q3", "is_submitter": false, "link_id": "t3_1z5375", "parent_id": "t1_cfqrud4", "permalink": "/r/Frozen/comments/1z5375/modern_elsa/cfqs7q3/", "score": 3, "stickied": false, "subreddit_id": "t5_2vpth", "author_name": "TeleVue", "author_id": "f5kuq", "subreddit_name": "frozen"}, {"body": "But /u/Chimon didn't say sanwiches! :O", "created_utc": 1393586836.0, "distinguished": null, "edited": false, "id": "cfqv48p", "is_submitter": false, "link_id": "t3_1z5375", "parent_id": "t1_cfqurfc", "permalink": "/r/Frozen/comments/1z5375/modern_elsa/cfqv48p/", "score": 6, "stickied": false, "subreddit_id": "t5_2vpth", "author_name": null, "author_id": null, "subreddit_name": "frozen"}, {"body": "I just checked the new posts.. you already posted Modern Anna so I'll leave it be. :)", "created_utc": 1393570400.0, "distinguished": null, "edited": false, "id": "cfqs9z7", "is_submitter": true, "link_id": "t3_1z5375", "parent_id": "t1_cfqs7q3", "permalink": "/r/Frozen/comments/1z5375/modern_elsa/cfqs9z7/", "score": 3, "stickied": false, "subreddit_id": "t5_2vpth", "author_name": "damocles2501", "author_id": "d3wqx", "subreddit_name": "frozen"}, {"body": "I thought hiding it hid it from everyone. Want me to delete it so you can post it?", "created_utc": 1393570760.0, "distinguished": null, "edited": false, "id": "cfqsd6z", "is_submitter": false, "link_id": "t3_1z5375", "parent_id": "t1_cfqs9z7", "permalink": "/r/Frozen/comments/1z5375/modern_elsa/cfqsd6z/", "score": 3, "stickied": false, "subreddit_id": "t5_2vpth", "author_name": "TeleVue", "author_id": "f5kuq", "subreddit_name": "frozen"}, {"body": "No, seriously. All good.  Keep your post where it is.", "created_utc": 1393570932.0, "distinguished": null, "edited": false, "id": "cfqsenn", "is_submitter": true, "link_id": "t3_1z5375", "parent_id": "t1_cfqsd6z", "permalink": "/r/Frozen/comments/1z5375/modern_elsa/cfqsenn/", "score": 3, "stickied": false, "subreddit_id": "t5_2vpth", "author_name": "damocles2501", "author_id": "d3wqx", "subreddit_name": "frozen"}, {"body": "Well, I gave you credits. Thanks.", "created_utc": 1393570975.0, "distinguished": null, "edited": false, "id": "cfqsf1j", "is_submitter": false, "link_id": "t3_1z5375", "parent_id": "t1_cfqsenn", "permalink": "/r/Frozen/comments/1z5375/modern_elsa/cfqsf1j/", "score": 3, "stickied": false, "subreddit_id": "t5_2vpth", "author_name": "TeleVue", "author_id": "f5kuq", "subreddit_name": "frozen"}]