{"clicked": false, "created_utc": 1393551621.0, "distinguished": null, "edited": false, "id": "1z5375", "is_video": false, "locked": false, "num_comments": 26, "over_18": false, "permalink": "/r/Frozen/comments/1z5375/modern_elsa/", "score": 184, "selftext": "", "stickied": false, "subreddit_id": "t5_2vpth", "title": "Modern Elsa", "url": "http://punziella.tumblr.com/post/78016355069/elsa-without-make-up-b-i-dont-think-all-that-eye", "author_name": "damocles2501", "author_id": "d3wqx", "subreddit_name": "frozen", "upvote_ratio": 0.96}