[{"body": "The Anna one is TOO ADORABLE!!! I JUST CAN'T EAT.. WHO CAN?!", "created_utc": 1393867899.0, "distinguished": null, "edited": false, "id": "cftbt2j", "is_submitter": true, "link_id": "t3_1zg4le", "parent_id": "t3_1zg4le", "permalink": "/r/Frozen/comments/1zg4le/frozen_cupcakes_at_the_disney_animation_studio/cftbt2j/", "score": 10, "stickied": false, "subreddit_id": "t5_2vpth", "author_name": "teffhk", "author_id": "dyxc8", "subreddit_name": "frozen"}, {"body": "WOW.. those toppers are incredible.\n\nI don't think I could eat them.. would have to like shellac them to keep them forever.", "created_utc": 1393868029.0, "distinguished": null, "edited": false, "id": "cftbv8u", "is_submitter": false, "link_id": "t3_1zg4le", "parent_id": "t3_1zg4le", "permalink": "/r/Frozen/comments/1zg4le/frozen_cupcakes_at_the_disney_animation_studio/cftbv8u/", "score": 6, "stickied": false, "subreddit_id": "t5_2vpth", "author_name": "gdkitty", "author_id": "8payt", "subreddit_name": "frozen"}, {"body": "how you can eat them? from the head? ooooh the horroor.. ", "created_utc": 1393868930.0, "distinguished": null, "edited": false, "id": "cftcb1m", "is_submitter": false, "link_id": "t3_1zg4le", "parent_id": "t3_1zg4le", "permalink": "/r/Frozen/comments/1zg4le/frozen_cupcakes_at_the_disney_animation_studio/cftcb1m/", "score": 4, "stickied": false, "subreddit_id": "t5_2vpth", "author_name": "simien05", "author_id": "d9qj1", "subreddit_name": "frozen"}, {"body": "These look better than the dolls Disney has come out with.", "created_utc": 1393869207.0, "distinguished": null, "edited": false, "id": "cftcfvh", "is_submitter": false, "link_id": "t3_1zg4le", "parent_id": "t3_1zg4le", "permalink": "/r/Frozen/comments/1zg4le/frozen_cupcakes_at_the_disney_animation_studio/cftcfvh/", "score": 4, "stickied": false, "subreddit_id": "t5_2vpth", "author_name": "HamTake", "author_id": "al6pn", "subreddit_name": "frozen"}, {"body": "Geesh,Disney,would it have kill you to mail a couple of those to the r/Frozen members? You got moneys! ", "created_utc": 1393869800.0, "distinguished": null, "edited": false, "id": "cftcq9t", "is_submitter": false, "link_id": "t3_1zg4le", "parent_id": "t3_1zg4le", "permalink": "/r/Frozen/comments/1zg4le/frozen_cupcakes_at_the_disney_animation_studio/cftcq9t/", "score": 3, "stickied": false, "subreddit_id": "t5_2vpth", "author_name": "Guild_Navigator", "author_id": "6v5xw", "subreddit_name": "frozen"}, {"body": "\"She's like a little cupcake !\"", "created_utc": 1393892757.0, "distinguished": null, "edited": false, "id": "cftnsqg", "is_submitter": false, "link_id": "t3_1zg4le", "parent_id": "t3_1zg4le", "permalink": "/r/Frozen/comments/1zg4le/frozen_cupcakes_at_the_disney_animation_studio/cftnsqg/", "score": 3, "stickied": false, "subreddit_id": "t5_2vpth", "author_name": "Powy", "author_id": "a869q", "subreddit_name": "frozen"}, {"body": "They look amazing. I'd like them in a more solid non-perishable form.", "created_utc": 1393868572.0, "distinguished": null, "edited": false, "id": "cftc4nh", "is_submitter": false, "link_id": "t3_1zg4le", "parent_id": "t3_1zg4le", "permalink": "/r/Frozen/comments/1zg4le/frozen_cupcakes_at_the_disney_animation_studio/cftc4nh/", "score": 2, "stickied": false, "subreddit_id": "t5_2vpth", "author_name": "Portgas", "author_id": "7kc75", "subreddit_name": "frozen"}, {"body": "....I want the whole set. :3\n\nAnd I just had visions of armies of annas", "created_utc": 1393878643.0, "distinguished": null, "edited": false, "id": "cfth23r", "is_submitter": false, "link_id": "t3_1zg4le", "parent_id": "t3_1zg4le", "permalink": "/r/Frozen/comments/1zg4le/frozen_cupcakes_at_the_disney_animation_studio/cfth23r/", "score": 2, "stickied": false, "subreddit_id": "t5_2vpth", "author_name": "damocles2501", "author_id": "d3wqx", "subreddit_name": "frozen"}, {"body": "Cupcake Anna: \"I can't feel my hands! I can't feel my hands!\"\nCupcake Elsa: \"Anna, we don't have HANS here..\"", "created_utc": 1393900102.0, "distinguished": null, "edited": false, "id": "cftr6x5", "is_submitter": true, "link_id": "t3_1zg4le", "parent_id": "t3_1zg4le", "permalink": "/r/Frozen/comments/1zg4le/frozen_cupcakes_at_the_disney_animation_studio/cftr6x5/", "score": 1, "stickied": false, "subreddit_id": "t5_2vpth", "author_name": "teffhk", "author_id": "dyxc8", "subreddit_name": "frozen"}, {"body": "Everybody calm down and listen! All Anna cupcakes are mine! DONT TOUCH HER!", "created_utc": 1393939709.0, "distinguished": null, "edited": false, "id": "cfu1zjf", "is_submitter": false, "link_id": "t3_1zg4le", "parent_id": "t3_1zg4le", "permalink": "/r/Frozen/comments/1zg4le/frozen_cupcakes_at_the_disney_animation_studio/cfu1zjf/", "score": 1, "stickied": false, "subreddit_id": "t5_2vpth", "author_name": "tony18mo", "author_id": "6aprs", "subreddit_name": "frozen"}, {"body": "http://i.imgur.com/fhenvyM.jpg", "created_utc": 1393884883.0, "distinguished": null, "edited": false, "id": "cftk66c", "is_submitter": false, "link_id": "t3_1zg4le", "parent_id": "t1_cftbt2j", "permalink": "/r/Frozen/comments/1zg4le/frozen_cupcakes_at_the_disney_animation_studio/cftk66c/", "score": 3, "stickied": false, "subreddit_id": "t5_2vpth", "author_name": "boomerangotan", "author_id": "3r350", "subreddit_name": "frozen"}, {"body": "I love that they kept the streak of white hair on her.", "created_utc": 1393878845.0, "distinguished": null, "edited": false, "id": "cfth5qt", "is_submitter": false, "link_id": "t3_1zg4le", "parent_id": "t1_cftbt2j", "permalink": "/r/Frozen/comments/1zg4le/frozen_cupcakes_at_the_disney_animation_studio/cfth5qt/", "score": 2, "stickied": false, "subreddit_id": "t5_2vpth", "author_name": "hchw", "author_id": "f5jyf", "subreddit_name": "frozen"}, {"body": "I CAN\n\nI MUST INGEST ALL THE ADORABLE", "created_utc": 1393880656.0, "distinguished": null, "edited": false, "id": "cfti2nx", "is_submitter": false, "link_id": "t3_1zg4le", "parent_id": "t1_cftbt2j", "permalink": "/r/Frozen/comments/1zg4le/frozen_cupcakes_at_the_disney_animation_studio/cfti2nx/", "score": 2, "stickied": false, "subreddit_id": "t5_2vpth", "author_name": "loopuleasa", "author_id": "4josc", "subreddit_name": "frozen"}, {"body": "Yeah, I'd never be able to, haha. ", "created_utc": 1393869353.0, "distinguished": null, "edited": false, "id": "cftcifr", "is_submitter": false, "link_id": "t3_1zg4le", "parent_id": "t1_cftbt2j", "permalink": "/r/Frozen/comments/1zg4le/frozen_cupcakes_at_the_disney_animation_studio/cftcifr/", "score": 1, "stickied": false, "subreddit_id": "t5_2vpth", "author_name": "chzrm3", "author_id": "djsw3", "subreddit_name": "frozen"}, {"body": "LOL.. I could see me doing that though.. bite 1/2 of the top of ones head off.. and have them talking to each other \"I only asked for a little off the top!\"", "created_utc": 1393869258.0, "distinguished": null, "edited": false, "id": "cftcgpz", "is_submitter": false, "link_id": "t3_1zg4le", "parent_id": "t1_cftcb1m", "permalink": "/r/Frozen/comments/1zg4le/frozen_cupcakes_at_the_disney_animation_studio/cftcgpz/", "score": 9, "stickied": false, "subreddit_id": "t5_2vpth", "author_name": "gdkitty", "author_id": "8payt", "subreddit_name": "frozen"}, {"body": "Big toppers like that are usually just decoration. Honestly they might not even be edible (hard to tell from the picture), so you'd just take the character off and eat the yummy cupcake, save the topper if it's not edible, otherwise in the trash it goes. Would you really want to eat a giant blob of fondant or whatever else was used to make something that detailed? (It's not tasty usually, unless they went with chocolate molds)", "created_utc": 1393870949.0, "distinguished": null, "edited": false, "id": "cftd9yu", "is_submitter": false, "link_id": "t3_1zg4le", "parent_id": "t1_cftcb1m", "permalink": "/r/Frozen/comments/1zg4le/frozen_cupcakes_at_the_disney_animation_studio/cftd9yu/", "score": 2, "stickied": false, "subreddit_id": "t5_2vpth", "author_name": "maladroitent", "author_id": "ajk0z", "subreddit_name": "frozen"}, {"body": "streak of vanilla*", "created_utc": 1393880669.0, "distinguished": null, "edited": false, "id": "cfti2vo", "is_submitter": false, "link_id": "t3_1zg4le", "parent_id": "t1_cfth5qt", "permalink": "/r/Frozen/comments/1zg4le/frozen_cupcakes_at_the_disney_animation_studio/cfti2vo/", "score": 2, "stickied": false, "subreddit_id": "t5_2vpth", "author_name": "loopuleasa", "author_id": "4josc", "subreddit_name": "frozen"}, {"body": "... will that make you more adorable? ", "created_utc": 1393892559.0, "distinguished": null, "edited": false, "id": "cftnpks", "is_submitter": true, "link_id": "t3_1zg4le", "parent_id": "t1_cfti2nx", "permalink": "/r/Frozen/comments/1zg4le/frozen_cupcakes_at_the_disney_animation_studio/cftnpks/", "score": 2, "stickied": false, "subreddit_id": "t5_2vpth", "author_name": "teffhk", "author_id": "dyxc8", "subreddit_name": "frozen"}, {"body": "*moving away from you very slowly....\n\nsooo I have to go.... ", "created_utc": 1393870179.0, "distinguished": null, "edited": false, "id": "cftcwry", "is_submitter": false, "link_id": "t3_1zg4le", "parent_id": "t1_cftcgpz", "permalink": "/r/Frozen/comments/1zg4le/frozen_cupcakes_at_the_disney_animation_studio/cftcwry/", "score": 7, "stickied": false, "subreddit_id": "t5_2vpth", "author_name": "simien05", "author_id": "d9qj1", "subreddit_name": "frozen"}, {"body": "The text below the picture, does say that they are COMPLETELY edible... so would assume that meant the toppers.\n\nI am weird though.. I like the taste of fondant >.>\n", "created_utc": 1393872626.0, "distinguished": null, "edited": false, "id": "cfte33k", "is_submitter": false, "link_id": "t3_1zg4le", "parent_id": "t1_cftd9yu", "permalink": "/r/Frozen/comments/1zg4le/frozen_cupcakes_at_the_disney_animation_studio/cfte33k/", "score": 2, "stickied": false, "subreddit_id": "t5_2vpth", "author_name": "gdkitty", "author_id": "8payt", "subreddit_name": "frozen"}, {"body": ":(\n\nBut zombie Anna and Elsa cupcakes love you!", "created_utc": 1393870317.0, "distinguished": null, "edited": false, "id": "cftcz72", "is_submitter": false, "link_id": "t3_1zg4le", "parent_id": "t1_cftcwry", "permalink": "/r/Frozen/comments/1zg4le/frozen_cupcakes_at_the_disney_animation_studio/cftcz72/", "score": 3, "stickied": false, "subreddit_id": "t5_2vpth", "author_name": "gdkitty", "author_id": "8payt", "subreddit_name": "frozen"}, {"body": "Psst... I'll distract him while you run", "created_utc": 1393898290.0, "distinguished": null, "edited": false, "id": "cftqcjd", "is_submitter": false, "link_id": "t3_1zg4le", "parent_id": "t1_cftcwry", "permalink": "/r/Frozen/comments/1zg4le/frozen_cupcakes_at_the_disney_animation_studio/cftqcjd/", "score": 2, "stickied": false, "subreddit_id": "t5_2vpth", "author_name": "Roxioz", "author_id": "f6z4v", "subreddit_name": "frozen"}, {"body": "Ah I was using RES instead of going to the page, laziness makes me a fool at times. I've heard some like fondant, but from my experience I wouldn't want to eat that large amount at once, a thin layer around cake is alright though.", "created_utc": 1393872835.0, "distinguished": null, "edited": false, "id": "cfte6w0", "is_submitter": false, "link_id": "t3_1zg4le", "parent_id": "t1_cfte33k", "permalink": "/r/Frozen/comments/1zg4le/frozen_cupcakes_at_the_disney_animation_studio/cfte6w0/", "score": 2, "stickied": false, "subreddit_id": "t5_2vpth", "author_name": "maladroitent", "author_id": "ajk0z", "subreddit_name": "frozen"}, {"body": "Yeah, probably would be overkill.\nThough.. it could me modeling chocolate too :)", "created_utc": 1393873278.0, "distinguished": null, "edited": false, "id": "cfteeoe", "is_submitter": false, "link_id": "t3_1zg4le", "parent_id": "t1_cfte6w0", "permalink": "/r/Frozen/comments/1zg4le/frozen_cupcakes_at_the_disney_animation_studio/cfteeoe/", "score": 4, "stickied": false, "subreddit_id": "t5_2vpth", "author_name": "gdkitty", "author_id": "8payt", "subreddit_name": "frozen"}]