{"clicked": false, "created_utc": 1393867778.0, "distinguished": null, "edited": false, "id": "1zg4le", "is_video": false, "locked": false, "num_comments": 24, "over_18": false, "permalink": "/r/Frozen/comments/1zg4le/frozen_cupcakes_at_the_disney_animation_studio/", "score": 164, "selftext": "", "stickied": false, "subreddit_id": "t5_2vpth", "title": "Frozen Cupcakes at the Disney Animation Studio Oscar party", "url": "http://pbcbstudios.tumblr.com/post/78414947840/photo-of-the-amazing-cupcakes-at-the-disney", "author_name": "teffhk", "author_id": "dyxc8", "subreddit_name": "frozen", "upvote_ratio": 0.99}