[{"body": "[deleted]", "created_utc": 1393910994.0, "distinguished": null, "edited": false, "id": "cftw2tm", "is_submitter": false, "link_id": "t3_1zi4ot", "parent_id": "t3_1zi4ot", "permalink": "/r/Frozen/comments/1zi4ot/idina_menzel_sings_let_it_go_with_jimmy_fallon/cftw2tm/", "score": 56, "stickied": false, "subreddit_id": "t5_2vpth", "author_name": null, "author_id": null, "subreddit_name": "frozen"}, {"body": "!!!\n\n\nForget the Oscar performance, everyone. THIS is the performance you should see. Fuck the Oscars for shortening the song and upping the tempo.", "created_utc": 1393909629.0, "distinguished": null, "edited": false, "id": "cftvkdc", "is_submitter": false, "link_id": "t3_1zi4ot", "parent_id": "t3_1zi4ot", "permalink": "/r/Frozen/comments/1zi4ot/idina_menzel_sings_let_it_go_with_jimmy_fallon/cftvkdc/", "score": 153, "stickied": false, "subreddit_id": "t5_2vpth", "author_name": "drunkcersei", "author_id": "8xy4g", "subreddit_name": "frozen"}, {"body": "~~\"This video is private.\"~~ It works now.\n\n\nAnyway, I saw it on TV and really liked this performance.  She seemed much more comfortable than she did at the Oscars.", "created_utc": 1393909194.0, "distinguished": null, "edited": 1393909977.0, "id": "cftve4d", "is_submitter": false, "link_id": "t3_1zi4ot", "parent_id": "t3_1zi4ot", "permalink": "/r/Frozen/comments/1zi4ot/idina_menzel_sings_let_it_go_with_jimmy_fallon/cftve4d/", "score": 40, "stickied": false, "subreddit_id": "t5_2vpth", "author_name": "Oneironaut2", "author_id": "4xs2w", "subreddit_name": "frozen"}, {"body": "Also the blocks Jimmy is holding spells out Let it Go. Just saying this if you guys didn't know.", "created_utc": 1393918178.0, "distinguished": null, "edited": false, "id": "cfty74i", "is_submitter": true, "link_id": "t3_1zi4ot", "parent_id": "t3_1zi4ot", "permalink": "/r/Frozen/comments/1zi4ot/idina_menzel_sings_let_it_go_with_jimmy_fallon/cfty74i/", "score": 36, "stickied": false, "subreddit_id": "t5_2vpth", "author_name": "Frankmer9", "author_id": "77bx6", "subreddit_name": "frozen"}, {"body": "[deleted]", "created_utc": 1393915138.0, "distinguished": null, "edited": 1393920158.0, "id": "cftxewd", "is_submitter": false, "link_id": "t3_1zi4ot", "parent_id": "t3_1zi4ot", "permalink": "/r/Frozen/comments/1zi4ot/idina_menzel_sings_let_it_go_with_jimmy_fallon/cftxewd/", "score": 29, "stickied": false, "subreddit_id": "t5_2vpth", "author_name": null, "author_id": null, "subreddit_name": "frozen"}, {"body": "Suck it Oscars.", "created_utc": 1393914654.0, "distinguished": null, "edited": false, "id": "cftx9xq", "is_submitter": false, "link_id": "t3_1zi4ot", "parent_id": "t3_1zi4ot", "permalink": "/r/Frozen/comments/1zi4ot/idina_menzel_sings_let_it_go_with_jimmy_fallon/cftx9xq/", "score": 27, "stickied": false, "subreddit_id": "t5_2vpth", "author_name": "masterchiefs", "author_id": "9zt4t", "subreddit_name": "frozen"}, {"body": "If that's a raw recording then that's really good, although it sounds much more nasally than in the film.", "created_utc": 1393911507.0, "distinguished": null, "edited": false, "id": "cftw9ei", "is_submitter": false, "link_id": "t3_1zi4ot", "parent_id": "t3_1zi4ot", "permalink": "/r/Frozen/comments/1zi4ot/idina_menzel_sings_let_it_go_with_jimmy_fallon/cftw9ei/", "score": 24, "stickied": false, "subreddit_id": "t5_2vpth", "author_name": "Joshpho", "author_id": "50920", "subreddit_name": "frozen"}, {"body": "It was fabulous.  She is adorable.\n\nAnd, I want to hang out with Jimmy Falllon.  He makes everything fun and interesting.", "created_utc": 1393911596.0, "distinguished": null, "edited": false, "id": "cftwaiq", "is_submitter": false, "link_id": "t3_1zi4ot", "parent_id": "t3_1zi4ot", "permalink": "/r/Frozen/comments/1zi4ot/idina_menzel_sings_let_it_go_with_jimmy_fallon/cftwaiq/", "score": 15, "stickied": false, "subreddit_id": "t5_2vpth", "author_name": "reallyjay", "author_id": "44bn2", "subreddit_name": "frozen"}, {"body": "if anyone actually cares, this version is a SLOWER tempo than the recording in the movie. the orchestra at the oscars played it at the ORIGINAL tempo.\n\nthis is a really fun video and version of the song, but i'm really not ok with people going after the orchestra for all the mistakes. she has more control over her voice in this version and is relaxed, which means her throat isn't straining.", "created_utc": 1393948846.0, "distinguished": null, "edited": false, "id": "cfu4zvl", "is_submitter": false, "link_id": "t3_1zi4ot", "parent_id": "t3_1zi4ot", "permalink": "/r/Frozen/comments/1zi4ot/idina_menzel_sings_let_it_go_with_jimmy_fallon/cfu4zvl/", "score": 13, "stickied": false, "subreddit_id": "t5_2vpth", "author_name": null, "author_id": null, "subreddit_name": "frozen"}, {"body": "This is Ahhhmmaazzzing!! No, really, this makes up for the shortened Oscar version. I'm so happy for Indina! :D", "created_utc": 1393916099.0, "distinguished": null, "edited": false, "id": "cftxoa4", "is_submitter": false, "link_id": "t3_1zi4ot", "parent_id": "t3_1zi4ot", "permalink": "/r/Frozen/comments/1zi4ot/idina_menzel_sings_let_it_go_with_jimmy_fallon/cftxoa4/", "score": 8, "stickied": false, "subreddit_id": "t5_2vpth", "author_name": "HamTake", "author_id": "al6pn", "subreddit_name": "frozen"}, {"body": "Ummmmmm holy crap that was incredible!\n\nAlso I love how she shifts her jaw at times. I do the same thing when I speak sometimes and am glad to see even the best singers do it too.", "created_utc": 1393911419.0, "distinguished": null, "edited": false, "id": "cftw89y", "is_submitter": false, "link_id": "t3_1zi4ot", "parent_id": "t3_1zi4ot", "permalink": "/r/Frozen/comments/1zi4ot/idina_menzel_sings_let_it_go_with_jimmy_fallon/cftw89y/", "score": 15, "stickied": false, "subreddit_id": "t5_2vpth", "author_name": "PSUProud", "author_id": "67jk5", "subreddit_name": "frozen"}, {"body": "Once she got to the heart of the song and, ahem, let it go, I was blown away. \n\nEdit: now that I've had time to really examine this version, my conclusion is Idina is a perfectionist. She knows she can sing but wants every single note to be perfect. ", "created_utc": 1393912388.0, "distinguished": null, "edited": 1393918421.0, "id": "cftwk5b", "is_submitter": false, "link_id": "t3_1zi4ot", "parent_id": "t3_1zi4ot", "permalink": "/r/Frozen/comments/1zi4ot/idina_menzel_sings_let_it_go_with_jimmy_fallon/cftwk5b/", "score": 18, "stickied": false, "subreddit_id": "t5_2vpth", "author_name": "Gladness2Sadness", "author_id": "b84k6", "subreddit_name": "frozen"}, {"body": "Yay..She's having fun! Really happy Jimmy Fallon and The Roots letting Idina enjoy herself while singing and not feel nervous or anything like that. :D ", "created_utc": 1393914566.0, "distinguished": null, "edited": false, "id": "cftx8y6", "is_submitter": false, "link_id": "t3_1zi4ot", "parent_id": "t3_1zi4ot", "permalink": "/r/Frozen/comments/1zi4ot/idina_menzel_sings_let_it_go_with_jimmy_fallon/cftx8y6/", "score": 8, "stickied": false, "subreddit_id": "t5_2vpth", "author_name": "SailorNova", "author_id": "aiysu", "subreddit_name": "frozen"}, {"body": "She pulled the high E very well!!! ", "created_utc": 1393911243.0, "distinguished": null, "edited": false, "id": "cftw63e", "is_submitter": false, "link_id": "t3_1zi4ot", "parent_id": "t3_1zi4ot", "permalink": "/r/Frozen/comments/1zi4ot/idina_menzel_sings_let_it_go_with_jimmy_fallon/cftw63e/", "score": 14, "stickied": false, "subreddit_id": "t5_2vpth", "author_name": "TeleVue", "author_id": "f5kuq", "subreddit_name": "frozen"}, {"body": "That was fantastic.", "created_utc": 1393911540.0, "distinguished": null, "edited": false, "id": "cftw9sk", "is_submitter": false, "link_id": "t3_1zi4ot", "parent_id": "t3_1zi4ot", "permalink": "/r/Frozen/comments/1zi4ot/idina_menzel_sings_let_it_go_with_jimmy_fallon/cftw9sk/", "score": 8, "stickied": false, "subreddit_id": "t5_2vpth", "author_name": "leafshino", "author_id": "bjmsp", "subreddit_name": "frozen"}, {"body": "I actually couldn't help smiling while I watched it, because they all looked like they were having so much fun!  Loved it.", "created_utc": 1393916461.0, "distinguished": null, "edited": false, "id": "cftxrr3", "is_submitter": false, "link_id": "t3_1zi4ot", "parent_id": "t3_1zi4ot", "permalink": "/r/Frozen/comments/1zi4ot/idina_menzel_sings_let_it_go_with_jimmy_fallon/cftxrr3/", "score": 8, "stickied": false, "subreddit_id": "t5_2vpth", "author_name": null, "author_id": null, "subreddit_name": "frozen"}, {"body": "This may be my favorite rendition. What she can do with her voice is amazing. She hits that E perfect while sitting!! Amazing.", "created_utc": 1393911616.0, "distinguished": null, "edited": false, "id": "cftwarc", "is_submitter": false, "link_id": "t3_1zi4ot", "parent_id": "t3_1zi4ot", "permalink": "/r/Frozen/comments/1zi4ot/idina_menzel_sings_let_it_go_with_jimmy_fallon/cftwarc/", "score": 12, "stickied": false, "subreddit_id": "t5_2vpth", "author_name": "calbelam", "author_id": "9ttzp", "subreddit_name": "frozen"}, {"body": "http://www.nbc.com/the-tonight-show/segments/1996\n\nworking link!", "created_utc": 1393909585.0, "distinguished": null, "edited": false, "id": "cftvjqx", "is_submitter": false, "link_id": "t3_1zi4ot", "parent_id": "t3_1zi4ot", "permalink": "/r/Frozen/comments/1zi4ot/idina_menzel_sings_let_it_go_with_jimmy_fallon/cftvjqx/", "score": 5, "stickied": false, "subreddit_id": "t5_2vpth", "author_name": "joelicious5000", "author_id": "66op1", "subreddit_name": "frozen"}, {"body": "This is very good!", "created_utc": 1393911549.0, "distinguished": null, "edited": false, "id": "cftw9x0", "is_submitter": false, "link_id": "t3_1zi4ot", "parent_id": "t3_1zi4ot", "permalink": "/r/Frozen/comments/1zi4ot/idina_menzel_sings_let_it_go_with_jimmy_fallon/cftw9x0/", "score": 5, "stickied": false, "subreddit_id": "t5_2vpth", "author_name": "XLightThief", "author_id": "5o80b", "subreddit_name": "frozen"}, {"body": "Omg I love Jimmy Fallon!!! I love you Idinaaa!", "created_utc": 1393913098.0, "distinguished": null, "edited": false, "id": "cftwsin", "is_submitter": false, "link_id": "t3_1zi4ot", "parent_id": "t3_1zi4ot", "permalink": "/r/Frozen/comments/1zi4ot/idina_menzel_sings_let_it_go_with_jimmy_fallon/cftwsin/", "score": 10, "stickied": false, "subreddit_id": "t5_2vpth", "author_name": "lazybutter", "author_id": "73zbx", "subreddit_name": "frozen"}, {"body": "much better than the oscars performance", "created_utc": 1393914112.0, "distinguished": null, "edited": false, "id": "cftx3yq", "is_submitter": false, "link_id": "t3_1zi4ot", "parent_id": "t3_1zi4ot", "permalink": "/r/Frozen/comments/1zi4ot/idina_menzel_sings_let_it_go_with_jimmy_fallon/cftx3yq/", "score": 6, "stickied": false, "subreddit_id": "t5_2vpth", "author_name": "ilovezam", "author_id": "b3siu", "subreddit_name": "frozen"}, {"body": "This is amazing!", "created_utc": 1393917459.0, "distinguished": null, "edited": false, "id": "cfty0sv", "is_submitter": false, "link_id": "t3_1zi4ot", "parent_id": "t3_1zi4ot", "permalink": "/r/Frozen/comments/1zi4ot/idina_menzel_sings_let_it_go_with_jimmy_fallon/cfty0sv/", "score": 4, "stickied": false, "subreddit_id": "t5_2vpth", "author_name": "Eriflee", "author_id": "8n6qs", "subreddit_name": "frozen"}, {"body": "That was freaking awesome. Idina Menzel looked like she was having a blast, and her singing was absolutely terrific here. \n\nMajor kudos to Jimmy Fallon and The Roots for inviting her on the show to do this - it was a brilliant idea, and it sure paid off in spectacular fashion. ", "created_utc": 1393954932.0, "distinguished": null, "edited": false, "id": "cfu7p97", "is_submitter": false, "link_id": "t3_1zi4ot", "parent_id": "t3_1zi4ot", "permalink": "/r/Frozen/comments/1zi4ot/idina_menzel_sings_let_it_go_with_jimmy_fallon/cfu7p97/", "score": 5, "stickied": false, "subreddit_id": "t5_2vpth", "author_name": "NeilPoonHandler", "author_id": "58fox", "subreddit_name": "frozen"}, {"body": "I like at 1:30 when she goes to sing but realizes they aren't rushing her and doing the full song. Amazing version, watched almost a dozen times already.", "created_utc": 1393961508.0, "distinguished": null, "edited": false, "id": "cfuaxdz", "is_submitter": false, "link_id": "t3_1zi4ot", "parent_id": "t3_1zi4ot", "permalink": "/r/Frozen/comments/1zi4ot/idina_menzel_sings_let_it_go_with_jimmy_fallon/cfuaxdz/", "score": 5, "stickied": false, "subreddit_id": "t5_2vpth", "author_name": "GrahamMc", "author_id": "6nyuh", "subreddit_name": "frozen"}, {"body": "The hits just keep on coming!", "created_utc": 1393915794.0, "distinguished": null, "edited": false, "id": "cftxld1", "is_submitter": false, "link_id": "t3_1zi4ot", "parent_id": "t3_1zi4ot", "permalink": "/r/Frozen/comments/1zi4ot/idina_menzel_sings_let_it_go_with_jimmy_fallon/cftxld1/", "score": 3, "stickied": false, "subreddit_id": "t5_2vpth", "author_name": null, "author_id": null, "subreddit_name": "frozen"}, {"body": "Very adorable performance :)", "created_utc": 1393927851.0, "distinguished": null, "edited": false, "id": "cftzy8r", "is_submitter": false, "link_id": "t3_1zi4ot", "parent_id": "t3_1zi4ot", "permalink": "/r/Frozen/comments/1zi4ot/idina_menzel_sings_let_it_go_with_jimmy_fallon/cftzy8r/", "score": 3, "stickied": false, "subreddit_id": "t5_2vpth", "author_name": "Portgas", "author_id": "7kc75", "subreddit_name": "frozen"}, {"body": "I thought this was really fantastic, so much fun and Jimmy keeps gets awesome points ", "created_utc": 1393934649.0, "distinguished": null, "edited": false, "id": "cfu0yxg", "is_submitter": false, "link_id": "t3_1zi4ot", "parent_id": "t3_1zi4ot", "permalink": "/r/Frozen/comments/1zi4ot/idina_menzel_sings_let_it_go_with_jimmy_fallon/cfu0yxg/", "score": 3, "stickied": false, "subreddit_id": "t5_2vpth", "author_name": "redphen", "author_id": "5wbon", "subreddit_name": "frozen"}, {"body": "Much better, she seemed much happier. Not to mention she was announced by the right name.....", "created_utc": 1393937432.0, "distinguished": null, "edited": false, "id": "cfu1hix", "is_submitter": false, "link_id": "t3_1zi4ot", "parent_id": "t3_1zi4ot", "permalink": "/r/Frozen/comments/1zi4ot/idina_menzel_sings_let_it_go_with_jimmy_fallon/cfu1hix/", "score": 3, "stickied": false, "subreddit_id": "t5_2vpth", "author_name": "thewookie5", "author_id": "exaxw", "subreddit_name": "frozen"}, {"body": "I love Questlove giving her the cue and her giggle after his nod.", "created_utc": 1393946573.0, "distinguished": null, "edited": false, "id": "cfu43ut", "is_submitter": false, "link_id": "t3_1zi4ot", "parent_id": "t3_1zi4ot", "permalink": "/r/Frozen/comments/1zi4ot/idina_menzel_sings_let_it_go_with_jimmy_fallon/cfu43ut/", "score": 3, "stickied": false, "subreddit_id": "t5_2vpth", "author_name": "zowievicious", "author_id": "55uzw", "subreddit_name": "frozen"}, {"body": "Love this version, loved the cheers of the audience and how much fun everyone is having... plus, that note at the end was beautiful! Wish the Oscars could have been like this...\n\nFunny how she smiles when she sings \"queen.\" She did the same for the singalong.\n\n", "created_utc": 1393949913.0, "distinguished": null, "edited": false, "id": "cfu5fqo", "is_submitter": false, "link_id": "t3_1zi4ot", "parent_id": "t3_1zi4ot", "permalink": "/r/Frozen/comments/1zi4ot/idina_menzel_sings_let_it_go_with_jimmy_fallon/cfu5fqo/", "score": 3, "stickied": false, "subreddit_id": "t5_2vpth", "author_name": "AlixEcho", "author_id": "ajekd", "subreddit_name": "frozen"}, {"body": "Still better than Demi Lovato version!", "created_utc": 1393952750.0, "distinguished": null, "edited": false, "id": "cfu6ofw", "is_submitter": false, "link_id": "t3_1zi4ot", "parent_id": "t3_1zi4ot", "permalink": "/r/Frozen/comments/1zi4ot/idina_menzel_sings_let_it_go_with_jimmy_fallon/cfu6ofw/", "score": 3, "stickied": false, "subreddit_id": "t5_2vpth", "author_name": "Late_Commenter", "author_id": "44lb7", "subreddit_name": "frozen"}, {"body": "This is freaking awesome!", "created_utc": 1393957382.0, "distinguished": null, "edited": false, "id": "cfu8vqf", "is_submitter": false, "link_id": "t3_1zi4ot", "parent_id": "t3_1zi4ot", "permalink": "/r/Frozen/comments/1zi4ot/idina_menzel_sings_let_it_go_with_jimmy_fallon/cfu8vqf/", "score": 3, "stickied": false, "subreddit_id": "t5_2vpth", "author_name": "BoxMonster44", "author_id": "4zr8u", "subreddit_name": "frozen"}, {"body": "Yay! Idina's redemption! I could not help but smile throughout the whole video x)", "created_utc": 1393916130.0, "distinguished": null, "edited": false, "id": "cftxolm", "is_submitter": false, "link_id": "t3_1zi4ot", "parent_id": "t3_1zi4ot", "permalink": "/r/Frozen/comments/1zi4ot/idina_menzel_sings_let_it_go_with_jimmy_fallon/cftxolm/", "score": 4, "stickied": false, "subreddit_id": "t5_2vpth", "author_name": "FireShockerDX", "author_id": "byo75", "subreddit_name": "frozen"}, {"body": "Awesome! Love the the impromptu-ness of it. OMG,dat ending!\n\n Screw the Oscars,I'll take THIS version any day. Shame I didn't watch it live,\n\n ", "created_utc": 1393920615.0, "distinguished": null, "edited": 1393923061.0, "id": "cftyqd0", "is_submitter": false, "link_id": "t3_1zi4ot", "parent_id": "t3_1zi4ot", "permalink": "/r/Frozen/comments/1zi4ot/idina_menzel_sings_let_it_go_with_jimmy_fallon/cftyqd0/", "score": 4, "stickied": false, "subreddit_id": "t5_2vpth", "author_name": "Guild_Navigator", "author_id": "6v5xw", "subreddit_name": "frozen"}, {"body": "YAY that was awesome.", "created_utc": 1393939722.0, "distinguished": null, "edited": false, "id": "cfu1zo0", "is_submitter": false, "link_id": "t3_1zi4ot", "parent_id": "t3_1zi4ot", "permalink": "/r/Frozen/comments/1zi4ot/idina_menzel_sings_let_it_go_with_jimmy_fallon/cfu1zo0/", "score": 2, "stickied": false, "subreddit_id": "t5_2vpth", "author_name": null, "author_id": null, "subreddit_name": "frozen"}, {"body": "This is adorable!", "created_utc": 1393949432.0, "distinguished": null, "edited": false, "id": "cfu58hs", "is_submitter": false, "link_id": "t3_1zi4ot", "parent_id": "t3_1zi4ot", "permalink": "/r/Frozen/comments/1zi4ot/idina_menzel_sings_let_it_go_with_jimmy_fallon/cfu58hs/", "score": 2, "stickied": false, "subreddit_id": "t5_2vpth", "author_name": "Miqote", "author_id": "d1u5x", "subreddit_name": "frozen"}, {"body": "Idina showing off all the Broadway inside of her.\n\nThis performance is just breathtaking. Love it.", "created_utc": 1393962369.0, "distinguished": null, "edited": false, "id": "cfubcu7", "is_submitter": false, "link_id": "t3_1zi4ot", "parent_id": "t3_1zi4ot", "permalink": "/r/Frozen/comments/1zi4ot/idina_menzel_sings_let_it_go_with_jimmy_fallon/cfubcu7/", "score": 2, "stickied": false, "subreddit_id": "t5_2vpth", "author_name": "The_Inverted", "author_id": "b6owo", "subreddit_name": "frozen"}, {"body": "Saving please ignore", "created_utc": 1393985879.0, "distinguished": null, "edited": false, "id": "cfumnp7", "is_submitter": false, "link_id": "t3_1zi4ot", "parent_id": "t3_1zi4ot", "permalink": "/r/Frozen/comments/1zi4ot/idina_menzel_sings_let_it_go_with_jimmy_fallon/cfumnp7/", "score": 2, "stickied": false, "subreddit_id": "t5_2vpth", "author_name": "foan", "author_id": "6ppql", "subreddit_name": "frozen"}, {"body": "Amazing.", "created_utc": 1393991389.0, "distinguished": null, "edited": false, "id": "cfup7b8", "is_submitter": false, "link_id": "t3_1zi4ot", "parent_id": "t3_1zi4ot", "permalink": "/r/Frozen/comments/1zi4ot/idina_menzel_sings_let_it_go_with_jimmy_fallon/cfup7b8/", "score": 2, "stickied": false, "subreddit_id": "t5_2vpth", "author_name": "tempestfox", "author_id": "50srh", "subreddit_name": "frozen"}, {"body": "I believe it's \"Adele Dazeem.\"", "created_utc": 1393921504.0, "distinguished": null, "edited": false, "id": "cftywm4", "is_submitter": false, "link_id": "t3_1zi4ot", "parent_id": "t3_1zi4ot", "permalink": "/r/Frozen/comments/1zi4ot/idina_menzel_sings_let_it_go_with_jimmy_fallon/cftywm4/", "score": 5, "stickied": false, "subreddit_id": "t5_2vpth", "author_name": "Super_Dork_42", "author_id": "71zmu", "subreddit_name": "frozen"}, {"body": "I am cry.\n\nThis is really beautiful, I was so happy with this", "created_utc": 1393921757.0, "distinguished": null, "edited": false, "id": "cftyye2", "is_submitter": false, "link_id": "t3_1zi4ot", "parent_id": "t3_1zi4ot", "permalink": "/r/Frozen/comments/1zi4ot/idina_menzel_sings_let_it_go_with_jimmy_fallon/cftyye2/", "score": 4, "stickied": false, "subreddit_id": "t5_2vpth", "author_name": "Zephusa", "author_id": "cq16a", "subreddit_name": "frozen"}, {"body": "LOVE IT! Glad they did the song justice by letting Idina sing the whole thing.", "created_utc": 1393924287.0, "distinguished": null, "edited": 1393925765.0, "id": "cftzebi", "is_submitter": false, "link_id": "t3_1zi4ot", "parent_id": "t3_1zi4ot", "permalink": "/r/Frozen/comments/1zi4ot/idina_menzel_sings_let_it_go_with_jimmy_fallon/cftzebi/", "score": 3, "stickied": false, "subreddit_id": "t5_2vpth", "author_name": "Chimon", "author_id": "640oy", "subreddit_name": "frozen"}, {"body": "THIS GAVE ME SO MANY HAPPYS!!!!!!", "created_utc": 1393940270.0, "distinguished": null, "edited": 1393943017.0, "id": "cfu24k6", "is_submitter": false, "link_id": "t3_1zi4ot", "parent_id": "t3_1zi4ot", "permalink": "/r/Frozen/comments/1zi4ot/idina_menzel_sings_let_it_go_with_jimmy_fallon/cfu24k6/", "score": 2, "stickied": false, "subreddit_id": "t5_2vpth", "author_name": "dingle_hopper1981", "author_id": "4w1ir", "subreddit_name": "frozen"}, {"body": "No no, her name is **Adele Dazeem**.", "created_utc": 1393949349.0, "distinguished": null, "edited": false, "id": "cfu576x", "is_submitter": false, "link_id": "t3_1zi4ot", "parent_id": "t3_1zi4ot", "permalink": "/r/Frozen/comments/1zi4ot/idina_menzel_sings_let_it_go_with_jimmy_fallon/cfu576x/", "score": 2, "stickied": false, "subreddit_id": "t5_2vpth", "author_name": null, "author_id": null, "subreddit_name": "frozen"}, {"body": "TIL Idina Menzel needs Black people around her to fulfil her true potential.  ", "created_utc": 1393922342.0, "distinguished": null, "edited": false, "id": "cftz2a4", "is_submitter": false, "link_id": "t3_1zi4ot", "parent_id": "t3_1zi4ot", "permalink": "/r/Frozen/comments/1zi4ot/idina_menzel_sings_let_it_go_with_jimmy_fallon/cftz2a4/", "score": -27, "stickied": false, "subreddit_id": "t5_2vpth", "author_name": "IamVAcer", "author_id": "d3tyl", "subreddit_name": "frozen"}, {"body": "wow this guy is so boring. this is the first time i actually clicked and watched this guy's singing \"segment\" and what does he even do?? anyway i love the song.", "created_utc": 1393931567.0, "distinguished": null, "edited": false, "id": "cfu0hd3", "is_submitter": false, "link_id": "t3_1zi4ot", "parent_id": "t3_1zi4ot", "permalink": "/r/Frozen/comments/1zi4ot/idina_menzel_sings_let_it_go_with_jimmy_fallon/cfu0hd3/", "score": -10, "stickied": false, "subreddit_id": "t5_2vpth", "author_name": "chinpropped", "author_id": "7r9m4", "subreddit_name": "frozen"}, {"body": "Idina surround by the Roots?\n\nStamp a \"Brazzers\" logo on it and who could tell the difference? :P", "created_utc": 1393918247.0, "distinguished": null, "edited": false, "id": "cfty7oq", "is_submitter": false, "link_id": "t3_1zi4ot", "parent_id": "t3_1zi4ot", "permalink": "/r/Frozen/comments/1zi4ot/idina_menzel_sings_let_it_go_with_jimmy_fallon/cfty7oq/", "score": -28, "stickied": false, "subreddit_id": "t5_2vpth", "author_name": "Darkside_Hero", "author_id": "6wquo", "subreddit_name": "frozen"}, {"body": "Yeaa.  This is soo perfect.... \n\nAnd no adele dazeem ", "created_utc": 1393913835.0, "distinguished": null, "edited": false, "id": "cftx0xp", "is_submitter": false, "link_id": "t3_1zi4ot", "parent_id": "t1_cftw2tm", "permalink": "/r/Frozen/comments/1zi4ot/idina_menzel_sings_let_it_go_with_jimmy_fallon/cftx0xp/", "score": 48, "stickied": false, "subreddit_id": "t5_2vpth", "author_name": "simien05", "author_id": "d9qj1", "subreddit_name": "frozen"}, {"body": "Maybe Travolta's heathen butchering of her name threw her off? ", "created_utc": 1393918653.0, "distinguished": null, "edited": false, "id": "cftyb3v", "is_submitter": false, "link_id": "t3_1zi4ot", "parent_id": "t1_cftw2tm", "permalink": "/r/Frozen/comments/1zi4ot/idina_menzel_sings_let_it_go_with_jimmy_fallon/cftyb3v/", "score": 14, "stickied": false, "subreddit_id": "t5_2vpth", "author_name": "MyNameIsBobH111", "author_id": "c6xq5", "subreddit_name": "frozen"}, {"body": "I highly doubt that nerves got the better of her.  The problems were likely due to technical problems.", "created_utc": 1393941982.0, "distinguished": null, "edited": false, "id": "cfu2ky5", "is_submitter": false, "link_id": "t3_1zi4ot", "parent_id": "t1_cftw2tm", "permalink": "/r/Frozen/comments/1zi4ot/idina_menzel_sings_let_it_go_with_jimmy_fallon/cfu2ky5/", "score": 5, "stickied": false, "subreddit_id": "t5_2vpth", "author_name": "Thimble", "author_id": "os6k", "subreddit_name": "frozen"}, {"body": "I was so glad that Jimmy Fallon and the Roots played the full song. It would be disappointed if they didn't.", "created_utc": 1393913272.0, "distinguished": null, "edited": false, "id": "cftwuh4", "is_submitter": true, "link_id": "t3_1zi4ot", "parent_id": "t1_cftvkdc", "permalink": "/r/Frozen/comments/1zi4ot/idina_menzel_sings_let_it_go_with_jimmy_fallon/cftwuh4/", "score": 71, "stickied": false, "subreddit_id": "t5_2vpth", "author_name": "Frankmer9", "author_id": "77bx6", "subreddit_name": "frozen"}, {"body": "This.  A thousand times this.  \n\nYou could tell the orchestra was rushing her at the Oscars and it totally threw everything off.", "created_utc": 1393914143.0, "distinguished": null, "edited": false, "id": "cftx4au", "is_submitter": false, "link_id": "t3_1zi4ot", "parent_id": "t1_cftvkdc", "permalink": "/r/Frozen/comments/1zi4ot/idina_menzel_sings_let_it_go_with_jimmy_fallon/cftx4au/", "score": 54, "stickied": false, "subreddit_id": "t5_2vpth", "author_name": "jmrice7", "author_id": "a58d9", "subreddit_name": "frozen"}, {"body": "Yes! And everyone looked like they were having so much fun doing this! I loved that everyone sang the \"the cold doesn't bother me anyways\" part lol", "created_utc": 1393981686.0, "distinguished": null, "edited": false, "id": "cfukqyo", "is_submitter": false, "link_id": "t3_1zi4ot", "parent_id": "t1_cftvkdc", "permalink": "/r/Frozen/comments/1zi4ot/idina_menzel_sings_let_it_go_with_jimmy_fallon/cfukqyo/", "score": 4, "stickied": false, "subreddit_id": "t5_2vpth", "author_name": null, "author_id": null, "subreddit_name": "frozen"}, {"body": "WOW! Shocking what happens when she can sing the song at the tempo where she can actually accentuate every word as the song calls for. Beautiful. Stupid Oscars. Here's another example of that [Powerful voice](https://www.youtube.com/watch?v=MslDnwerQRA)", "created_utc": 1393932157.0, "distinguished": null, "edited": 1393937260.0, "id": "cfu0klx", "is_submitter": false, "link_id": "t3_1zi4ot", "parent_id": "t1_cftvkdc", "permalink": "/r/Frozen/comments/1zi4ot/idina_menzel_sings_let_it_go_with_jimmy_fallon/cfu0klx/", "score": 10, "stickied": false, "subreddit_id": "t5_2vpth", "author_name": "Betasheets", "author_id": "bkqah", "subreddit_name": "frozen"}, {"body": "This performance sounds like shit. The Oscars version is still better. ", "created_utc": 1393926235.0, "distinguished": null, "edited": false, "id": "cftzpkb", "is_submitter": false, "link_id": "t3_1zi4ot", "parent_id": "t1_cftvkdc", "permalink": "/r/Frozen/comments/1zi4ot/idina_menzel_sings_let_it_go_with_jimmy_fallon/cftzpkb/", "score": -18, "stickied": false, "subreddit_id": "t5_2vpth", "author_name": "fdg456n", "author_id": "4fv3w", "subreddit_name": "frozen"}, {"body": "Yeah, she seems really happy throughout the whole thing!", "created_utc": 1393910030.0, "distinguished": null, "edited": false, "id": "cftvq02", "is_submitter": false, "link_id": "t3_1zi4ot", "parent_id": "t1_cftve4d", "permalink": "/r/Frozen/comments/1zi4ot/idina_menzel_sings_let_it_go_with_jimmy_fallon/cftvq02/", "score": 26, "stickied": false, "subreddit_id": "t5_2vpth", "author_name": null, "author_id": null, "subreddit_name": "frozen"}, {"body": "I was thinking \"what the hell does lig mean?\" ", "created_utc": 1393986301.0, "distinguished": null, "edited": false, "id": "cfumuut", "is_submitter": false, "link_id": "t3_1zi4ot", "parent_id": "t1_cfty74i", "permalink": "/r/Frozen/comments/1zi4ot/idina_menzel_sings_let_it_go_with_jimmy_fallon/cfumuut/", "score": 11, "stickied": false, "subreddit_id": "t5_2vpth", "author_name": null, "author_id": null, "subreddit_name": "frozen"}, {"body": "I don't think she really had to redeem herself, she's been doing Broadway for a while, and she's won a Tony, so clearly she has the talent there.", "created_utc": 1393942246.0, "distinguished": null, "edited": false, "id": "cfu2npk", "is_submitter": false, "link_id": "t3_1zi4ot", "parent_id": "t1_cftxewd", "permalink": "/r/Frozen/comments/1zi4ot/idina_menzel_sings_let_it_go_with_jimmy_fallon/cfu2npk/", "score": 18, "stickied": false, "subreddit_id": "t5_2vpth", "author_name": "CrazyAuron", "author_id": "71u3j", "subreddit_name": "frozen"}, {"body": "Suck it every other cover of this song!", "created_utc": 1393918769.0, "distinguished": null, "edited": false, "id": "cftyc57", "is_submitter": false, "link_id": "t3_1zi4ot", "parent_id": "t1_cftx9xq", "permalink": "/r/Frozen/comments/1zi4ot/idina_menzel_sings_let_it_go_with_jimmy_fallon/cftyc57/", "score": 18, "stickied": false, "subreddit_id": "t5_2vpth", "author_name": "RKitch2112", "author_id": "etl3g", "subreddit_name": "frozen"}, {"body": "I must say, when I closed my eyes and concentrated on the voice through the fun little instrumental, I must say there are parts in which she sounded almost, if not exactly, like she did in the film. That's Broadway power right there!", "created_utc": 1393943385.0, "distinguished": null, "edited": false, "id": "cfu30a7", "is_submitter": false, "link_id": "t3_1zi4ot", "parent_id": "t1_cftw9ei", "permalink": "/r/Frozen/comments/1zi4ot/idina_menzel_sings_let_it_go_with_jimmy_fallon/cfu30a7/", "score": 11, "stickied": false, "subreddit_id": "t5_2vpth", "author_name": "just-a-time-passer", "author_id": "d4y65", "subreddit_name": "frozen"}, {"body": "....e flat", "created_utc": 1393944834.0, "distinguished": null, "edited": false, "id": "cfu3hr1", "is_submitter": false, "link_id": "t3_1zi4ot", "parent_id": "t1_cftw63e", "permalink": "/r/Frozen/comments/1zi4ot/idina_menzel_sings_let_it_go_with_jimmy_fallon/cfu3hr1/", "score": 10, "stickied": false, "subreddit_id": "t5_2vpth", "author_name": "chronacolyte", "author_id": "5isp5", "subreddit_name": "frozen"}, {"body": "Aw come on. There's nothing wrong with black people! I'm just saying that she's killed it with the roots!\n\nEdit: PLUS what's wrong with saying she likes black people. That's the opposite of a racist statement!", "created_utc": 1393925824.0, "distinguished": null, "edited": 1393926784.0, "id": "cftzn8k", "is_submitter": false, "link_id": "t3_1zi4ot", "parent_id": "t1_cftz2a4", "permalink": "/r/Frozen/comments/1zi4ot/idina_menzel_sings_let_it_go_with_jimmy_fallon/cftzn8k/", "score": -2, "stickied": false, "subreddit_id": "t5_2vpth", "author_name": "IamVAcer", "author_id": "d3tyl", "subreddit_name": "frozen"}, {"body": "One more thing to think about. The orchestra is actually off-site. They see the stage via a video feed and latency can be a problem.\n\nedit: http://www.avsforum.com/t/1520319/avs-goes-behind-the-scenes-at-the-2014-oscars\n\n>\"Like last year, the orchestra will be a few blocks away in a studio at Capitol Records, which makes for some interesting technical challenges, especially in terms of latency. Sandweiss recalls doing the Academy Awards show in the 1970s. \"Everything back then was analog. Now everything is digital, which can have noticeable latency, and HD video monitors often have lots of lag. When you try to conduct with a video monitor that has tons of latency, it's a real problem. When everything was analog, that wasn't an issue, because the transmissions were essentially instantaneous.\"", "created_utc": 1393915733.0, "distinguished": null, "edited": 1393916675.0, "id": "cftxkpw", "is_submitter": false, "link_id": "t3_1zi4ot", "parent_id": "t1_cftx4au", "permalink": "/r/Frozen/comments/1zi4ot/idina_menzel_sings_let_it_go_with_jimmy_fallon/cftxkpw/", "score": 34, "stickied": false, "subreddit_id": "t5_2vpth", "author_name": null, "author_id": null, "subreddit_name": "frozen"}, {"body": "ARGH. the orchestra was NOT rushing. i cannot say this enough. the orchestra was playing to a click. 137bpm, just like the original recording. maybe a lag to her earpiece was a problem, but they DID NOT rush. idina did.", "created_utc": 1393948244.0, "distinguished": null, "edited": false, "id": "cfu4rcc", "is_submitter": false, "link_id": "t3_1zi4ot", "parent_id": "t1_cftx4au", "permalink": "/r/Frozen/comments/1zi4ot/idina_menzel_sings_let_it_go_with_jimmy_fallon/cfu4rcc/", "score": 21, "stickied": false, "subreddit_id": "t5_2vpth", "author_name": null, "author_id": null, "subreddit_name": "frozen"}, {"body": "[deleted]", "created_utc": 1393962805.0, "distinguished": null, "edited": false, "id": "cfubkl2", "is_submitter": false, "link_id": "t3_1zi4ot", "parent_id": "t1_cfu2npk", "permalink": "/r/Frozen/comments/1zi4ot/idina_menzel_sings_let_it_go_with_jimmy_fallon/cfubkl2/", "score": 9, "stickied": false, "subreddit_id": "t5_2vpth", "author_name": null, "author_id": null, "subreddit_name": "frozen"}, {"body": "Suck it!", "created_utc": 1393960203.0, "distinguished": null, "edited": false, "id": "cfuaae1", "is_submitter": false, "link_id": "t3_1zi4ot", "parent_id": "t1_cftyc57", "permalink": "/r/Frozen/comments/1zi4ot/idina_menzel_sings_let_it_go_with_jimmy_fallon/cfuaae1/", "score": 7, "stickied": false, "subreddit_id": "t5_2vpth", "author_name": "SayNoToDownvotes", "author_id": "8ia8n", "subreddit_name": "frozen"}, {"body": "You should've just said \"people around her\".", "created_utc": 1393948305.0, "distinguished": null, "edited": false, "id": "cfu4s7b", "is_submitter": false, "link_id": "t3_1zi4ot", "parent_id": "t1_cftzn8k", "permalink": "/r/Frozen/comments/1zi4ot/idina_menzel_sings_let_it_go_with_jimmy_fallon/cfu4s7b/", "score": 5, "stickied": false, "subreddit_id": "t5_2vpth", "author_name": "robinthebank", "author_id": "5alvp", "subreddit_name": "frozen"}, {"body": "If having the orchestra playing off-site invites a slew of technical challenges, why don't they just keep it inside the auditorium, as they did in previous years? Seems unnecessarily complicated to me as so many things could potentially go wrong...", "created_utc": 1393919293.0, "distinguished": null, "edited": false, "id": "cftygf8", "is_submitter": false, "link_id": "t3_1zi4ot", "parent_id": "t1_cftxkpw", "permalink": "/r/Frozen/comments/1zi4ot/idina_menzel_sings_let_it_go_with_jimmy_fallon/cftygf8/", "score": 17, "stickied": false, "subreddit_id": "t5_2vpth", "author_name": "pinkpaperheart", "author_id": "5eq0g", "subreddit_name": "frozen"}, {"body": "She didn't need to redeem anything, she had one sub par performance. ", "created_utc": 1393965859.0, "distinguished": null, "edited": false, "id": "cfud290", "is_submitter": false, "link_id": "t3_1zi4ot", "parent_id": "t1_cfubkl2", "permalink": "/r/Frozen/comments/1zi4ot/idina_menzel_sings_let_it_go_with_jimmy_fallon/cfud290/", "score": 6, "stickied": false, "subreddit_id": "t5_2vpth", "author_name": "CrazyAuron", "author_id": "71u3j", "subreddit_name": "frozen"}, {"body": "Well... She had an Oscar theatre full of people around her and that didnt calm her down", "created_utc": 1393948449.0, "distinguished": null, "edited": false, "id": "cfu4u9d", "is_submitter": false, "link_id": "t3_1zi4ot", "parent_id": "t1_cfu4s7b", "permalink": "/r/Frozen/comments/1zi4ot/idina_menzel_sings_let_it_go_with_jimmy_fallon/cfu4u9d/", "score": -2, "stickied": false, "subreddit_id": "t5_2vpth", "author_name": "IamVAcer", "author_id": "d3tyl", "subreddit_name": "frozen"}, {"body": "Or just play a recording...", "created_utc": 1393926178.0, "distinguished": null, "edited": false, "id": "cftzp8g", "is_submitter": false, "link_id": "t3_1zi4ot", "parent_id": "t1_cftygf8", "permalink": "/r/Frozen/comments/1zi4ot/idina_menzel_sings_let_it_go_with_jimmy_fallon/cftzp8g/", "score": 17, "stickied": false, "subreddit_id": "t5_2vpth", "author_name": "fdg456n", "author_id": "4fv3w", "subreddit_name": "frozen"}, {"body": "Can put in more seats, bigger stage perhaps? ", "created_utc": 1393922333.0, "distinguished": null, "edited": false, "id": "cftz280", "is_submitter": false, "link_id": "t3_1zi4ot", "parent_id": "t1_cftygf8", "permalink": "/r/Frozen/comments/1zi4ot/idina_menzel_sings_let_it_go_with_jimmy_fallon/cftz280/", "score": 5, "stickied": false, "subreddit_id": "t5_2vpth", "author_name": "teffhk", "author_id": "dyxc8", "subreddit_name": "frozen"}]