{"clicked": false, "created_utc": 1393908955.0, "distinguished": null, "edited": false, "id": "1zi4ot", "is_video": false, "locked": false, "num_comments": 69, "over_18": false, "permalink": "/r/Frozen/comments/1zi4ot/idina_menzel_sings_let_it_go_with_jimmy_fallon/", "score": 534, "selftext": "", "stickied": false, "subreddit_id": "t5_2vpth", "title": "Idina Menzel sings Let it Go with Jimmy Fallon and the Roots.", "url": "https://www.youtube.com/watch?v=17QQcK4l6Yw", "author_name": "Frankmer9", "author_id": "77bx6", "subreddit_name": "frozen", "upvote_ratio": 0.98}