[{"body": "She doesn't approve his foot size", "created_utc": 1393174193.0, "distinguished": null, "edited": false, "id": "cfmma1y", "is_submitter": false, "link_id": "t3_1ypol0", "parent_id": "t3_1ypol0", "permalink": "/r/Frozen/comments/1ypol0/but_its_true_love/cfmma1y/", "score": 27, "stickied": false, "subreddit_id": "t5_2vpth", "author_name": "Portgas", "author_id": "7kc75", "subreddit_name": "frozen"}, {"body": "Your Majesty, if I may ease your...", "created_utc": 1393175356.0, "distinguished": null, "edited": false, "id": "cfmmq9b", "is_submitter": false, "link_id": "t3_1ypol0", "parent_id": "t3_1ypol0", "permalink": "/r/Frozen/comments/1ypol0/but_its_true_love/cfmmq9b/", "score": 13, "stickied": false, "subreddit_id": "t5_2vpth", "author_name": "teffhk", "author_id": "dyxc8", "subreddit_name": "frozen"}, {"body": "Haha I love this one, the art style is so cute :3! You should probably check and see if someone else had already [submitted](http://www.reddit.com/r/Frozen/comments/1v13n4/cant_you_see_its_true_love/) the same thing next time before posting though!", "created_utc": 1393175890.0, "distinguished": null, "edited": false, "id": "cfmmy10", "is_submitter": false, "link_id": "t3_1ypol0", "parent_id": "t3_1ypol0", "permalink": "/r/Frozen/comments/1ypol0/but_its_true_love/cfmmy10/", "score": 7, "stickied": false, "subreddit_id": "t5_2vpth", "author_name": null, "author_id": null, "subreddit_name": "frozen"}, {"body": "I don't know what kinda of aristocracy they have in Arendelle,but I'm pretty sure that -even if Elsa blesses their union- people are going to object a royal princess getting engaged to a lowborn Sami mountain man.\n\nWhich is why all monarchies must be abolished.\n\nONE MORE DAY BEFORE THE STORM!", "created_utc": 1393210152.0, "distinguished": null, "edited": false, "id": "cfn20q1", "is_submitter": false, "link_id": "t3_1ypol0", "parent_id": "t3_1ypol0", "permalink": "/r/Frozen/comments/1ypol0/but_its_true_love/cfn20q1/", "score": 6, "stickied": false, "subreddit_id": "t5_2vpth", "author_name": "Guild_Navigator", "author_id": "6v5xw", "subreddit_name": "frozen"}, {"body": "But foot size doesn't matter!", "created_utc": 1393175506.0, "distinguished": null, "edited": false, "id": "cfmmsid", "is_submitter": false, "link_id": "t3_1ypol0", "parent_id": "t1_cfmma1y", "permalink": "/r/Frozen/comments/1ypol0/but_its_true_love/cfmmsid/", "score": 14, "stickied": false, "subreddit_id": "t5_2vpth", "author_name": "JamesAQuintero", "author_id": "7gthv", "subreddit_name": "frozen"}, {"body": "Sandwiches!!", "created_utc": 1393186329.0, "distinguished": null, "edited": false, "id": "cfmrggr", "is_submitter": false, "link_id": "t3_1ypol0", "parent_id": "t1_cfmmq9b", "permalink": "/r/Frozen/comments/1ypol0/but_its_true_love/cfmrggr/", "score": 19, "stickied": false, "subreddit_id": "t5_2vpth", "author_name": null, "author_id": null, "subreddit_name": "frozen"}, {"body": "I copied the link into the search bar to see if anyone posted it and it didn't return anything so I assumed no one posted it. My bad", "created_utc": 1393176036.0, "distinguished": null, "edited": false, "id": "cfmn06e", "is_submitter": true, "link_id": "t3_1ypol0", "parent_id": "t1_cfmmy10", "permalink": "/r/Frozen/comments/1ypol0/but_its_true_love/cfmn06e/", "score": 4, "stickied": false, "subreddit_id": "t5_2vpth", "author_name": "minewastaken2", "author_id": "fafwa", "subreddit_name": "frozen"}, {"body": "Some of these were posted a long time ago, but that was only when the subreddit had a couple hundred people. We have like several thousand now so most people wouldn't have seen it anyway.", "created_utc": 1393182390.0, "distinguished": null, "edited": false, "id": "cfmpqtw", "is_submitter": false, "link_id": "t3_1ypol0", "parent_id": "t1_cfmmy10", "permalink": "/r/Frozen/comments/1ypol0/but_its_true_love/cfmpqtw/", "score": 3, "stickied": false, "subreddit_id": "t5_2vpth", "author_name": "k4ora", "author_id": "d49ig", "subreddit_name": "frozen"}, {"body": "But that was a long time ago, so it's fine.", "created_utc": 1393176440.0, "distinguished": null, "edited": false, "id": "cfmn68o", "is_submitter": false, "link_id": "t3_1ypol0", "parent_id": "t1_cfmmy10", "permalink": "/r/Frozen/comments/1ypol0/but_its_true_love/cfmn68o/", "score": 2, "stickied": false, "subreddit_id": "t5_2vpth", "author_name": "JamesAQuintero", "author_id": "7gthv", "subreddit_name": "frozen"}, {"body": "wat", "created_utc": 1393210903.0, "distinguished": null, "edited": false, "id": "cfn2ee1", "is_submitter": false, "link_id": "t3_1ypol0", "parent_id": "t1_cfn20q1", "permalink": "/r/Frozen/comments/1ypol0/but_its_true_love/cfn2ee1/", "score": 5, "stickied": false, "subreddit_id": "t5_2vpth", "author_name": "JamesAQuintero", "author_id": "7gthv", "subreddit_name": "frozen"}, {"body": "Do you hear the people sing?", "created_utc": 1393251245.0, "distinguished": null, "edited": false, "id": "cfndk3q", "is_submitter": false, "link_id": "t3_1ypol0", "parent_id": "t1_cfn20q1", "permalink": "/r/Frozen/comments/1ypol0/but_its_true_love/cfndk3q/", "score": 2, "stickied": false, "subreddit_id": "t5_2vpth", "author_name": "Mr0w3m", "author_id": "655cm", "subreddit_name": "frozen"}, {"body": "\"Foot size never bother me anyway\"", "created_utc": 1393175722.0, "distinguished": null, "edited": false, "id": "cfmmvlg", "is_submitter": false, "link_id": "t3_1ypol0", "parent_id": "t1_cfmmsid", "permalink": "/r/Frozen/comments/1ypol0/but_its_true_love/cfmmvlg/", "score": 22, "stickied": false, "subreddit_id": "t5_2vpth", "author_name": "teffhk", "author_id": "dyxc8", "subreddit_name": "frozen"}, {"body": "That's what I was gonna say!\"", "created_utc": 1393189475.0, "distinguished": null, "edited": false, "id": "cfmst6p", "is_submitter": false, "link_id": "t3_1ypol0", "parent_id": "t1_cfmrggr", "permalink": "/r/Frozen/comments/1ypol0/but_its_true_love/cfmst6p/", "score": 6, "stickied": false, "subreddit_id": "t5_2vpth", "author_name": null, "author_id": null, "subreddit_name": "frozen"}, {"body": "I haven't seen it before and I've been with this sub for about a month now. ", "created_utc": 1393176476.0, "distinguished": null, "edited": false, "id": "cfmn6s8", "is_submitter": false, "link_id": "t3_1ypol0", "parent_id": "t1_cfmn06e", "permalink": "/r/Frozen/comments/1ypol0/but_its_true_love/cfmn6s8/", "score": 3, "stickied": false, "subreddit_id": "t5_2vpth", "author_name": "JamesAQuintero", "author_id": "7gthv", "subreddit_name": "frozen"}, {"body": "Haha I guess, the only reason I noticed is because this is one of the top submissions", "created_utc": 1393176762.0, "distinguished": null, "edited": false, "id": "cfmnazk", "is_submitter": false, "link_id": "t3_1ypol0", "parent_id": "t1_cfmn68o", "permalink": "/r/Frozen/comments/1ypol0/but_its_true_love/cfmnazk/", "score": 5, "stickied": false, "subreddit_id": "t5_2vpth", "author_name": null, "author_id": null, "subreddit_name": "frozen"}, {"body": "Les Mis reference.", "created_utc": 1393222521.0, "distinguished": null, "edited": false, "id": "cfn7el9", "is_submitter": false, "link_id": "t3_1ypol0", "parent_id": "t1_cfn2ee1", "permalink": "/r/Frozen/comments/1ypol0/but_its_true_love/cfn7el9/", "score": 4, "stickied": false, "subreddit_id": "t5_2vpth", "author_name": "higherfire", "author_id": "5sh4y", "subreddit_name": "frozen"}, {"body": "Singing a song of angry men!", "created_utc": 1393258748.0, "distinguished": null, "edited": false, "id": "cfnga38", "is_submitter": false, "link_id": "t3_1ypol0", "parent_id": "t1_cfndk3q", "permalink": "/r/Frozen/comments/1ypol0/but_its_true_love/cfnga38/", "score": 1, "stickied": false, "subreddit_id": "t5_2vpth", "author_name": null, "author_id": null, "subreddit_name": "frozen"}, {"body": "It is the music of the people whom will not be without a clear form of government for over a decade until the rightful ruler comes of age all the while all affairs of state are left up in the air...\n\nOk,that doesn't rhyme... :D", "created_utc": 1393283398.0, "distinguished": null, "edited": false, "id": "cfnsd0a", "is_submitter": false, "link_id": "t3_1ypol0", "parent_id": "t1_cfnga38", "permalink": "/r/Frozen/comments/1ypol0/but_its_true_love/cfnsd0a/", "score": 1, "stickied": false, "subreddit_id": "t5_2vpth", "author_name": "Guild_Navigator", "author_id": "6v5xw", "subreddit_name": "frozen"}]