{"clicked": false, "created_utc": 1393174103.0, "distinguished": null, "edited": false, "id": "1ypol0", "is_video": false, "locked": false, "num_comments": 18, "over_18": false, "permalink": "/r/Frozen/comments/1ypol0/but_its_true_love/", "score": 154, "selftext": "", "stickied": false, "subreddit_id": "t5_2vpth", "title": "But it's true love", "url": "http://www.deviantart.com/art/can-t-you-see-it-s-TRUE-LOVE-418879322", "author_name": "minewastaken2", "author_id": "fafwa", "subreddit_name": "frozen", "upvote_ratio": 0.92}