[{"body": "Or Forzen, for that matter.", "created_utc": 1393880426.0, "distinguished": null, "edited": false, "id": "cfthyjv", "is_submitter": true, "link_id": "t3_1zgrn5", "parent_id": "t3_1zgrn5", "permalink": "/r/Frozen/comments/1zgrn5/lets_do_frozen_two/cfthyjv/", "score": 19, "stickied": false, "subreddit_id": "t5_2vpth", "author_name": "Portgas", "author_id": "7kc75", "subreddit_name": "frozen"}, {"body": "No pizza for you,Hans... \n\nCome to think of it,it's a shame Elsa and Anna didn't \"appear\" at the show like other animated nominees have in the past (Woody and Buzz at the 1996 Oscars,for example).", "created_utc": 1393885324.0, "distinguished": null, "edited": false, "id": "cftkdse", "is_submitter": false, "link_id": "t3_1zgrn5", "parent_id": "t3_1zgrn5", "permalink": "/r/Frozen/comments/1zgrn5/lets_do_frozen_two/cftkdse/", "score": 13, "stickied": false, "subreddit_id": "t5_2vpth", "author_name": "Guild_Navigator", "author_id": "6v5xw", "subreddit_name": "frozen"}, {"body": "Props to the artist for making Elsa and Anna's dresses reflect their voice actors'... Idina (Adele) wore green and Kristen wore white sparkles. Love it!", "created_utc": 1393888649.0, "distinguished": null, "edited": false, "id": "cftlygo", "is_submitter": false, "link_id": "t3_1zgrn5", "parent_id": "t3_1zgrn5", "permalink": "/r/Frozen/comments/1zgrn5/lets_do_frozen_two/cftlygo/", "score": 13, "stickied": false, "subreddit_id": "t5_2vpth", "author_name": "xostormystormsox", "author_id": "5fvfs", "subreddit_name": "frozen"}, {"body": "Beautiful ladies! I like to have a slice of pizza too... \n\nBtw, I really want Disney to make a short animation of them celebrating the winning! They are so worth it.", "created_utc": 1393897419.0, "distinguished": null, "edited": false, "id": "cftpxwg", "is_submitter": false, "link_id": "t3_1zgrn5", "parent_id": "t3_1zgrn5", "permalink": "/r/Frozen/comments/1zgrn5/lets_do_frozen_two/cftpxwg/", "score": 4, "stickied": false, "subreddit_id": "t5_2vpth", "author_name": "teffhk", "author_id": "dyxc8", "subreddit_name": "frozen"}, {"body": "Ohhhh, this is too precious. ", "created_utc": 1393893708.0, "distinguished": null, "edited": false, "id": "cfto868", "is_submitter": false, "link_id": "t3_1zgrn5", "parent_id": "t3_1zgrn5", "permalink": "/r/Frozen/comments/1zgrn5/lets_do_frozen_two/cfto868/", "score": 2, "stickied": false, "subreddit_id": "t5_2vpth", "author_name": "fratticus_maximus", "author_id": "807uj", "subreddit_name": "frozen"}, {"body": "It should have Benedict Cumberbatch photobombing in the background", "created_utc": 1393894653.0, "distinguished": null, "edited": false, "id": "cftonbv", "is_submitter": false, "link_id": "t3_1zgrn5", "parent_id": "t3_1zgrn5", "permalink": "/r/Frozen/comments/1zgrn5/lets_do_frozen_two/cftonbv/", "score": 1, "stickied": false, "subreddit_id": "t5_2vpth", "author_name": "belac889", "author_id": "bf66h", "subreddit_name": "frozen"}, {"body": "I freaking love this picture. This art style always makes Anna and Elsa look adorable.", "created_utc": 1395904525.0, "distinguished": null, "edited": false, "id": "cgd3m4v", "is_submitter": false, "link_id": "t3_1zgrn5", "parent_id": "t3_1zgrn5", "permalink": "/r/Frozen/comments/1zgrn5/lets_do_frozen_two/cgd3m4v/", "score": 1, "stickied": false, "subreddit_id": "t5_2vpth", "author_name": "Blinklink7", "author_id": "6e8j7", "subreddit_name": "frozen"}, {"body": "with adele dazim as voice of Elsa ", "created_utc": 1393880572.0, "distinguished": null, "edited": false, "id": "cfti16t", "is_submitter": false, "link_id": "t3_1zgrn5", "parent_id": "t1_cfthyjv", "permalink": "/r/Frozen/comments/1zgrn5/lets_do_frozen_two/cfti16t/", "score": 34, "stickied": false, "subreddit_id": "t5_2vpth", "author_name": "simien05", "author_id": "d9qj1", "subreddit_name": "frozen"}, {"body": "Or Elsa, for that matter.\n\nWait, what?", "created_utc": 1393881767.0, "distinguished": null, "edited": false, "id": "cftimxr", "is_submitter": false, "link_id": "t3_1zgrn5", "parent_id": "t1_cfthyjv", "permalink": "/r/Frozen/comments/1zgrn5/lets_do_frozen_two/cftimxr/", "score": 7, "stickied": false, "subreddit_id": "t5_2vpth", "author_name": "HikariOni", "author_id": "75nqx", "subreddit_name": "frozen"}, {"body": "I think A-Ka re-uploaded with the spelling fix for those, like me, who are late to the party.", "created_utc": 1393891732.0, "distinguished": null, "edited": false, "id": "cftncfj", "is_submitter": false, "link_id": "t3_1zgrn5", "parent_id": "t1_cfthyjv", "permalink": "/r/Frozen/comments/1zgrn5/lets_do_frozen_two/cftncfj/", "score": 6, "stickied": false, "subreddit_id": "t5_2vpth", "author_name": "damocles2501", "author_id": "d3wqx", "subreddit_name": "frozen"}, {"body": "Santino didn't even get mentioned in the acceptance speech, which I think this art might be referring to!\n\nOh Hans, *If only there were someone out there who loved you!*", "created_utc": 1393889428.0, "distinguished": null, "edited": false, "id": "cftmbfr", "is_submitter": false, "link_id": "t3_1zgrn5", "parent_id": "t1_cftkdse", "permalink": "/r/Frozen/comments/1zgrn5/lets_do_frozen_two/cftmbfr/", "score": 11, "stickied": false, "subreddit_id": "t5_2vpth", "author_name": null, "author_id": null, "subreddit_name": "frozen"}, {"body": "I'm confused as to why you say Adele in parentheses.. did I miss something???", "created_utc": 1393890791.0, "distinguished": null, "edited": false, "id": "cftmxdl", "is_submitter": false, "link_id": "t3_1zgrn5", "parent_id": "t1_cftlygo", "permalink": "/r/Frozen/comments/1zgrn5/lets_do_frozen_two/cftmxdl/", "score": 10, "stickied": false, "subreddit_id": "t5_2vpth", "author_name": "resilient_reptar", "author_id": "91wn4", "subreddit_name": "frozen"}, {"body": "It's a reference to Benedict Cumberbatch photobombing U2.", "created_utc": 1393889833.0, "distinguished": null, "edited": false, "id": "cftmhyh", "is_submitter": false, "link_id": "t3_1zgrn5", "parent_id": "t1_cftmbfr", "permalink": "/r/Frozen/comments/1zgrn5/lets_do_frozen_two/cftmhyh/", "score": 10, "stickied": false, "subreddit_id": "t5_2vpth", "author_name": "throwaway133028", "author_id": "cyjn0", "subreddit_name": "frozen"}, {"body": "John Travolta massacred the pronunciation of Idina Menzel's name while introducing her before she performed Let It Go. It came out as something like \"Adele Dazeem\".\n\n~~http://www.youtube.com/watch?v=sliDVeMksjU~~ Edit: Goddamn, they took the video down already? ", "created_utc": 1393891092.0, "distinguished": null, "edited": 1393900091.0, "id": "cftn28t", "is_submitter": false, "link_id": "t3_1zgrn5", "parent_id": "t1_cftmxdl", "permalink": "/r/Frozen/comments/1zgrn5/lets_do_frozen_two/cftn28t/", "score": 15, "stickied": false, "subreddit_id": "t5_2vpth", "author_name": "JiForce", "author_id": "5fwj2", "subreddit_name": "frozen"}, {"body": "Please, [enjoy](http://www.usmagazine.com/entertainment/news/john-travolta-calls-idina-menzel-adele-dazim-during-oscars-2014-intro-201433).", "created_utc": 1393893635.0, "distinguished": null, "edited": false, "id": "cfto6zp", "is_submitter": false, "link_id": "t3_1zgrn5", "parent_id": "t1_cftmxdl", "permalink": "/r/Frozen/comments/1zgrn5/lets_do_frozen_two/cfto6zp/", "score": 5, "stickied": false, "subreddit_id": "t5_2vpth", "author_name": "xostormystormsox", "author_id": "5fvfs", "subreddit_name": "frozen"}, {"body": "Oh! I remember him botching the pronunciation but I was so tired it sounded like mumbling to me! ", "created_utc": 1393893406.0, "distinguished": null, "edited": false, "id": "cfto397", "is_submitter": false, "link_id": "t3_1zgrn5", "parent_id": "t1_cftn28t", "permalink": "/r/Frozen/comments/1zgrn5/lets_do_frozen_two/cfto397/", "score": 4, "stickied": false, "subreddit_id": "t5_2vpth", "author_name": "resilient_reptar", "author_id": "91wn4", "subreddit_name": "frozen"}, {"body": "/r/cringe ", "created_utc": 1393905519.0, "distinguished": null, "edited": false, "id": "cfttsbc", "is_submitter": false, "link_id": "t3_1zgrn5", "parent_id": "t1_cfto6zp", "permalink": "/r/Frozen/comments/1zgrn5/lets_do_frozen_two/cfttsbc/", "score": 1, "stickied": false, "subreddit_id": "t5_2vpth", "author_name": "michaelsong55", "author_id": "5w0bg", "subreddit_name": "frozen"}]