{"clicked": false, "created_utc": 1393880411.0, "distinguished": null, "edited": false, "id": "1zgrn5", "is_video": false, "locked": false, "num_comments": 17, "over_18": false, "permalink": "/r/Frozen/comments/1zgrn5/lets_do_frozen_two/", "score": 254, "selftext": "", "stickied": false, "subreddit_id": "t5_2vpth", "title": "Let's do Frozen Two", "url": "http://akapost.tumblr.com/post/78471333164/frozen-two-really-a-ka", "author_name": "Portgas", "author_id": "7kc75", "subreddit_name": "frozen", "upvote_ratio": 0.98}