[{"body": "Yes, but, as you saw at the very end, they were taking it slow. It was indicated that some time had passed, and that was (most likely) their first kiss.", "created_utc": 1389646578.0, "distinguished": null, "edited": false, "id": "ceopgpb", "is_submitter": false, "link_id": "t3_1v13n4", "parent_id": "t3_1v13n4", "permalink": "/r/Frozen/comments/1v13n4/cant_you_see_its_true_love/ceopgpb/", "score": 43, "stickied": false, "subreddit_id": "t5_2vpth", "author_name": "justanotherhumanoid", "author_id": "d2lx8", "subreddit_name": "frozen"}, {"body": "I thought he would end up with elsa in the movie just because of his love for ice...", "created_utc": 1389629377.0, "distinguished": null, "edited": false, "id": "ceoi0b4", "is_submitter": false, "link_id": "t3_1v13n4", "parent_id": "t3_1v13n4", "permalink": "/r/Frozen/comments/1v13n4/cant_you_see_its_true_love/ceoi0b4/", "score": 68, "stickied": false, "subreddit_id": "t5_2vpth", "author_name": "ilovemrmiyagi", "author_id": "6vnvy", "subreddit_name": "frozen"}, {"body": "I adore your style! And this post made me laugh pretty hard hahahah(:", "created_utc": 1389546216.0, "distinguished": null, "edited": false, "id": "cenqfxo", "is_submitter": false, "link_id": "t3_1v13n4", "parent_id": "t3_1v13n4", "permalink": "/r/Frozen/comments/1v13n4/cant_you_see_its_true_love/cenqfxo/", "score": 10, "stickied": false, "subreddit_id": "t5_2vpth", "author_name": "Princess_Anna_", "author_id": "er36f", "subreddit_name": "frozen"}, {"body": "love this.", "created_utc": 1389591974.0, "distinguished": null, "edited": false, "id": "ceo9s6y", "is_submitter": false, "link_id": "t3_1v13n4", "parent_id": "t3_1v13n4", "permalink": "/r/Frozen/comments/1v13n4/cant_you_see_its_true_love/ceo9s6y/", "score": 8, "stickied": false, "subreddit_id": "t5_2vpth", "author_name": "Oranite", "author_id": "98zo5", "subreddit_name": "frozen"}, {"body": "And he didn't try to kill me even once!", "created_utc": 1395005728.0, "distinguished": null, "edited": false, "id": "cg48hoz", "is_submitter": false, "link_id": "t3_1v13n4", "parent_id": "t3_1v13n4", "permalink": "/r/Frozen/comments/1v13n4/cant_you_see_its_true_love/cg48hoz/", "score": 3, "stickied": false, "subreddit_id": "t5_2vpth", "author_name": "Garrosh", "author_id": "4j12b", "subreddit_name": "frozen"}, {"body": "Me too... It would have been the perfect happy ending. ", "created_utc": 1389741944.0, "distinguished": null, "edited": false, "id": "cepogoq", "is_submitter": false, "link_id": "t3_1v13n4", "parent_id": "t1_ceoi0b4", "permalink": "/r/Frozen/comments/1v13n4/cant_you_see_its_true_love/cepogoq/", "score": 24, "stickied": false, "subreddit_id": "t5_2vpth", "author_name": "_Personage", "author_id": "6cf2p", "subreddit_name": "frozen"}]