{"clicked": false, "created_utc": 1389536398.0, "distinguished": null, "edited": false, "id": "1v13n4", "is_video": false, "locked": false, "num_comments": 6, "over_18": false, "permalink": "/r/Frozen/comments/1v13n4/cant_you_see_its_true_love/", "score": 486, "selftext": "", "stickied": false, "subreddit_id": "t5_2vpth", "title": "can't you see it's TRUE LOVE", "url": "http://aquanut.deviantart.com/art/can-t-you-see-it-s-TRUE-LOVE-418879322", "author_name": "mange_tout", "author_id": "ait48", "subreddit_name": "frozen", "upvote_ratio": 0.99}