[{"body": "I posted this elsewhere, but it bears repeating here:  This is one of the reasons I think this movie works so well emotionally.  Looking at Elsa's behavior in the real world, we'd almost certainly say she suffers from a pretty serious anxiety disorder.\n\nBut not in a fantasy story: Elsa isn't mentally ill, she's genuinely and justifiably afraid of **killing her sister**. And \"real\" fears like this can be treated via plot instead of therapy. So she can beat it, and she does.\n\nWhere real life illness is a tragedy we'd prefer not to think about, in the theater seat it turns into a resolvable plot point. Elsa faces her debilitating illness and still gets her fairy tale ending. That's pretty powerful.", "created_utc": 1390955105.0, "distinguished": null, "edited": false, "id": "cf1dkej", "is_submitter": false, "link_id": "t3_1wesxv", "parent_id": "t3_1wesxv", "permalink": "/r/Frozen/comments/1wesxv/elsa_poster_girl_for_depression_and_anxiety/cf1dkej/", "score": 65, "stickied": false, "subreddit_id": "t5_2vpth", "author_name": "AndIfWeFall", "author_id": "f0b0t", "subreddit_name": "frozen"}, {"body": "Gotta give props to Idina Menzel and the animators for really making Elsa's issues impact the way they do. That last GIF with her running in the snow, terrified, complete with a little whimper. Geez, I remember my heart just going right out to her every time I see it.", "created_utc": 1390962741.0, "distinguished": null, "edited": false, "id": "cf1h2wr", "is_submitter": false, "link_id": "t3_1wesxv", "parent_id": "t3_1wesxv", "permalink": "/r/Frozen/comments/1wesxv/elsa_poster_girl_for_depression_and_anxiety/cf1h2wr/", "score": 22, "stickied": false, "subreddit_id": "t5_2vpth", "author_name": "BlueRaith", "author_id": "brwtf", "subreddit_name": "frozen"}, {"body": "...and panic attacks. My husband has a better understanding of my own attacks thanks to watching Elsa.", "created_utc": 1390953329.0, "distinguished": null, "edited": false, "id": "cf1crsv", "is_submitter": false, "link_id": "t3_1wesxv", "parent_id": "t3_1wesxv", "permalink": "/r/Frozen/comments/1wesxv/elsa_poster_girl_for_depression_and_anxiety/cf1crsv/", "score": 16, "stickied": false, "subreddit_id": "t5_2vpth", "author_name": "Pennifred", "author_id": "39xqk", "subreddit_name": "frozen"}, {"body": "http://imgur.com/ibcI7LQ\n\nI also love how it was fully intentional by the directors, inside a kids' movie. Respect.", "created_utc": 1390981509.0, "distinguished": null, "edited": false, "id": "cf1o1wo", "is_submitter": false, "link_id": "t3_1wesxv", "parent_id": "t3_1wesxv", "permalink": "/r/Frozen/comments/1wesxv/elsa_poster_girl_for_depression_and_anxiety/cf1o1wo/", "score": 16, "stickied": false, "subreddit_id": "t5_2vpth", "author_name": "Miss_Sauce", "author_id": "9c9bo", "subreddit_name": "frozen"}, {"body": "For real. I relate to her *so* much. I was brought to tears the first time I heard/watched \"Let It Go,\" and I hadn't seen the movie yet.", "created_utc": 1390968869.0, "distinguished": null, "edited": false, "id": "cf1jv44", "is_submitter": false, "link_id": "t3_1wesxv", "parent_id": "t3_1wesxv", "permalink": "/r/Frozen/comments/1wesxv/elsa_poster_girl_for_depression_and_anxiety/cf1jv44/", "score": 15, "stickied": false, "subreddit_id": "t5_2vpth", "author_name": "EvilLittleThing", "author_id": "7c5qp", "subreddit_name": "frozen"}, {"body": "I think that's why I like this movie so much. I relate so much to Elsa, but also Anna too. I kind of shut my sister out when I first started struggling with depression, and she kind of shut me out in return. Now we're close again and just seeing Elsa and Anna overcome all that reminds me of me and my sister. It's funny because my personality is more like Anna and hers is more like Elsa, but as far as our treatment of each other goes I'm like Elsa and she's like Anna. I see both of them in both of us and it just makes me feel special and happy inside. ", "created_utc": 1391123627.0, "distinguished": null, "edited": false, "id": "cf343p3", "is_submitter": false, "link_id": "t3_1wesxv", "parent_id": "t3_1wesxv", "permalink": "/r/Frozen/comments/1wesxv/elsa_poster_girl_for_depression_and_anxiety/cf343p3/", "score": 6, "stickied": false, "subreddit_id": "t5_2vpth", "author_name": "foreverofbff", "author_id": "8qpmn", "subreddit_name": "frozen"}, {"body": "If Elsa were a real life person, I'd give her the biggest hug in the world", "created_utc": 1391188536.0, "distinguished": null, "edited": false, "id": "cf3p35c", "is_submitter": false, "link_id": "t3_1wesxv", "parent_id": "t3_1wesxv", "permalink": "/r/Frozen/comments/1wesxv/elsa_poster_girl_for_depression_and_anxiety/cf3p35c/", "score": 4, "stickied": false, "subreddit_id": "t5_2vpth", "author_name": null, "author_id": null, "subreddit_name": "frozen"}, {"body": "which is why i want to relate to and love Ana but i can't help but relate closer and gravitate towards Elsa more. she gets a lot of us", "created_utc": 1392288243.0, "distinguished": null, "edited": false, "id": "cfe8q70", "is_submitter": false, "link_id": "t3_1wesxv", "parent_id": "t3_1wesxv", "permalink": "/r/Frozen/comments/1wesxv/elsa_poster_girl_for_depression_and_anxiety/cfe8q70/", "score": 2, "stickied": false, "subreddit_id": "t5_2vpth", "author_name": "Gnet20", "author_id": "654xm", "subreddit_name": "frozen"}, {"body": "So true.  ", "created_utc": 1390954419.0, "distinguished": null, "edited": false, "id": "cf1d9eh", "is_submitter": false, "link_id": "t3_1wesxv", "parent_id": "t3_1wesxv", "permalink": "/r/Frozen/comments/1wesxv/elsa_poster_girl_for_depression_and_anxiety/cf1d9eh/", "score": 3, "stickied": false, "subreddit_id": "t5_2vpth", "author_name": "KaptainK27", "author_id": "f0vwg", "subreddit_name": "frozen"}, {"body": "Sometimes I wish Frozen didn't have as much comedic value and instead recognised the crippling issues of the sisters. If Olaf was not included in the film, it would not be a childrens' movie, at all. I would pay a lot of money to see a film like this catered to a PG/M+ audience, and addressed depression/anxiety in an obvious way.", "created_utc": 1390981234.0, "distinguished": null, "edited": 1390991092.0, "id": "cf1nzni", "is_submitter": false, "link_id": "t3_1wesxv", "parent_id": "t1_cf1dkej", "permalink": "/r/Frozen/comments/1wesxv/elsa_poster_girl_for_depression_and_anxiety/cf1nzni/", "score": 21, "stickied": false, "subreddit_id": "t5_2vpth", "author_name": "Miss_Sauce", "author_id": "9c9bo", "subreddit_name": "frozen"}, {"body": "It's not completely unprecedented.  Young Simba was written to be neurotic.  Aladdin and Quasi both had serious self image problems.  The idea of disney heroes (or just protagonists in general) going through character development in the story isn't new, and often their earlier flaws map to what we might call mental illness.  Lots of Joss Whedon's characters work like this too.\n\nFrozen didn't invent this, they just managed to do it at a depth no one has managed yet.  Elsa **suffers** on a level that Simba never did, and that makes the Happy Ending that much better.", "created_utc": 1391012418.0, "distinguished": null, "edited": false, "id": "cf1v1yf", "is_submitter": false, "link_id": "t3_1wesxv", "parent_id": "t1_cf1o1wo", "permalink": "/r/Frozen/comments/1wesxv/elsa_poster_girl_for_depression_and_anxiety/cf1v1yf/", "score": 14, "stickied": false, "subreddit_id": "t5_2vpth", "author_name": "AndIfWeFall", "author_id": "f0b0t", "subreddit_name": "frozen"}, {"body": "I think this is one of those \"be careful what you wish for\" things.  Yes, that would be great, but at the same time it **is** a children's movie.  One of the reasons the Fairy Tale Ending even makes sense is that we know we're watching a Disney musical.  You can't pull \"real\" characters out of depression with magic without seeming... dumb.  (And just to state the obvious you can't market a high-budget animated film with name brand talent unless you know you have a good shot at making that money back -- art films about mental illness don't draw the same crowds as princess blockbusters.)\n\nAll real art is about tradeoffs.  I think we need to be happy for the script we have.", "created_utc": 1391011667.0, "distinguished": null, "edited": false, "id": "cf1uqb4", "is_submitter": false, "link_id": "t3_1wesxv", "parent_id": "t1_cf1nzni", "permalink": "/r/Frozen/comments/1wesxv/elsa_poster_girl_for_depression_and_anxiety/cf1uqb4/", "score": 19, "stickied": false, "subreddit_id": "t5_2vpth", "author_name": "AndIfWeFall", "author_id": "f0b0t", "subreddit_name": "frozen"}, {"body": "Sorry this response is so late. This thread was recently linked from another thread.\n\n>Elsa suffers on a level that Simba never did, and that makes the Happy Ending that much better.\n\nI agree with this, but for me it's not just how much you suffered that makes the Happy Ending good, but also whether or not you earned that happy ending. To me, Elsa never earns her happy ending, it's simply handed to her by her sister (and Olaf). As you said in your spectacular analysis, Elsa fails to keep her sister safe, but she doesn't know why she failed. She never figures it out and makes the conscious decision to change. She never has her trial. She never has to struggle for her happy ending. It's simply handed to her.\n\n**The Lion King Spoilers**\n\nSimba was flawed and made mistakes. But then he figured it out (with help of course), made the conscious decision to change, had his trial, and fought for his happy ending. So at the end when he walks up Pride Rock, there's no doubt in anyone's mind that he earned it. Elsa was flawed and made mistakes, but she skipped all the other steps, and was still given a happy ending. This is why, for me, Simba's happy ending was more meaningful and satisfying than Elsa's. Then again, Anna is the hero in Frozen, not Elsa. It's Anna's trial, struggle, and sacrifice that allows everyone to have a happy ending (except Hans).\n\nEdit: AC, SGPFC", "created_utc": 1393395190.0, "distinguished": null, "edited": 1393522697.0, "id": "cfozyka", "is_submitter": false, "link_id": "t3_1wesxv", "parent_id": "t1_cf1v1yf", "permalink": "/r/Frozen/comments/1wesxv/elsa_poster_girl_for_depression_and_anxiety/cfozyka/", "score": 3, "stickied": false, "subreddit_id": "t5_2vpth", "author_name": "CarterDug", "author_id": "7c3j2", "subreddit_name": "frozen"}]