{"clicked": false, "created_utc": 1390949164.0, "distinguished": null, "edited": false, "id": "1wesxv", "is_video": false, "locked": false, "num_comments": 13, "over_18": false, "permalink": "/r/Frozen/comments/1wesxv/elsa_poster_girl_for_depression_and_anxiety/", "score": 230, "selftext": "", "stickied": false, "subreddit_id": "t5_2vpth", "title": "Elsa, poster girl for depression and anxiety", "url": "http://elsaswarmheart.tumblr.com/post/74857963387/conceal-dont-feel-dont-let-them-know-with", "author_name": "damocles2501", "author_id": "d3wqx", "subreddit_name": "frozen", "upvote_ratio": 0.99}