[{"body": "Absolutely love this! Though wasn't the queen a brunette and the king a ginger?", "created_utc": 1393284833.0, "distinguished": null, "edited": false, "id": "cfnt1jy", "is_submitter": false, "link_id": "t3_1yu6oi", "parent_id": "t3_1yu6oi", "permalink": "/r/Frozen/comments/1yu6oi/the_royal_family_portrait/cfnt1jy/", "score": 25, "stickied": false, "subreddit_id": "t5_2vpth", "author_name": null, "author_id": null, "subreddit_name": "frozen"}, {"body": "Source?\n\nEdit:  wow it's not fanart.. this is concept work from the Art of Frozen book: http://animationtidbits.tumblr.com/post/68753398881/thedisnerd-frozen-2013-concept-art-of-the", "created_utc": 1393287547.0, "distinguished": null, "edited": false, "id": "cfnua80", "is_submitter": false, "link_id": "t3_1yu6oi", "parent_id": "t3_1yu6oi", "permalink": "/r/Frozen/comments/1yu6oi/the_royal_family_portrait/cfnua80/", "score": 15, "stickied": false, "subreddit_id": "t5_2vpth", "author_name": "damocles2501", "author_id": "d3wqx", "subreddit_name": "frozen"}, {"body": "Wow, thanks you, I only saw the sketch one before! ", "created_utc": 1393288425.0, "distinguished": null, "edited": false, "id": "cfnuokt", "is_submitter": false, "link_id": "t3_1yu6oi", "parent_id": "t3_1yu6oi", "permalink": "/r/Frozen/comments/1yu6oi/the_royal_family_portrait/cfnuokt/", "score": 2, "stickied": false, "subreddit_id": "t5_2vpth", "author_name": "teffhk", "author_id": "dyxc8", "subreddit_name": "frozen"}, {"body": "I thought the queen had black hair?", "created_utc": 1393332428.0, "distinguished": null, "edited": false, "id": "cfo89f1", "is_submitter": false, "link_id": "t3_1yu6oi", "parent_id": "t3_1yu6oi", "permalink": "/r/Frozen/comments/1yu6oi/the_royal_family_portrait/cfo89f1/", "score": 2, "stickied": false, "subreddit_id": "t5_2vpth", "author_name": "ThreeBigTacos", "author_id": "5h9ld", "subreddit_name": "frozen"}, {"body": "I'm damn sure kind was a red and the queen was a dark brown ", "created_utc": 1395709624.0, "distinguished": null, "edited": false, "id": "cgb2yys", "is_submitter": false, "link_id": "t3_1yu6oi", "parent_id": "t3_1yu6oi", "permalink": "/r/Frozen/comments/1yu6oi/the_royal_family_portrait/cgb2yys/", "score": 1, "stickied": false, "subreddit_id": "t5_2vpth", "author_name": "Arrowkartkid_4", "author_id": "evxen", "subreddit_name": "frozen"}, {"body": "Concept art. c:\nhttp://animationtidbits.tumblr.com/post/68753398881/thedisnerd-frozen-2013-concept-art-of-the", "created_utc": 1393288710.0, "distinguished": null, "edited": false, "id": "cfnut7z", "is_submitter": false, "link_id": "t3_1yu6oi", "parent_id": "t1_cfnt1jy", "permalink": "/r/Frozen/comments/1yu6oi/the_royal_family_portrait/cfnut7z/", "score": 12, "stickied": false, "subreddit_id": "t5_2vpth", "author_name": "Kittily", "author_id": "abomw", "subreddit_name": "frozen"}, {"body": "Yeah, the way the faces looked seemed too Disney-looking to be fanart. ", "created_utc": 1393297827.0, "distinguished": null, "edited": false, "id": "cfnz49w", "is_submitter": false, "link_id": "t3_1yu6oi", "parent_id": "t1_cfnua80", "permalink": "/r/Frozen/comments/1yu6oi/the_royal_family_portrait/cfnz49w/", "score": 6, "stickied": false, "subreddit_id": "t5_2vpth", "author_name": null, "author_id": null, "subreddit_name": "frozen"}]