{"clicked": false, "created_utc": 1393283663.0, "distinguished": null, "edited": false, "id": "1yu6oi", "is_video": false, "locked": false, "num_comments": 7, "over_18": false, "permalink": "/r/Frozen/comments/1yu6oi/the_royal_family_portrait/", "score": 171, "selftext": "", "stickied": false, "subreddit_id": "t5_2vpth", "title": "The Royal Family portrait", "url": "http://i.imgur.com/ybPW6bS.jpg", "author_name": "TheKing0fLimbs", "author_id": "d03e0", "subreddit_name": "frozen", "upvote_ratio": 0.96}