[{"body": "no you must give them to me!!!\n\njk that's awesome you should wear them everywhere", "created_utc": 1393242611.0, "distinguished": null, "edited": false, "id": "cfnbkra", "is_submitter": false, "link_id": "t3_1ysaur", "parent_id": "t3_1ysaur", "permalink": "/r/Frozen/comments/1ysaur/my_frozen_obsession_took_me_to_new_artistic/cfnbkra/", "score": 12, "stickied": false, "subreddit_id": "t5_2vpth", "author_name": "vuelianna", "author_id": "f18ut", "subreddit_name": "frozen"}, {"body": "I love it :)", "created_utc": 1393238927.0, "distinguished": null, "edited": false, "id": "cfnaz0b", "is_submitter": false, "link_id": "t3_1ysaur", "parent_id": "t3_1ysaur", "permalink": "/r/Frozen/comments/1ysaur/my_frozen_obsession_took_me_to_new_artistic/cfnaz0b/", "score": 10, "stickied": false, "subreddit_id": "t5_2vpth", "author_name": "Portgas", "author_id": "7kc75", "subreddit_name": "frozen"}, {"body": "I would be too shy to wear them in the public, but I'd certainly be wearing these at home. \n\nBut you should not be shy to wear them outside! :D", "created_utc": 1393244275.0, "distinguished": null, "edited": false, "id": "cfnbvpe", "is_submitter": false, "link_id": "t3_1ysaur", "parent_id": "t3_1ysaur", "permalink": "/r/Frozen/comments/1ysaur/my_frozen_obsession_took_me_to_new_artistic/cfnbvpe/", "score": 7, "stickied": false, "subreddit_id": "t5_2vpth", "author_name": "FelixBlue", "author_id": "fca2h", "subreddit_name": "frozen"}, {"body": "Wow, those are awesome! Job well done hehe, WEAR THEM WITH PRIDE\n\n(though personally I actually wouldn't, to preserve the aforementioned awesomeness :)", "created_utc": 1393241752.0, "distinguished": null, "edited": 1393249707.0, "id": "cfnbfeg", "is_submitter": false, "link_id": "t3_1ysaur", "parent_id": "t3_1ysaur", "permalink": "/r/Frozen/comments/1ysaur/my_frozen_obsession_took_me_to_new_artistic/cfnbfeg/", "score": 5, "stickied": false, "subreddit_id": "t5_2vpth", "author_name": null, "author_id": null, "subreddit_name": "frozen"}, {"body": "They are so cool!  I love how simplistic you made them and yet most people (definitely in this reddit) would know exactly who they are.", "created_utc": 1393266116.0, "distinguished": null, "edited": false, "id": "cfnjpsq", "is_submitter": false, "link_id": "t3_1ysaur", "parent_id": "t3_1ysaur", "permalink": "/r/Frozen/comments/1ysaur/my_frozen_obsession_took_me_to_new_artistic/cfnjpsq/", "score": 4, "stickied": false, "subreddit_id": "t5_2vpth", "author_name": "WFJCSkipper", "author_id": "absxp", "subreddit_name": "frozen"}, {"body": "I love the left one!! You got that rosemaling style perfectly! ", "created_utc": 1393256680.0, "distinguished": null, "edited": false, "id": "cfnffkx", "is_submitter": false, "link_id": "t3_1ysaur", "parent_id": "t3_1ysaur", "permalink": "/r/Frozen/comments/1ysaur/my_frozen_obsession_took_me_to_new_artistic/cfnffkx/", "score": 3, "stickied": false, "subreddit_id": "t5_2vpth", "author_name": "JessTheHumanGirl", "author_id": "9o5fz", "subreddit_name": "frozen"}, {"body": "Careful walking around, you might start another eternal winter...", "created_utc": 1393264006.0, "distinguished": null, "edited": false, "id": "cfnioom", "is_submitter": false, "link_id": "t3_1ysaur", "parent_id": "t3_1ysaur", "permalink": "/r/Frozen/comments/1ysaur/my_frozen_obsession_took_me_to_new_artistic/cfnioom/", "score": 3, "stickied": false, "subreddit_id": "t5_2vpth", "author_name": "TeleVue", "author_id": "f5kuq", "subreddit_name": "frozen"}, {"body": "Thanks everyone :) Here's a full [album](http://imgur.com/a/shZhj) of shoe pics. I messed up on the snowflakes but I don't even care I'm so happy XD", "created_utc": 1393270797.0, "distinguished": null, "edited": false, "id": "cfnm1pc", "is_submitter": true, "link_id": "t3_1ysaur", "parent_id": "t3_1ysaur", "permalink": "/r/Frozen/comments/1ysaur/my_frozen_obsession_took_me_to_new_artistic/cfnm1pc/", "score": 3, "stickied": false, "subreddit_id": "t5_2vpth", "author_name": "my_little_epona", "author_id": "8i6c9", "subreddit_name": "frozen"}, {"body": "I want a pair they're so beautiful :')", "created_utc": 1393334711.0, "distinguished": null, "edited": false, "id": "cfo8s5i", "is_submitter": false, "link_id": "t3_1ysaur", "parent_id": "t3_1ysaur", "permalink": "/r/Frozen/comments/1ysaur/my_frozen_obsession_took_me_to_new_artistic/cfo8s5i/", "score": 2, "stickied": false, "subreddit_id": "t5_2vpth", "author_name": "Ninjastar14", "author_id": "ek2pn", "subreddit_name": "frozen"}, {"body": "These are absolutely adorable!  You could make a killing off of Etsy for them, I know I wish I could create stuff like that!  How long did it take you to make them?", "created_utc": 1393469317.0, "distinguished": null, "edited": false, "id": "cfpqu66", "is_submitter": false, "link_id": "t3_1ysaur", "parent_id": "t3_1ysaur", "permalink": "/r/Frozen/comments/1ysaur/my_frozen_obsession_took_me_to_new_artistic/cfpqu66/", "score": 2, "stickied": false, "subreddit_id": "t5_2vpth", "author_name": "agreatperhapswaits", "author_id": "b9zth", "subreddit_name": "frozen"}, {"body": "You'll have to fight me for em! :D", "created_utc": 1393272241.0, "distinguished": null, "edited": false, "id": "cfnmrdj", "is_submitter": true, "link_id": "t3_1ysaur", "parent_id": "t1_cfnbkra", "permalink": "/r/Frozen/comments/1ysaur/my_frozen_obsession_took_me_to_new_artistic/cfnmrdj/", "score": 7, "stickied": false, "subreddit_id": "t5_2vpth", "author_name": "my_little_epona", "author_id": "8i6c9", "subreddit_name": "frozen"}, {"body": "Thank you :)", "created_utc": 1393270844.0, "distinguished": null, "edited": false, "id": "cfnm2i9", "is_submitter": true, "link_id": "t3_1ysaur", "parent_id": "t1_cfnaz0b", "permalink": "/r/Frozen/comments/1ysaur/my_frozen_obsession_took_me_to_new_artistic/cfnm2i9/", "score": 2, "stickied": false, "subreddit_id": "t5_2vpth", "author_name": "my_little_epona", "author_id": "8i6c9", "subreddit_name": "frozen"}, {"body": "Don't be shy, just let it go.", "created_utc": 1393278140.0, "distinguished": null, "edited": false, "id": "cfnps4v", "is_submitter": false, "link_id": "t3_1ysaur", "parent_id": "t1_cfnbvpe", "permalink": "/r/Frozen/comments/1ysaur/my_frozen_obsession_took_me_to_new_artistic/cfnps4v/", "score": 5, "stickied": false, "subreddit_id": "t5_2vpth", "author_name": "jayjay200", "author_id": "c0kdx", "subreddit_name": "frozen"}, {"body": "I'm only going to wear them to Disneyland, I think!", "created_utc": 1393270838.0, "distinguished": null, "edited": false, "id": "cfnm2eg", "is_submitter": true, "link_id": "t3_1ysaur", "parent_id": "t1_cfnbvpe", "permalink": "/r/Frozen/comments/1ysaur/my_frozen_obsession_took_me_to_new_artistic/cfnm2eg/", "score": 1, "stickied": false, "subreddit_id": "t5_2vpth", "author_name": "my_little_epona", "author_id": "8i6c9", "subreddit_name": "frozen"}, {"body": "I SHALL. Hehe thank you.", "created_utc": 1393270861.0, "distinguished": null, "edited": false, "id": "cfnm2sm", "is_submitter": true, "link_id": "t3_1ysaur", "parent_id": "t1_cfnbfeg", "permalink": "/r/Frozen/comments/1ysaur/my_frozen_obsession_took_me_to_new_artistic/cfnm2sm/", "score": 2, "stickied": false, "subreddit_id": "t5_2vpth", "author_name": "my_little_epona", "author_id": "8i6c9", "subreddit_name": "frozen"}, {"body": "Thank you :) I tried not to go toooo crazy. It was hard, let me tell ya. ", "created_utc": 1393270965.0, "distinguished": null, "edited": false, "id": "cfnm4mh", "is_submitter": true, "link_id": "t3_1ysaur", "parent_id": "t1_cfnjpsq", "permalink": "/r/Frozen/comments/1ysaur/my_frozen_obsession_took_me_to_new_artistic/cfnm4mh/", "score": 2, "stickied": false, "subreddit_id": "t5_2vpth", "author_name": "my_little_epona", "author_id": "8i6c9", "subreddit_name": "frozen"}, {"body": "It was so hard. Next time I'll use a stencil, for sure.", "created_utc": 1393270901.0, "distinguished": null, "edited": false, "id": "cfnm3hy", "is_submitter": true, "link_id": "t3_1ysaur", "parent_id": "t1_cfnffkx", "permalink": "/r/Frozen/comments/1ysaur/my_frozen_obsession_took_me_to_new_artistic/cfnm3hy/", "score": 2, "stickied": false, "subreddit_id": "t5_2vpth", "author_name": "my_little_epona", "author_id": "8i6c9", "subreddit_name": "frozen"}, {"body": "That'd be fine, it's hot where I am...", "created_utc": 1393270917.0, "distinguished": null, "edited": false, "id": "cfnm3sa", "is_submitter": true, "link_id": "t3_1ysaur", "parent_id": "t1_cfnioom", "permalink": "/r/Frozen/comments/1ysaur/my_frozen_obsession_took_me_to_new_artistic/cfnm3sa/", "score": 1, "stickied": false, "subreddit_id": "t5_2vpth", "author_name": "my_little_epona", "author_id": "8i6c9", "subreddit_name": "frozen"}, {"body": "Hehe thank you", "created_utc": 1393495382.0, "distinguished": null, "edited": false, "id": "cfpyvra", "is_submitter": true, "link_id": "t3_1ysaur", "parent_id": "t1_cfo8s5i", "permalink": "/r/Frozen/comments/1ysaur/my_frozen_obsession_took_me_to_new_artistic/cfpyvra/", "score": 1, "stickied": false, "subreddit_id": "t5_2vpth", "author_name": "my_little_epona", "author_id": "8i6c9", "subreddit_name": "frozen"}, {"body": "Thank you! I do have an etsy page, I've been hesitant because I'm not too confident yet, but here's hoping. It was about 8 hours total, I think. I've done more complicated shoes, for sure!", "created_utc": 1393495348.0, "distinguished": null, "edited": false, "id": "cfpyvl2", "is_submitter": true, "link_id": "t3_1ysaur", "parent_id": "t1_cfpqu66", "permalink": "/r/Frozen/comments/1ysaur/my_frozen_obsession_took_me_to_new_artistic/cfpyvl2/", "score": 2, "stickied": false, "subreddit_id": "t5_2vpth", "author_name": "my_little_epona", "author_id": "8i6c9", "subreddit_name": "frozen"}, {"body": "Epona?  Link's Epona?  :)", "created_utc": 1393302326.0, "distinguished": null, "edited": false, "id": "cfo191m", "is_submitter": false, "link_id": "t3_1ysaur", "parent_id": "t1_cfnm4mh", "permalink": "/r/Frozen/comments/1ysaur/my_frozen_obsession_took_me_to_new_artistic/cfo191m/", "score": 2, "stickied": false, "subreddit_id": "t5_2vpth", "author_name": "WFJCSkipper", "author_id": "absxp", "subreddit_name": "frozen"}, {"body": "Honestly if I had the money and you were willing to I'd buy a pair from you ", "created_utc": 1393595579.0, "distinguished": null, "edited": false, "id": "cfqwuim", "is_submitter": false, "link_id": "t3_1ysaur", "parent_id": "t1_cfpyvra", "permalink": "/r/Frozen/comments/1ysaur/my_frozen_obsession_took_me_to_new_artistic/cfqwuim/", "score": 2, "stickied": false, "subreddit_id": "t5_2vpth", "author_name": "Ninjastar14", "author_id": "ek2pn", "subreddit_name": "frozen"}, {"body": "Naturally! ", "created_utc": 1393303518.0, "distinguished": null, "edited": false, "id": "cfo1rdx", "is_submitter": true, "link_id": "t3_1ysaur", "parent_id": "t1_cfo191m", "permalink": "/r/Frozen/comments/1ysaur/my_frozen_obsession_took_me_to_new_artistic/cfo1rdx/", "score": 2, "stickied": false, "subreddit_id": "t5_2vpth", "author_name": "my_little_epona", "author_id": "8i6c9", "subreddit_name": "frozen"}]