{"clicked": false, "created_utc": 1393238587.0, "distinguished": null, "edited": false, "id": "1ysaur", "is_video": false, "locked": false, "num_comments": 23, "over_18": false, "permalink": "/r/Frozen/comments/1ysaur/my_frozen_obsession_took_me_to_new_artistic/", "score": 134, "selftext": "", "stickied": false, "subreddit_id": "t5_2vpth", "title": "My Frozen obsession took me to new artistic heights. I can wear these every day right?", "url": "http://imgur.com/eq0Eyrc", "author_name": "my_little_epona", "author_id": "8i6c9", "subreddit_name": "frozen", "upvote_ratio": 0.99}