[{"body": "I was about to say, its actually a cuteness pairaducks... but there are 3 of them.", "created_utc": 1393443239.0, "distinguished": null, "edited": false, "id": "cfpe73n", "is_submitter": false, "link_id": "t3_1z0j2t", "parent_id": "t3_1z0j2t", "permalink": "/r/Frozen/comments/1z0j2t/i_have_just_discovered_a_cuteness_singularity/cfpe73n/", "score": 22, "stickied": false, "subreddit_id": "t5_2vpth", "author_name": "gdkitty", "author_id": "8payt", "subreddit_name": "frozen"}, {"body": "If Anna was biting her lip I think the universe may have imploded.", "created_utc": 1393451600.0, "distinguished": null, "edited": false, "id": "cfpimvr", "is_submitter": false, "link_id": "t3_1z0j2t", "parent_id": "t3_1z0j2t", "permalink": "/r/Frozen/comments/1z0j2t/i_have_just_discovered_a_cuteness_singularity/cfpimvr/", "score": 13, "stickied": false, "subreddit_id": "t5_2vpth", "author_name": "austinstudios", "author_id": "ctiu4", "subreddit_name": "frozen"}, {"body": "I feel sorry for the ones left out :'(. I'm pretty sure they wanted to be The One.", "created_utc": 1393443058.0, "distinguished": null, "edited": false, "id": "cfpe3su", "is_submitter": false, "link_id": "t3_1z0j2t", "parent_id": "t3_1z0j2t", "permalink": "/r/Frozen/comments/1z0j2t/i_have_just_discovered_a_cuteness_singularity/cfpe3su/", "score": 6, "stickied": false, "subreddit_id": "t5_2vpth", "author_name": "TheKing0fLimbs", "author_id": "d03e0", "subreddit_name": "frozen"}, {"body": "A beauty incarnate", "created_utc": 1393443215.0, "distinguished": null, "edited": false, "id": "cfpe6nf", "is_submitter": false, "link_id": "t3_1z0j2t", "parent_id": "t3_1z0j2t", "permalink": "/r/Frozen/comments/1z0j2t/i_have_just_discovered_a_cuteness_singularity/cfpe6nf/", "score": 4, "stickied": false, "subreddit_id": "t5_2vpth", "author_name": "Portgas", "author_id": "7kc75", "subreddit_name": "frozen"}, {"body": "Dat HD.", "created_utc": 1393458466.0, "distinguished": null, "edited": false, "id": "cfplywm", "is_submitter": false, "link_id": "t3_1z0j2t", "parent_id": "t3_1z0j2t", "permalink": "/r/Frozen/comments/1z0j2t/i_have_just_discovered_a_cuteness_singularity/cfplywm/", "score": 3, "stickied": false, "subreddit_id": "t5_2vpth", "author_name": null, "author_id": null, "subreddit_name": "frozen"}, {"body": "Sorry.. I don't get it, can someone explain? :(", "created_utc": 1393446060.0, "distinguished": null, "edited": 1393446627.0, "id": "cfpfmvg", "is_submitter": false, "link_id": "t3_1z0j2t", "parent_id": "t3_1z0j2t", "permalink": "/r/Frozen/comments/1z0j2t/i_have_just_discovered_a_cuteness_singularity/cfpfmvg/", "score": 2, "stickied": false, "subreddit_id": "t5_2vpth", "author_name": "xlnqeniuz", "author_id": "8ew4h", "subreddit_name": "frozen"}, {"body": "(head explodes)", "created_utc": 1393482153.0, "distinguished": null, "edited": false, "id": "cfpw4xa", "is_submitter": false, "link_id": "t3_1z0j2t", "parent_id": "t3_1z0j2t", "permalink": "/r/Frozen/comments/1z0j2t/i_have_just_discovered_a_cuteness_singularity/cfpw4xa/", "score": 1, "stickied": false, "subreddit_id": "t5_2vpth", "author_name": "Guild_Navigator", "author_id": "6v5xw", "subreddit_name": "frozen"}, {"body": "Anna's smile + baby ducklings.", "created_utc": 1393448683.0, "distinguished": null, "edited": false, "id": "cfph1gp", "is_submitter": false, "link_id": "t3_1z0j2t", "parent_id": "t1_cfpfmvg", "permalink": "/r/Frozen/comments/1z0j2t/i_have_just_discovered_a_cuteness_singularity/cfph1gp/", "score": 8, "stickied": false, "subreddit_id": "t5_2vpth", "author_name": "NotUnusualYet", "author_id": "5pezz", "subreddit_name": "frozen"}]