{"clicked": false, "created_utc": 1393442668.0, "distinguished": null, "edited": false, "id": "1z0j2t", "is_video": false, "locked": false, "num_comments": 8, "over_18": false, "permalink": "/r/Frozen/comments/1z0j2t/i_have_just_discovered_a_cuteness_singularity/", "score": 196, "selftext": "", "stickied": false, "subreddit_id": "t5_2vpth", "title": "I have just discovered a cuteness singularity", "url": "http://i.imgur.com/SCBXyP9.jpg", "author_name": "loopuleasa", "author_id": "4josc", "subreddit_name": "frozen", "upvote_ratio": 0.98}