[{"body": ">And I'm pretty sure you said something about making out with your sister?\n\n>Nope...\n\n>No, I'm pretty sure you did.\n\n>Nah, that ain't me", "created_utc": 1391718424.0, "distinguished": null, "edited": false, "id": "cf8s5hv", "is_submitter": false, "link_id": "t3_1x76wb", "parent_id": "t3_1x76wb", "permalink": "/r/Frozen/comments/1x76wb/im_sure_at_least_some_of_you_have_already_seen/cf8s5hv/", "score": 37, "stickied": false, "subreddit_id": "t5_2vpth", "author_name": "engineering_diver", "author_id": "bep8z", "subreddit_name": "frozen"}, {"body": "Smack a wolf with a banjo like a boss\n", "created_utc": 1391723289.0, "distinguished": null, "edited": false, "id": "cf8ult2", "is_submitter": false, "link_id": "t3_1x76wb", "parent_id": "t3_1x76wb", "permalink": "/r/Frozen/comments/1x76wb/im_sure_at_least_some_of_you_have_already_seen/cf8ult2/", "score": 24, "stickied": false, "subreddit_id": "t5_2vpth", "author_name": "jayjay200", "author_id": "c0kdx", "subreddit_name": "frozen"}, {"body": "You crazy kids and your incest.", "created_utc": 1391724237.0, "distinguished": null, "edited": false, "id": "cf8v32w", "is_submitter": false, "link_id": "t3_1x76wb", "parent_id": "t3_1x76wb", "permalink": "/r/Frozen/comments/1x76wb/im_sure_at_least_some_of_you_have_already_seen/cf8v32w/", "score": 18, "stickied": false, "subreddit_id": "t5_2vpth", "author_name": "SukaPahpah", "author_id": "67svq", "subreddit_name": "frozen"}, {"body": "Let the Elsanna rage on...\nThe incest never bothered me anyway!", "created_utc": 1391735445.0, "distinguished": null, "edited": false, "id": "cf908th", "is_submitter": false, "link_id": "t3_1x76wb", "parent_id": "t3_1x76wb", "permalink": "/r/Frozen/comments/1x76wb/im_sure_at_least_some_of_you_have_already_seen/cf908th/", "score": 24, "stickied": false, "subreddit_id": "t5_2vpth", "author_name": "Eriflee", "author_id": "8n6qs", "subreddit_name": "frozen"}, {"body": "Elsanna is love, Elsanna is life.", "created_utc": 1391720833.0, "distinguished": null, "edited": false, "id": "cf8td8x", "is_submitter": false, "link_id": "t3_1x76wb", "parent_id": "t3_1x76wb", "permalink": "/r/Frozen/comments/1x76wb/im_sure_at_least_some_of_you_have_already_seen/cf8td8x/", "score": 27, "stickied": false, "subreddit_id": "t5_2vpth", "author_name": "shmameron", "author_id": "9h46k", "subreddit_name": "frozen"}, {"body": "Hahaha.. CAN'T BREATH!! Totally make my day!", "created_utc": 1391734582.0, "distinguished": null, "edited": false, "id": "cf8zuy3", "is_submitter": false, "link_id": "t3_1x76wb", "parent_id": "t3_1x76wb", "permalink": "/r/Frozen/comments/1x76wb/im_sure_at_least_some_of_you_have_already_seen/cf8zuy3/", "score": 7, "stickied": false, "subreddit_id": "t5_2vpth", "author_name": "teffhk", "author_id": "dyxc8", "subreddit_name": "frozen"}, {"body": "I can't believe the artist didn't include that one!\n\nP.S. It's a lute :) ", "created_utc": 1391730634.0, "distinguished": null, "edited": false, "id": "cf8y4ar", "is_submitter": true, "link_id": "t3_1x76wb", "parent_id": "t1_cf8ult2", "permalink": "/r/Frozen/comments/1x76wb/im_sure_at_least_some_of_you_have_already_seen/cf8y4ar/", "score": 14, "stickied": false, "subreddit_id": "t5_2vpth", "author_name": "EvilLittleThing", "author_id": "7c5qp", "subreddit_name": "frozen"}, {"body": "Do you wanna share some incest? It doesn't have to be some incest. ", "created_utc": 1391744166.0, "distinguished": null, "edited": false, "id": "cf945hy", "is_submitter": false, "link_id": "t3_1x76wb", "parent_id": "t1_cf908th", "permalink": "/r/Frozen/comments/1x76wb/im_sure_at_least_some_of_you_have_already_seen/cf945hy/", "score": 10, "stickied": false, "subreddit_id": "t5_2vpth", "author_name": "TheOneAndOnlyTainted", "author_id": "dhz5a", "subreddit_name": "frozen"}, {"body": "Perfect. Comment. Right. Here. ", "created_utc": 1391744147.0, "distinguished": null, "edited": false, "id": "cf9457d", "is_submitter": false, "link_id": "t3_1x76wb", "parent_id": "t1_cf908th", "permalink": "/r/Frozen/comments/1x76wb/im_sure_at_least_some_of_you_have_already_seen/cf9457d/", "score": 0, "stickied": false, "subreddit_id": "t5_2vpth", "author_name": "TheOneAndOnlyTainted", "author_id": "dhz5a", "subreddit_name": "frozen"}, {"body": "Why yes, I believe that's correct.", "created_utc": 1391743042.0, "distinguished": null, "edited": false, "id": "cf93n0y", "is_submitter": false, "link_id": "t3_1x76wb", "parent_id": "t1_cf8td8x", "permalink": "/r/Frozen/comments/1x76wb/im_sure_at_least_some_of_you_have_already_seen/cf93n0y/", "score": 7, "stickied": false, "subreddit_id": "t5_2vpth", "author_name": "Elsanna", "author_id": "f5jzk", "subreddit_name": "frozen"}]