{"clicked": false, "created_utc": 1391711916.0, "distinguished": null, "edited": false, "id": "1x76wb", "is_video": false, "locked": false, "num_comments": 10, "over_18": false, "permalink": "/r/Frozen/comments/1x76wb/im_sure_at_least_some_of_you_have_already_seen/", "score": 127, "selftext": "", "stickied": false, "subreddit_id": "t5_2vpth", "title": "I'm sure at least some of you have already seen this before, but I'm dying laughing at this.", "url": "http://yamino.deviantart.com/art/XTREME-ANNA-419201319", "author_name": "EvilLittleThing", "author_id": "7c5qp", "subreddit_name": "frozen", "upvote_ratio": 0.93}