[{"body": "Elsa is an independent snow queen who don't need no man ", "created_utc": 1392518915.0, "distinguished": null, "edited": false, "id": "cfgenuw", "is_submitter": false, "link_id": "t3_1y0pxi", "parent_id": "t3_1y0pxi", "permalink": "/r/Frozen/comments/1y0pxi/elsa_needs_her_space/cfgenuw/", "score": 29, "stickied": false, "subreddit_id": "t5_2vpth", "author_name": null, "author_id": null, "subreddit_name": "frozen"}, {"body": "Elsa needs her own character to settle down with. Not someone's husband/her sister/an asshat/noteveninheruniverse.\n\nAnna and Elsa creeps me out a bit, but it mostly annoys me. The whole point of the film was that it's a love between SISTERS. Not a romantic love. That's what saves them both at the end of the day: family, not romance. And it almost degrades that by shipping them together. It's like people have seen the point of the film and gone \"Nah!\"\n\nAnd NO EUGENE.\n\nHe is Rapunzel's.\n\nAnd they are adorable.\n\nNo.", "created_utc": 1392551099.0, "distinguished": null, "edited": false, "id": "cfgmtz5", "is_submitter": false, "link_id": "t3_1y0pxi", "parent_id": "t3_1y0pxi", "permalink": "/r/Frozen/comments/1y0pxi/elsa_needs_her_space/cfgmtz5/", "score": 17, "stickied": false, "subreddit_id": "t5_2vpth", "author_name": "DarkestSin", "author_id": "7n6go", "subreddit_name": "frozen"}, {"body": "Who is that dude in the top right?", "created_utc": 1392511158.0, "distinguished": null, "edited": false, "id": "cfgbtnq", "is_submitter": false, "link_id": "t3_1y0pxi", "parent_id": "t3_1y0pxi", "permalink": "/r/Frozen/comments/1y0pxi/elsa_needs_her_space/cfgbtnq/", "score": 12, "stickied": false, "subreddit_id": "t5_2vpth", "author_name": "VorDresden", "author_id": "8mebr", "subreddit_name": "frozen"}, {"body": "Do people really ship Elsa and Eugene? He is *married*. To *Rapunzel*. Who is Elsa's *cousin*.\n\nAlso, Pitch? Oh wow. I'm speechless. And I still see no point in Jelsa, but I have to admit it's a guilty pleasure lol\n\nThe \"less wrong\" ship there is Elsanna IMO. I half-ship it. At least they're on the same fucking movie. (Yeah, There's Hans too, but Hans is a dick.)\n\nSorry for the rant, sometimes the shipping in this fandom frustrates me. Good picture nevertheless!\n\n(Edited because of my stupid grammar)", "created_utc": 1392510240.0, "distinguished": null, "edited": 1392510443.0, "id": "cfgbhc1", "is_submitter": false, "link_id": "t3_1y0pxi", "parent_id": "t3_1y0pxi", "permalink": "/r/Frozen/comments/1y0pxi/elsa_needs_her_space/cfgbhc1/", "score": 24, "stickied": false, "subreddit_id": "t5_2vpth", "author_name": "BITCHING_ANGEL", "author_id": "bqy3g", "subreddit_name": "frozen"}, {"body": "The statistician in me loved that pic because of Anna's face. She knows the two most popular ships are JackxElsa and Elsanna.", "created_utc": 1392510933.0, "distinguished": null, "edited": false, "id": "cfgbqo0", "is_submitter": false, "link_id": "t3_1y0pxi", "parent_id": "t3_1y0pxi", "permalink": "/r/Frozen/comments/1y0pxi/elsa_needs_her_space/cfgbqo0/", "score": 7, "stickied": false, "subreddit_id": "t5_2vpth", "author_name": "loopuleasa", "author_id": "4josc", "subreddit_name": "frozen"}, {"body": "I love this.", "created_utc": 1392511538.0, "distinguished": null, "edited": false, "id": "cfgbynj", "is_submitter": false, "link_id": "t3_1y0pxi", "parent_id": "t3_1y0pxi", "permalink": "/r/Frozen/comments/1y0pxi/elsa_needs_her_space/cfgbynj/", "score": 4, "stickied": false, "subreddit_id": "t5_2vpth", "author_name": "Tyranid457", "author_id": "6z08b", "subreddit_name": "frozen"}, {"body": "Why no Kristelsa...", "created_utc": 1392529129.0, "distinguished": null, "edited": false, "id": "cfgiamd", "is_submitter": false, "link_id": "t3_1y0pxi", "parent_id": "t3_1y0pxi", "permalink": "/r/Frozen/comments/1y0pxi/elsa_needs_her_space/cfgiamd/", "score": 3, "stickied": false, "subreddit_id": "t5_2vpth", "author_name": "cgr100", "author_id": "9sqwj", "subreddit_name": "frozen"}, {"body": "No love for Krisoff, mushmarrow...? Jkd", "created_utc": 1392519453.0, "distinguished": null, "edited": false, "id": "cfgeutr", "is_submitter": false, "link_id": "t3_1y0pxi", "parent_id": "t3_1y0pxi", "permalink": "/r/Frozen/comments/1y0pxi/elsa_needs_her_space/cfgeutr/", "score": 5, "stickied": false, "subreddit_id": "t5_2vpth", "author_name": "teffhk", "author_id": "dyxc8", "subreddit_name": "frozen"}, {"body": "What's the narrative for Pitch and Elsa?", "created_utc": 1392625910.0, "distinguished": null, "edited": false, "id": "cfhcouc", "is_submitter": false, "link_id": "t3_1y0pxi", "parent_id": "t3_1y0pxi", "permalink": "/r/Frozen/comments/1y0pxi/elsa_needs_her_space/cfhcouc/", "score": 2, "stickied": false, "subreddit_id": "t5_2vpth", "author_name": "CONCEITED_HIPSTER", "author_id": "a7tb2", "subreddit_name": "frozen"}, {"body": "lol I love it. Jelsa all the way! Look at how Anna scowls at Jack as if he's the real threat out of all the guys next to her sister. :D", "created_utc": 1392611254.0, "distinguished": null, "edited": false, "id": "cfh8b1e", "is_submitter": false, "link_id": "t3_1y0pxi", "parent_id": "t3_1y0pxi", "permalink": "/r/Frozen/comments/1y0pxi/elsa_needs_her_space/cfh8b1e/", "score": 1, "stickied": false, "subreddit_id": "t5_2vpth", "author_name": "Princess-Kat", "author_id": "fb62a", "subreddit_name": "frozen"}, {"body": "How in the fuck did I not think to ship her with Flynn before? Thank you deviantart!", "created_utc": 1392523290.0, "distinguished": null, "edited": false, "id": "cfgg9wd", "is_submitter": false, "link_id": "t3_1y0pxi", "parent_id": "t3_1y0pxi", "permalink": "/r/Frozen/comments/1y0pxi/elsa_needs_her_space/cfgg9wd/", "score": 1, "stickied": false, "subreddit_id": "t5_2vpth", "author_name": "AdultSupervision", "author_id": "ej121", "subreddit_name": "frozen"}, {"body": "But she do need her sister. ;)", "created_utc": 1392526248.0, "distinguished": null, "edited": false, "id": "cfghcf3", "is_submitter": false, "link_id": "t3_1y0pxi", "parent_id": "t1_cfgenuw", "permalink": "/r/Frozen/comments/1y0pxi/elsa_needs_her_space/cfghcf3/", "score": 14, "stickied": false, "subreddit_id": "t5_2vpth", "author_name": "StarburstGirl", "author_id": "auil5", "subreddit_name": "frozen"}, {"body": "Besides, WHY DO PEOPLE SHIP INCEST SO MUCH. UGH.", "created_utc": 1392577566.0, "distinguished": null, "edited": false, "id": "cfgueo1", "is_submitter": false, "link_id": "t3_1y0pxi", "parent_id": "t1_cfgmtz5", "permalink": "/r/Frozen/comments/1y0pxi/elsa_needs_her_space/cfgueo1/", "score": 7, "stickied": false, "subreddit_id": "t5_2vpth", "author_name": "HikariOni", "author_id": "75nqx", "subreddit_name": "frozen"}, {"body": "He is Pitch from Rise of the Guardians.", "created_utc": 1392519851.0, "distinguished": null, "edited": false, "id": "cfgf02j", "is_submitter": false, "link_id": "t3_1y0pxi", "parent_id": "t1_cfgbtnq", "permalink": "/r/Frozen/comments/1y0pxi/elsa_needs_her_space/cfgf02j/", "score": 11, "stickied": false, "subreddit_id": "t5_2vpth", "author_name": "risingsun27", "author_id": "d9ilf", "subreddit_name": "frozen"}, {"body": "The cousin thing's still fanon, AFAIK.\n\nPS, Hans may be a dick, but he's a hot dick.", "created_utc": 1392523341.0, "distinguished": null, "edited": false, "id": "cfggaku", "is_submitter": false, "link_id": "t3_1y0pxi", "parent_id": "t1_cfgbhc1", "permalink": "/r/Frozen/comments/1y0pxi/elsa_needs_her_space/cfggaku/", "score": 8, "stickied": false, "subreddit_id": "t5_2vpth", "author_name": "AdultSupervision", "author_id": "ej121", "subreddit_name": "frozen"}, {"body": "I've never heard of ElsaxEugene, but I have seen KristoffxElsa.\n\nAs for JackxElsa, if I was into shipping I might have been interested in it, if half of the Frozen fanart wasn't about the two. It's too oversatured, especially for a crossover. Why can't people ship her with some other cryokinetic like... well great, there aren't any her age in fiction that I can find from [TvTropes](http://tvtropes.org/pmwiki/pmwiki.php/Main/AnIcePerson?from=Main.Cryokinesis) (and technically Jack Frost is not in her age range either). Katara is the closest I can find.", "created_utc": 1392511717.0, "distinguished": null, "edited": false, "id": "cfgc13w", "is_submitter": false, "link_id": "t3_1y0pxi", "parent_id": "t1_cfgbhc1", "permalink": "/r/Frozen/comments/1y0pxi/elsa_needs_her_space/cfgc13w/", "score": 4, "stickied": false, "subreddit_id": "t5_2vpth", "author_name": "Eren_Jeager", "author_id": "db1dv", "subreddit_name": "frozen"}, {"body": "[deleted]", "created_utc": 1392521869.0, "distinguished": null, "edited": false, "id": "cfgfr9j", "is_submitter": false, "link_id": "t3_1y0pxi", "parent_id": "t1_cfgbqo0", "permalink": "/r/Frozen/comments/1y0pxi/elsa_needs_her_space/cfgfr9j/", "score": 10, "stickied": false, "subreddit_id": "t5_2vpth", "author_name": null, "author_id": null, "subreddit_name": "frozen"}, {"body": "Now *there* is a ship I *really* don't understand.", "created_utc": 1392689945.0, "distinguished": null, "edited": false, "id": "cfhz1bq", "is_submitter": false, "link_id": "t3_1y0pxi", "parent_id": "t1_cfgf02j", "permalink": "/r/Frozen/comments/1y0pxi/elsa_needs_her_space/cfhz1bq/", "score": 2, "stickied": false, "subreddit_id": "t5_2vpth", "author_name": null, "author_id": null, "subreddit_name": "frozen"}, {"body": "It's headcanon for most of the fandom. I do hope that the creators confirm it!\n\nI agree. It's the sideburns. Hot damn.", "created_utc": 1392552676.0, "distinguished": null, "edited": false, "id": "cfgn1pr", "is_submitter": false, "link_id": "t3_1y0pxi", "parent_id": "t1_cfggaku", "permalink": "/r/Frozen/comments/1y0pxi/elsa_needs_her_space/cfgn1pr/", "score": 2, "stickied": false, "subreddit_id": "t5_2vpth", "author_name": "BITCHING_ANGEL", "author_id": "bqy3g", "subreddit_name": "frozen"}, {"body": "If Eugene (And Pitch, for the matter) is in the picture, there is at least one person that ships them... My only question is *why?* And I'm neutral to Kristelsa. It's more reasonable than most \"-elsa\" ships.\n\nI agree that Jelsa is oversaturated. I like some Frozen fanpages on facebook, and half of said pages' posts is Jelsa. Then there's more Jelsa, a funny comic, Jelsa, some edits, another funny comic, other characters, and Jelsa. It's making me hate the ship so much. (I might be exaggerating a bit though)\n\nAnd IMO, if someone really wants to ship Elsa with someone, why not someone who would fit her better than another cryokinetic? I think that Elsa wouldn't fall in love so soon, but if she must, I'd rather see her with a powerless person that makes her amazingly happy than with some guy who also has ice powers but less than half of her maturity.\n\n(Edited because dumb grammar. Again.)", "created_utc": 1392513749.0, "distinguished": null, "edited": 1392514010.0, "id": "cfgcrpp", "is_submitter": false, "link_id": "t3_1y0pxi", "parent_id": "t1_cfgc13w", "permalink": "/r/Frozen/comments/1y0pxi/elsa_needs_her_space/cfgcrpp/", "score": 3, "stickied": false, "subreddit_id": "t5_2vpth", "author_name": "BITCHING_ANGEL", "author_id": "bqy3g", "subreddit_name": "frozen"}, {"body": "Maybe a younger Bobby from xmen but they do clash a bit.", "created_utc": 1392513397.0, "distinguished": null, "edited": false, "id": "cfgcn5j", "is_submitter": false, "link_id": "t3_1y0pxi", "parent_id": "t1_cfgc13w", "permalink": "/r/Frozen/comments/1y0pxi/elsa_needs_her_space/cfgcn5j/", "score": 3, "stickied": false, "subreddit_id": "t5_2vpth", "author_name": "Arteza147", "author_id": "a3f6h", "subreddit_name": "frozen"}, {"body": "You'd be surprised at the amount. Just search for elsanna on DeviantArt or Pixiv.", "created_utc": 1392522655.0, "distinguished": null, "edited": false, "id": "cfgg1k3", "is_submitter": false, "link_id": "t3_1y0pxi", "parent_id": "t1_cfgfr9j", "permalink": "/r/Frozen/comments/1y0pxi/elsa_needs_her_space/cfgg1k3/", "score": 8, "stickied": false, "subreddit_id": "t5_2vpth", "author_name": "Eren_Jeager", "author_id": "db1dv", "subreddit_name": "frozen"}, {"body": "We are legion.", "created_utc": 1392523566.0, "distinguished": null, "edited": false, "id": "cfggdfz", "is_submitter": false, "link_id": "t3_1y0pxi", "parent_id": "t1_cfgfr9j", "permalink": "/r/Frozen/comments/1y0pxi/elsa_needs_her_space/cfggdfz/", "score": 2, "stickied": false, "subreddit_id": "t5_2vpth", "author_name": "AdultSupervision", "author_id": "ej121", "subreddit_name": "frozen"}, {"body": "imo kristelsa is the only reasonable non-intermovie ship", "created_utc": 1392689993.0, "distinguished": null, "edited": false, "id": "cfhz23y", "is_submitter": false, "link_id": "t3_1y0pxi", "parent_id": "t1_cfgcrpp", "permalink": "/r/Frozen/comments/1y0pxi/elsa_needs_her_space/cfhz23y/", "score": 2, "stickied": false, "subreddit_id": "t5_2vpth", "author_name": null, "author_id": null, "subreddit_name": "frozen"}, {"body": "[deleted]", "created_utc": 1392523908.0, "distinguished": null, "edited": false, "id": "cfgghwm", "is_submitter": false, "link_id": "t3_1y0pxi", "parent_id": "t1_cfgg1k3", "permalink": "/r/Frozen/comments/1y0pxi/elsa_needs_her_space/cfgghwm/", "score": 14, "stickied": false, "subreddit_id": "t5_2vpth", "author_name": null, "author_id": null, "subreddit_name": "frozen"}, {"body": "It's my NOTP. Because just no.", "created_utc": 1392559201.0, "distinguished": null, "edited": false, "id": "cfgo5ir", "is_submitter": false, "link_id": "t3_1y0pxi", "parent_id": "t1_cfgghwm", "permalink": "/r/Frozen/comments/1y0pxi/elsa_needs_her_space/cfgo5ir/", "score": 6, "stickied": false, "subreddit_id": "t5_2vpth", "author_name": "Silver-Moon", "author_id": "ezo1w", "subreddit_name": "frozen"}, {"body": "Wincesty! ;D", "created_utc": 1392536232.0, "distinguished": null, "edited": false, "id": "cfgka5d", "is_submitter": false, "link_id": "t3_1y0pxi", "parent_id": "t1_cfgghwm", "permalink": "/r/Frozen/comments/1y0pxi/elsa_needs_her_space/cfgka5d/", "score": 4, "stickied": false, "subreddit_id": "t5_2vpth", "author_name": null, "author_id": null, "subreddit_name": "frozen"}, {"body": "Some people have written fanfics about it where they aren't sisters, I think, if that makes you feel better.", "created_utc": 1392690048.0, "distinguished": null, "edited": false, "id": "cfhz31u", "is_submitter": false, "link_id": "t3_1y0pxi", "parent_id": "t1_cfgghwm", "permalink": "/r/Frozen/comments/1y0pxi/elsa_needs_her_space/cfhz31u/", "score": 1, "stickied": false, "subreddit_id": "t5_2vpth", "author_name": null, "author_id": null, "subreddit_name": "frozen"}, {"body": "Icesty!", "created_utc": 1392555654.0, "distinguished": null, "edited": false, "id": "cfgni50", "is_submitter": false, "link_id": "t3_1y0pxi", "parent_id": "t1_cfgghwm", "permalink": "/r/Frozen/comments/1y0pxi/elsa_needs_her_space/cfgni50/", "score": 0, "stickied": false, "subreddit_id": "t5_2vpth", "author_name": "ANakedHobo", "author_id": "ds718", "subreddit_name": "frozen"}]