{"clicked": false, "created_utc": 1392508016.0, "distinguished": null, "edited": false, "id": "1y0pxi", "is_video": false, "locked": false, "num_comments": 27, "over_18": false, "permalink": "/r/Frozen/comments/1y0pxi/elsa_needs_her_space/", "score": 127, "selftext": "", "stickied": false, "subreddit_id": "t5_2vpth", "title": "Elsa needs her space.", "url": "http://maby-chan.deviantart.com/art/STOP-THE-FANDOM-425850172", "author_name": "JamesAQuintero", "author_id": "7gthv", "subreddit_name": "frozen", "upvote_ratio": 0.98}