[{"body": "http://i.imgur.com/L9Ou0Gb.jpg\n\n-Absolutely my favorite picture.\nThanks for the effort!\n", "created_utc": 1393464798.0, "distinguished": null, "edited": false, "id": "cfposxz", "is_submitter": false, "link_id": "t3_1z1kw3", "parent_id": "t3_1z1kw3", "permalink": "/r/Frozen/comments/1z1kw3/elsa_album_limited_to_one_shot_per_hour_of_the_day/cfposxz/", "score": 22, "stickied": false, "subreddit_id": "t5_2vpth", "author_name": "TeleVue", "author_id": "f5kuq", "subreddit_name": "frozen"}, {"body": "Thank you. So much. Look at her in the last picture. She's kind of unsure, because it's been a while since she has done this and she's still kind of insecure about her power around other people, but she's so happy. It's so heartwarming. I just want to reach out and hug her.", "created_utc": 1393464901.0, "distinguished": null, "edited": 1393466021.0, "id": "cfpoumi", "is_submitter": false, "link_id": "t3_1z1kw3", "parent_id": "t3_1z1kw3", "permalink": "/r/Frozen/comments/1z1kw3/elsa_album_limited_to_one_shot_per_hour_of_the_day/cfpoumi/", "score": 16, "stickied": false, "subreddit_id": "t5_2vpth", "author_name": "HikariOni", "author_id": "75nqx", "subreddit_name": "frozen"}, {"body": "[18](http://imgur.com/a/GaSRV#17) and [19](http://imgur.com/a/GaSRV#18) make my heart sing!", "created_utc": 1393465681.0, "distinguished": null, "edited": 1393466012.0, "id": "cfpp7fk", "is_submitter": false, "link_id": "t3_1z1kw3", "parent_id": "t3_1z1kw3", "permalink": "/r/Frozen/comments/1z1kw3/elsa_album_limited_to_one_shot_per_hour_of_the_day/cfpp7fk/", "score": 6, "stickied": false, "subreddit_id": "t5_2vpth", "author_name": "XLightThief", "author_id": "5o80b", "subreddit_name": "frozen"}, {"body": "Wow, great album! Now where is the Anna one? ;)", "created_utc": 1393466895.0, "distinguished": null, "edited": false, "id": "cfppqwd", "is_submitter": false, "link_id": "t3_1z1kw3", "parent_id": "t3_1z1kw3", "permalink": "/r/Frozen/comments/1z1kw3/elsa_album_limited_to_one_shot_per_hour_of_the_day/cfppqwd/", "score": 6, "stickied": false, "subreddit_id": "t5_2vpth", "author_name": "irckeekle", "author_id": "ashba", "subreddit_name": "frozen"}, {"body": "Interesting concept, nice work", "created_utc": 1393465253.0, "distinguished": null, "edited": false, "id": "cfpp0e9", "is_submitter": false, "link_id": "t3_1z1kw3", "parent_id": "t3_1z1kw3", "permalink": "/r/Frozen/comments/1z1kw3/elsa_album_limited_to_one_shot_per_hour_of_the_day/cfpp0e9/", "score": 6, "stickied": false, "subreddit_id": "t5_2vpth", "author_name": "damocles2501", "author_id": "d3wqx", "subreddit_name": "frozen"}, {"body": "I love the closeup of her angrily blasting ice, for some reason.", "created_utc": 1393486185.0, "distinguished": null, "edited": false, "id": "cfpx7qh", "is_submitter": false, "link_id": "t3_1z1kw3", "parent_id": "t3_1z1kw3", "permalink": "/r/Frozen/comments/1z1kw3/elsa_album_limited_to_one_shot_per_hour_of_the_day/cfpx7qh/", "score": 5, "stickied": false, "subreddit_id": "t5_2vpth", "author_name": "williewillus", "author_id": "9rr54", "subreddit_name": "frozen"}, {"body": "Elsa is beautiful... now, if only she were real! Heck, if only the entire show were real!", "created_utc": 1393485907.0, "distinguished": null, "edited": false, "id": "cfpx5bv", "is_submitter": false, "link_id": "t3_1z1kw3", "parent_id": "t3_1z1kw3", "permalink": "/r/Frozen/comments/1z1kw3/elsa_album_limited_to_one_shot_per_hour_of_the_day/cfpx5bv/", "score": 3, "stickied": false, "subreddit_id": "t5_2vpth", "author_name": "goelsago", "author_id": "ffbe6", "subreddit_name": "frozen"}, {"body": "Now I announce you the Screenshots Master and Capturer..\n\nDisney should hire you to capture screens for them, all these shots tell us animated films are ARTS as well. In the end, a great animation is in fact a combination of great paintings arts.", "created_utc": 1393476232.0, "distinguished": null, "edited": false, "id": "cfptyzd", "is_submitter": false, "link_id": "t3_1z1kw3", "parent_id": "t3_1z1kw3", "permalink": "/r/Frozen/comments/1z1kw3/elsa_album_limited_to_one_shot_per_hour_of_the_day/cfptyzd/", "score": 2, "stickied": false, "subreddit_id": "t5_2vpth", "author_name": "teffhk", "author_id": "dyxc8", "subreddit_name": "frozen"}, {"body": "I love these, but where's the love for Anna D:", "created_utc": 1393480020.0, "distinguished": null, "edited": false, "id": "cfpvfps", "is_submitter": false, "link_id": "t3_1z1kw3", "parent_id": "t3_1z1kw3", "permalink": "/r/Frozen/comments/1z1kw3/elsa_album_limited_to_one_shot_per_hour_of_the_day/cfpvfps/", "score": 2, "stickied": false, "subreddit_id": "t5_2vpth", "author_name": null, "author_id": null, "subreddit_name": "frozen"}, {"body": "Wallpapers to last a lifetime. Thanks! ", "created_utc": 1393481199.0, "distinguished": null, "edited": false, "id": "cfpvu13", "is_submitter": false, "link_id": "t3_1z1kw3", "parent_id": "t3_1z1kw3", "permalink": "/r/Frozen/comments/1z1kw3/elsa_album_limited_to_one_shot_per_hour_of_the_day/cfpvu13/", "score": 2, "stickied": false, "subreddit_id": "t5_2vpth", "author_name": "TareXmd", "author_id": "5iplk", "subreddit_name": "frozen"}, {"body": "\"Never be framed in the middle\"\n\nInteresting. Any reason why, for curiosity's sake, or just personal preference? I'm all for the rule of thirds but isn't *never* kind of strict?", "created_utc": 1393481249.0, "distinguished": null, "edited": false, "id": "cfpvun8", "is_submitter": false, "link_id": "t3_1z1kw3", "parent_id": "t3_1z1kw3", "permalink": "/r/Frozen/comments/1z1kw3/elsa_album_limited_to_one_shot_per_hour_of_the_day/cfpvun8/", "score": 2, "stickied": false, "subreddit_id": "t5_2vpth", "author_name": "MilanoMongoose", "author_id": "cse66", "subreddit_name": "frozen"}, {"body": "Elsa sang let it go for two hours straight!", "created_utc": 1393482856.0, "distinguished": null, "edited": false, "id": "cfpwc99", "is_submitter": false, "link_id": "t3_1z1kw3", "parent_id": "t3_1z1kw3", "permalink": "/r/Frozen/comments/1z1kw3/elsa_album_limited_to_one_shot_per_hour_of_the_day/cfpwc99/", "score": 2, "stickied": false, "subreddit_id": "t5_2vpth", "author_name": "austinstudios", "author_id": "ctiu4", "subreddit_name": "frozen"}, {"body": "Kinda wish you had more from her transformation and from when Anna sacrificed herself, but this is still an amazing album, nice work! ", "created_utc": 1393469561.0, "distinguished": null, "edited": false, "id": "cfpqy60", "is_submitter": false, "link_id": "t3_1z1kw3", "parent_id": "t3_1z1kw3", "permalink": "/r/Frozen/comments/1z1kw3/elsa_album_limited_to_one_shot_per_hour_of_the_day/cfpqy60/", "score": 4, "stickied": false, "subreddit_id": "t5_2vpth", "author_name": "hooahguy", "author_id": "6201t", "subreddit_name": "frozen"}, {"body": "dat high res doe", "created_utc": 1393516170.0, "distinguished": null, "edited": false, "id": "cfq3v0a", "is_submitter": false, "link_id": "t3_1z1kw3", "parent_id": "t3_1z1kw3", "permalink": "/r/Frozen/comments/1z1kw3/elsa_album_limited_to_one_shot_per_hour_of_the_day/cfq3v0a/", "score": 1, "stickied": false, "subreddit_id": "t5_2vpth", "author_name": "michaelsong55", "author_id": "5w0bg", "subreddit_name": "frozen"}, {"body": "Beautiful! Perfect for wallpapers on my computer.", "created_utc": 1396123502.0, "distinguished": null, "edited": false, "id": "cgf4fkq", "is_submitter": false, "link_id": "t3_1z1kw3", "parent_id": "t3_1z1kw3", "permalink": "/r/Frozen/comments/1z1kw3/elsa_album_limited_to_one_shot_per_hour_of_the_day/cgf4fkq/", "score": 1, "stickied": false, "subreddit_id": "t5_2vpth", "author_name": "Kimono-Chan", "author_id": "e808y", "subreddit_name": "frozen"}, {"body": "Correct me if I'm wrong, but I think Elsa was actually ugly in her teenage years. When she was young, she was cute. But starting when you see her when Anna sings the second verse of \"Do you want to build a snowman\" she starts to fade in appeal. When her parents leave is when I think she's at her ugliest and she still isn't that pretty after the funeral. But once she reaches coronation, she somehow re surged in beauty so... Those are just my opinions", "created_utc": 1393558636.0, "distinguished": null, "edited": false, "id": "cfqo4dl", "is_submitter": false, "link_id": "t3_1z1kw3", "parent_id": "t3_1z1kw3", "permalink": "/r/Frozen/comments/1z1kw3/elsa_album_limited_to_one_shot_per_hour_of_the_day/cfqo4dl/", "score": -1, "stickied": false, "subreddit_id": "t5_2vpth", "author_name": null, "author_id": null, "subreddit_name": "frozen"}, {"body": "Hehe, that makes me glad. The shot just before it is too much alike, but I couldn't give up either one for some reason. :)", "created_utc": 1393465821.0, "distinguished": null, "edited": false, "id": "cfpp9nh", "is_submitter": true, "link_id": "t3_1z1kw3", "parent_id": "t1_cfposxz", "permalink": "/r/Frozen/comments/1z1kw3/elsa_album_limited_to_one_shot_per_hour_of_the_day/cfpp9nh/", "score": 9, "stickied": false, "subreddit_id": "t5_2vpth", "author_name": "HamTake", "author_id": "al6pn", "subreddit_name": "frozen"}, {"body": "I was captivated by the last image and studied it for a good five minutes,\n\nThe slightly raised and withdrawn shoulders, the lowered head, she really looks unaccustomed to smiling, and IIRC the slight quaver in her voice as she asks \"are you ready \", she appears to not quite fully embrace the peoples acceptance of her \n\nI believe the animators have done an outstanding job on capturing the social anxiety she must surely be feeling. \n\nEdit* spelling ", "created_utc": 1393473235.0, "distinguished": null, "edited": 1393490062.0, "id": "cfpsndp", "is_submitter": false, "link_id": "t3_1z1kw3", "parent_id": "t1_cfpoumi", "permalink": "/r/Frozen/comments/1z1kw3/elsa_album_limited_to_one_shot_per_hour_of_the_day/cfpsndp/", "score": 14, "stickied": false, "subreddit_id": "t5_2vpth", "author_name": "PhucknuckL", "author_id": "afouj", "subreddit_name": "frozen"}, {"body": "Tomorrow? Haha. I did take some notable shots of Anna as I re-watched the whole movie (very slowly) today.", "created_utc": 1393467837.0, "distinguished": null, "edited": false, "id": "cfpq607", "is_submitter": true, "link_id": "t3_1z1kw3", "parent_id": "t1_cfppqwd", "permalink": "/r/Frozen/comments/1z1kw3/elsa_album_limited_to_one_shot_per_hour_of_the_day/cfpq607/", "score": 8, "stickied": false, "subreddit_id": "t5_2vpth", "author_name": "HamTake", "author_id": "al6pn", "subreddit_name": "frozen"}, {"body": "Yes! She's so fierce and beautiful at the same time.", "created_utc": 1393518172.0, "distinguished": null, "edited": false, "id": "cfq4q8z", "is_submitter": false, "link_id": "t3_1z1kw3", "parent_id": "t1_cfpx7qh", "permalink": "/r/Frozen/comments/1z1kw3/elsa_album_limited_to_one_shot_per_hour_of_the_day/cfq4q8z/", "score": 2, "stickied": false, "subreddit_id": "t5_2vpth", "author_name": null, "author_id": null, "subreddit_name": "frozen"}, {"body": "Thanks for your kind words. I'll do what I can on this happy reddit. :)", "created_utc": 1393559282.0, "distinguished": null, "edited": false, "id": "cfqoedv", "is_submitter": true, "link_id": "t3_1z1kw3", "parent_id": "t1_cfptyzd", "permalink": "/r/Frozen/comments/1z1kw3/elsa_album_limited_to_one_shot_per_hour_of_the_day/cfqoedv/", "score": 1, "stickied": false, "subreddit_id": "t5_2vpth", "author_name": "HamTake", "author_id": "al6pn", "subreddit_name": "frozen"}, {"body": "Coming soon!", "created_utc": 1393481357.0, "distinguished": null, "edited": false, "id": "cfpvvwu", "is_submitter": true, "link_id": "t3_1z1kw3", "parent_id": "t1_cfpvfps", "permalink": "/r/Frozen/comments/1z1kw3/elsa_album_limited_to_one_shot_per_hour_of_the_day/cfpvvwu/", "score": 2, "stickied": false, "subreddit_id": "t5_2vpth", "author_name": "HamTake", "author_id": "al6pn", "subreddit_name": "frozen"}, {"body": "It's hard to explain exactly how strict I wanted to be on myself. Personal preference would indeed be the best way to put it for now. :) Well... and I don't like symmetry!", "created_utc": 1393482216.0, "distinguished": null, "edited": 1393482456.0, "id": "cfpw5lw", "is_submitter": true, "link_id": "t3_1z1kw3", "parent_id": "t1_cfpvun8", "permalink": "/r/Frozen/comments/1z1kw3/elsa_album_limited_to_one_shot_per_hour_of_the_day/cfpw5lw/", "score": 2, "stickied": false, "subreddit_id": "t5_2vpth", "author_name": "HamTake", "author_id": "al6pn", "subreddit_name": "frozen"}, {"body": "The \"Your life awaits\" one shows Elsa's biggest smile, which is why I like it most even those its more of a lip movement...", "created_utc": 1393471572.0, "distinguished": null, "edited": false, "id": "cfprvxn", "is_submitter": false, "link_id": "t3_1z1kw3", "parent_id": "t1_cfpp9nh", "permalink": "/r/Frozen/comments/1z1kw3/elsa_album_limited_to_one_shot_per_hour_of_the_day/cfprvxn/", "score": 8, "stickied": false, "subreddit_id": "t5_2vpth", "author_name": "TeleVue", "author_id": "f5kuq", "subreddit_name": "frozen"}, {"body": "This. You have put my thoughts into words.", "created_utc": 1393501789.0, "distinguished": null, "edited": false, "id": "cfpztch", "is_submitter": false, "link_id": "t3_1z1kw3", "parent_id": "t1_cfpsndp", "permalink": "/r/Frozen/comments/1z1kw3/elsa_album_limited_to_one_shot_per_hour_of_the_day/cfpztch/", "score": 3, "stickied": false, "subreddit_id": "t5_2vpth", "author_name": null, "author_id": null, "subreddit_name": "frozen"}, {"body": "YESSSSS!", "created_utc": 1393474041.0, "distinguished": null, "edited": false, "id": "cfpt0ce", "is_submitter": true, "link_id": "t3_1z1kw3", "parent_id": "t1_cfpsndp", "permalink": "/r/Frozen/comments/1z1kw3/elsa_album_limited_to_one_shot_per_hour_of_the_day/cfpt0ce/", "score": 7, "stickied": false, "subreddit_id": "t5_2vpth", "author_name": "HamTake", "author_id": "al6pn", "subreddit_name": "frozen"}, {"body": "Did they have any reference from actual actors doing this? Because they're getting into some rather subtle things they're doing here.", "created_utc": 1393486122.0, "distinguished": null, "edited": false, "id": "cfpx77u", "is_submitter": false, "link_id": "t3_1z1kw3", "parent_id": "t1_cfpsndp", "permalink": "/r/Frozen/comments/1z1kw3/elsa_album_limited_to_one_shot_per_hour_of_the_day/cfpx77u/", "score": 2, "stickied": false, "subreddit_id": "t5_2vpth", "author_name": "NonstandardDeviation", "author_id": "4oy5r", "subreddit_name": "frozen"}, {"body": "yay, can't wait! I am holding off for the Blu-ray release but it is trying my patience in a major way... ", "created_utc": 1393469285.0, "distinguished": null, "edited": false, "id": "cfpqtmf", "is_submitter": false, "link_id": "t3_1z1kw3", "parent_id": "t1_cfpq607", "permalink": "/r/Frozen/comments/1z1kw3/elsa_album_limited_to_one_shot_per_hour_of_the_day/cfpqtmf/", "score": 5, "stickied": false, "subreddit_id": "t5_2vpth", "author_name": "irckeekle", "author_id": "ashba", "subreddit_name": "frozen"}, {"body": "Yay!", "created_utc": 1393481973.0, "distinguished": null, "edited": false, "id": "cfpw2yh", "is_submitter": false, "link_id": "t3_1z1kw3", "parent_id": "t1_cfpvvwu", "permalink": "/r/Frozen/comments/1z1kw3/elsa_album_limited_to_one_shot_per_hour_of_the_day/cfpw2yh/", "score": 2, "stickied": false, "subreddit_id": "t5_2vpth", "author_name": null, "author_id": null, "subreddit_name": "frozen"}, {"body": "Glad to see I'm not the only one who sees it.", "created_utc": 1393474182.0, "distinguished": null, "edited": false, "id": "cfpt2nh", "is_submitter": false, "link_id": "t3_1z1kw3", "parent_id": "t1_cfpt0ce", "permalink": "/r/Frozen/comments/1z1kw3/elsa_album_limited_to_one_shot_per_hour_of_the_day/cfpt2nh/", "score": 3, "stickied": false, "subreddit_id": "t5_2vpth", "author_name": "PhucknuckL", "author_id": "afouj", "subreddit_name": "frozen"}, {"body": "I have no idea, I was just struck with the beauty of the little details that someone must have spent a great deal of effort on, that at first glance you don't consciously realize but on some level you cant help but empathize.*(is that the right word?)*", "created_utc": 1393490406.0, "distinguished": null, "edited": false, "id": "cfpy36i", "is_submitter": false, "link_id": "t3_1z1kw3", "parent_id": "t1_cfpx77u", "permalink": "/r/Frozen/comments/1z1kw3/elsa_album_limited_to_one_shot_per_hour_of_the_day/cfpy36i/", "score": 2, "stickied": false, "subreddit_id": "t5_2vpth", "author_name": "PhucknuckL", "author_id": "afouj", "subreddit_name": "frozen"}, {"body": "Right? I'll have to retake some screenshots when I get my hands on the Blu-ray!", "created_utc": 1393469830.0, "distinguished": null, "edited": false, "id": "cfpr2p9", "is_submitter": true, "link_id": "t3_1z1kw3", "parent_id": "t1_cfpqtmf", "permalink": "/r/Frozen/comments/1z1kw3/elsa_album_limited_to_one_shot_per_hour_of_the_day/cfpr2p9/", "score": 5, "stickied": false, "subreddit_id": "t5_2vpth", "author_name": "HamTake", "author_id": "al6pn", "subreddit_name": "frozen"}]