{"clicked": false, "created_utc": 1393463190.0, "distinguished": null, "edited": false, "id": "1z1kw3", "is_video": false, "locked": false, "num_comments": 32, "over_18": false, "permalink": "/r/Frozen/comments/1z1kw3/elsa_album_limited_to_one_shot_per_hour_of_the_day/", "score": 179, "selftext": "", "stickied": false, "subreddit_id": "t5_2vpth", "title": "Elsa album, limited to one shot per hour of the day", "url": "http://imgur.com/a/GaSRV#0", "author_name": "HamTake", "author_id": "al6pn", "subreddit_name": "frozen", "upvote_ratio": 0.99}