[{"body": "[Aww!](http://dr3amingofdisn3y.tumblr.com/post/75781089862)", "created_utc": 1393283380.0, "distinguished": null, "edited": false, "id": "cfnscox", "is_submitter": false, "link_id": "t3_1ytyxb", "parent_id": "t3_1ytyxb", "permalink": "/r/Frozen/comments/1ytyxb/xpost_rpokemon/cfnscox/", "score": 18, "stickied": false, "subreddit_id": "t5_2vpth", "author_name": "XLightThief", "author_id": "5o80b", "subreddit_name": "frozen"}, {"body": "Awww look at how lovely and cute she looks! Don't you just want to give her a hug?\n\nOh look, there's a pokemon in the picture too!", "created_utc": 1393293548.0, "distinguished": null, "edited": false, "id": "cfnx3dr", "is_submitter": false, "link_id": "t3_1ytyxb", "parent_id": "t3_1ytyxb", "permalink": "/r/Frozen/comments/1ytyxb/xpost_rpokemon/cfnx3dr/", "score": 10, "stickied": false, "subreddit_id": "t5_2vpth", "author_name": "Eriflee", "author_id": "8n6qs", "subreddit_name": "frozen"}, {"body": "Oh man, I love Glaceon too so this is almost unfairly cute. ", "created_utc": 1393314596.0, "distinguished": null, "edited": false, "id": "cfo5cbi", "is_submitter": false, "link_id": "t3_1ytyxb", "parent_id": "t3_1ytyxb", "permalink": "/r/Frozen/comments/1ytyxb/xpost_rpokemon/cfo5cbi/", "score": 6, "stickied": false, "subreddit_id": "t5_2vpth", "author_name": "chzrm3", "author_id": "djsw3", "subreddit_name": "frozen"}, {"body": "I wish I was that Glaceon ", "created_utc": 1393316536.0, "distinguished": null, "edited": false, "id": "cfo5qye", "is_submitter": false, "link_id": "t3_1ytyxb", "parent_id": "t3_1ytyxb", "permalink": "/r/Frozen/comments/1ytyxb/xpost_rpokemon/cfo5qye/", "score": 6, "stickied": false, "subreddit_id": "t5_2vpth", "author_name": "RKitch2112", "author_id": "etl3g", "subreddit_name": "frozen"}, {"body": "Gotta freeze em all!", "created_utc": 1393289824.0, "distinguished": null, "edited": false, "id": "cfnvbn5", "is_submitter": false, "link_id": "t3_1ytyxb", "parent_id": "t3_1ytyxb", "permalink": "/r/Frozen/comments/1ytyxb/xpost_rpokemon/cfnvbn5/", "score": 3, "stickied": false, "subreddit_id": "t5_2vpth", "author_name": "Pokevenger", "author_id": "e1n0t", "subreddit_name": "frozen"}, {"body": "So cute!", "created_utc": 1393293192.0, "distinguished": null, "edited": false, "id": "cfnwx7l", "is_submitter": false, "link_id": "t3_1ytyxb", "parent_id": "t3_1ytyxb", "permalink": "/r/Frozen/comments/1ytyxb/xpost_rpokemon/cfnwx7l/", "score": 3, "stickied": false, "subreddit_id": "t5_2vpth", "author_name": null, "author_id": null, "subreddit_name": "frozen"}, {"body": "I cant decide who im jealous of more.... Glaceon, Elsa, or the person that saw this in person as he took the picture.", "created_utc": 1393336001.0, "distinguished": null, "edited": false, "id": "cfo945r", "is_submitter": false, "link_id": "t3_1ytyxb", "parent_id": "t3_1ytyxb", "permalink": "/r/Frozen/comments/1ytyxb/xpost_rpokemon/cfo945r/", "score": 1, "stickied": false, "subreddit_id": "t5_2vpth", "author_name": "Pioneer1111", "author_id": "9jvpm", "subreddit_name": "frozen"}]