{"clicked": false, "created_utc": 1393279363.0, "distinguished": null, "edited": false, "id": "1ytyxb", "is_video": false, "locked": false, "num_comments": 7, "over_18": false, "permalink": "/r/Frozen/comments/1ytyxb/xpost_rpokemon/", "score": 301, "selftext": "", "stickied": false, "subreddit_id": "t5_2vpth", "title": "(x-post /r/pokemon)", "url": "http://kiwiggle.tumblr.com/post/77693147200/this-was-a-soft-shade-commission-for", "author_name": "loopuleasa", "author_id": "4josc", "subreddit_name": "frozen", "upvote_ratio": 0.97}