[{"body": "...Knock.... \nJust knock.... \nWhy isn\u2019t you knocking...? \nDo you think he knows how to knock?", "created_utc": 1393606509.0, "distinguished": null, "edited": false, "id": "cfr0zl2", "is_submitter": false, "link_id": "t3_1z6tln", "parent_id": "t3_1z6tln", "permalink": "/r/Frozen/comments/1z6tln/at_first_i_was_mad_this_sub_was_private_then_i/cfr0zl2/", "score": 23, "stickied": false, "subreddit_id": "t5_2vpth", "author_name": "teffhk", "author_id": "dyxc8", "subreddit_name": "frozen"}, {"body": "Subtle", "created_utc": 1393605310.0, "distinguished": null, "edited": false, "id": "cfr0g1y", "is_submitter": false, "link_id": "t3_1z6tln", "parent_id": "t3_1z6tln", "permalink": "/r/Frozen/comments/1z6tln/at_first_i_was_mad_this_sub_was_private_then_i/cfr0g1y/", "score": 14, "stickied": false, "subreddit_id": "t5_2vpth", "author_name": "Portgas", "author_id": "7kc75", "subreddit_name": "frozen"}, {"body": "I need to get in here..... Guys let me in! Please!", "created_utc": 1393630665.0, "distinguished": null, "edited": false, "id": "cfrc5c0", "is_submitter": false, "link_id": "t3_1z6tln", "parent_id": "t3_1z6tln", "permalink": "/r/Frozen/comments/1z6tln/at_first_i_was_mad_this_sub_was_private_then_i/cfrc5c0/", "score": 9, "stickied": false, "subreddit_id": "t5_2vpth", "author_name": "NeatPortal", "author_id": "5je8m", "subreddit_name": "frozen"}, {"body": "genius ", "created_utc": 1393607658.0, "distinguished": null, "edited": false, "id": "cfr1iqn", "is_submitter": false, "link_id": "t3_1z6tln", "parent_id": "t3_1z6tln", "permalink": "/r/Frozen/comments/1z6tln/at_first_i_was_mad_this_sub_was_private_then_i/cfr1iqn/", "score": 8, "stickied": false, "subreddit_id": "t5_2vpth", "author_name": "simien05", "author_id": "d9qj1", "subreddit_name": "frozen"}, {"body": "Elsa? Do you wanna build a snowman?", "created_utc": 1393634243.0, "distinguished": null, "edited": false, "id": "cfrdjvr", "is_submitter": false, "link_id": "t3_1z6tln", "parent_id": "t3_1z6tln", "permalink": "/r/Frozen/comments/1z6tln/at_first_i_was_mad_this_sub_was_private_then_i/cfrdjvr/", "score": 3, "stickied": false, "subreddit_id": "t5_2vpth", "author_name": "RandomNSB", "author_id": "7g88c", "subreddit_name": "frozen"}, {"body": "Didn't get it at first....then as I was walking home from work today, I laughed.", "created_utc": 1393655188.0, "distinguished": null, "edited": false, "id": "cfrknpg", "is_submitter": false, "link_id": "t3_1z6tln", "parent_id": "t3_1z6tln", "permalink": "/r/Frozen/comments/1z6tln/at_first_i_was_mad_this_sub_was_private_then_i/cfrknpg/", "score": 2, "stickied": false, "subreddit_id": "t5_2vpth", "author_name": "verykoalified", "author_id": "cu1n3", "subreddit_name": "frozen"}, {"body": "[Posted 22 hours ago](http://www.reddit.com/r/Frozen/comments/1z5ret/after_hearing_about_rannamasterrace_i_wondered/)", "created_utc": 1393648393.0, "distinguished": null, "edited": false, "id": "cfrinhq", "is_submitter": false, "link_id": "t3_1z6tln", "parent_id": "t3_1z6tln", "permalink": "/r/Frozen/comments/1z6tln/at_first_i_was_mad_this_sub_was_private_then_i/cfrinhq/", "score": 0, "stickied": false, "subreddit_id": "t5_2vpth", "author_name": "jakielim", "author_id": "9flvd", "subreddit_name": "frozen"}, {"body": "For the first time in forever, I finally understand. For the first time in forever, we can fix this hand in hand. ^^but ^^srsly ^^I  ^^want ^^in ^^:(", "created_utc": 1393636329.0, "distinguished": null, "edited": false, "id": "cfrec5p", "is_submitter": true, "link_id": "t3_1z6tln", "parent_id": "t1_cfrc5c0", "permalink": "/r/Frozen/comments/1z6tln/at_first_i_was_mad_this_sub_was_private_then_i/cfrec5p/", "score": 7, "stickied": false, "subreddit_id": "t5_2vpth", "author_name": "GrahamMc", "author_id": "6nyuh", "subreddit_name": "frozen"}, {"body": "I know, I want to get in there just to see if it's active or not. If it is, then I want to get in there even more!", "created_utc": 1393645881.0, "distinguished": null, "edited": false, "id": "cfrhrqi", "is_submitter": false, "link_id": "t3_1z6tln", "parent_id": "t1_cfrc5c0", "permalink": "/r/Frozen/comments/1z6tln/at_first_i_was_mad_this_sub_was_private_then_i/cfrhrqi/", "score": 1, "stickied": false, "subreddit_id": "t5_2vpth", "author_name": null, "author_id": null, "subreddit_name": "frozen"}, {"body": "r/frozen please go back home... Your subreddit awaits! Go enjoy the upvotes and open up the theards. I know. You mean well but leave me be just I alone but I'm alone and free so stay away your you won't get a downvote from me...", "created_utc": 1393637810.0, "distinguished": null, "edited": false, "id": "cfrevhi", "is_submitter": false, "link_id": "t3_1z6tln", "parent_id": "t1_cfrec5p", "permalink": "/r/Frozen/comments/1z6tln/at_first_i_was_mad_this_sub_was_private_then_i/cfrevhi/", "score": 12, "stickied": false, "subreddit_id": "t5_2vpth", "author_name": "NeatPortal", "author_id": "5je8m", "subreddit_name": "frozen"}, {"body": "Actually, we will!", "created_utc": 1393640199.0, "distinguished": null, "edited": false, "id": "cfrfqye", "is_submitter": false, "link_id": "t3_1z6tln", "parent_id": "t1_cfrevhi", "permalink": "/r/Frozen/comments/1z6tln/at_first_i_was_mad_this_sub_was_private_then_i/cfrfqye/", "score": 3, "stickied": false, "subreddit_id": "t5_2vpth", "author_name": "blo442", "author_id": "evr89", "subreddit_name": "frozen"}, {"body": "What do you mean \"We will\"?", "created_utc": 1393689135.0, "distinguished": null, "edited": false, "id": "cfrqyws", "is_submitter": false, "link_id": "t3_1z6tln", "parent_id": "t1_cfrfqye", "permalink": "/r/Frozen/comments/1z6tln/at_first_i_was_mad_this_sub_was_private_then_i/cfrqyws/", "score": 1, "stickied": false, "subreddit_id": "t5_2vpth", "author_name": "Herra_Ratatoskr", "author_id": "42kpq", "subreddit_name": "frozen"}, {"body": "I get the feeling you don't know...", "created_utc": 1393708761.0, "distinguished": null, "edited": false, "id": "cfry97l", "is_submitter": false, "link_id": "t3_1z6tln", "parent_id": "t1_cfrqyws", "permalink": "/r/Frozen/comments/1z6tln/at_first_i_was_mad_this_sub_was_private_then_i/cfry97l/", "score": 1, "stickied": false, "subreddit_id": "t5_2vpth", "author_name": "blo442", "author_id": "evr89", "subreddit_name": "frozen"}, {"body": "What do I not know?", "created_utc": 1393709090.0, "distinguished": null, "edited": false, "id": "cfrye8b", "is_submitter": false, "link_id": "t3_1z6tln", "parent_id": "t1_cfry97l", "permalink": "/r/Frozen/comments/1z6tln/at_first_i_was_mad_this_sub_was_private_then_i/cfrye8b/", "score": 1, "stickied": false, "subreddit_id": "t5_2vpth", "author_name": "Herra_Ratatoskr", "author_id": "42kpq", "subreddit_name": "frozen"}, {"body": "I'm gonna make a dumb, dumb, dumb, dumb... ^post...", "created_utc": 1393709922.0, "distinguished": null, "edited": false, "id": "cfryq4k", "is_submitter": false, "link_id": "t3_1z6tln", "parent_id": "t1_cfrye8b", "permalink": "/r/Frozen/comments/1z6tln/at_first_i_was_mad_this_sub_was_private_then_i/cfryq4k/", "score": 1, "stickied": false, "subreddit_id": "t5_2vpth", "author_name": "blo442", "author_id": "evr89", "subreddit_name": "frozen"}, {"body": "What?", "created_utc": 1393710553.0, "distinguished": null, "edited": false, "id": "cfryytc", "is_submitter": false, "link_id": "t3_1z6tln", "parent_id": "t1_cfryq4k", "permalink": "/r/Frozen/comments/1z6tln/at_first_i_was_mad_this_sub_was_private_then_i/cfryytc/", "score": 1, "stickied": false, "subreddit_id": "t5_2vpth", "author_name": "Herra_Ratatoskr", "author_id": "42kpq", "subreddit_name": "frozen"}, {"body": "Shit's frozen.", "created_utc": 1393721760.0, "distinguished": null, "edited": false, "id": "cfs342e", "is_submitter": false, "link_id": "t3_1z6tln", "parent_id": "t1_cfryytc", "permalink": "/r/Frozen/comments/1z6tln/at_first_i_was_mad_this_sub_was_private_then_i/cfs342e/", "score": 2, "stickied": false, "subreddit_id": "t5_2vpth", "author_name": "Phaulty", "author_id": "5x95b", "subreddit_name": "frozen"}]