{"clicked": false, "created_utc": 1393605285.0, "distinguished": null, "edited": false, "id": "1z6tln", "is_video": false, "locked": false, "num_comments": 17, "over_18": false, "permalink": "/r/Frozen/comments/1z6tln/at_first_i_was_mad_this_sub_was_private_then_i/", "score": 133, "selftext": "", "stickied": false, "subreddit_id": "t5_2vpth", "title": "At first I was mad this sub was private, then I laughed", "url": "http://i.imgur.com/m4kgn60.png", "author_name": "GrahamMc", "author_id": "6nyuh", "subreddit_name": "frozen", "upvote_ratio": 0.97}