[{"body": "That's the best fanart I've seen on this sub. Nice job by the artist and nice find, OP.", "created_utc": 1392177905.0, "distinguished": null, "edited": false, "id": "cfd6b4y", "is_submitter": false, "link_id": "t3_1xodcn", "parent_id": "t3_1xodcn", "permalink": "/r/Frozen/comments/1xodcn/anna_elsa_and_olaf_sketches/cfd6b4y/", "score": 4, "stickied": false, "subreddit_id": "t5_2vpth", "author_name": null, "author_id": null, "subreddit_name": "frozen"}, {"body": "Artist's twitter: https://twitter.com/_artistiq/media", "created_utc": 1392175686.0, "distinguished": null, "edited": false, "id": "cfd5cex", "is_submitter": true, "link_id": "t3_1xodcn", "parent_id": "t3_1xodcn", "permalink": "/r/Frozen/comments/1xodcn/anna_elsa_and_olaf_sketches/cfd5cex/", "score": 4, "stickied": false, "subreddit_id": "t5_2vpth", "author_name": "JamesAQuintero", "author_id": "7gthv", "subreddit_name": "frozen"}, {"body": "Watching Frozen got me back into drawing. I think the artiste and animaters /sp. bought out the most expressive and emotive characters of any animation movie to date. But these drawings are far beyond anything I can achieve, we'll done!", "created_utc": 1392191548.0, "distinguished": null, "edited": false, "id": "cfdavk7", "is_submitter": false, "link_id": "t3_1xodcn", "parent_id": "t3_1xodcn", "permalink": "/r/Frozen/comments/1xodcn/anna_elsa_and_olaf_sketches/cfdavk7/", "score": 3, "stickied": false, "subreddit_id": "t5_2vpth", "author_name": "2nds1st", "author_id": "b9jcw", "subreddit_name": "frozen"}, {"body": "squee!!!", "created_utc": 1392181674.0, "distinguished": null, "edited": false, "id": "cfd7v5y", "is_submitter": false, "link_id": "t3_1xodcn", "parent_id": "t3_1xodcn", "permalink": "/r/Frozen/comments/1xodcn/anna_elsa_and_olaf_sketches/cfd7v5y/", "score": 2, "stickied": false, "subreddit_id": "t5_2vpth", "author_name": null, "author_id": null, "subreddit_name": "frozen"}, {"body": "Those are legitimately spot-on.  I have never seen sketches that look that close.", "created_utc": 1392236215.0, "distinguished": null, "edited": false, "id": "cfdp5zy", "is_submitter": false, "link_id": "t3_1xodcn", "parent_id": "t3_1xodcn", "permalink": "/r/Frozen/comments/1xodcn/anna_elsa_and_olaf_sketches/cfdp5zy/", "score": 1, "stickied": false, "subreddit_id": "t5_2vpth", "author_name": "baconbroth", "author_id": "cidv2", "subreddit_name": "frozen"}, {"body": "Wow that's ridiculously amazing.", "created_utc": 1392247206.0, "distinguished": null, "edited": false, "id": "cfdurqc", "is_submitter": false, "link_id": "t3_1xodcn", "parent_id": "t3_1xodcn", "permalink": "/r/Frozen/comments/1xodcn/anna_elsa_and_olaf_sketches/cfdurqc/", "score": 1, "stickied": false, "subreddit_id": "t5_2vpth", "author_name": "bejouled", "author_id": "8uww5", "subreddit_name": "frozen"}, {"body": "> animaters /sp. \n\nAnimators*", "created_utc": 1392203323.0, "distinguished": null, "edited": false, "id": "cfdcuiz", "is_submitter": false, "link_id": "t3_1xodcn", "parent_id": "t1_cfdavk7", "permalink": "/r/Frozen/comments/1xodcn/anna_elsa_and_olaf_sketches/cfdcuiz/", "score": 1, "stickied": false, "subreddit_id": "t5_2vpth", "author_name": null, "author_id": null, "subreddit_name": "frozen"}]