{"clicked": false, "created_utc": 1392175671.0, "distinguished": null, "edited": false, "id": "1xodcn", "is_video": false, "locked": false, "num_comments": 7, "over_18": false, "permalink": "/r/Frozen/comments/1xodcn/anna_elsa_and_olaf_sketches/", "score": 202, "selftext": "", "stickied": false, "subreddit_id": "t5_2vpth", "title": "Anna, Elsa, and Olaf sketches", "url": "http://imgur.com/a/VSo0T", "author_name": "JamesAQuintero", "author_id": "7gthv", "subreddit_name": "frozen", "upvote_ratio": 0.99}