[{"body": "[The artist also has more Anna & Kristoff art](http://xxmemoriezxx.deviantart.com/gallery/46768301).", "created_utc": 1389815905.0, "distinguished": null, "edited": false, "id": "ceqdkcr", "is_submitter": true, "link_id": "t3_1vaq3o", "parent_id": "t3_1vaq3o", "permalink": "/r/Frozen/comments/1vaq3o/royal_family_holiday/ceqdkcr/", "score": 10, "stickied": false, "subreddit_id": "t5_2vpth", "author_name": "Eren_Jeager", "author_id": "db1dv", "subreddit_name": "frozen"}, {"body": "Right into the feels. It's amazing!", "created_utc": 1389825886.0, "distinguished": null, "edited": false, "id": "ceqir8h", "is_submitter": false, "link_id": "t3_1vaq3o", "parent_id": "t3_1vaq3o", "permalink": "/r/Frozen/comments/1vaq3o/royal_family_holiday/ceqir8h/", "score": 6, "stickied": false, "subreddit_id": "t5_2vpth", "author_name": null, "author_id": null, "subreddit_name": "frozen"}, {"body": "As someone that doesn't typically enjoy people coming up with situations that aren't canon, I am surprisingly okay with this piece and the inclusion of Anna and Kristoff's children.", "created_utc": 1389829080.0, "distinguished": null, "edited": false, "id": "ceqkbxs", "is_submitter": false, "link_id": "t3_1vaq3o", "parent_id": "t3_1vaq3o", "permalink": "/r/Frozen/comments/1vaq3o/royal_family_holiday/ceqkbxs/", "score": 9, "stickied": false, "subreddit_id": "t5_2vpth", "author_name": "Scorch94", "author_id": "77sxq", "subreddit_name": "frozen"}, {"body": "What no Olaf?!", "created_utc": 1389821204.0, "distinguished": null, "edited": false, "id": "ceqg9ua", "is_submitter": false, "link_id": "t3_1vaq3o", "parent_id": "t3_1vaq3o", "permalink": "/r/Frozen/comments/1vaq3o/royal_family_holiday/ceqg9ua/", "score": 3, "stickied": false, "subreddit_id": "t5_2vpth", "author_name": "Snorflack", "author_id": "6x86i", "subreddit_name": "frozen"}, {"body": "This picture is so sweet and fluffy and cute and *perfect* that it's actually giving me diabetes. ", "created_utc": 1389835194.0, "distinguished": null, "edited": false, "id": "ceqn6ay", "is_submitter": false, "link_id": "t3_1vaq3o", "parent_id": "t3_1vaq3o", "permalink": "/r/Frozen/comments/1vaq3o/royal_family_holiday/ceqn6ay/", "score": 5, "stickied": false, "subreddit_id": "t5_2vpth", "author_name": "Tyranid457", "author_id": "6z08b", "subreddit_name": "frozen"}, {"body": "This picture physically hurts", "created_utc": 1389822118.0, "distinguished": null, "edited": false, "id": "ceqgrt1", "is_submitter": false, "link_id": "t3_1vaq3o", "parent_id": "t3_1vaq3o", "permalink": "/r/Frozen/comments/1vaq3o/royal_family_holiday/ceqgrt1/", "score": -4, "stickied": false, "subreddit_id": "t5_2vpth", "author_name": "Animal31", "author_id": "7h3il", "subreddit_name": "frozen"}, {"body": "Aunt Elsa *does* have a ring to it.", "created_utc": 1389829203.0, "distinguished": null, "edited": false, "id": "ceqke2s", "is_submitter": false, "link_id": "t3_1vaq3o", "parent_id": "t1_ceqkbxs", "permalink": "/r/Frozen/comments/1vaq3o/royal_family_holiday/ceqke2s/", "score": 11, "stickied": false, "subreddit_id": "t5_2vpth", "author_name": "OrangeFeels", "author_id": "e3m2z", "subreddit_name": "frozen"}]