{"clicked": false, "created_utc": 1389814953.0, "distinguished": null, "edited": false, "id": "1vaq3o", "is_video": false, "locked": false, "num_comments": 7, "over_18": false, "permalink": "/r/Frozen/comments/1vaq3o/royal_family_holiday/", "score": 192, "selftext": "", "stickied": false, "subreddit_id": "t5_2vpth", "title": "Royal Family Holiday", "url": "http://xxmemoriezxx.deviantart.com/art/Royal-Family-Holiday-424813830", "author_name": "Eren_Jeager", "author_id": "db1dv", "subreddit_name": "frozen", "upvote_ratio": 1.0}