[{"body": "If you haven't, make sure to read the tags too. They're great. ", "created_utc": 1390871230.0, "distinguished": null, "edited": false, "id": "cf0j0ra", "is_submitter": true, "link_id": "t3_1wbaa3", "parent_id": "t3_1wbaa3", "permalink": "/r/Frozen/comments/1wbaa3/the_picture_of_sophisticated_graaaccceeee/cf0j0ra/", "score": 15, "stickied": false, "subreddit_id": "t5_2vpth", "author_name": "JiForce", "author_id": "5fwj2", "subreddit_name": "frozen"}, {"body": "I love this. Anna seems to be taking to her little sister duties quite well.", "created_utc": 1390865702.0, "distinguished": null, "edited": false, "id": "cf0gfgp", "is_submitter": false, "link_id": "t3_1wbaa3", "parent_id": "t3_1wbaa3", "permalink": "/r/Frozen/comments/1wbaa3/the_picture_of_sophisticated_graaaccceeee/cf0gfgp/", "score": 8, "stickied": false, "subreddit_id": "t5_2vpth", "author_name": "BlueRaith", "author_id": "brwtf", "subreddit_name": "frozen"}, {"body": "Anna's face...priceless", "created_utc": 1390881790.0, "distinguished": null, "edited": false, "id": "cf0o1ky", "is_submitter": false, "link_id": "t3_1wbaa3", "parent_id": "t3_1wbaa3", "permalink": "/r/Frozen/comments/1wbaa3/the_picture_of_sophisticated_graaaccceeee/cf0o1ky/", "score": 6, "stickied": false, "subreddit_id": "t5_2vpth", "author_name": "baconbroth", "author_id": "cidv2", "subreddit_name": "frozen"}, {"body": "One of my favourite scenes in a whole movie", "created_utc": 1392478202.0, "distinguished": null, "edited": false, "id": "cffzl3a", "is_submitter": false, "link_id": "t3_1wbaa3", "parent_id": "t3_1wbaa3", "permalink": "/r/Frozen/comments/1wbaa3/the_picture_of_sophisticated_graaaccceeee/cffzl3a/", "score": 1, "stickied": false, "subreddit_id": "t5_2vpth", "author_name": "Portgas", "author_id": "7kc75", "subreddit_name": "frozen"}, {"body": "I say elsa's face is more priceless. ", "created_utc": 1390917676.0, "distinguished": null, "edited": false, "id": "cf0we8a", "is_submitter": false, "link_id": "t3_1wbaa3", "parent_id": "t1_cf0o1ky", "permalink": "/r/Frozen/comments/1wbaa3/the_picture_of_sophisticated_graaaccceeee/cf0we8a/", "score": 5, "stickied": false, "subreddit_id": "t5_2vpth", "author_name": "IamVAcer", "author_id": "d3tyl", "subreddit_name": "frozen"}]