{"clicked": false, "created_utc": 1390858284.0, "distinguished": null, "edited": false, "id": "1wbaa3", "is_video": false, "locked": false, "num_comments": 5, "over_18": false, "permalink": "/r/Frozen/comments/1wbaa3/the_picture_of_sophisticated_graaaccceeee/", "score": 212, "selftext": "", "stickied": false, "subreddit_id": "t5_2vpth", "title": "\"The picture of sophisticated GRAAACCCEEEE\"", "url": "http://tama9toma.tumblr.com/post/74721372907/the-picture-of-sophisticated-graaaccceeee", "author_name": "JiForce", "author_id": "5fwj2", "subreddit_name": "frozen", "upvote_ratio": 1.0}