[{"body": "The third picture is just great. It's like she's saying \"Well, you see...\"", "created_utc": 1394170767.0, "distinguished": null, "edited": false, "id": "cfwilad", "is_submitter": false, "link_id": "t3_1zsccc", "parent_id": "t3_1zsccc", "permalink": "/r/Frozen/comments/1zsccc/finally_someone_spoken/cfwilad/", "score": 9, "stickied": false, "subreddit_id": "t5_2vpth", "author_name": "Aleril_Antarai", "author_id": "3l07h", "subreddit_name": "frozen"}, {"body": "The last image cracked me up.", "created_utc": 1394182411.0, "distinguished": null, "edited": false, "id": "cfwlhf5", "is_submitter": false, "link_id": "t3_1zsccc", "parent_id": "t3_1zsccc", "permalink": "/r/Frozen/comments/1zsccc/finally_someone_spoken/cfwlhf5/", "score": 4, "stickied": false, "subreddit_id": "t5_2vpth", "author_name": "teamhans", "author_id": "fksos", "subreddit_name": "frozen"}, {"body": "Always makes me smile when I see this. ", "created_utc": 1394173138.0, "distinguished": null, "edited": false, "id": "cfwjce4", "is_submitter": false, "link_id": "t3_1zsccc", "parent_id": "t3_1zsccc", "permalink": "/r/Frozen/comments/1zsccc/finally_someone_spoken/cfwjce4/", "score": 3, "stickied": false, "subreddit_id": "t5_2vpth", "author_name": "TeleVue", "author_id": "f5kuq", "subreddit_name": "frozen"}, {"body": "Elsa is so smart", "created_utc": 1394211287.0, "distinguished": null, "edited": false, "id": "cfwsxau", "is_submitter": false, "link_id": "t3_1zsccc", "parent_id": "t3_1zsccc", "permalink": "/r/Frozen/comments/1zsccc/finally_someone_spoken/cfwsxau/", "score": 6, "stickied": false, "subreddit_id": "t5_2vpth", "author_name": "themd", "author_id": "4jynf", "subreddit_name": "frozen"}, {"body": "But it's true love !", "created_utc": 1394217726.0, "distinguished": null, "edited": false, "id": "cfwvy2z", "is_submitter": false, "link_id": "t3_1zsccc", "parent_id": "t3_1zsccc", "permalink": "/r/Frozen/comments/1zsccc/finally_someone_spoken/cfwvy2z/", "score": 3, "stickied": false, "subreddit_id": "t5_2vpth", "author_name": "Powy", "author_id": "a869q", "subreddit_name": "frozen"}, {"body": "Well, aren't they like the ONLY ones who married someone they just met? There are way many more who didn't. (I guess it also depends on how long yo define \"just met\" though)", "created_utc": 1394213398.0, "distinguished": null, "edited": false, "id": "cfwtwzr", "is_submitter": false, "link_id": "t3_1zsccc", "parent_id": "t3_1zsccc", "permalink": "/r/Frozen/comments/1zsccc/finally_someone_spoken/cfwtwzr/", "score": 1, "stickied": false, "subreddit_id": "t5_2vpth", "author_name": "tempestjg", "author_id": "4jv3y", "subreddit_name": "frozen"}, {"body": "Daughters of European royalty back then were likely to marry men they've *never* met.", "created_utc": 1394258388.0, "distinguished": null, "edited": false, "id": "cfxc59h", "is_submitter": false, "link_id": "t3_1zsccc", "parent_id": "t3_1zsccc", "permalink": "/r/Frozen/comments/1zsccc/finally_someone_spoken/cfxc59h/", "score": 1, "stickied": false, "subreddit_id": "t5_2vpth", "author_name": "garygnu", "author_id": "2qxip", "subreddit_name": "frozen"}, {"body": "Technically Ariel new Eric for 3 days before they got married! ", "created_utc": 1394407275.0, "distinguished": null, "edited": false, "id": "cfyj8kh", "is_submitter": false, "link_id": "t3_1zsccc", "parent_id": "t3_1zsccc", "permalink": "/r/Frozen/comments/1zsccc/finally_someone_spoken/cfyj8kh/", "score": 1, "stickied": false, "subreddit_id": "t5_2vpth", "author_name": "ilovesuperman", "author_id": "aoj2u", "subreddit_name": "frozen"}, {"body": "\"...he's really rich, and it's kind of a 'him, or be a spinster forever locked in the attic' deal.  And did I mention how rich he is.\"", "created_utc": 1394179247.0, "distinguished": null, "edited": false, "id": "cfwkvnn", "is_submitter": false, "link_id": "t3_1zsccc", "parent_id": "t1_cfwilad", "permalink": "/r/Frozen/comments/1zsccc/finally_someone_spoken/cfwkvnn/", "score": 13, "stickied": false, "subreddit_id": "t5_2vpth", "author_name": "misogichan", "author_id": "bwx74", "subreddit_name": "frozen"}, {"body": "XD hahahaha yeah", "created_utc": 1394196912.0, "distinguished": null, "edited": false, "id": "cfwnsji", "is_submitter": false, "link_id": "t3_1zsccc", "parent_id": "t1_cfwlhf5", "permalink": "/r/Frozen/comments/1zsccc/finally_someone_spoken/cfwnsji/", "score": 3, "stickied": false, "subreddit_id": "t5_2vpth", "author_name": "FelixBlue", "author_id": "fca2h", "subreddit_name": "frozen"}, {"body": "What do you know about true love?", "created_utc": 1394407205.0, "distinguished": null, "edited": false, "id": "cfyj7ht", "is_submitter": false, "link_id": "t3_1zsccc", "parent_id": "t1_cfwvy2z", "permalink": "/r/Frozen/comments/1zsccc/finally_someone_spoken/cfyj7ht/", "score": 2, "stickied": false, "subreddit_id": "t5_2vpth", "author_name": "ilovesuperman", "author_id": "aoj2u", "subreddit_name": "frozen"}]