{"clicked": false, "created_utc": 1390671940.0, "distinguished": null, "edited": false, "id": "1w4lcy", "is_video": false, "locked": false, "num_comments": 1, "over_18": false, "permalink": "/r/Frozen/comments/1w4lcy/true_youtube_comment_about_do_you_want_to_build_a/", "score": 158, "selftext": "", "stickied": false, "subreddit_id": "t5_2vpth", "title": "True YouTube comment about \"Do You Want to Build a Snowman\"", "url": "http://i.imgur.com/bpfhfig.jpg", "author_name": "LucyfursMom", "author_id": "engjl", "subreddit_name": "frozen", "upvote_ratio": 0.96}