[{"body": "Looking to the amount of Oscar-related art, which pop out of the blue right after ceremony, I think everyone knew that Frozen would win 2 Oscars and draw some art in advance :D", "created_utc": 1393827504.0, "distinguished": null, "edited": false, "id": "cft1q6w", "is_submitter": false, "link_id": "t3_1zewi0", "parent_id": "t3_1zewi0", "permalink": "/r/Frozen/comments/1zewi0/you_are_both_named_oscars/cft1q6w/", "score": 18, "stickied": false, "subreddit_id": "t5_2vpth", "author_name": "Roxioz", "author_id": "f6z4v", "subreddit_name": "frozen"}, {"body": "Who's the funky looking trophy?      \n\"Oscar\"       \nAnd who's the Oscar?       \n\"...Oscar?\"      \nOkay, makes things easier for me!", "created_utc": 1393845556.0, "distinguished": null, "edited": false, "id": "cft54l9", "is_submitter": false, "link_id": "t3_1zewi0", "parent_id": "t3_1zewi0", "permalink": "/r/Frozen/comments/1zewi0/you_are_both_named_oscars/cft54l9/", "score": 12, "stickied": false, "subreddit_id": "t5_2vpth", "author_name": "lq13", "author_id": "fblf7", "subreddit_name": "frozen"}, {"body": "So cute, sauce, pls!", "created_utc": 1393829846.0, "distinguished": null, "edited": false, "id": "cft2edv", "is_submitter": false, "link_id": "t3_1zewi0", "parent_id": "t3_1zewi0", "permalink": "/r/Frozen/comments/1zewi0/you_are_both_named_oscars/cft2edv/", "score": 4, "stickied": false, "subreddit_id": "t5_2vpth", "author_name": "Y0L0queue", "author_id": "chtpt", "subreddit_name": "frozen"}, {"body": "This. Is. Perfect! :)", "created_utc": 1393855089.0, "distinguished": null, "edited": false, "id": "cft6wr1", "is_submitter": false, "link_id": "t3_1zewi0", "parent_id": "t3_1zewi0", "permalink": "/r/Frozen/comments/1zewi0/you_are_both_named_oscars/cft6wr1/", "score": 3, "stickied": false, "subreddit_id": "t5_2vpth", "author_name": "earlystars", "author_id": "92b4y", "subreddit_name": "frozen"}, {"body": "[Source](http://t.co/0ot4HOD9qV)\n\nLove the creativity of Disney animator:DD", "created_utc": 1393827065.0, "distinguished": null, "edited": false, "id": "cft1lei", "is_submitter": true, "link_id": "t3_1zewi0", "parent_id": "t3_1zewi0", "permalink": "/r/Frozen/comments/1zewi0/you_are_both_named_oscars/cft1lei/", "score": 2, "stickied": false, "subreddit_id": "t5_2vpth", "author_name": "teffhk", "author_id": "dyxc8", "subreddit_name": "frozen"}, {"body": "We all did!", "created_utc": 1393834451.0, "distinguished": null, "edited": false, "id": "cft3g6s", "is_submitter": false, "link_id": "t3_1zewi0", "parent_id": "t1_cft1q6w", "permalink": "/r/Frozen/comments/1zewi0/you_are_both_named_oscars/cft3g6s/", "score": 7, "stickied": false, "subreddit_id": "t5_2vpth", "author_name": "AdultSupervision", "author_id": "ej121", "subreddit_name": "frozen"}, {"body": "Best Animated was a lock by last night. Best Original Song though was not. A lot of people (myself included) feared U2 would sweep in and win it because of Hollywood's love of Bono and everything.", "created_utc": 1393854568.0, "distinguished": null, "edited": false, "id": "cft6s4i", "is_submitter": false, "link_id": "t3_1zewi0", "parent_id": "t1_cft1q6w", "permalink": "/r/Frozen/comments/1zewi0/you_are_both_named_oscars/cft6s4i/", "score": 4, "stickied": false, "subreddit_id": "t5_2vpth", "author_name": "PSUProud", "author_id": "67jk5", "subreddit_name": "frozen"}, {"body": "[Twitter post.](https://twitter.com/mrhyrum/status/440340939652231168)\n\n[Instagram photo linked in Twitter post.](http://instagram.com/p/lERvZLBxDW/#)\n\n[Tumblr post that's circulating around.](http://disneyfrozen.tumblr.com/post/78413604384)", "created_utc": 1393840764.0, "distinguished": null, "edited": false, "id": "cft4h6g", "is_submitter": false, "link_id": "t3_1zewi0", "parent_id": "t1_cft2edv", "permalink": "/r/Frozen/comments/1zewi0/you_are_both_named_oscars/cft4h6g/", "score": 4, "stickied": false, "subreddit_id": "t5_2vpth", "author_name": "JiForce", "author_id": "5fwj2", "subreddit_name": "frozen"}]