[{"body": "haha! And the movement of his mouth also looks like he said it!", "created_utc": 1392220536.0, "distinguished": null, "edited": false, "id": "cfdhgfr", "is_submitter": false, "link_id": "t3_1xphko", "parent_id": "t3_1xphko", "permalink": "/r/Frozen/comments/1xphko/after_the_events_of_frozen_olaf_went_street/cfdhgfr/", "score": 9, "stickied": false, "subreddit_id": "t5_2vpth", "author_name": "Eldis_", "author_id": "e2dmq", "subreddit_name": "frozen"}, {"body": "Frozizzle", "created_utc": 1392236048.0, "distinguished": null, "edited": false, "id": "cfdp2va", "is_submitter": false, "link_id": "t3_1xphko", "parent_id": "t3_1xphko", "permalink": "/r/Frozen/comments/1xphko/after_the_events_of_frozen_olaf_went_street/cfdp2va/", "score": 5, "stickied": false, "subreddit_id": "t5_2vpth", "author_name": "baconbroth", "author_id": "cidv2", "subreddit_name": "frozen"}, {"body": "He learned to break dance too \n\nhttp://www.youtube.com/watch?v=65MjTk5OBPI", "created_utc": 1392251661.0, "distinguished": null, "edited": false, "id": "cfdwrx4", "is_submitter": false, "link_id": "t3_1xphko", "parent_id": "t3_1xphko", "permalink": "/r/Frozen/comments/1xphko/after_the_events_of_frozen_olaf_went_street/cfdwrx4/", "score": 2, "stickied": false, "subreddit_id": "t5_2vpth", "author_name": "tweedlestupid", "author_id": "aaj2q", "subreddit_name": "frozen"}]