{"clicked": false, "created_utc": 1392213879.0, "distinguished": null, "edited": false, "id": "1xphko", "is_video": false, "locked": false, "num_comments": 3, "over_18": false, "permalink": "/r/Frozen/comments/1xphko/after_the_events_of_frozen_olaf_went_street/", "score": 138, "selftext": "", "stickied": false, "subreddit_id": "t5_2vpth", "title": "After the events of Frozen, Olaf went street.", "url": "https://31.media.tumblr.com/96f2e9bc1ca105359278b53e39d1b29e/tumblr_mxmrvcQTj71retrsio1_250.gif", "author_name": null, "author_id": null, "subreddit_name": "frozen", "upvote_ratio": 0.9}