[{"body": "Good storytelling transcends genders. ", "created_utc": 1389716672.0, "distinguished": null, "edited": false, "id": "cepcec1", "is_submitter": false, "link_id": "t3_1v6m0x", "parent_id": "t3_1v6m0x", "permalink": "/r/Frozen/comments/1v6m0x/i_am_200_pounds_of_muscle_and_i_have_watched_this/cepcec1/", "score": 31, "stickied": false, "subreddit_id": "t5_2vpth", "author_name": "CaffeinatedPony", "author_id": "5po3i", "subreddit_name": "frozen"}, {"body": "I think it's hilarious that I go to an all guys high school, and we are on the verge of starting a Frozen/Tangled/Brave fan club", "created_utc": 1389758540.0, "distinguished": null, "edited": false, "id": "cepvvge", "is_submitter": false, "link_id": "t3_1v6m0x", "parent_id": "t3_1v6m0x", "permalink": "/r/Frozen/comments/1v6m0x/i_am_200_pounds_of_muscle_and_i_have_watched_this/cepvvge/", "score": 25, "stickied": false, "subreddit_id": "t5_2vpth", "author_name": "dmcmania", "author_id": "enmyt", "subreddit_name": "frozen"}, {"body": "i have like six CDs in my car.  they're big sean, kanye, rick ross, ugk, kendrick lamar and drake.  i walk into places all quiet with a squinty mean look in my eyes.  sometimes i gruffly bark at people just to mess with them.\n\ni made it to do you want to build a snowman before i cried.", "created_utc": 1389706187.0, "distinguished": null, "edited": false, "id": "cep8vbf", "is_submitter": false, "link_id": "t3_1v6m0x", "parent_id": "t3_1v6m0x", "permalink": "/r/Frozen/comments/1v6m0x/i_am_200_pounds_of_muscle_and_i_have_watched_this/cep8vbf/", "score": 31, "stickied": false, "subreddit_id": "t5_2vpth", "author_name": "partipo", "author_id": "am6vv", "subreddit_name": "frozen"}, {"body": "I am 300 lbs of fat man meat and I too loved every minute of this.", "created_utc": 1389698215.0, "distinguished": null, "edited": false, "id": "cep7g23", "is_submitter": false, "link_id": "t3_1v6m0x", "parent_id": "t3_1v6m0x", "permalink": "/r/Frozen/comments/1v6m0x/i_am_200_pounds_of_muscle_and_i_have_watched_this/cep7g23/", "score": 27, "stickied": false, "subreddit_id": "t5_2vpth", "author_name": "MidgardDragon", "author_id": "8o1pn", "subreddit_name": "frozen"}, {"body": "Quickly. Go find a prostitute. Do her hard and rough. Try to get one that looks like the main girl. ", "created_utc": 1389696546.0, "distinguished": null, "edited": false, "id": "cep77og", "is_submitter": false, "link_id": "t3_1v6m0x", "parent_id": "t3_1v6m0x", "permalink": "/r/Frozen/comments/1v6m0x/i_am_200_pounds_of_muscle_and_i_have_watched_this/cep77og/", "score": 66, "stickied": false, "subreddit_id": "t5_2vpth", "author_name": "originsquigs", "author_id": "6mtcw", "subreddit_name": "frozen"}, {"body": "Watch more. At some point in the vast future you'll eventually get bored and you'll switch to another cute animated movie.", "created_utc": 1389729945.0, "distinguished": null, "edited": false, "id": "cepikok", "is_submitter": false, "link_id": "t3_1v6m0x", "parent_id": "t3_1v6m0x", "permalink": "/r/Frozen/comments/1v6m0x/i_am_200_pounds_of_muscle_and_i_have_watched_this/cepikok/", "score": 8, "stickied": false, "subreddit_id": "t5_2vpth", "author_name": "ThatCrucible", "author_id": "88ber", "subreddit_name": "frozen"}, {"body": "Dammit this is what happens when im Subbed to R/Fitness nad r/Loseit as well as r/frozen -_-\n\nFeel your pain my goodman, Do oyu shed a single manly tear at any point?", "created_utc": 1389702111.0, "distinguished": null, "edited": false, "id": "cep823t", "is_submitter": false, "link_id": "t3_1v6m0x", "parent_id": "t3_1v6m0x", "permalink": "/r/Frozen/comments/1v6m0x/i_am_200_pounds_of_muscle_and_i_have_watched_this/cep823t/", "score": 7, "stickied": false, "subreddit_id": "t5_2vpth", "author_name": "NGAF2-lectricBugalou", "author_id": "da0km", "subreddit_name": "frozen"}, {"body": "170 college guy. Yep.", "created_utc": 1389713554.0, "distinguished": null, "edited": false, "id": "cepb4ur", "is_submitter": false, "link_id": "t3_1v6m0x", "parent_id": "t3_1v6m0x", "permalink": "/r/Frozen/comments/1v6m0x/i_am_200_pounds_of_muscle_and_i_have_watched_this/cepb4ur/", "score": 6, "stickied": false, "subreddit_id": "t5_2vpth", "author_name": "OrangeFeels", "author_id": "e3m2z", "subreddit_name": "frozen"}, {"body": "Find someone as obsessed with it as you are and forget the world as you sing along to the songs!", "created_utc": 1389717965.0, "distinguished": null, "edited": false, "id": "cepcyhg", "is_submitter": false, "link_id": "t3_1v6m0x", "parent_id": "t3_1v6m0x", "permalink": "/r/Frozen/comments/1v6m0x/i_am_200_pounds_of_muscle_and_i_have_watched_this/cepcyhg/", "score": 4, "stickied": false, "subreddit_id": "t5_2vpth", "author_name": "_Personage", "author_id": "6cf2p", "subreddit_name": "frozen"}, {"body": "probably because you can relate to elsa, her role is after all, men's traditional role.", "created_utc": 1389735522.0, "distinguished": null, "edited": false, "id": "ceplchs", "is_submitter": false, "link_id": "t3_1v6m0x", "parent_id": "t3_1v6m0x", "permalink": "/r/Frozen/comments/1v6m0x/i_am_200_pounds_of_muscle_and_i_have_watched_this/ceplchs/", "score": 7, "stickied": false, "subreddit_id": "t5_2vpth", "author_name": "AdumbroDeus", "author_id": "6uadw", "subreddit_name": "frozen"}, {"body": "Don't worry bro. I'm an infantryman and I've watched it about 5 times. Let it was probably my favorite song. I don't know but that movie just got to me. It's just really good and I have no clue why", "created_utc": 1389880070.0, "distinguished": null, "edited": false, "id": "cer04zz", "is_submitter": false, "link_id": "t3_1v6m0x", "parent_id": "t3_1v6m0x", "permalink": "/r/Frozen/comments/1v6m0x/i_am_200_pounds_of_muscle_and_i_have_watched_this/cer04zz/", "score": 6, "stickied": false, "subreddit_id": "t5_2vpth", "author_name": "iank0326", "author_id": "a03dw", "subreddit_name": "frozen"}, {"body": "Watch more. Watch the awesome parody videos on youtube. Watch more. Look at the awesome fan art. Watch more. Look at the original concept art. Watch More <3", "created_utc": 1389731187.0, "distinguished": null, "edited": false, "id": "cepj69j", "is_submitter": false, "link_id": "t3_1v6m0x", "parent_id": "t3_1v6m0x", "permalink": "/r/Frozen/comments/1v6m0x/i_am_200_pounds_of_muscle_and_i_have_watched_this/cepj69j/", "score": 2, "stickied": false, "subreddit_id": "t5_2vpth", "author_name": "PrincessAloria", "author_id": "8k0e6", "subreddit_name": "frozen"}, {"body": "Before this movie, I hated musicals. I'm very picky about my music and only like specific subgenres of metal. As soon as I got out of the theatre the first time after watching this, I bought the soundtrack. And I've seen it 13 more times since then.\n\nI'm having an identity crisis.", "created_utc": 1389737808.0, "distinguished": null, "edited": false, "id": "cepmha4", "is_submitter": false, "link_id": "t3_1v6m0x", "parent_id": "t3_1v6m0x", "permalink": "/r/Frozen/comments/1v6m0x/i_am_200_pounds_of_muscle_and_i_have_watched_this/cepmha4/", "score": 4, "stickied": false, "subreddit_id": "t5_2vpth", "author_name": null, "author_id": null, "subreddit_name": "frozen"}, {"body": "Wait, you watch it when you get home? Are you watching terrible cam versions? :O\n\nI've seen it in theaters twice now (Danish, mind you, $21 for a ticket).", "created_utc": 1389739122.0, "distinguished": null, "edited": false, "id": "cepn41c", "is_submitter": false, "link_id": "t3_1v6m0x", "parent_id": "t3_1v6m0x", "permalink": "/r/Frozen/comments/1v6m0x/i_am_200_pounds_of_muscle_and_i_have_watched_this/cepn41c/", "score": 5, "stickied": false, "subreddit_id": "t5_2vpth", "author_name": "trixter21992251", "author_id": "5qjtb", "subreddit_name": "frozen"}, {"body": "BUILD A SNOWMAN.", "created_utc": 1389750080.0, "distinguished": null, "edited": false, "id": "ceps664", "is_submitter": false, "link_id": "t3_1v6m0x", "parent_id": "t3_1v6m0x", "permalink": "/r/Frozen/comments/1v6m0x/i_am_200_pounds_of_muscle_and_i_have_watched_this/ceps664/", "score": 4, "stickied": false, "subreddit_id": "t5_2vpth", "author_name": "Overwatch98", "author_id": "ae1sc", "subreddit_name": "frozen"}, {"body": ">Guys. What do I do?\n\nNothing. It tells you that your inner child is still ok, even though you apparently need a rough outer shell right now. Maturing and letting your inner child die is nothing to be proud of, it actually is the mark of evil and vicious people.", "created_utc": 1389826830.0, "distinguished": null, "edited": false, "id": "ceqj8mf", "is_submitter": false, "link_id": "t3_1v6m0x", "parent_id": "t3_1v6m0x", "permalink": "/r/Frozen/comments/1v6m0x/i_am_200_pounds_of_muscle_and_i_have_watched_this/ceqj8mf/", "score": 4, "stickied": false, "subreddit_id": "t5_2vpth", "author_name": null, "author_id": null, "subreddit_name": "frozen"}, {"body": "I love the movie too, but I have 2 girls so I can totally enjoy it and not be strange.", "created_utc": 1389728586.0, "distinguished": null, "edited": false, "id": "cephxgd", "is_submitter": false, "link_id": "t3_1v6m0x", "parent_id": "t3_1v6m0x", "permalink": "/r/Frozen/comments/1v6m0x/i_am_200_pounds_of_muscle_and_i_have_watched_this/cephxgd/", "score": 3, "stickied": false, "subreddit_id": "t5_2vpth", "author_name": "themerovengian", "author_id": "eoh6r", "subreddit_name": "frozen"}, {"body": "I've seen it once, but I'd see it again if I could. I think it's stuck with me because it throws the standard Disney movie tropes out the window and because it isn't a princess movie. It's about princesses, sure, but it doesn't focus on them. It's a damn good story.", "created_utc": 1390073661.0, "distinguished": null, "edited": false, "id": "cesuixb", "is_submitter": false, "link_id": "t3_1v6m0x", "parent_id": "t3_1v6m0x", "permalink": "/r/Frozen/comments/1v6m0x/i_am_200_pounds_of_muscle_and_i_have_watched_this/cesuixb/", "score": 3, "stickied": false, "subreddit_id": "t5_2vpth", "author_name": null, "author_id": null, "subreddit_name": "frozen"}, {"body": "Let it go.", "created_utc": 1391891975.0, "distinguished": null, "edited": false, "id": "cfaefjf", "is_submitter": false, "link_id": "t3_1v6m0x", "parent_id": "t3_1v6m0x", "permalink": "/r/Frozen/comments/1v6m0x/i_am_200_pounds_of_muscle_and_i_have_watched_this/cfaefjf/", "score": 2, "stickied": false, "subreddit_id": "t5_2vpth", "author_name": "Potassiumed", "author_id": "etbeb", "subreddit_name": "frozen"}, {"body": "Damn dude, I'm with you. Do you wanna build a snowman hit me hard in the feels.", "created_utc": 1391259003.0, "distinguished": null, "edited": false, "id": "cf4caql", "is_submitter": false, "link_id": "t3_1v6m0x", "parent_id": "t3_1v6m0x", "permalink": "/r/Frozen/comments/1v6m0x/i_am_200_pounds_of_muscle_and_i_have_watched_this/cf4caql/", "score": 1, "stickied": false, "subreddit_id": "t5_2vpth", "author_name": "Bunyungtung", "author_id": "7062v", "subreddit_name": "frozen"}, {"body": "Do it.", "created_utc": 1390539005.0, "distinguished": null, "edited": false, "id": "cexhiz4", "is_submitter": false, "link_id": "t3_1v6m0x", "parent_id": "t1_cepvvge", "permalink": "/r/Frozen/comments/1v6m0x/i_am_200_pounds_of_muscle_and_i_have_watched_this/cexhiz4/", "score": 17, "stickied": false, "subreddit_id": "t5_2vpth", "author_name": "Wintress", "author_id": "esuim", "subreddit_name": "frozen"}, {"body": "So did Drake", "created_utc": 1389880454.0, "distinguished": null, "edited": false, "id": "cer08pl", "is_submitter": false, "link_id": "t3_1v6m0x", "parent_id": "t1_cep8vbf", "permalink": "/r/Frozen/comments/1v6m0x/i_am_200_pounds_of_muscle_and_i_have_watched_this/cer08pl/", "score": 11, "stickied": false, "subreddit_id": "t5_2vpth", "author_name": "KingBerger14", "author_id": "72d96", "subreddit_name": "frozen"}, {"body": "rofl I don't even, what. Have an upvote", "created_utc": 1389700298.0, "distinguished": null, "edited": false, "id": "cep7rcr", "is_submitter": false, "link_id": "t3_1v6m0x", "parent_id": "t1_cep77og", "permalink": "/r/Frozen/comments/1v6m0x/i_am_200_pounds_of_muscle_and_i_have_watched_this/cep7rcr/", "score": 27, "stickied": false, "subreddit_id": "t5_2vpth", "author_name": "Ckydder", "author_id": "7ykzu", "subreddit_name": "frozen"}, {"body": "Hah! i might just do this For the entertainment alone...BOnus Points if you play the Movie in the background or ask her to Sing let it go *Sighs* Its terrible advice but i cant stop laugihng at it.", "created_utc": 1389702055.0, "distinguished": null, "edited": false, "id": "cep81r6", "is_submitter": false, "link_id": "t3_1v6m0x", "parent_id": "t1_cep77og", "permalink": "/r/Frozen/comments/1v6m0x/i_am_200_pounds_of_muscle_and_i_have_watched_this/cep81r6/", "score": 11, "stickied": false, "subreddit_id": "t5_2vpth", "author_name": "NGAF2-lectricBugalou", "author_id": "da0km", "subreddit_name": "frozen"}, {"body": "You need more upvotes for this.", "created_utc": 1389731235.0, "distinguished": null, "edited": false, "id": "cepj76k", "is_submitter": false, "link_id": "t3_1v6m0x", "parent_id": "t1_cep77og", "permalink": "/r/Frozen/comments/1v6m0x/i_am_200_pounds_of_muscle_and_i_have_watched_this/cepj76k/", "score": 6, "stickied": false, "subreddit_id": "t5_2vpth", "author_name": "PrincessAloria", "author_id": "8k0e6", "subreddit_name": "frozen"}, {"body": "YOU WILL NEVER GET BORED OF IT EVER YOU SHUT YOUR DAMN MOUTH", "created_utc": 1390793307.0, "distinguished": null, "edited": false, "id": "cezrw1a", "is_submitter": false, "link_id": "t3_1v6m0x", "parent_id": "t1_cepikok", "permalink": "/r/Frozen/comments/1v6m0x/i_am_200_pounds_of_muscle_and_i_have_watched_this/cezrw1a/", "score": 16, "stickied": false, "subreddit_id": "t5_2vpth", "author_name": "ninjaakid422", "author_id": "8uh8c", "subreddit_name": "frozen"}, {"body": "No no, hd screeners. \n\nShhhh ;)", "created_utc": 1389739972.0, "distinguished": null, "edited": false, "id": "cepnj5o", "is_submitter": true, "link_id": "t3_1v6m0x", "parent_id": "t1_cepn41c", "permalink": "/r/Frozen/comments/1v6m0x/i_am_200_pounds_of_muscle_and_i_have_watched_this/cepnj5o/", "score": 7, "stickied": false, "subreddit_id": "t5_2vpth", "author_name": "Vopogon", "author_id": "73w88", "subreddit_name": "frozen"}, {"body": "/envy\n\n Wondering if I should go watch the Danish version tomorrow, I've only seen English so far.", "created_utc": 1389740101.0, "distinguished": null, "edited": false, "id": "cepnlfi", "is_submitter": false, "link_id": "t3_1v6m0x", "parent_id": "t1_cepnj5o", "permalink": "/r/Frozen/comments/1v6m0x/i_am_200_pounds_of_muscle_and_i_have_watched_this/cepnlfi/", "score": 5, "stickied": false, "subreddit_id": "t5_2vpth", "author_name": "trixter21992251", "author_id": "5qjtb", "subreddit_name": "frozen"}]