{"clicked": false, "created_utc": 1389696272.0, "distinguished": null, "edited": false, "id": "1v6m0x", "is_video": false, "locked": false, "num_comments": 28, "over_18": false, "permalink": "/r/Frozen/comments/1v6m0x/i_am_200_pounds_of_muscle_and_i_have_watched_this/", "score": 127, "selftext": "I am a lean mean firefighting machine. \n\nI chew my tobacco and spit more swear words than a biker gang. \n\nI drive a lifted chevy.\n\nAnd do you know what I do when I get home? \n\nWatch frozen. \n\nI don't have any kids. \n\nI don't have a girlfriend or wife.\n\nI just love this movie. \nI don't even know why, nor do I care. It's just too damn cute. Not sure what manner of sorcery this is, but I'm under it's spell. \n\nGuys. What do I do?", "stickied": false, "subreddit_id": "t5_2vpth", "title": "I am 200 pounds of muscle. And I have watched this 7 times.", "url": null, "author_name": "Vopogon", "author_id": "73w88", "subreddit_name": "frozen", "upvote_ratio": 0.95}