[{"body": "Look at her cute little freckles ^-^", "created_utc": 1393370438.0, "distinguished": null, "edited": 1393382926.0, "id": "cfop98y", "is_submitter": false, "link_id": "t3_1yxm4f", "parent_id": "t3_1yxm4f", "permalink": "/r/Frozen/comments/1yxm4f/seeing_the_hd_release_of_the_movie_makes_me_this/cfop98y/", "score": 25, "stickied": false, "subreddit_id": "t5_2vpth", "author_name": "foreverofbff", "author_id": "8qpmn", "subreddit_name": "frozen"}, {"body": "Wow, I think it's awesome that they did some *really* realistic animating, and somehow balanced the cartoony feeling to prevent that uncanny valley thing from happening. \n\nI think that is the key to making a visually stunning animation.\nBalancing real-life looks and cartoon feels.", "created_utc": 1393395906.0, "distinguished": null, "edited": false, "id": "cfp0688", "is_submitter": false, "link_id": "t3_1yxm4f", "parent_id": "t3_1yxm4f", "permalink": "/r/Frozen/comments/1yxm4f/seeing_the_hd_release_of_the_movie_makes_me_this/cfp0688/", "score": 14, "stickied": false, "subreddit_id": "t5_2vpth", "author_name": "FelixBlue", "author_id": "fca2h", "subreddit_name": "frozen"}, {"body": "[deleted]  \n ^^^^^^^^^^^^^^^^0.1420 \n > [What is this?](https://pastebin.com/64GuVi2F/40720)", "created_utc": 1393396616.0, "distinguished": null, "edited": 1476741790.0, "id": "cfp0doi", "is_submitter": false, "link_id": "t3_1yxm4f", "parent_id": "t3_1yxm4f", "permalink": "/r/Frozen/comments/1yxm4f/seeing_the_hd_release_of_the_movie_makes_me_this/cfp0doi/", "score": 9, "stickied": false, "subreddit_id": "t5_2vpth", "author_name": "rocketshipotter", "author_id": "6z24w", "subreddit_name": "frozen"}, {"body": "If the quality is this good, imagine bluray, cause it's supposed to be even more better than this, can't quite picture it.", "created_utc": 1393372882.0, "distinguished": null, "edited": false, "id": "cfoqen8", "is_submitter": false, "link_id": "t3_1yxm4f", "parent_id": "t3_1yxm4f", "permalink": "/r/Frozen/comments/1yxm4f/seeing_the_hd_release_of_the_movie_makes_me_this/cfoqen8/", "score": 5, "stickied": false, "subreddit_id": "t5_2vpth", "author_name": "TheKing0fLimbs", "author_id": "d03e0", "subreddit_name": "frozen"}, {"body": "Downloaded. ", "created_utc": 1393369481.0, "distinguished": null, "edited": false, "id": "cfoossw", "is_submitter": false, "link_id": "t3_1yxm4f", "parent_id": "t3_1yxm4f", "permalink": "/r/Frozen/comments/1yxm4f/seeing_the_hd_release_of_the_movie_makes_me_this/cfoossw/", "score": 7, "stickied": false, "subreddit_id": "t5_2vpth", "author_name": "TeleVue", "author_id": "f5kuq", "subreddit_name": "frozen"}, {"body": "Ok... so I have seen it in theatres.. was GREAT, HD, etc.. HUGE screen.. but you cant see ALL the details per say, its still far away, etc.\n\nWatched the semi HD copy that has been available for now.. sated the 'need to watch it' thing.. but was never GREAT quality.\n\nSat down, and watched about 1/2 of the digital HD release last night on my PC&phone... \n\nIT GAVE ME SHIVERS.. since I was able to look closer.. in such good quality.. the sheer MORE detail you can see, etc..\nSHIVERS I tell you!", "created_utc": 1393430161.0, "distinguished": null, "edited": false, "id": "cfp80ig", "is_submitter": false, "link_id": "t3_1yxm4f", "parent_id": "t3_1yxm4f", "permalink": "/r/Frozen/comments/1yxm4f/seeing_the_hd_release_of_the_movie_makes_me_this/cfp80ig/", "score": 7, "stickied": false, "subreddit_id": "t5_2vpth", "author_name": "gdkitty", "author_id": "8payt", "subreddit_name": "frozen"}, {"body": "Me too.", "created_utc": 1393371193.0, "distinguished": null, "edited": false, "id": "cfopmbn", "is_submitter": false, "link_id": "t3_1yxm4f", "parent_id": "t3_1yxm4f", "permalink": "/r/Frozen/comments/1yxm4f/seeing_the_hd_release_of_the_movie_makes_me_this/cfopmbn/", "score": 4, "stickied": false, "subreddit_id": "t5_2vpth", "author_name": "Phaulty", "author_id": "5x95b", "subreddit_name": "frozen"}, {"body": "I downloaded from the XBL Marketplace. But I'd still buy a collectors edition IF there is a decent one.", "created_utc": 1393396409.0, "distinguished": null, "edited": false, "id": "cfp0bij", "is_submitter": false, "link_id": "t3_1yxm4f", "parent_id": "t3_1yxm4f", "permalink": "/r/Frozen/comments/1yxm4f/seeing_the_hd_release_of_the_movie_makes_me_this/cfp0bij/", "score": 3, "stickied": false, "subreddit_id": "t5_2vpth", "author_name": "Guild_Navigator", "author_id": "6v5xw", "subreddit_name": "frozen"}, {"body": "Is the french version available for download on itunes?", "created_utc": 1393406375.0, "distinguished": null, "edited": false, "id": "cfp2eje", "is_submitter": false, "link_id": "t3_1yxm4f", "parent_id": "t3_1yxm4f", "permalink": "/r/Frozen/comments/1yxm4f/seeing_the_hd_release_of_the_movie_makes_me_this/cfp2eje/", "score": 3, "stickied": false, "subreddit_id": "t5_2vpth", "author_name": "sav86", "author_id": "4ifgs", "subreddit_name": "frozen"}, {"body": "Did no one here go to see it at the cinema...?", "created_utc": 1393399286.0, "distinguished": null, "edited": false, "id": "cfp11sy", "is_submitter": false, "link_id": "t3_1yxm4f", "parent_id": "t3_1yxm4f", "permalink": "/r/Frozen/comments/1yxm4f/seeing_the_hd_release_of_the_movie_makes_me_this/cfp11sy/", "score": 2, "stickied": false, "subreddit_id": "t5_2vpth", "author_name": "Hwantaw", "author_id": "4vq1o", "subreddit_name": "frozen"}, {"body": "Wow, look at that detail!", "created_utc": 1393475001.0, "distinguished": null, "edited": false, "id": "cfptfwv", "is_submitter": false, "link_id": "t3_1yxm4f", "parent_id": "t3_1yxm4f", "permalink": "/r/Frozen/comments/1yxm4f/seeing_the_hd_release_of_the_movie_makes_me_this/cfptfwv/", "score": 1, "stickied": false, "subreddit_id": "t5_2vpth", "author_name": "Tyranid457", "author_id": "6z08b", "subreddit_name": "frozen"}, {"body": "cute everything", "created_utc": 1393387411.0, "distinguished": null, "edited": false, "id": "cfox174", "is_submitter": false, "link_id": "t3_1yxm4f", "parent_id": "t1_cfop98y", "permalink": "/r/Frozen/comments/1yxm4f/seeing_the_hd_release_of_the_movie_makes_me_this/cfox174/", "score": 13, "stickied": false, "subreddit_id": "t5_2vpth", "author_name": "baconbroth", "author_id": "cidv2", "subreddit_name": "frozen"}, {"body": "I love that they gave her those! Every time there was a close up in the movie theatre I was eyegasming over all the detail.", "created_utc": 1393402577.0, "distinguished": null, "edited": false, "id": "cfp1qui", "is_submitter": false, "link_id": "t3_1yxm4f", "parent_id": "t1_cfop98y", "permalink": "/r/Frozen/comments/1yxm4f/seeing_the_hd_release_of_the_movie_makes_me_this/cfp1qui/", "score": 7, "stickied": false, "subreddit_id": "t5_2vpth", "author_name": "Swoove", "author_id": "7w825", "subreddit_name": "frozen"}, {"body": "oh god no not *the uncanny valley*, some of those things are really creepy.", "created_utc": 1393414438.0, "distinguished": null, "edited": false, "id": "cfp3koo", "is_submitter": false, "link_id": "t3_1yxm4f", "parent_id": "t1_cfp0688", "permalink": "/r/Frozen/comments/1yxm4f/seeing_the_hd_release_of_the_movie_makes_me_this/cfp3koo/", "score": 2, "stickied": false, "subreddit_id": "t5_2vpth", "author_name": null, "author_id": null, "subreddit_name": "frozen"}, {"body": "TressFX??? XDD", "created_utc": 1393433056.0, "distinguished": null, "edited": false, "id": "cfp9bdw", "is_submitter": false, "link_id": "t3_1yxm4f", "parent_id": "t1_cfp0doi", "permalink": "/r/Frozen/comments/1yxm4f/seeing_the_hd_release_of_the_movie_makes_me_this/cfp9bdw/", "score": 3, "stickied": false, "subreddit_id": "t5_2vpth", "author_name": "teffhk", "author_id": "dyxc8", "subreddit_name": "frozen"}, {"body": "I'll have an Eye-Gasm when I see it in BluRay.", "created_utc": 1393377569.0, "distinguished": null, "edited": false, "id": "cfosjnf", "is_submitter": false, "link_id": "t3_1yxm4f", "parent_id": "t1_cfoqen8", "permalink": "/r/Frozen/comments/1yxm4f/seeing_the_hd_release_of_the_movie_makes_me_this/cfosjnf/", "score": 9, "stickied": false, "subreddit_id": "t5_2vpth", "author_name": "TeleVue", "author_id": "f5kuq", "subreddit_name": "frozen"}, {"body": "I know eh!\n\nI printed a pic to draw off the previous 'preview' copy, was ok but lacked detail. \n\nRe printed off the digital copy.. Night and day quality wise. ", "created_utc": 1393375162.0, "distinguished": null, "edited": false, "id": "cforg7g", "is_submitter": false, "link_id": "t3_1yxm4f", "parent_id": "t1_cfoqen8", "permalink": "/r/Frozen/comments/1yxm4f/seeing_the_hd_release_of_the_movie_makes_me_this/cforg7g/", "score": 6, "stickied": false, "subreddit_id": "t5_2vpth", "author_name": "gdkitty", "author_id": "8payt", "subreddit_name": "frozen"}, {"body": "Too many details to handle! OMG", "created_utc": 1393390130.0, "distinguished": null, "edited": false, "id": "cfoy6nd", "is_submitter": false, "link_id": "t3_1yxm4f", "parent_id": "t1_cfoqen8", "permalink": "/r/Frozen/comments/1yxm4f/seeing_the_hd_release_of_the_movie_makes_me_this/cfoy6nd/", "score": 4, "stickied": false, "subreddit_id": "t5_2vpth", "author_name": "teffhk", "author_id": "dyxc8", "subreddit_name": "frozen"}, {"body": "Where? ", "created_utc": 1393399727.0, "distinguished": null, "edited": false, "id": "cfp15ii", "is_submitter": false, "link_id": "t3_1yxm4f", "parent_id": "t1_cfoossw", "permalink": "/r/Frozen/comments/1yxm4f/seeing_the_hd_release_of_the_movie_makes_me_this/cfp15ii/", "score": 2, "stickied": false, "subreddit_id": "t5_2vpth", "author_name": "Super_Dork_42", "author_id": "71zmu", "subreddit_name": "frozen"}, {"body": "No 3D though...", "created_utc": 1393433115.0, "distinguished": null, "edited": false, "id": "cfp9cf6", "is_submitter": false, "link_id": "t3_1yxm4f", "parent_id": "t1_cfp80ig", "permalink": "/r/Frozen/comments/1yxm4f/seeing_the_hd_release_of_the_movie_makes_me_this/cfp9cf6/", "score": 1, "stickied": false, "subreddit_id": "t5_2vpth", "author_name": "teffhk", "author_id": "dyxc8", "subreddit_name": "frozen"}, {"body": "Im going to assume that many of us did but have been waiting for the release XD", "created_utc": 1393400093.0, "distinguished": null, "edited": false, "id": "cfp18hk", "is_submitter": false, "link_id": "t3_1yxm4f", "parent_id": "t1_cfp11sy", "permalink": "/r/Frozen/comments/1yxm4f/seeing_the_hd_release_of_the_movie_makes_me_this/cfp18hk/", "score": 6, "stickied": false, "subreddit_id": "t5_2vpth", "author_name": "iemnick", "author_id": "ar0ty", "subreddit_name": "frozen"}, {"body": "Also we haven't had many HD screenshots since it hasn't been released until now.", "created_utc": 1393401296.0, "distinguished": null, "edited": false, "id": "cfp1hn2", "is_submitter": false, "link_id": "t3_1yxm4f", "parent_id": "t1_cfp11sy", "permalink": "/r/Frozen/comments/1yxm4f/seeing_the_hd_release_of_the_movie_makes_me_this/cfp1hn2/", "score": 4, "stickied": false, "subreddit_id": "t5_2vpth", "author_name": "shmameron", "author_id": "9h46k", "subreddit_name": "frozen"}, {"body": "I don't live anywhere near one so I had to watch it online. ", "created_utc": 1393403473.0, "distinguished": null, "edited": false, "id": "cfp1wxb", "is_submitter": false, "link_id": "t3_1yxm4f", "parent_id": "t1_cfp11sy", "permalink": "/r/Frozen/comments/1yxm4f/seeing_the_hd_release_of_the_movie_makes_me_this/cfp1wxb/", "score": 4, "stickied": false, "subreddit_id": "t5_2vpth", "author_name": null, "author_id": null, "subreddit_name": "frozen"}, {"body": "Like that would stop Knights from re-watching it. ;)", "created_utc": 1393408994.0, "distinguished": null, "edited": false, "id": "cfp2sni", "is_submitter": false, "link_id": "t3_1yxm4f", "parent_id": "t1_cfp11sy", "permalink": "/r/Frozen/comments/1yxm4f/seeing_the_hd_release_of_the_movie_makes_me_this/cfp2sni/", "score": 2, "stickied": false, "subreddit_id": "t5_2vpth", "author_name": "Random-Webtoon-Fan", "author_id": "da36r", "subreddit_name": "frozen"}, {"body": "I think /u/TeleVue was just talking about the image, but the movie is only available on iTunes right now.", "created_utc": 1393401244.0, "distinguished": null, "edited": false, "id": "cfp1h97", "is_submitter": false, "link_id": "t3_1yxm4f", "parent_id": "t1_cfp15ii", "permalink": "/r/Frozen/comments/1yxm4f/seeing_the_hd_release_of_the_movie_makes_me_this/cfp1h97/", "score": 2, "stickied": false, "subreddit_id": "t5_2vpth", "author_name": "shmameron", "author_id": "9h46k", "subreddit_name": "frozen"}, {"body": "Alot of the pictures i find, i save to my hard drive. In regard to the movie, i just pirate it. ", "created_utc": 1393402155.0, "distinguished": null, "edited": false, "id": "cfp1ntw", "is_submitter": false, "link_id": "t3_1yxm4f", "parent_id": "t1_cfp15ii", "permalink": "/r/Frozen/comments/1yxm4f/seeing_the_hd_release_of_the_movie_makes_me_this/cfp1ntw/", "score": -1, "stickied": false, "subreddit_id": "t5_2vpth", "author_name": "TeleVue", "author_id": "f5kuq", "subreddit_name": "frozen"}, {"body": "I don't really like 3d honestly :P never saw it in the theatre that way (wife's eyes cant focus it correctly)\n\nI am sure though it would just add that extra layer of it tho.", "created_utc": 1393433592.0, "distinguished": null, "edited": false, "id": "cfp9kgz", "is_submitter": false, "link_id": "t3_1yxm4f", "parent_id": "t1_cfp9cf6", "permalink": "/r/Frozen/comments/1yxm4f/seeing_the_hd_release_of_the_movie_makes_me_this/cfp9kgz/", "score": 1, "stickied": false, "subreddit_id": "t5_2vpth", "author_name": "gdkitty", "author_id": "8payt", "subreddit_name": "frozen"}, {"body": "Makes sense.", "created_utc": 1393403956.0, "distinguished": null, "edited": false, "id": "cfp202q", "is_submitter": false, "link_id": "t3_1yxm4f", "parent_id": "t1_cfp18hk", "permalink": "/r/Frozen/comments/1yxm4f/seeing_the_hd_release_of_the_movie_makes_me_this/cfp202q/", "score": 3, "stickied": false, "subreddit_id": "t5_2vpth", "author_name": "Hwantaw", "author_id": "4vq1o", "subreddit_name": "frozen"}, {"body": "This is true.", "created_utc": 1393403978.0, "distinguished": null, "edited": false, "id": "cfp207j", "is_submitter": false, "link_id": "t3_1yxm4f", "parent_id": "t1_cfp1hn2", "permalink": "/r/Frozen/comments/1yxm4f/seeing_the_hd_release_of_the_movie_makes_me_this/cfp207j/", "score": 3, "stickied": false, "subreddit_id": "t5_2vpth", "author_name": "Hwantaw", "author_id": "4vq1o", "subreddit_name": "frozen"}, {"body": "Reasonable.", "created_utc": 1393403947.0, "distinguished": null, "edited": false, "id": "cfp200l", "is_submitter": false, "link_id": "t3_1yxm4f", "parent_id": "t1_cfp1wxb", "permalink": "/r/Frozen/comments/1yxm4f/seeing_the_hd_release_of_the_movie_makes_me_this/cfp200l/", "score": 3, "stickied": false, "subreddit_id": "t5_2vpth", "author_name": "Hwantaw", "author_id": "4vq1o", "subreddit_name": "frozen"}]