{"clicked": false, "created_utc": 1393368043.0, "distinguished": null, "edited": false, "id": "1yxm4f", "is_video": false, "locked": false, "num_comments": 30, "over_18": false, "permalink": "/r/Frozen/comments/1yxm4f/seeing_the_hd_release_of_the_movie_makes_me_this/", "score": 245, "selftext": "", "stickied": false, "subreddit_id": "t5_2vpth", "title": "Seeing the HD release of the movie makes me -this- happy", "url": "http://i.imgur.com/vE5hw5Y.png", "author_name": "loopuleasa", "author_id": "4josc", "subreddit_name": "frozen", "upvote_ratio": 0.99}