[{"body": "This is obviously fake. The author got Eugene's nose right. 0/10", "created_utc": 1392021476.0, "distinguished": null, "edited": false, "id": "cfbklkz", "is_submitter": false, "link_id": "t3_1xi8g6", "parent_id": "t3_1xi8g6", "permalink": "/r/Frozen/comments/1xi8g6/oh_i_love_this_country_it_just_makes_me_want_to/cfbklkz/", "score": 53, "stickied": false, "subreddit_id": "t5_2vpth", "author_name": "Nolos", "author_id": "dqt7e", "subreddit_name": "frozen"}, {"body": "Considering he's a convicted criminal whom all of a sudden gets bethroted to the heiress of a whole kingdom,Eugene should STFU,put up with the singing  and thank his lucky stars...", "created_utc": 1392055077.0, "distinguished": null, "edited": false, "id": "cfbtlft", "is_submitter": false, "link_id": "t3_1xi8g6", "parent_id": "t3_1xi8g6", "permalink": "/r/Frozen/comments/1xi8g6/oh_i_love_this_country_it_just_makes_me_want_to/cfbtlft/", "score": 19, "stickied": false, "subreddit_id": "t5_2vpth", "author_name": "Guild_Navigator", "author_id": "6v5xw", "subreddit_name": "frozen"}, {"body": "Side note: Erm, does anyone more familiar with DA know what the little \"STOP- you are not authorized to use this artwork\" thing in the description means? I'm unfamiliar with it to be honest. No sharing the original link? No derivative works? No rehosting the image? Damnit, ambiguity. ", "created_utc": 1392032156.0, "distinguished": null, "edited": false, "id": "cfbmbqk", "is_submitter": true, "link_id": "t3_1xi8g6", "parent_id": "t3_1xi8g6", "permalink": "/r/Frozen/comments/1xi8g6/oh_i_love_this_country_it_just_makes_me_want_to/cfbmbqk/", "score": 8, "stickied": false, "subreddit_id": "t5_2vpth", "author_name": "JiForce", "author_id": "5fwj2", "subreddit_name": "frozen"}, {"body": "They ALWAYS get the nose wrong!", "created_utc": 1392031828.0, "distinguished": null, "edited": false, "id": "cfbm9v7", "is_submitter": false, "link_id": "t3_1xi8g6", "parent_id": "t1_cfbklkz", "permalink": "/r/Frozen/comments/1xi8g6/oh_i_love_this_country_it_just_makes_me_want_to/cfbm9v7/", "score": 18, "stickied": false, "subreddit_id": "t5_2vpth", "author_name": "Random-Webtoon-Fan", "author_id": "da36r", "subreddit_name": "frozen"}, {"body": "What if that is the wrong nose too, what if they made his nose wrong in all of the movie?", "created_utc": 1392192546.0, "distinguished": null, "edited": false, "id": "cfdb3ff", "is_submitter": false, "link_id": "t3_1xi8g6", "parent_id": "t1_cfbklkz", "permalink": "/r/Frozen/comments/1xi8g6/oh_i_love_this_country_it_just_makes_me_want_to/cfdb3ff/", "score": 5, "stickied": false, "subreddit_id": "t5_2vpth", "author_name": "The1andonlygogoman64", "author_id": "dgjve", "subreddit_name": "frozen"}, {"body": "clicking it sent me to http://donotuseplz.deviantart.com/... another member. So it doesn't appear to be a official DA thing, but it doesn't really say anything beyond that.\n\nI guess it's in use by people who don't know or want to use Creative Commons markings...\n\nhmm.. DA doesn't seem to support CC or even marking works with licensing. Ah well.", "created_utc": 1392032608.0, "distinguished": null, "edited": 1392032955.0, "id": "cfbmefb", "is_submitter": false, "link_id": "t3_1xi8g6", "parent_id": "t1_cfbmbqk", "permalink": "/r/Frozen/comments/1xi8g6/oh_i_love_this_country_it_just_makes_me_want_to/cfbmefb/", "score": 9, "stickied": false, "subreddit_id": "t5_2vpth", "author_name": "damocles2501", "author_id": "d3wqx", "subreddit_name": "frozen"}, {"body": "It just mean you are not allowed to use it for anything. You can share it if you link it like this, to the original source that is. But you can not download it to your computer and use this artwork in your own project or use it for your own personal gain for example. The image is not a real thing though. Its just something that they put on to encourage people not to steal their artwork. But i mean, copyright laws still apply, but that icon really hasnt anything to do with it. ", "created_utc": 1392053740.0, "distinguished": null, "edited": false, "id": "cfbswbf", "is_submitter": false, "link_id": "t3_1xi8g6", "parent_id": "t1_cfbmbqk", "permalink": "/r/Frozen/comments/1xi8g6/oh_i_love_this_country_it_just_makes_me_want_to/cfbswbf/", "score": 3, "stickied": false, "subreddit_id": "t5_2vpth", "author_name": "ilovemrmiyagi", "author_id": "6vnvy", "subreddit_name": "frozen"}, {"body": "Yeah, that's what I figured its use was for as well. Interesting thing is that DA actually does have CC support (I've used it on some of my own stuff), but they recently made it a lot more obscure to use by hiding it in a tiny dropdown instead of having it be a section of its own. I guess that might've stopped people from using it. \n\nI'd just feel kinda bad if it means like, NEVER REDISTRIBUTE THIS OR EVEN LOOK AT IT UNLESS I SAY YOU CAN, y'know? Thanks for looking though, heh. ", "created_utc": 1392033853.0, "distinguished": null, "edited": false, "id": "cfbmlx0", "is_submitter": true, "link_id": "t3_1xi8g6", "parent_id": "t1_cfbmefb", "permalink": "/r/Frozen/comments/1xi8g6/oh_i_love_this_country_it_just_makes_me_want_to/cfbmlx0/", "score": 4, "stickied": false, "subreddit_id": "t5_2vpth", "author_name": "JiForce", "author_id": "5fwj2", "subreddit_name": "frozen"}, {"body": "... they have CC support? I tried to look in their FAQ for it, as well as through my account - never actually posted anything there, I just fave a lot of stuff.", "created_utc": 1392037585.0, "distinguished": null, "edited": false, "id": "cfbnbrk", "is_submitter": false, "link_id": "t3_1xi8g6", "parent_id": "t1_cfbmlx0", "permalink": "/r/Frozen/comments/1xi8g6/oh_i_love_this_country_it_just_makes_me_want_to/cfbnbrk/", "score": 2, "stickied": false, "subreddit_id": "t5_2vpth", "author_name": "damocles2501", "author_id": "d3wqx", "subreddit_name": "frozen"}, {"body": "Yessir! I don't think that many people use it, honestly. Partly because it's pretty hard to find (especially now), and a lot of people just don't care like you mentioned. \n\nSo the new path to find it is: when you go to submit a deviation and you're on the submit page, scroll all the way to the bottom and find the dropdown that says \"Publishing Options.\" Then, under that dropdown, click the yes radio button for \"Use a Creative Commons license?\" and it'll enable the other two options so you can decide which type of CC license it should be. \n\nIt used to be a lot easier to find but harder to navigate before they reworked the UX. =(", "created_utc": 1392039248.0, "distinguished": null, "edited": false, "id": "cfbnph0", "is_submitter": true, "link_id": "t3_1xi8g6", "parent_id": "t1_cfbnbrk", "permalink": "/r/Frozen/comments/1xi8g6/oh_i_love_this_country_it_just_makes_me_want_to/cfbnph0/", "score": 2, "stickied": false, "subreddit_id": "t5_2vpth", "author_name": "JiForce", "author_id": "5fwj2", "subreddit_name": "frozen"}]