{"clicked": false, "created_utc": 1392021196.0, "distinguished": null, "edited": false, "id": "1xi8g6", "is_video": false, "locked": false, "num_comments": 10, "over_18": false, "permalink": "/r/Frozen/comments/1xi8g6/oh_i_love_this_country_it_just_makes_me_want_to/", "score": 181, "selftext": "", "stickied": false, "subreddit_id": "t5_2vpth", "title": "\"Oh, I love this country! It just makes me want to sing and dance about it.\"", "url": "http://hazurasinner.deviantart.com/art/Comic-Commission-7-432691264", "author_name": "JiForce", "author_id": "5fwj2", "subreddit_name": "frozen", "upvote_ratio": 0.98}