[{"body": "The last line shouldn't be so sad... I mean, Elsa is encouraging Anna to come out", "created_utc": 1391690751.0, "distinguished": null, "edited": false, "id": "cf8gzkw", "is_submitter": false, "link_id": "t3_1x65n3", "parent_id": "t3_1x65n3", "permalink": "/r/Frozen/comments/1x65n3/years_later_elsa_has_to_knock_and_ask/cf8gzkw/", "score": 11, "stickied": false, "subreddit_id": "t5_2vpth", "author_name": "IamVAcer", "author_id": "d3tyl", "subreddit_name": "frozen"}, {"body": "* sniffle *\n\nI'll just be a minute.", "created_utc": 1391693099.0, "distinguished": null, "edited": false, "id": "cf8hh8s", "is_submitter": false, "link_id": "t3_1x65n3", "parent_id": "t3_1x65n3", "permalink": "/r/Frozen/comments/1x65n3/years_later_elsa_has_to_knock_and_ask/cf8hh8s/", "score": 8, "stickied": false, "subreddit_id": "t5_2vpth", "author_name": "Superjoshe", "author_id": "a5tb7", "subreddit_name": "frozen"}, {"body": "Oh... the FEELS", "created_utc": 1391687513.0, "distinguished": null, "edited": false, "id": "cf8gfdy", "is_submitter": false, "link_id": "t3_1x65n3", "parent_id": "t3_1x65n3", "permalink": "/r/Frozen/comments/1x65n3/years_later_elsa_has_to_knock_and_ask/cf8gfdy/", "score": 8, "stickied": false, "subreddit_id": "t5_2vpth", "author_name": "teffhk", "author_id": "dyxc8", "subreddit_name": "frozen"}, {"body": "This literally brought tears to my eyes. I love Frozen so much. ", "created_utc": 1391702154.0, "distinguished": null, "edited": false, "id": "cf8ketl", "is_submitter": false, "link_id": "t3_1x65n3", "parent_id": "t3_1x65n3", "permalink": "/r/Frozen/comments/1x65n3/years_later_elsa_has_to_knock_and_ask/cf8ketl/", "score": 9, "stickied": false, "subreddit_id": "t5_2vpth", "author_name": "Jimbabwe88", "author_id": "a7t83", "subreddit_name": "frozen"}, {"body": "FFFUUUUUUCCCKKKK.......... ", "created_utc": 1391691893.0, "distinguished": null, "edited": false, "id": "cf8h7rr", "is_submitter": false, "link_id": "t3_1x65n3", "parent_id": "t3_1x65n3", "permalink": "/r/Frozen/comments/1x65n3/years_later_elsa_has_to_knock_and_ask/cf8h7rr/", "score": 12, "stickied": false, "subreddit_id": "t5_2vpth", "author_name": "ares623", "author_id": "3mbae", "subreddit_name": "frozen"}, {"body": "I might use this idea in my fanfiction...", "created_utc": 1391700757.0, "distinguished": null, "edited": false, "id": "cf8jum7", "is_submitter": false, "link_id": "t3_1x65n3", "parent_id": "t3_1x65n3", "permalink": "/r/Frozen/comments/1x65n3/years_later_elsa_has_to_knock_and_ask/cf8jum7/", "score": 4, "stickied": false, "subreddit_id": "t5_2vpth", "author_name": null, "author_id": null, "subreddit_name": "frozen"}, {"body": "d-damn * sniffle * d-dust", "created_utc": 1392624812.0, "distinguished": null, "edited": false, "id": "cfhcgjk", "is_submitter": false, "link_id": "t3_1x65n3", "parent_id": "t3_1x65n3", "permalink": "/r/Frozen/comments/1x65n3/years_later_elsa_has_to_knock_and_ask/cfhcgjk/", "score": 1, "stickied": false, "subreddit_id": "t5_2vpth", "author_name": "OSK1700", "author_id": "exic8", "subreddit_name": "frozen"}, {"body": "I'd love to read it!", "created_utc": 1391749948.0, "distinguished": null, "edited": false, "id": "cf96j77", "is_submitter": false, "link_id": "t3_1x65n3", "parent_id": "t1_cf8jum7", "permalink": "/r/Frozen/comments/1x65n3/years_later_elsa_has_to_knock_and_ask/cf96j77/", "score": 3, "stickied": false, "subreddit_id": "t5_2vpth", "author_name": null, "author_id": null, "subreddit_name": "frozen"}]