{"clicked": false, "created_utc": 1391683251.0, "distinguished": null, "edited": false, "id": "1x65n3", "is_video": false, "locked": false, "num_comments": 9, "over_18": false, "permalink": "/r/Frozen/comments/1x65n3/years_later_elsa_has_to_knock_and_ask/", "score": 144, "selftext": "", "stickied": false, "subreddit_id": "t5_2vpth", "title": "Years later... Elsa has to knock and ask", "url": "http://aihara-tenshi.tumblr.com/post/70472777848/saw-it-had-to-do-it-based-on-below", "author_name": "damocles2501", "author_id": "d3wqx", "subreddit_name": "frozen", "upvote_ratio": 0.98}