[{"body": "As a nord with no connectin to this, does tacobell do this often?", "created_utc": 1391007815.0, "distinguished": null, "edited": false, "id": "cf1t90m", "is_submitter": false, "link_id": "t3_1wghme", "parent_id": "t3_1wghme", "permalink": "/r/Frozen/comments/1wghme/someone_at_taco_bell_must_be_a_fan/cf1t90m/", "score": 36, "stickied": false, "subreddit_id": "t5_2vpth", "author_name": "The1andonlygogoman64", "author_id": "dgjve", "subreddit_name": "frozen"}, {"body": "This is actually an Arrested Development joke.", "created_utc": 1391053204.0, "distinguished": null, "edited": false, "id": "cf2es9t", "is_submitter": false, "link_id": "t3_1wghme", "parent_id": "t3_1wghme", "permalink": "/r/Frozen/comments/1wghme/someone_at_taco_bell_must_be_a_fan/cf2es9t/", "score": 18, "stickied": false, "subreddit_id": "t5_2vpth", "author_name": "Darkside_Hero", "author_id": "6wquo", "subreddit_name": "frozen"}, {"body": "Who isn't a fan of Frozen?", "created_utc": 1391142126.0, "distinguished": null, "edited": false, "id": "cf3cd5z", "is_submitter": false, "link_id": "t3_1wghme", "parent_id": "t3_1wghme", "permalink": "/r/Frozen/comments/1wghme/someone_at_taco_bell_must_be_a_fan/cf3cd5z/", "score": 4, "stickied": false, "subreddit_id": "t5_2vpth", "author_name": "happypuffles", "author_id": "admg4", "subreddit_name": "frozen"}, {"body": "Sponsor!", "created_utc": 1391048856.0, "distinguished": null, "edited": false, "id": "cf2ct07", "is_submitter": false, "link_id": "t3_1wghme", "parent_id": "t3_1wghme", "permalink": "/r/Frozen/comments/1wghme/someone_at_taco_bell_must_be_a_fan/cf2ct07/", "score": 2, "stickied": false, "subreddit_id": "t5_2vpth", "author_name": "toychristopher", "author_id": "6mhhj", "subreddit_name": "frozen"}, {"body": "No Taco Bell! He's using you for your throne! He's fifth in line to be Burger King!", "created_utc": 1399529675.0, "distinguished": null, "edited": false, "id": "chcj90r", "is_submitter": false, "link_id": "t3_1wghme", "parent_id": "t3_1wghme", "permalink": "/r/Frozen/comments/1wghme/someone_at_taco_bell_must_be_a_fan/chcj90r/", "score": 2, "stickied": false, "subreddit_id": "t5_2vpth", "author_name": "jmerridew124", "author_id": "dripi", "subreddit_name": "frozen"}, {"body": "Ahh Tyler Oakley <3", "created_utc": 1391016835.0, "distinguished": null, "edited": false, "id": "cf1x34u", "is_submitter": false, "link_id": "t3_1wghme", "parent_id": "t3_1wghme", "permalink": "/r/Frozen/comments/1wghme/someone_at_taco_bell_must_be_a_fan/cf1x34u/", "score": 3, "stickied": false, "subreddit_id": "t5_2vpth", "author_name": "bejouled", "author_id": "8uww5", "subreddit_name": "frozen"}, {"body": "[deleted]", "created_utc": 1391028404.0, "distinguished": null, "edited": false, "id": "cf22zqw", "is_submitter": false, "link_id": "t3_1wghme", "parent_id": "t3_1wghme", "permalink": "/r/Frozen/comments/1wghme/someone_at_taco_bell_must_be_a_fan/cf22zqw/", "score": 0, "stickied": false, "subreddit_id": "t5_2vpth", "author_name": null, "author_id": null, "subreddit_name": "frozen"}, {"body": "The Taco Bell twitter account regularly interacts with fans who @mention them, it's pretty entertaining.\n\n[Here's a link to their twitter.](https://twitter.com/TacoBell/with_replies)", "created_utc": 1391008857.0, "distinguished": null, "edited": false, "id": "cf1tmax", "is_submitter": false, "link_id": "t3_1wghme", "parent_id": "t1_cf1t90m", "permalink": "/r/Frozen/comments/1wghme/someone_at_taco_bell_must_be_a_fan/cf1tmax/", "score": 45, "stickied": false, "subreddit_id": "t5_2vpth", "author_name": "_Gains", "author_id": "eyv8a", "subreddit_name": "frozen"}, {"body": "Is it? Which episode? Any chance you remember?", "created_utc": 1391116489.0, "distinguished": null, "edited": false, "id": "cf30f4s", "is_submitter": false, "link_id": "t3_1wghme", "parent_id": "t1_cf2es9t", "permalink": "/r/Frozen/comments/1wghme/someone_at_taco_bell_must_be_a_fan/cf30f4s/", "score": 7, "stickied": false, "subreddit_id": "t5_2vpth", "author_name": "SpookyMelon", "author_id": "5zua7", "subreddit_name": "frozen"}, {"body": "Is this a joke I don't get? ", "created_utc": 1391032030.0, "distinguished": null, "edited": false, "id": "cf24wq7", "is_submitter": false, "link_id": "t3_1wghme", "parent_id": "t1_cf22zqw", "permalink": "/r/Frozen/comments/1wghme/someone_at_taco_bell_must_be_a_fan/cf24wq7/", "score": 1, "stickied": false, "subreddit_id": "t5_2vpth", "author_name": "TheHangman0", "author_id": "bde0o", "subreddit_name": "frozen"}, {"body": "Actually, Tyler Oakley has a long-running \"relationship\" with Taco Bell and they do stuff like this pretty often", "created_utc": 1391016383.0, "distinguished": null, "edited": false, "id": "cf1wvjb", "is_submitter": false, "link_id": "t3_1wghme", "parent_id": "t1_cf1tmax", "permalink": "/r/Frozen/comments/1wghme/someone_at_taco_bell_must_be_a_fan/cf1wvjb/", "score": 32, "stickied": false, "subreddit_id": "t5_2vpth", "author_name": "motdepasse5", "author_id": "bbg4z", "subreddit_name": "frozen"}, {"body": "Thank you Gains", "created_utc": 1391011569.0, "distinguished": null, "edited": false, "id": "cf1uoud", "is_submitter": false, "link_id": "t3_1wghme", "parent_id": "t1_cf1tmax", "permalink": "/r/Frozen/comments/1wghme/someone_at_taco_bell_must_be_a_fan/cf1uoud/", "score": 3, "stickied": false, "subreddit_id": "t5_2vpth", "author_name": "The1andonlygogoman64", "author_id": "dgjve", "subreddit_name": "frozen"}, {"body": "http://blog.zap2it.com/pop2it/2013/12/frozens-shout-outs-to-arrested-development-in-gif-form.html", "created_utc": 1391230124.0, "distinguished": null, "edited": false, "id": "cf46onk", "is_submitter": false, "link_id": "t3_1wghme", "parent_id": "t1_cf30f4s", "permalink": "/r/Frozen/comments/1wghme/someone_at_taco_bell_must_be_a_fan/cf46onk/", "score": 8, "stickied": false, "subreddit_id": "t5_2vpth", "author_name": "shazang", "author_id": "5jsk1", "subreddit_name": "frozen"}, {"body": "[deleted]", "created_utc": 1391032437.0, "distinguished": null, "edited": false, "id": "cf254h4", "is_submitter": false, "link_id": "t3_1wghme", "parent_id": "t1_cf24wq7", "permalink": "/r/Frozen/comments/1wghme/someone_at_taco_bell_must_be_a_fan/cf254h4/", "score": 0, "stickied": false, "subreddit_id": "t5_2vpth", "author_name": null, "author_id": null, "subreddit_name": "frozen"}, {"body": "Oh, cool. I don't follow Tyler Oakley personally, but I've seen Taco Bell on my timeline every now and then.", "created_utc": 1391018864.0, "distinguished": null, "edited": false, "id": "cf1y2kz", "is_submitter": false, "link_id": "t3_1wghme", "parent_id": "t1_cf1wvjb", "permalink": "/r/Frozen/comments/1wghme/someone_at_taco_bell_must_be_a_fan/cf1y2kz/", "score": 4, "stickied": false, "subreddit_id": "t5_2vpth", "author_name": "_Gains", "author_id": "eyv8a", "subreddit_name": "frozen"}, {"body": "No prob, buddy :)", "created_utc": 1391011758.0, "distinguished": null, "edited": false, "id": "cf1urnz", "is_submitter": false, "link_id": "t3_1wghme", "parent_id": "t1_cf1uoud", "permalink": "/r/Frozen/comments/1wghme/someone_at_taco_bell_must_be_a_fan/cf1urnz/", "score": 3, "stickied": false, "subreddit_id": "t5_2vpth", "author_name": "_Gains", "author_id": "eyv8a", "subreddit_name": "frozen"}, {"body": "Oh okay, that's pretty cool. But I don't think they were referencing it. Seems like a pretty generic random thing to say (sort of an oxymoron I know).", "created_utc": 1391033179.0, "distinguished": null, "edited": false, "id": "cf25i5g", "is_submitter": false, "link_id": "t3_1wghme", "parent_id": "t1_cf254h4", "permalink": "/r/Frozen/comments/1wghme/someone_at_taco_bell_must_be_a_fan/cf25i5g/", "score": 4, "stickied": false, "subreddit_id": "t5_2vpth", "author_name": "TheHangman0", "author_id": "bde0o", "subreddit_name": "frozen"}, {"body": "[deleted]", "created_utc": 1391089949.0, "distinguished": null, "edited": false, "id": "cf2o8r5", "is_submitter": false, "link_id": "t3_1wghme", "parent_id": "t1_cf25i5g", "permalink": "/r/Frozen/comments/1wghme/someone_at_taco_bell_must_be_a_fan/cf2o8r5/", "score": 1, "stickied": false, "subreddit_id": "t5_2vpth", "author_name": null, "author_id": null, "subreddit_name": "frozen"}, {"body": "What a party pooper.", "created_utc": 1391093313.0, "distinguished": null, "edited": false, "id": "cf2pazc", "is_submitter": false, "link_id": "t3_1wghme", "parent_id": "t1_cf2o8r5", "permalink": "/r/Frozen/comments/1wghme/someone_at_taco_bell_must_be_a_fan/cf2pazc/", "score": 3, "stickied": false, "subreddit_id": "t5_2vpth", "author_name": "TheHangman0", "author_id": "bde0o", "subreddit_name": "frozen"}]