{"clicked": false, "created_utc": 1390994533.0, "distinguished": null, "edited": false, "id": "1wghme", "is_video": false, "locked": false, "num_comments": 16, "over_18": false, "permalink": "/r/Frozen/comments/1wghme/someone_at_taco_bell_must_be_a_fan/", "score": 657, "selftext": "", "stickied": false, "subreddit_id": "t5_2vpth", "title": "Someone at Taco Bell must be a fan...", "url": "http://i.imgur.com/YKL7Fzk.png", "author_name": "smooshie", "author_id": "33dmz", "subreddit_name": "frozen", "upvote_ratio": 0.97}