[{"body": "Elsa: \"Do you want to be a snowman?\"", "created_utc": 1392926871.0, "distinguished": null, "edited": false, "id": "cfkdtiu", "is_submitter": false, "link_id": "t3_1ygr8y", "parent_id": "t3_1ygr8y", "permalink": "/r/Frozen/comments/1ygr8y/im_anna_and_i_like_warm_hugs/cfkdtiu/", "score": 15, "stickied": false, "subreddit_id": "t5_2vpth", "author_name": "Chimon", "author_id": "640oy", "subreddit_name": "frozen"}, {"body": "\"I wuv you Anna\"", "created_utc": 1392940987.0, "distinguished": null, "edited": false, "id": "cfkkriz", "is_submitter": false, "link_id": "t3_1ygr8y", "parent_id": "t3_1ygr8y", "permalink": "/r/Frozen/comments/1ygr8y/im_anna_and_i_like_warm_hugs/cfkkriz/", "score": 6, "stickied": false, "subreddit_id": "t5_2vpth", "author_name": "ares623", "author_id": "3mbae", "subreddit_name": "frozen"}, {"body": "They should've had a scene like this in the movie, absolutely adorable!", "created_utc": 1392930019.0, "distinguished": null, "edited": false, "id": "cfkfgfn", "is_submitter": false, "link_id": "t3_1ygr8y", "parent_id": "t3_1ygr8y", "permalink": "/r/Frozen/comments/1ygr8y/im_anna_and_i_like_warm_hugs/cfkfgfn/", "score": 3, "stickied": false, "subreddit_id": "t5_2vpth", "author_name": "baconbroth", "author_id": "cidv2", "subreddit_name": "frozen"}, {"body": "I love this sub. Why don't you guys show up where i live?! My friends think i'm a weirdo cuz i'm a guy who has fallen so much in love with this movie. ", "created_utc": 1392951701.0, "distinguished": null, "edited": false, "id": "cfkpeh1", "is_submitter": false, "link_id": "t3_1ygr8y", "parent_id": "t3_1ygr8y", "permalink": "/r/Frozen/comments/1ygr8y/im_anna_and_i_like_warm_hugs/cfkpeh1/", "score": 4, "stickied": false, "subreddit_id": "t5_2vpth", "author_name": "lazybutter", "author_id": "73zbx", "subreddit_name": "frozen"}, {"body": "[proper source!] (http://www.pixiv.net/member_illust.php?mode=medium&illust_id=41750257)", "created_utc": 1392958389.0, "distinguished": null, "edited": false, "id": "cfks7wz", "is_submitter": false, "link_id": "t3_1ygr8y", "parent_id": "t3_1ygr8y", "permalink": "/r/Frozen/comments/1ygr8y/im_anna_and_i_like_warm_hugs/cfks7wz/", "score": 5, "stickied": false, "subreddit_id": "t5_2vpth", "author_name": "galaco", "author_id": "ad2vu", "subreddit_name": "frozen"}, {"body": "Anna: ohhh my god my internal organs are freezing.", "created_utc": 1392942114.0, "distinguished": null, "edited": false, "id": "cfkl9b8", "is_submitter": false, "link_id": "t3_1ygr8y", "parent_id": "t3_1ygr8y", "permalink": "/r/Frozen/comments/1ygr8y/im_anna_and_i_like_warm_hugs/cfkl9b8/", "score": 2, "stickied": false, "subreddit_id": "t5_2vpth", "author_name": null, "author_id": null, "subreddit_name": "frozen"}, {"body": "Lol.", "created_utc": 1392952141.0, "distinguished": null, "edited": false, "id": "cfkpla3", "is_submitter": false, "link_id": "t3_1ygr8y", "parent_id": "t3_1ygr8y", "permalink": "/r/Frozen/comments/1ygr8y/im_anna_and_i_like_warm_hugs/cfkpla3/", "score": 2, "stickied": false, "subreddit_id": "t5_2vpth", "author_name": "Tyranid457", "author_id": "6z08b", "subreddit_name": "frozen"}]