{"clicked": false, "created_utc": 1392924217.0, "distinguished": null, "edited": false, "id": "1ygr8y", "is_video": false, "locked": false, "num_comments": 7, "over_18": false, "permalink": "/r/Frozen/comments/1ygr8y/im_anna_and_i_like_warm_hugs/", "score": 183, "selftext": "", "stickied": false, "subreddit_id": "t5_2vpth", "title": "I'm Anna and i like warm hugs", "url": "http://suzualina.tumblr.com/post/77293880274/do-you-want-to-build-a-snow-man", "author_name": "Portgas", "author_id": "7kc75", "subreddit_name": "frozen", "upvote_ratio": 0.99}