[{"body": "I'd be grateful for such gift, even as an adult. Awesome father.", "created_utc": 1392917874.0, "distinguished": null, "edited": false, "id": "cfk9c2c", "is_submitter": false, "link_id": "t3_1ygfnt", "parent_id": "t3_1ygfnt", "permalink": "/r/Frozen/comments/1ygfnt/my_father_went_to_disney_world_and_sat_in_line/cfk9c2c/", "score": 18, "stickied": false, "subreddit_id": "t5_2vpth", "author_name": "Portgas", "author_id": "7kc75", "subreddit_name": "frozen"}, {"body": "I Need to stop visiting this sub, my family has a history of diabetes.", "created_utc": 1392919176.0, "distinguished": null, "edited": false, "id": "cfk9z1z", "is_submitter": false, "link_id": "t3_1ygfnt", "parent_id": "t3_1ygfnt", "permalink": "/r/Frozen/comments/1ygfnt/my_father_went_to_disney_world_and_sat_in_line/cfk9z1z/", "score": 16, "stickied": false, "subreddit_id": "t5_2vpth", "author_name": "AdultSupervision", "author_id": "ej121", "subreddit_name": "frozen"}, {"body": "The lines to meet Anna and Elsa are always very long, and always very, very worth it.", "created_utc": 1392924285.0, "distinguished": null, "edited": false, "id": "cfkci0d", "is_submitter": false, "link_id": "t3_1ygfnt", "parent_id": "t3_1ygfnt", "permalink": "/r/Frozen/comments/1ygfnt/my_father_went_to_disney_world_and_sat_in_line/cfkci0d/", "score": 12, "stickied": false, "subreddit_id": "t5_2vpth", "author_name": "Superjoshe", "author_id": "a5tb7", "subreddit_name": "frozen"}, {"body": "[deleted]", "created_utc": 1392918341.0, "distinguished": null, "edited": false, "id": "cfk9kce", "is_submitter": false, "link_id": "t3_1ygfnt", "parent_id": "t3_1ygfnt", "permalink": "/r/Frozen/comments/1ygfnt/my_father_went_to_disney_world_and_sat_in_line/cfk9kce/", "score": 6, "stickied": false, "subreddit_id": "t5_2vpth", "author_name": null, "author_id": null, "subreddit_name": "frozen"}, {"body": "I  hope you give him warm hugs the next time you see him!", "created_utc": 1392923491.0, "distinguished": null, "edited": false, "id": "cfkc3of", "is_submitter": false, "link_id": "t3_1ygfnt", "parent_id": "t3_1ygfnt", "permalink": "/r/Frozen/comments/1ygfnt/my_father_went_to_disney_world_and_sat_in_line/cfkc3of/", "score": 4, "stickied": false, "subreddit_id": "t5_2vpth", "author_name": "XLightThief", "author_id": "5o80b", "subreddit_name": "frozen"}, {"body": "I got to meet Anna and Elsa when they first started doing Meet and Greets, several weeks before the movie came out. I waited maybe 20 minutes. I'm so glad I had the foresight to see them before their popularity exploded lol", "created_utc": 1392928015.0, "distinguished": null, "edited": false, "id": "cfkeemy", "is_submitter": false, "link_id": "t3_1ygfnt", "parent_id": "t3_1ygfnt", "permalink": "/r/Frozen/comments/1ygfnt/my_father_went_to_disney_world_and_sat_in_line/cfkeemy/", "score": 6, "stickied": false, "subreddit_id": "t5_2vpth", "author_name": "Wonderlandian", "author_id": "4e30s", "subreddit_name": "frozen"}, {"body": "I love how Elsa's signature is blue while Anna's is orange. ", "created_utc": 1392955447.0, "distinguished": null, "edited": false, "id": "cfkr0dd", "is_submitter": false, "link_id": "t3_1ygfnt", "parent_id": "t3_1ygfnt", "permalink": "/r/Frozen/comments/1ygfnt/my_father_went_to_disney_world_and_sat_in_line/cfkr0dd/", "score": 5, "stickied": false, "subreddit_id": "t5_2vpth", "author_name": "austinstudios", "author_id": "ctiu4", "subreddit_name": "frozen"}, {"body": "Best grandpa.", "created_utc": 1392932489.0, "distinguished": null, "edited": false, "id": "cfkgpsr", "is_submitter": false, "link_id": "t3_1ygfnt", "parent_id": "t3_1ygfnt", "permalink": "/r/Frozen/comments/1ygfnt/my_father_went_to_disney_world_and_sat_in_line/cfkgpsr/", "score": 3, "stickied": false, "subreddit_id": "t5_2vpth", "author_name": "Rhamni", "author_id": "bgzmt", "subreddit_name": "frozen"}, {"body": "This is beautiful! You have an awesome dad and they have an awesome grandpa!\n\n We visited WDW shortly before they arrived and missed them. Oh well, another excuse to go back! ;)", "created_utc": 1392933137.0, "distinguished": null, "edited": false, "id": "cfkh22j", "is_submitter": false, "link_id": "t3_1ygfnt", "parent_id": "t3_1ygfnt", "permalink": "/r/Frozen/comments/1ygfnt/my_father_went_to_disney_world_and_sat_in_line/cfkh22j/", "score": 2, "stickied": false, "subreddit_id": "t5_2vpth", "author_name": null, "author_id": null, "subreddit_name": "frozen"}, {"body": "Great devotion to your family! It may have taken four hours but it is a memento that will last for years", "created_utc": 1392943511.0, "distinguished": null, "edited": false, "id": "cfklv5f", "is_submitter": false, "link_id": "t3_1ygfnt", "parent_id": "t3_1ygfnt", "permalink": "/r/Frozen/comments/1ygfnt/my_father_went_to_disney_world_and_sat_in_line/cfklv5f/", "score": 2, "stickied": false, "subreddit_id": "t5_2vpth", "author_name": "jfurniture", "author_id": "50dxj", "subreddit_name": "frozen"}, {"body": "This is the best! wow! Great grandfather!", "created_utc": 1392944032.0, "distinguished": null, "edited": false, "id": "cfkm3ca", "is_submitter": false, "link_id": "t3_1ygfnt", "parent_id": "t3_1ygfnt", "permalink": "/r/Frozen/comments/1ygfnt/my_father_went_to_disney_world_and_sat_in_line/cfkm3ca/", "score": 2, "stickied": false, "subreddit_id": "t5_2vpth", "author_name": null, "author_id": null, "subreddit_name": "frozen"}, {"body": "Their signatures are gorgeous! I love Elsa's, it looks so magical.", "created_utc": 1392969100.0, "distinguished": null, "edited": false, "id": "cfkvhfn", "is_submitter": false, "link_id": "t3_1ygfnt", "parent_id": "t3_1ygfnt", "permalink": "/r/Frozen/comments/1ygfnt/my_father_went_to_disney_world_and_sat_in_line/cfkvhfn/", "score": 2, "stickied": false, "subreddit_id": "t5_2vpth", "author_name": "Swoove", "author_id": "7w825", "subreddit_name": "frozen"}, {"body": "Four hours sounds a bit like hyperbole.", "created_utc": 1392965596.0, "distinguished": null, "edited": false, "id": "cfkum8p", "is_submitter": false, "link_id": "t3_1ygfnt", "parent_id": "t3_1ygfnt", "permalink": "/r/Frozen/comments/1ygfnt/my_father_went_to_disney_world_and_sat_in_line/cfkum8p/", "score": 0, "stickied": false, "subreddit_id": "t5_2vpth", "author_name": "movieman94", "author_id": "6ck1t", "subreddit_name": "frozen"}, {"body": "It was a little rubber-band bracelet she weaved together herself.  ", "created_utc": 1392918670.0, "distinguished": null, "edited": false, "id": "cfk9q5d", "is_submitter": false, "link_id": "t3_1ygfnt", "parent_id": "t1_cfk9kce", "permalink": "/r/Frozen/comments/1ygfnt/my_father_went_to_disney_world_and_sat_in_line/cfk9q5d/", "score": 10, "stickied": false, "subreddit_id": "t5_2vpth", "author_name": null, "author_id": null, "subreddit_name": "frozen"}]