{"clicked": false, "created_utc": 1392917756.0, "distinguished": null, "edited": false, "id": "1ygfnt", "is_video": false, "locked": false, "num_comments": 13, "over_18": false, "permalink": "/r/Frozen/comments/1ygfnt/my_father_went_to_disney_world_and_sat_in_line/", "score": 195, "selftext": "", "stickied": false, "subreddit_id": "t5_2vpth", "title": "My father went to Disney World and sat in line for 4 HOURS to send this gift back to my very young, and Frozen obsessed, daughters.", "url": "http://imgur.com/a/XGBbV#0", "author_name": null, "author_id": null, "subreddit_name": "frozen", "upvote_ratio": 1.0}