[{"body": "Red Wedding? Arendelle tries to forge the broken alliance with Southern Isles, then... the Weasels send their regards.", "created_utc": 1393970828.0, "distinguished": null, "edited": false, "id": "cfufliw", "is_submitter": false, "link_id": "t3_1zjuzb", "parent_id": "t3_1zjuzb", "permalink": "/r/Frozen/comments/1zjuzb/i_made_a_frozengame_of_thrones_mashup_design/cfufliw/", "score": 44, "stickied": false, "subreddit_id": "t5_2vpth", "author_name": null, "author_id": null, "subreddit_name": "frozen"}, {"body": "Holy shit, this is amazing", "created_utc": 1393966725.0, "distinguished": null, "edited": false, "id": "cfudhof", "is_submitter": false, "link_id": "t3_1zjuzb", "parent_id": "t3_1zjuzb", "permalink": "/r/Frozen/comments/1zjuzb/i_made_a_frozengame_of_thrones_mashup_design/cfudhof/", "score": 15, "stickied": false, "subreddit_id": "t5_2vpth", "author_name": null, "author_id": null, "subreddit_name": "frozen"}, {"body": "Haha nicely done. On a related note, look what I'm wearing! :D\n\n\nhttp://imgur.com/XABRu7W", "created_utc": 1393989057.0, "distinguished": null, "edited": false, "id": "cfuo4x7", "is_submitter": false, "link_id": "t3_1zjuzb", "parent_id": "t3_1zjuzb", "permalink": "/r/Frozen/comments/1zjuzb/i_made_a_frozengame_of_thrones_mashup_design/cfuo4x7/", "score": 17, "stickied": false, "subreddit_id": "t5_2vpth", "author_name": "Ckydder", "author_id": "7ykzu", "subreddit_name": "frozen"}, {"body": "Then we would have to worry about her dying :O", "created_utc": 1393960137.0, "distinguished": null, "edited": false, "id": "cfua979", "is_submitter": false, "link_id": "t3_1zjuzb", "parent_id": "t3_1zjuzb", "permalink": "/r/Frozen/comments/1zjuzb/i_made_a_frozengame_of_thrones_mashup_design/cfua979/", "score": 13, "stickied": false, "subreddit_id": "t5_2vpth", "author_name": "baconbroth", "author_id": "cidv2", "subreddit_name": "frozen"}, {"body": "*After the events of the movie*\n\nHans: So your telling me that wasn't Winterfell?\n\n12 Brothers: YES!\n\nHans: And the redhead, that wasn't Sansa Stark?\n\n12 Brothers: YES!\n\nHans: But her parents are dead and her sister is gone that makes her next in line as heir to Winterfell and Warden of the North. Oh, and believe me, it doesn't get anymore north than there!\n\n12 Brothers: You idiot... how did you get there?\n\nHans: I used my police box?\n\n12 Brothers: And what did the operator say?\n\n*Cut to operator*\n\nHodor: Hodor!\n\n_______________________________\n\nI always thought that Hans' cunning would fit right in with the Lannisters or the Tyrells. His reveal at the end was quite Machiavellian, much like many of the characters from ASOIAF. He just dialed the wrong number in his police box and stumbled into the latest Disney flick\n\n\n\n", "created_utc": 1393994395.0, "distinguished": null, "edited": false, "id": "cfuqgif", "is_submitter": false, "link_id": "t3_1zjuzb", "parent_id": "t3_1zjuzb", "permalink": "/r/Frozen/comments/1zjuzb/i_made_a_frozengame_of_thrones_mashup_design/cfuqgif/", "score": 8, "stickied": false, "subreddit_id": "t5_2vpth", "author_name": "psychomotorboat", "author_id": "dfs6t", "subreddit_name": "frozen"}, {"body": "And we have Marshmallow...KING OF THE NORTH MOUNTAIN", "created_utc": 1393965167.0, "distinguished": null, "edited": false, "id": "cfucq34", "is_submitter": false, "link_id": "t3_1zjuzb", "parent_id": "t3_1zjuzb", "permalink": "/r/Frozen/comments/1zjuzb/i_made_a_frozengame_of_thrones_mashup_design/cfucq34/", "score": 10, "stickied": false, "subreddit_id": "t5_2vpth", "author_name": "TheKing0fLimbs", "author_id": "d03e0", "subreddit_name": "frozen"}, {"body": "I'M THROWING MONEY AT THE SCREEN WHY ISN'T ANYTHING HAPPENING\n", "created_utc": 1394036674.0, "distinguished": null, "edited": false, "id": "cfv197x", "is_submitter": false, "link_id": "t3_1zjuzb", "parent_id": "t3_1zjuzb", "permalink": "/r/Frozen/comments/1zjuzb/i_made_a_frozengame_of_thrones_mashup_design/cfv197x/", "score": 4, "stickied": false, "subreddit_id": "t5_2vpth", "author_name": "pp1mt", "author_id": "bnrqu", "subreddit_name": "frozen"}, {"body": "Unbothered By Cold", "created_utc": 1396913832.0, "distinguished": null, "edited": false, "id": "cgmp14c", "is_submitter": false, "link_id": "t3_1zjuzb", "parent_id": "t3_1zjuzb", "permalink": "/r/Frozen/comments/1zjuzb/i_made_a_frozengame_of_thrones_mashup_design/cgmp14c/", "score": 4, "stickied": false, "subreddit_id": "t5_2vpth", "author_name": "CthulhuHatesChumpits", "author_id": "b88rr", "subreddit_name": "frozen"}, {"body": "If Daenerys was a Stark.", "created_utc": 1394042652.0, "distinguished": null, "edited": false, "id": "cfv42cb", "is_submitter": false, "link_id": "t3_1zjuzb", "parent_id": "t3_1zjuzb", "permalink": "/r/Frozen/comments/1zjuzb/i_made_a_frozengame_of_thrones_mashup_design/cfv42cb/", "score": 2, "stickied": false, "subreddit_id": "t5_2vpth", "author_name": "SawRub", "author_id": "69agp", "subreddit_name": "frozen"}, {"body": "Dude, don't make her a Stark.....it won't end well :/ I love the art though :)", "created_utc": 1393975011.0, "distinguished": null, "edited": 1393976336.0, "id": "cfuhp5v", "is_submitter": false, "link_id": "t3_1zjuzb", "parent_id": "t3_1zjuzb", "permalink": "/r/Frozen/comments/1zjuzb/i_made_a_frozengame_of_thrones_mashup_design/cfuhp5v/", "score": 1, "stickied": false, "subreddit_id": "t5_2vpth", "author_name": "purefabulousity", "author_id": "f7u14", "subreddit_name": "frozen"}, {"body": "Ok I freaking LOVE THIS! Can someone be super creative and techie and make this into a wallpaper?", "created_utc": 1395989070.0, "distinguished": null, "edited": false, "id": "cgdzbr6", "is_submitter": false, "link_id": "t3_1zjuzb", "parent_id": "t3_1zjuzb", "permalink": "/r/Frozen/comments/1zjuzb/i_made_a_frozengame_of_thrones_mashup_design/cgdzbr6/", "score": 1, "stickied": false, "subreddit_id": "t5_2vpth", "author_name": "bubblergirl", "author_id": "5lrft", "subreddit_name": "frozen"}, {"body": "[removed]", "created_utc": 1393959045.0, "distinguished": null, "edited": false, "id": "cfu9ppo", "is_submitter": false, "link_id": "t3_1zjuzb", "parent_id": "t3_1zjuzb", "permalink": "/r/Frozen/comments/1zjuzb/i_made_a_frozengame_of_thrones_mashup_design/cfu9ppo/", "score": -17, "stickied": false, "subreddit_id": "t5_2vpth", "author_name": null, "author_id": null, "subreddit_name": "frozen"}, {"body": "That's just genius! I wonder what role would Corona play in the story.", "created_utc": 1393972440.0, "distinguished": null, "edited": false, "id": "cfugfsq", "is_submitter": false, "link_id": "t3_1zjuzb", "parent_id": "t1_cfufliw", "permalink": "/r/Frozen/comments/1zjuzb/i_made_a_frozengame_of_thrones_mashup_design/cfugfsq/", "score": 9, "stickied": false, "subreddit_id": "t5_2vpth", "author_name": "hellcowboy", "author_id": "8qazx", "subreddit_name": "frozen"}, {"body": "My wife and I were dictating an almost exact fanfic on our way out of the theater after our first viewing. Frozen lends itself to such a large amount of fiction for only being an hour-and-a-half sampling.", "created_utc": 1394009912.0, "distinguished": null, "edited": false, "id": "cfuuplz", "is_submitter": false, "link_id": "t3_1zjuzb", "parent_id": "t1_cfufliw", "permalink": "/r/Frozen/comments/1zjuzb/i_made_a_frozengame_of_thrones_mashup_design/cfuuplz/", "score": 6, "stickied": false, "subreddit_id": "t5_2vpth", "author_name": "GlitchyVI", "author_id": "7ukuo", "subreddit_name": "frozen"}, {"body": "I wouldn't say amazing, but thanks!", "created_utc": 1393994149.0, "distinguished": null, "edited": false, "id": "cfuqcyj", "is_submitter": true, "link_id": "t3_1zjuzb", "parent_id": "t1_cfudhof", "permalink": "/r/Frozen/comments/1zjuzb/i_made_a_frozengame_of_thrones_mashup_design/cfuqcyj/", "score": 7, "stickied": false, "subreddit_id": "t5_2vpth", "author_name": "Whitstand", "author_id": "9kyri", "subreddit_name": "frozen"}, {"body": "If I could wear this shirt every day I totally would. ", "created_utc": 1393993858.0, "distinguished": null, "edited": false, "id": "cfuq8r1", "is_submitter": false, "link_id": "t3_1zjuzb", "parent_id": "t1_cfuo4x7", "permalink": "/r/Frozen/comments/1zjuzb/i_made_a_frozengame_of_thrones_mashup_design/cfuq8r1/", "score": 7, "stickied": false, "subreddit_id": "t5_2vpth", "author_name": "raeflower", "author_id": "663vu", "subreddit_name": "frozen"}, {"body": "Aw man... I thought of doing this next. Too bad.", "created_utc": 1393994264.0, "distinguished": null, "edited": false, "id": "cfuqenf", "is_submitter": true, "link_id": "t3_1zjuzb", "parent_id": "t1_cfuo4x7", "permalink": "/r/Frozen/comments/1zjuzb/i_made_a_frozengame_of_thrones_mashup_design/cfuqenf/", "score": 5, "stickied": false, "subreddit_id": "t5_2vpth", "author_name": "Whitstand", "author_id": "9kyri", "subreddit_name": "frozen"}, {"body": "Did you make that or bought it?!", "created_utc": 1393999717.0, "distinguished": null, "edited": false, "id": "cfuscfw", "is_submitter": false, "link_id": "t3_1zjuzb", "parent_id": "t1_cfuo4x7", "permalink": "/r/Frozen/comments/1zjuzb/i_made_a_frozengame_of_thrones_mashup_design/cfuscfw/", "score": 4, "stickied": false, "subreddit_id": "t5_2vpth", "author_name": "Georgie_Kay", "author_id": "bv5p0", "subreddit_name": "frozen"}, {"body": "Only dragons could go against her. I'm not worried.", "created_utc": 1393960738.0, "distinguished": null, "edited": false, "id": "cfuajrj", "is_submitter": true, "link_id": "t3_1zjuzb", "parent_id": "t1_cfua979", "permalink": "/r/Frozen/comments/1zjuzb/i_made_a_frozengame_of_thrones_mashup_design/cfuajrj/", "score": 13, "stickied": false, "subreddit_id": "t5_2vpth", "author_name": "Whitstand", "author_id": "9kyri", "subreddit_name": "frozen"}, {"body": "> He just dialed the wrong number in his police box and stumbled into the latest Disney flick\n\nOh man, this so much. I kept thinking how his character is pretty much straight out of ASOIAF: cunning, manipulative, willing to murder, charming, etc. He knows how to play the game of thrones *really* well, and his background is perfect for it, too. If this wasn't a Disney film, he likely would've won. ", "created_utc": 1394008245.0, "distinguished": null, "edited": false, "id": "cfuuf5f", "is_submitter": false, "link_id": "t3_1zjuzb", "parent_id": "t1_cfuqgif", "permalink": "/r/Frozen/comments/1zjuzb/i_made_a_frozengame_of_thrones_mashup_design/cfuuf5f/", "score": 6, "stickied": false, "subreddit_id": "t5_2vpth", "author_name": "VitaminsXYZ", "author_id": "9s3kl", "subreddit_name": "frozen"}, {"body": "Can I just say, thank you for saying ASOIAF. ", "created_utc": 1393997105.0, "distinguished": null, "edited": false, "id": "cfurh4l", "is_submitter": false, "link_id": "t3_1zjuzb", "parent_id": "t1_cfuqgif", "permalink": "/r/Frozen/comments/1zjuzb/i_made_a_frozengame_of_thrones_mashup_design/cfurh4l/", "score": 5, "stickied": false, "subreddit_id": "t5_2vpth", "author_name": "Wintress", "author_id": "esuim", "subreddit_name": "frozen"}, {"body": "That is nsfw actually...", "created_utc": 1393961378.0, "distinguished": null, "edited": false, "id": "cfuav48", "is_submitter": false, "link_id": "t3_1zjuzb", "parent_id": "t1_cfu9ppo", "permalink": "/r/Frozen/comments/1zjuzb/i_made_a_frozengame_of_thrones_mashup_design/cfuav48/", "score": 20, "stickied": false, "subreddit_id": "t5_2vpth", "author_name": "Igneek", "author_id": "9zwlf", "subreddit_name": "frozen"}, {"body": "dude, put that somewhere else. Inappropriate for this sub.", "created_utc": 1393975115.0, "distinguished": null, "edited": false, "id": "cfuhqwc", "is_submitter": false, "link_id": "t3_1zjuzb", "parent_id": "t1_cfu9ppo", "permalink": "/r/Frozen/comments/1zjuzb/i_made_a_frozengame_of_thrones_mashup_design/cfuhqwc/", "score": 7, "stickied": false, "subreddit_id": "t5_2vpth", "author_name": "purefabulousity", "author_id": "f7u14", "subreddit_name": "frozen"}, {"body": "Corona seems to fit House Martel: Sigil includes a sun, potential heir is a princess...", "created_utc": 1393973723.0, "distinguished": null, "edited": false, "id": "cfuh341", "is_submitter": false, "link_id": "t3_1zjuzb", "parent_id": "t1_cfugfsq", "permalink": "/r/Frozen/comments/1zjuzb/i_made_a_frozengame_of_thrones_mashup_design/cfuh341/", "score": 7, "stickied": false, "subreddit_id": "t5_2vpth", "author_name": "Chimon", "author_id": "640oy", "subreddit_name": "frozen"}, {"body": "I would", "created_utc": 1393998635.0, "distinguished": null, "edited": false, "id": "cfurzu8", "is_submitter": false, "link_id": "t3_1zjuzb", "parent_id": "t1_cfuqcyj", "permalink": "/r/Frozen/comments/1zjuzb/i_made_a_frozengame_of_thrones_mashup_design/cfurzu8/", "score": 9, "stickied": false, "subreddit_id": "t5_2vpth", "author_name": "nonsequitur_potato", "author_id": "a0wvc", "subreddit_name": "frozen"}, {"body": "Bought it! I am not so talented as to make something like this haha", "created_utc": 1393999934.0, "distinguished": null, "edited": false, "id": "cfuseuk", "is_submitter": false, "link_id": "t3_1zjuzb", "parent_id": "t1_cfuscfw", "permalink": "/r/Frozen/comments/1zjuzb/i_made_a_frozengame_of_thrones_mashup_design/cfuseuk/", "score": 5, "stickied": false, "subreddit_id": "t5_2vpth", "author_name": "Ckydder", "author_id": "7ykzu", "subreddit_name": "frozen"}, {"body": "The heat would surely bother her.", "created_utc": 1393961444.0, "distinguished": null, "edited": false, "id": "cfuaw9c", "is_submitter": false, "link_id": "t3_1zjuzb", "parent_id": "t1_cfuajrj", "permalink": "/r/Frozen/comments/1zjuzb/i_made_a_frozengame_of_thrones_mashup_design/cfuaw9c/", "score": 18, "stickied": false, "subreddit_id": "t5_2vpth", "author_name": "Igneek", "author_id": "9zwlf", "subreddit_name": "frozen"}, {"body": "> He knows how to play the game of thrones really well, and his background is perfect for it, too. \n\nYou know what they say, you win or you die. Arendelle was pretty forgiving in my book.\n\n> If this wasn't a Disney film, he likely would've won. \n\nAgreed. And then he gets the Duke of Weasleton to swing the sword and pop goes Olaf's head and he says \"Oh look, I've been beheaded, hehehe\"\n\nMeanwhile on the North Mountain (aka the Fist of the First men), Kristoff and the Ice Harvester's stumble into Craster's Keep.\n\n*Hoo Hoo!*\n\n*Hi family*\n\n*Hoo Hoo!*", "created_utc": 1394008683.0, "distinguished": null, "edited": false, "id": "cfuuhz5", "is_submitter": false, "link_id": "t3_1zjuzb", "parent_id": "t1_cfuuf5f", "permalink": "/r/Frozen/comments/1zjuzb/i_made_a_frozengame_of_thrones_mashup_design/cfuuhz5/", "score": 3, "stickied": false, "subreddit_id": "t5_2vpth", "author_name": "psychomotorboat", "author_id": "dfs6t", "subreddit_name": "frozen"}, {"body": "You're welcome. The show is fantastic, but I prefer the books. Especially the first half of ASOS vs S3. The RW was told so much better in the books and the show they just ditched the foreshadowing. Since then, I haven't been looking forward much to the fourth season. I do hope I'm wrong though and it turns out to be the best season yet.", "created_utc": 1393997370.0, "distinguished": null, "edited": false, "id": "cfurkhp", "is_submitter": false, "link_id": "t3_1zjuzb", "parent_id": "t1_cfurh4l", "permalink": "/r/Frozen/comments/1zjuzb/i_made_a_frozengame_of_thrones_mashup_design/cfurkhp/", "score": 3, "stickied": false, "subreddit_id": "t5_2vpth", "author_name": "psychomotorboat", "author_id": "dfs6t", "subreddit_name": "frozen"}, {"body": "Very blatantly, I might add.", "created_utc": 1393974073.0, "distinguished": null, "edited": false, "id": "cfuh9c2", "is_submitter": false, "link_id": "t3_1zjuzb", "parent_id": "t1_cfuav48", "permalink": "/r/Frozen/comments/1zjuzb/i_made_a_frozengame_of_thrones_mashup_design/cfuh9c2/", "score": 7, "stickied": false, "subreddit_id": "t5_2vpth", "author_name": "3CN", "author_id": "9px3z", "subreddit_name": "frozen"}, {"body": "Quote the rule that would imply this isn't allowed here.", "created_utc": 1393975190.0, "distinguished": null, "edited": false, "id": "cfuhs71", "is_submitter": false, "link_id": "t3_1zjuzb", "parent_id": "t1_cfuhqwc", "permalink": "/r/Frozen/comments/1zjuzb/i_made_a_frozengame_of_thrones_mashup_design/cfuhs71/", "score": -2, "stickied": false, "subreddit_id": "t5_2vpth", "author_name": "Jokey665", "author_id": "4r8mh", "subreddit_name": "frozen"}, {"body": "I was thinking they could be the Arryns, the related house that's supposed to be your ally but does nothing in the war.", "created_utc": 1393974294.0, "distinguished": null, "edited": false, "id": "cfuhd5n", "is_submitter": false, "link_id": "t3_1zjuzb", "parent_id": "t1_cfuh341", "permalink": "/r/Frozen/comments/1zjuzb/i_made_a_frozengame_of_thrones_mashup_design/cfuhd5n/", "score": 7, "stickied": false, "subreddit_id": "t5_2vpth", "author_name": null, "author_id": null, "subreddit_name": "frozen"}, {"body": "OMG! Please tell me where I can get this!", "created_utc": 1394000063.0, "distinguished": null, "edited": false, "id": "cfusgau", "is_submitter": false, "link_id": "t3_1zjuzb", "parent_id": "t1_cfuseuk", "permalink": "/r/Frozen/comments/1zjuzb/i_made_a_frozengame_of_thrones_mashup_design/cfusgau/", "score": 4, "stickied": false, "subreddit_id": "t5_2vpth", "author_name": "Georgie_Kay", "author_id": "bv5p0", "subreddit_name": "frozen"}, {"body": "Don't worry, ice types > dragon types.", "created_utc": 1393963675.0, "distinguished": null, "edited": false, "id": "cfubzn2", "is_submitter": false, "link_id": "t3_1zjuzb", "parent_id": "t1_cfuaw9c", "permalink": "/r/Frozen/comments/1zjuzb/i_made_a_frozengame_of_thrones_mashup_design/cfubzn2/", "score": 39, "stickied": false, "subreddit_id": "t5_2vpth", "author_name": "Chimon", "author_id": "640oy", "subreddit_name": "frozen"}, {"body": "So, she's a White Walker?", "created_utc": 1393974162.0, "distinguished": null, "edited": false, "id": "cfuhau1", "is_submitter": false, "link_id": "t3_1zjuzb", "parent_id": "t1_cfuaw9c", "permalink": "/r/Frozen/comments/1zjuzb/i_made_a_frozengame_of_thrones_mashup_design/cfuhau1/", "score": 5, "stickied": false, "subreddit_id": "t5_2vpth", "author_name": null, "author_id": null, "subreddit_name": "frozen"}, {"body": "It's a Disney-based subreddit. Stuff like what was in your comment is more appropriate for rule 34. Post it there instead.", "created_utc": 1393975371.0, "distinguished": null, "edited": false, "id": "cfuhv9n", "is_submitter": false, "link_id": "t3_1zjuzb", "parent_id": "t1_cfuhs71", "permalink": "/r/Frozen/comments/1zjuzb/i_made_a_frozengame_of_thrones_mashup_design/cfuhv9n/", "score": 5, "stickied": false, "subreddit_id": "t5_2vpth", "author_name": "purefabulousity", "author_id": "f7u14", "subreddit_name": "frozen"}, {"body": "http://www.teefury.com/gallery/2885/Winter_is_Coming/\n\nThere might be other places selling it but I think this was the original. ", "created_utc": 1394002645.0, "distinguished": null, "edited": false, "id": "cfut6nb", "is_submitter": false, "link_id": "t3_1zjuzb", "parent_id": "t1_cfusgau", "permalink": "/r/Frozen/comments/1zjuzb/i_made_a_frozengame_of_thrones_mashup_design/cfut6nb/", "score": 5, "stickied": false, "subreddit_id": "t5_2vpth", "author_name": null, "author_id": null, "subreddit_name": "frozen"}, {"body": "elsa uses blizzard\n\n...\n\nIt's super effective!", "created_utc": 1393991519.0, "distinguished": null, "edited": false, "id": "cfup9bu", "is_submitter": false, "link_id": "t3_1zjuzb", "parent_id": "t1_cfubzn2", "permalink": "/r/Frozen/comments/1zjuzb/i_made_a_frozengame_of_thrones_mashup_design/cfup9bu/", "score": 11, "stickied": false, "subreddit_id": "t5_2vpth", "author_name": "SayNoToDownvotes", "author_id": "8ia8n", "subreddit_name": "frozen"}, {"body": "No, she's The Other.", "created_utc": 1393980220.0, "distinguished": null, "edited": false, "id": "cfuk34c", "is_submitter": false, "link_id": "t3_1zjuzb", "parent_id": "t1_cfuhau1", "permalink": "/r/Frozen/comments/1zjuzb/i_made_a_frozengame_of_thrones_mashup_design/cfuk34c/", "score": 5, "stickied": false, "subreddit_id": "t5_2vpth", "author_name": null, "author_id": null, "subreddit_name": "frozen"}, {"body": "http://www.reddit.com/r/Frozen/comments/1wo9m3/warmth_nsfwish/\n\nwill point out that Eren is a mod here. there's nothing explicitly sexual about the pic i posted. it's implied, sure, but there isn't any nudity or anything.", "created_utc": 1393975694.0, "distinguished": null, "edited": false, "id": "cfui0t6", "is_submitter": false, "link_id": "t3_1zjuzb", "parent_id": "t1_cfuhv9n", "permalink": "/r/Frozen/comments/1zjuzb/i_made_a_frozengame_of_thrones_mashup_design/cfui0t6/", "score": 2, "stickied": false, "subreddit_id": "t5_2vpth", "author_name": "Jokey665", "author_id": "4r8mh", "subreddit_name": "frozen"}, {"body": "Fair enough", "created_utc": 1393975830.0, "distinguished": null, "edited": false, "id": "cfui342", "is_submitter": false, "link_id": "t3_1zjuzb", "parent_id": "t1_cfui0t6", "permalink": "/r/Frozen/comments/1zjuzb/i_made_a_frozengame_of_thrones_mashup_design/cfui342/", "score": 3, "stickied": false, "subreddit_id": "t5_2vpth", "author_name": "purefabulousity", "author_id": "f7u14", "subreddit_name": "frozen"}]