{"clicked": false, "created_utc": 1393958676.0, "distinguished": null, "edited": false, "id": "1zjuzb", "is_video": false, "locked": false, "num_comments": 41, "over_18": false, "permalink": "/r/Frozen/comments/1zjuzb/i_made_a_frozengame_of_thrones_mashup_design/", "score": 650, "selftext": "", "stickied": false, "subreddit_id": "t5_2vpth", "title": "I made a Frozen/Game of Thrones mash-up design. Queen Elsa for the Iron Throne!", "url": "http://imgur.com/vkDfZg8", "author_name": "Whitstand", "author_id": "9kyri", "subreddit_name": "frozen", "upvote_ratio": 0.98}