[{"body": "If it's not tracing, then it's seriously impressive.", "created_utc": 1394129548.0, "distinguished": null, "edited": false, "id": "cfvzxqh", "is_submitter": false, "link_id": "t3_1zqics", "parent_id": "t3_1zqics", "permalink": "/r/Frozen/comments/1zqics/drew_elsa_encouraged_by_the_positive_feedback_on/cfvzxqh/", "score": 24, "stickied": false, "subreddit_id": "t5_2vpth", "author_name": "Portgas", "author_id": "7kc75", "subreddit_name": "frozen"}, {"body": "Only I think that Elsa looks like Natalie Dormer?\nhttp://i.imgur.com/VGgzUi2.jpg", "created_utc": 1394146512.0, "distinguished": null, "edited": false, "id": "cfw87vk", "is_submitter": false, "link_id": "t3_1zqics", "parent_id": "t3_1zqics", "permalink": "/r/Frozen/comments/1zqics/drew_elsa_encouraged_by_the_positive_feedback_on/cfw87vk/", "score": 10, "stickied": false, "subreddit_id": "t5_2vpth", "author_name": "lina_kun", "author_id": "es8dy", "subreddit_name": "frozen"}, {"body": "You are talented! :D", "created_utc": 1394129733.0, "distinguished": null, "edited": false, "id": "cfw00vl", "is_submitter": false, "link_id": "t3_1zqics", "parent_id": "t3_1zqics", "permalink": "/r/Frozen/comments/1zqics/drew_elsa_encouraged_by_the_positive_feedback_on/cfw00vl/", "score": 4, "stickied": false, "subreddit_id": "t5_2vpth", "author_name": "Igneek", "author_id": "9zwlf", "subreddit_name": "frozen"}, {"body": "Simply amazing. ", "created_utc": 1394130306.0, "distinguished": null, "edited": false, "id": "cfw0anv", "is_submitter": false, "link_id": "t3_1zqics", "parent_id": "t3_1zqics", "permalink": "/r/Frozen/comments/1zqics/drew_elsa_encouraged_by_the_positive_feedback_on/cfw0anv/", "score": 4, "stickied": false, "subreddit_id": "t5_2vpth", "author_name": "Mekbop", "author_id": "falk0", "subreddit_name": "frozen"}, {"body": "That's fucking awesome, it looks so much like her!", "created_utc": 1394163359.0, "distinguished": null, "edited": false, "id": "cfwfp9g", "is_submitter": false, "link_id": "t3_1zqics", "parent_id": "t3_1zqics", "permalink": "/r/Frozen/comments/1zqics/drew_elsa_encouraged_by_the_positive_feedback_on/cfwfp9g/", "score": 3, "stickied": false, "subreddit_id": "t5_2vpth", "author_name": null, "author_id": null, "subreddit_name": "frozen"}, {"body": "Wow! I never imagined people would like it this much. Thanks for all the compliments guys. So it was not in vain after all. I have exams at university this week, heck even today, but instead of reading I just draw fan art :D", "created_utc": 1394170553.0, "distinguished": null, "edited": false, "id": "cfwiino", "is_submitter": true, "link_id": "t3_1zqics", "parent_id": "t3_1zqics", "permalink": "/r/Frozen/comments/1zqics/drew_elsa_encouraged_by_the_positive_feedback_on/cfwiino/", "score": 4, "stickied": false, "subreddit_id": "t5_2vpth", "author_name": "AnotherRandom_", "author_id": "fk39n", "subreddit_name": "frozen"}, {"body": "Great work! :)", "created_utc": 1394131463.0, "distinguished": null, "edited": false, "id": "cfw0uxw", "is_submitter": false, "link_id": "t3_1zqics", "parent_id": "t3_1zqics", "permalink": "/r/Frozen/comments/1zqics/drew_elsa_encouraged_by_the_positive_feedback_on/cfw0uxw/", "score": 1, "stickied": false, "subreddit_id": "t5_2vpth", "author_name": "gdkitty", "author_id": "8payt", "subreddit_name": "frozen"}, {"body": "That's just outstanding!", "created_utc": 1394134204.0, "distinguished": null, "edited": false, "id": "cfw26dr", "is_submitter": false, "link_id": "t3_1zqics", "parent_id": "t3_1zqics", "permalink": "/r/Frozen/comments/1zqics/drew_elsa_encouraged_by_the_positive_feedback_on/cfw26dr/", "score": 1, "stickied": false, "subreddit_id": "t5_2vpth", "author_name": "ohmygawdmynamewontfi", "author_id": "fkkw0", "subreddit_name": "frozen"}, {"body": "Woohoo! Nicely done.", "created_utc": 1394146085.0, "distinguished": null, "edited": false, "id": "cfw80ha", "is_submitter": false, "link_id": "t3_1zqics", "parent_id": "t3_1zqics", "permalink": "/r/Frozen/comments/1zqics/drew_elsa_encouraged_by_the_positive_feedback_on/cfw80ha/", "score": 1, "stickied": false, "subreddit_id": "t5_2vpth", "author_name": "FutureAlcoholic", "author_id": "b3q0b", "subreddit_name": "frozen"}, {"body": "This is amazing!!! I wish I could do something like that! I envy your skills! ", "created_utc": 1394152503.0, "distinguished": null, "edited": false, "id": "cfwax7s", "is_submitter": false, "link_id": "t3_1zqics", "parent_id": "t3_1zqics", "permalink": "/r/Frozen/comments/1zqics/drew_elsa_encouraged_by_the_positive_feedback_on/cfwax7s/", "score": 1, "stickied": false, "subreddit_id": "t5_2vpth", "author_name": "ilovesuperman", "author_id": "aoj2u", "subreddit_name": "frozen"}, {"body": "post it on r/disneyartschool\n", "created_utc": 1394154639.0, "distinguished": null, "edited": false, "id": "cfwbuwr", "is_submitter": false, "link_id": "t3_1zqics", "parent_id": "t3_1zqics", "permalink": "/r/Frozen/comments/1zqics/drew_elsa_encouraged_by_the_positive_feedback_on/cfwbuwr/", "score": 1, "stickied": false, "subreddit_id": "t5_2vpth", "author_name": "joelicious5000", "author_id": "66op1", "subreddit_name": "frozen"}, {"body": "AMAZING", "created_utc": 1394155800.0, "distinguished": null, "edited": false, "id": "cfwcddd", "is_submitter": false, "link_id": "t3_1zqics", "parent_id": "t3_1zqics", "permalink": "/r/Frozen/comments/1zqics/drew_elsa_encouraged_by_the_positive_feedback_on/cfwcddd/", "score": 1, "stickied": false, "subreddit_id": "t5_2vpth", "author_name": "flutter_dash_shy", "author_id": "dyc66", "subreddit_name": "frozen"}, {"body": "I'm not exactly sure what her facial expression is but I love it.", "created_utc": 1394164132.0, "distinguished": null, "edited": false, "id": "cfwg16d", "is_submitter": false, "link_id": "t3_1zqics", "parent_id": "t3_1zqics", "permalink": "/r/Frozen/comments/1zqics/drew_elsa_encouraged_by_the_positive_feedback_on/cfwg16d/", "score": 1, "stickied": false, "subreddit_id": "t5_2vpth", "author_name": "Aratix", "author_id": "5vzm9", "subreddit_name": "frozen"}, {"body": "beautiful!!", "created_utc": 1394165872.0, "distinguished": null, "edited": false, "id": "cfwgrl0", "is_submitter": false, "link_id": "t3_1zqics", "parent_id": "t3_1zqics", "permalink": "/r/Frozen/comments/1zqics/drew_elsa_encouraged_by_the_positive_feedback_on/cfwgrl0/", "score": 1, "stickied": false, "subreddit_id": "t5_2vpth", "author_name": "abbyroselew", "author_id": "84kak", "subreddit_name": "frozen"}, {"body": "Serious question, how did you go about learning to draw? It's something I've been wanting to do, but I don't know how to go about starting.", "created_utc": 1394313906.0, "distinguished": null, "edited": false, "id": "cfxqd0e", "is_submitter": false, "link_id": "t3_1zqics", "parent_id": "t3_1zqics", "permalink": "/r/Frozen/comments/1zqics/drew_elsa_encouraged_by_the_positive_feedback_on/cfxqd0e/", "score": 1, "stickied": false, "subreddit_id": "t5_2vpth", "author_name": null, "author_id": null, "subreddit_name": "frozen"}, {"body": "Do you have a deviant art?", "created_utc": 1395182817.0, "distinguished": null, "edited": false, "id": "cg606dw", "is_submitter": false, "link_id": "t3_1zqics", "parent_id": "t3_1zqics", "permalink": "/r/Frozen/comments/1zqics/drew_elsa_encouraged_by_the_positive_feedback_on/cg606dw/", "score": 1, "stickied": false, "subreddit_id": "t5_2vpth", "author_name": null, "author_id": null, "subreddit_name": "frozen"}, {"body": "Nope, no tracing, instead used a grid method to help get the proportions right.", "created_utc": 1394129742.0, "distinguished": null, "edited": false, "id": "cfw011h", "is_submitter": true, "link_id": "t3_1zqics", "parent_id": "t1_cfvzxqh", "permalink": "/r/Frozen/comments/1zqics/drew_elsa_encouraged_by_the_positive_feedback_on/cfw011h/", "score": 16, "stickied": false, "subreddit_id": "t5_2vpth", "author_name": "AnotherRandom_", "author_id": "fk39n", "subreddit_name": "frozen"}, {"body": "shit...even tracing that would be impressive to me.\nYou got some serious art skills /u/AnotherRandom_ ", "created_utc": 1394135545.0, "distinguished": null, "edited": false, "id": "cfw2tw4", "is_submitter": false, "link_id": "t3_1zqics", "parent_id": "t1_cfvzxqh", "permalink": "/r/Frozen/comments/1zqics/drew_elsa_encouraged_by_the_positive_feedback_on/cfw2tw4/", "score": 1, "stickied": false, "subreddit_id": "t5_2vpth", "author_name": "baconbroth", "author_id": "cidv2", "subreddit_name": "frozen"}, {"body": "Her eyes are too small.", "created_utc": 1394160599.0, "distinguished": null, "edited": false, "id": "cfwehne", "is_submitter": false, "link_id": "t3_1zqics", "parent_id": "t1_cfw87vk", "permalink": "/r/Frozen/comments/1zqics/drew_elsa_encouraged_by_the_positive_feedback_on/cfwehne/", "score": 10, "stickied": false, "subreddit_id": "t5_2vpth", "author_name": "TeleVue", "author_id": "f5kuq", "subreddit_name": "frozen"}, {"body": "It's her mouth isn't it? Except she doesn't do it in this picture. ", "created_utc": 1394154157.0, "distinguished": null, "edited": false, "id": "cfwbnhe", "is_submitter": false, "link_id": "t3_1zqics", "parent_id": "t1_cfw87vk", "permalink": "/r/Frozen/comments/1zqics/drew_elsa_encouraged_by_the_positive_feedback_on/cfwbnhe/", "score": 3, "stickied": false, "subreddit_id": "t5_2vpth", "author_name": "CallMeJono", "author_id": "c2s30", "subreddit_name": "frozen"}, {"body": "~~I'm going to stalk her now~~ What no I'm not that would be weird^and^illegal.", "created_utc": 1394163242.0, "distinguished": null, "edited": false, "id": "cfwfnd8", "is_submitter": false, "link_id": "t3_1zqics", "parent_id": "t1_cfw87vk", "permalink": "/r/Frozen/comments/1zqics/drew_elsa_encouraged_by_the_positive_feedback_on/cfwfnd8/", "score": 1, "stickied": false, "subreddit_id": "t5_2vpth", "author_name": "AdultSupervision", "author_id": "ej121", "subreddit_name": "frozen"}, {"body": "[deleted]  \n ^^^^^^^^^^^^^^^^0.2855 \n > [What is this?](https://pastebin.com/64GuVi2F/75161)", "created_utc": 1394166095.0, "distinguished": null, "edited": 1476742329.0, "id": "cfwguvm", "is_submitter": false, "link_id": "t3_1zqics", "parent_id": "t1_cfw87vk", "permalink": "/r/Frozen/comments/1zqics/drew_elsa_encouraged_by_the_positive_feedback_on/cfwguvm/", "score": 1, "stickied": false, "subreddit_id": "t5_2vpth", "author_name": "rocketshipotter", "author_id": "6z24w", "subreddit_name": "frozen"}, {"body": "Well, I recently found out that the earliest mention of me having exceptional skills at drawing was when I was about 2-3 years old so I'm quite convinced that it's genetic in some extent. It makes it hard for me to give tips for practicing because I really don't remember doing any particular training when I was younger. I just enjoyed it and ended up doing it a lot. So the most important piece of advice I can give is just to practice - a lot. Of course you can learn those common methods for certain things like different textures and usage of equipment like a blending stump but the main thing is to learn to draw what you see. Like when you look at an object, you immediately see the most critical lines it forms and hand just follows. The eye for proportions etc comes after a while.", "created_utc": 1394320660.0, "distinguished": null, "edited": false, "id": "cfxsw6p", "is_submitter": true, "link_id": "t3_1zqics", "parent_id": "t1_cfxqd0e", "permalink": "/r/Frozen/comments/1zqics/drew_elsa_encouraged_by_the_positive_feedback_on/cfxsw6p/", "score": 1, "stickied": false, "subreddit_id": "t5_2vpth", "author_name": "AnotherRandom_", "author_id": "fk39n", "subreddit_name": "frozen"}, {"body": "Unfortunately no. I don't have that many drawings to contribute, yet.", "created_utc": 1395271642.0, "distinguished": null, "edited": false, "id": "cg6xlp3", "is_submitter": true, "link_id": "t3_1zqics", "parent_id": "t1_cg606dw", "permalink": "/r/Frozen/comments/1zqics/drew_elsa_encouraged_by_the_positive_feedback_on/cg6xlp3/", "score": 1, "stickied": false, "subreddit_id": "t5_2vpth", "author_name": "AnotherRandom_", "author_id": "fk39n", "subreddit_name": "frozen"}, {"body": "Woow..  Impressive! Could you help me with grid method? Any tutorial? ", "created_utc": 1394131170.0, "distinguished": null, "edited": false, "id": "cfw0pt2", "is_submitter": false, "link_id": "t3_1zqics", "parent_id": "t1_cfw011h", "permalink": "/r/Frozen/comments/1zqics/drew_elsa_encouraged_by_the_positive_feedback_on/cfw0pt2/", "score": 9, "stickied": false, "subreddit_id": "t5_2vpth", "author_name": "simien05", "author_id": "d9qj1", "subreddit_name": "frozen"}, {"body": "[deleted]  \n ^^^^^^^^^^^^^^^^0.4694 \n > [What is this?](https://pastebin.com/64GuVi2F/92923)", "created_utc": 1394166046.0, "distinguished": null, "edited": 1476742325.0, "id": "cfwgu4u", "is_submitter": false, "link_id": "t3_1zqics", "parent_id": "t1_cfwehne", "permalink": "/r/Frozen/comments/1zqics/drew_elsa_encouraged_by_the_positive_feedback_on/cfwgu4u/", "score": 10, "stickied": false, "subreddit_id": "t5_2vpth", "author_name": "rocketshipotter", "author_id": "6z24w", "subreddit_name": "frozen"}, {"body": "Ah okay, well I'm looking forward to seeing more of your work if you post any!", "created_utc": 1395271766.0, "distinguished": null, "edited": false, "id": "cg6xnp7", "is_submitter": false, "link_id": "t3_1zqics", "parent_id": "t1_cg6xlp3", "permalink": "/r/Frozen/comments/1zqics/drew_elsa_encouraged_by_the_positive_feedback_on/cg6xnp7/", "score": 1, "stickied": false, "subreddit_id": "t5_2vpth", "author_name": null, "author_id": null, "subreddit_name": "frozen"}, {"body": "Here's how I used the grid. [Grid sketch of the drawing](http://i.imgur.com/0P3TXK0.png) They're 2x2 cm 'cause I used an A4 sized paper. So I just had the grid on my model image as well and repeated what I saw to the paper.", "created_utc": 1394131742.0, "distinguished": null, "edited": false, "id": "cfw0zpx", "is_submitter": true, "link_id": "t3_1zqics", "parent_id": "t1_cfw0pt2", "permalink": "/r/Frozen/comments/1zqics/drew_elsa_encouraged_by_the_positive_feedback_on/cfw0zpx/", "score": 10, "stickied": false, "subreddit_id": "t5_2vpth", "author_name": "AnotherRandom_", "author_id": "fk39n", "subreddit_name": "frozen"}, {"body": "I have had an issue with having a few things off on my last few..\n\nI COMPLETELY forgot this method.\n\nIts pretty simple.  Take your screenshot/printout for the original.. and draw a grid on it.  Lets say 1cm by 1cm square.  \nNow, on your paper you are DRAWING on, you do a similar grid.. you can size it bigger or not, depending on what your working on, say 2x2cm squares. (this gird, do VERY LIGHT as your not wanting it to show up in the end)\n\nGives you reference points..  close to the side edge of this box, to the bottom right corner of the next one.. and you duplicate on the target paper.\n\nGREAT for making BIGER images of smaller ones.\n\n(shading, etc.. that you have to do on your own though.. really MOSTLY helps with layout.)", "created_utc": 1394131444.0, "distinguished": null, "edited": false, "id": "cfw0uld", "is_submitter": false, "link_id": "t3_1zqics", "parent_id": "t1_cfw0pt2", "permalink": "/r/Frozen/comments/1zqics/drew_elsa_encouraged_by_the_positive_feedback_on/cfw0uld/", "score": 3, "stickied": false, "subreddit_id": "t5_2vpth", "author_name": "gdkitty", "author_id": "8payt", "subreddit_name": "frozen"}, {"body": "-ye\nIt's to accentuate certain features to add beauty. I honestly don't mind of course. If they wanted proportionality, they would have used real people. ", "created_utc": 1394168603.0, "distinguished": null, "edited": false, "id": "cfwhtz9", "is_submitter": false, "link_id": "t3_1zqics", "parent_id": "t1_cfwgu4u", "permalink": "/r/Frozen/comments/1zqics/drew_elsa_encouraged_by_the_positive_feedback_on/cfwhtz9/", "score": 4, "stickied": false, "subreddit_id": "t5_2vpth", "author_name": "TeleVue", "author_id": "f5kuq", "subreddit_name": "frozen"}, {"body": "[deleted]", "created_utc": 1394164179.0, "distinguished": null, "edited": 1533533123.0, "id": "cfwg1xb", "is_submitter": false, "link_id": "t3_1zqics", "parent_id": "t1_cfw0zpx", "permalink": "/r/Frozen/comments/1zqics/drew_elsa_encouraged_by_the_positive_feedback_on/cfwg1xb/", "score": 25, "stickied": false, "subreddit_id": "t5_2vpth", "author_name": null, "author_id": null, "subreddit_name": "frozen"}, {"body": "Wohooo..  Thanks man.  First,  i will draw my stick figure with this method.  Tomorrow.... ... Elsa. ", "created_utc": 1394132944.0, "distinguished": null, "edited": false, "id": "cfw1kpt", "is_submitter": false, "link_id": "t3_1zqics", "parent_id": "t1_cfw0zpx", "permalink": "/r/Frozen/comments/1zqics/drew_elsa_encouraged_by_the_positive_feedback_on/cfw1kpt/", "score": 3, "stickied": false, "subreddit_id": "t5_2vpth", "author_name": "simien05", "author_id": "d9qj1", "subreddit_name": "frozen"}, {"body": "Thanks for the tips man.  Even without grid,  ur drawing is pretty good man.!!. ", "created_utc": 1394132850.0, "distinguished": null, "edited": false, "id": "cfw1j39", "is_submitter": false, "link_id": "t3_1zqics", "parent_id": "t1_cfw0uld", "permalink": "/r/Frozen/comments/1zqics/drew_elsa_encouraged_by_the_positive_feedback_on/cfw1j39/", "score": 1, "stickied": false, "subreddit_id": "t5_2vpth", "author_name": "simien05", "author_id": "d9qj1", "subreddit_name": "frozen"}, {"body": "Now that's what I call talent. Even the text is perfect ;)", "created_utc": 1394170625.0, "distinguished": null, "edited": false, "id": "cfwijjj", "is_submitter": true, "link_id": "t3_1zqics", "parent_id": "t1_cfwg1xb", "permalink": "/r/Frozen/comments/1zqics/drew_elsa_encouraged_by_the_positive_feedback_on/cfwijjj/", "score": 4, "stickied": false, "subreddit_id": "t5_2vpth", "author_name": "AnotherRandom_", "author_id": "fk39n", "subreddit_name": "frozen"}, {"body": "think you went overboard with the facial expression a bit, its too photorealistic.", "created_utc": 1394205789.0, "distinguished": null, "edited": false, "id": "cfwqjhx", "is_submitter": false, "link_id": "t3_1zqics", "parent_id": "t1_cfwg1xb", "permalink": "/r/Frozen/comments/1zqics/drew_elsa_encouraged_by_the_positive_feedback_on/cfwqjhx/", "score": 5, "stickied": false, "subreddit_id": "t5_2vpth", "author_name": null, "author_id": null, "subreddit_name": "frozen"}, {"body": "uncanny valley", "created_utc": 1394646879.0, "distinguished": null, "edited": false, "id": "cg0uzyi", "is_submitter": false, "link_id": "t3_1zqics", "parent_id": "t1_cfwg1xb", "permalink": "/r/Frozen/comments/1zqics/drew_elsa_encouraged_by_the_positive_feedback_on/cg0uzyi/", "score": 3, "stickied": false, "subreddit_id": "t5_2vpth", "author_name": "HobofulBagel", "author_id": "6lr1a", "subreddit_name": "frozen"}]