{"clicked": false, "created_utc": 1394128846.0, "distinguished": null, "edited": false, "id": "1zqics", "is_video": false, "locked": false, "num_comments": 35, "over_18": false, "permalink": "/r/Frozen/comments/1zqics/drew_elsa_encouraged_by_the_positive_feedback_on/", "score": 554, "selftext": "", "stickied": false, "subreddit_id": "t5_2vpth", "title": "Drew Elsa, encouraged by the positive feedback on my previous drawing here", "url": "http://i.imgur.com/vpB0Awf.png", "author_name": "AnotherRandom_", "author_id": "fk39n", "subreddit_name": "frozen", "upvote_ratio": 0.98}