[{"body": "oh. my. god. Elsa's smile. Elsa's laugh. Elsa's everything. I CAN'T.", "created_utc": 1392881885.0, "distinguished": null, "edited": false, "id": "cfjzm9x", "is_submitter": false, "link_id": "t3_1yf8rn", "parent_id": "t3_1yf8rn", "permalink": "/r/Frozen/comments/1yf8rn/think_you_guys_might_love_this_gif_without/cfjzm9x/", "score": 72, "stickied": false, "subreddit_id": "t5_2vpth", "author_name": "HikariOni", "author_id": "75nqx", "subreddit_name": "frozen"}, {"body": "How can something so innocent and beautiful even exist?", "created_utc": 1392886235.0, "distinguished": null, "edited": false, "id": "cfk0iic", "is_submitter": false, "link_id": "t3_1yf8rn", "parent_id": "t3_1yf8rn", "permalink": "/r/Frozen/comments/1yf8rn/think_you_guys_might_love_this_gif_without/cfk0iic/", "score": 44, "stickied": false, "subreddit_id": "t5_2vpth", "author_name": "Eriflee", "author_id": "8n6qs", "subreddit_name": "frozen"}, {"body": "[Me when seeing this gif. <3](http://i.minus.com/iHGbgJ8nAuZ5M.gif)", "created_utc": 1392901365.0, "distinguished": null, "edited": false, "id": "cfk30rq", "is_submitter": false, "link_id": "t3_1yf8rn", "parent_id": "t3_1yf8rn", "permalink": "/r/Frozen/comments/1yf8rn/think_you_guys_might_love_this_gif_without/cfk30rq/", "score": 37, "stickied": false, "subreddit_id": "t5_2vpth", "author_name": "XLightThief", "author_id": "5o80b", "subreddit_name": "frozen"}, {"body": "Anna is the most adorable thing in existence.", "created_utc": 1392896710.0, "distinguished": null, "edited": false, "id": "cfk25ax", "is_submitter": false, "link_id": "t3_1yf8rn", "parent_id": "t3_1yf8rn", "permalink": "/r/Frozen/comments/1yf8rn/think_you_guys_might_love_this_gif_without/cfk25ax/", "score": 31, "stickied": false, "subreddit_id": "t5_2vpth", "author_name": "DarkestSin", "author_id": "7n6go", "subreddit_name": "frozen"}, {"body": "Disney! We want more things like this with Elsa & Anna! Like that snowball  fight video. I think I'd be happy enough if Disney regularly uploads Frozen shorts like this, and not make a sequel. I personally think sequel is just not for Frozen. It is in itself a complete masterpiece.", "created_utc": 1392910541.0, "distinguished": null, "edited": false, "id": "cfk6000", "is_submitter": false, "link_id": "t3_1yf8rn", "parent_id": "t3_1yf8rn", "permalink": "/r/Frozen/comments/1yf8rn/think_you_guys_might_love_this_gif_without/cfk6000/", "score": 21, "stickied": false, "subreddit_id": "t5_2vpth", "author_name": "FelixBlue", "author_id": "fca2h", "subreddit_name": "frozen"}, {"body": "THAT LIP BITE!", "created_utc": 1392881668.0, "distinguished": null, "edited": false, "id": "cfjzkdj", "is_submitter": false, "link_id": "t3_1yf8rn", "parent_id": "t3_1yf8rn", "permalink": "/r/Frozen/comments/1yf8rn/think_you_guys_might_love_this_gif_without/cfjzkdj/", "score": 19, "stickied": false, "subreddit_id": "t5_2vpth", "author_name": "JamesAQuintero", "author_id": "7gthv", "subreddit_name": "frozen"}, {"body": "I like how Anna is just like \"Yeah, do the thing!\"", "created_utc": 1392902953.0, "distinguished": null, "edited": false, "id": "cfk3epj", "is_submitter": false, "link_id": "t3_1yf8rn", "parent_id": "t3_1yf8rn", "permalink": "/r/Frozen/comments/1yf8rn/think_you_guys_might_love_this_gif_without/cfk3epj/", "score": 15, "stickied": false, "subreddit_id": "t5_2vpth", "author_name": "jereddit", "author_id": "5v70b", "subreddit_name": "frozen"}, {"body": "This is the best.", "created_utc": 1392886309.0, "distinguished": null, "edited": false, "id": "cfk0j0q", "is_submitter": false, "link_id": "t3_1yf8rn", "parent_id": "t3_1yf8rn", "permalink": "/r/Frozen/comments/1yf8rn/think_you_guys_might_love_this_gif_without/cfk0j0q/", "score": 10, "stickied": false, "subreddit_id": "t5_2vpth", "author_name": "OrlandoNE", "author_id": "5r5o4", "subreddit_name": "frozen"}, {"body": "So much yes!", "created_utc": 1392881887.0, "distinguished": null, "edited": false, "id": "cfjzmar", "is_submitter": false, "link_id": "t3_1yf8rn", "parent_id": "t3_1yf8rn", "permalink": "/r/Frozen/comments/1yf8rn/think_you_guys_might_love_this_gif_without/cfjzmar/", "score": 9, "stickied": false, "subreddit_id": "t5_2vpth", "author_name": "STEALTHHUNTER88", "author_id": "faodj", "subreddit_name": "frozen"}, {"body": "<3\n", "created_utc": 1392895091.0, "distinguished": null, "edited": false, "id": "cfk1w4p", "is_submitter": false, "link_id": "t3_1yf8rn", "parent_id": "t3_1yf8rn", "permalink": "/r/Frozen/comments/1yf8rn/think_you_guys_might_love_this_gif_without/cfk1w4p/", "score": 9, "stickied": false, "subreddit_id": "t5_2vpth", "author_name": "lq13", "author_id": "fblf7", "subreddit_name": "frozen"}, {"body": "Do you see how cute they are together?  DO YOU SEE?", "created_utc": 1392918315.0, "distinguished": null, "edited": false, "id": "cfk9jvl", "is_submitter": false, "link_id": "t3_1yf8rn", "parent_id": "t3_1yf8rn", "permalink": "/r/Frozen/comments/1yf8rn/think_you_guys_might_love_this_gif_without/cfk9jvl/", "score": 8, "stickied": false, "subreddit_id": "t5_2vpth", "author_name": "Elsanna", "author_id": "f5jzk", "subreddit_name": "frozen"}, {"body": "ANNA IS SO CUTE AAAAAAAH", "created_utc": 1392900815.0, "distinguished": null, "edited": false, "id": "cfk2wb0", "is_submitter": false, "link_id": "t3_1yf8rn", "parent_id": "t3_1yf8rn", "permalink": "/r/Frozen/comments/1yf8rn/think_you_guys_might_love_this_gif_without/cfk2wb0/", "score": 8, "stickied": false, "subreddit_id": "t5_2vpth", "author_name": null, "author_id": null, "subreddit_name": "frozen"}, {"body": "Did you do this? It's really well masked!", "created_utc": 1392886405.0, "distinguished": null, "edited": false, "id": "cfk0jlq", "is_submitter": false, "link_id": "t3_1yf8rn", "parent_id": "t3_1yf8rn", "permalink": "/r/Frozen/comments/1yf8rn/think_you_guys_might_love_this_gif_without/cfk0jlq/", "score": 5, "stickied": false, "subreddit_id": "t5_2vpth", "author_name": "damocles2501", "author_id": "d3wqx", "subreddit_name": "frozen"}, {"body": "Soo much awesomeness and cuteness in one gifs. \n", "created_utc": 1392898981.0, "distinguished": null, "edited": false, "id": "cfk2ikc", "is_submitter": false, "link_id": "t3_1yf8rn", "parent_id": "t3_1yf8rn", "permalink": "/r/Frozen/comments/1yf8rn/think_you_guys_might_love_this_gif_without/cfk2ikc/", "score": 7, "stickied": false, "subreddit_id": "t5_2vpth", "author_name": "simien05", "author_id": "d9qj1", "subreddit_name": "frozen"}, {"body": "What's the background?\n", "created_utc": 1392881633.0, "distinguished": null, "edited": false, "id": "cfjzk1u", "is_submitter": false, "link_id": "t3_1yf8rn", "parent_id": "t3_1yf8rn", "permalink": "/r/Frozen/comments/1yf8rn/think_you_guys_might_love_this_gif_without/cfjzk1u/", "score": 6, "stickied": false, "subreddit_id": "t5_2vpth", "author_name": "hyunbrothers", "author_id": "fcwpd", "subreddit_name": "frozen"}, {"body": "I am upvoting all the comments in this thread :D y'all deserve it", "created_utc": 1392899467.0, "distinguished": null, "edited": false, "id": "cfk2lyv", "is_submitter": false, "link_id": "t3_1yf8rn", "parent_id": "t3_1yf8rn", "permalink": "/r/Frozen/comments/1yf8rn/think_you_guys_might_love_this_gif_without/cfk2lyv/", "score": 3, "stickied": false, "subreddit_id": "t5_2vpth", "author_name": "jereddit", "author_id": "5v70b", "subreddit_name": "frozen"}, {"body": "Aww I love it a lot. One of the cutest things ever! These sisters are just so adorable.", "created_utc": 1392922813.0, "distinguished": null, "edited": false, "id": "cfkbrt9", "is_submitter": false, "link_id": "t3_1yf8rn", "parent_id": "t3_1yf8rn", "permalink": "/r/Frozen/comments/1yf8rn/think_you_guys_might_love_this_gif_without/cfkbrt9/", "score": 4, "stickied": false, "subreddit_id": "t5_2vpth", "author_name": "Princess-Kat", "author_id": "fb62a", "subreddit_name": "frozen"}, {"body": "This....this is just....wow....talk about emotional overload...everything I love about about the two of them, especially Anna...culminating in concentrated cuteness....auuuuggggghhhhh help I can't stop watching!", "created_utc": 1392918675.0, "distinguished": null, "edited": false, "id": "cfk9q8e", "is_submitter": false, "link_id": "t3_1yf8rn", "parent_id": "t3_1yf8rn", "permalink": "/r/Frozen/comments/1yf8rn/think_you_guys_might_love_this_gif_without/cfk9q8e/", "score": 3, "stickied": false, "subreddit_id": "t5_2vpth", "author_name": "theKunz1", "author_id": "c3jji", "subreddit_name": "frozen"}, {"body": "I love this gif!", "created_utc": 1392924025.0, "distinguished": null, "edited": false, "id": "cfkcd7f", "is_submitter": false, "link_id": "t3_1yf8rn", "parent_id": "t3_1yf8rn", "permalink": "/r/Frozen/comments/1yf8rn/think_you_guys_might_love_this_gif_without/cfkcd7f/", "score": 3, "stickied": false, "subreddit_id": "t5_2vpth", "author_name": "Tyranid457", "author_id": "6z08b", "subreddit_name": "frozen"}, {"body": "I love this interaction between these two, even without dialogue. How excited Anna is to play with Elsa's magic again, and how happy Elsa is to see Anna enjoying it like when they were young.", "created_utc": 1393086952.0, "distinguished": null, "edited": false, "id": "cflv9a6", "is_submitter": false, "link_id": "t3_1yf8rn", "parent_id": "t3_1yf8rn", "permalink": "/r/Frozen/comments/1yf8rn/think_you_guys_might_love_this_gif_without/cflv9a6/", "score": 3, "stickied": false, "subreddit_id": "t5_2vpth", "author_name": null, "author_id": null, "subreddit_name": "frozen"}, {"body": "I wonder if we'll see a variant of this on the Disney Channel. Like when characters will draw the mouse logo.", "created_utc": 1392914046.0, "distinguished": null, "edited": false, "id": "cfk7inw", "is_submitter": false, "link_id": "t3_1yf8rn", "parent_id": "t3_1yf8rn", "permalink": "/r/Frozen/comments/1yf8rn/think_you_guys_might_love_this_gif_without/cfk7inw/", "score": 2, "stickied": false, "subreddit_id": "t5_2vpth", "author_name": "BlueRaith", "author_id": "brwtf", "subreddit_name": "frozen"}, {"body": "Is there any way I can possibly make this my new screensaver?", "created_utc": 1392942766.0, "distinguished": null, "edited": false, "id": "cfkljj1", "is_submitter": false, "link_id": "t3_1yf8rn", "parent_id": "t3_1yf8rn", "permalink": "/r/Frozen/comments/1yf8rn/think_you_guys_might_love_this_gif_without/cfkljj1/", "score": 2, "stickied": false, "subreddit_id": "t5_2vpth", "author_name": "inkandpixelclub", "author_id": "4udc1", "subreddit_name": "frozen"}, {"body": "How did you get this? ", "created_utc": 1392983104.0, "distinguished": null, "edited": false, "id": "cfkxve7", "is_submitter": false, "link_id": "t3_1yf8rn", "parent_id": "t3_1yf8rn", "permalink": "/r/Frozen/comments/1yf8rn/think_you_guys_might_love_this_gif_without/cfkxve7/", "score": 2, "stickied": false, "subreddit_id": "t5_2vpth", "author_name": "jakielim", "author_id": "9flvd", "subreddit_name": "frozen"}, {"body": "Dat smiley face doe", "created_utc": 1396894281.0, "distinguished": null, "edited": false, "id": "cgmfa1m", "is_submitter": false, "link_id": "t3_1yf8rn", "parent_id": "t3_1yf8rn", "permalink": "/r/Frozen/comments/1yf8rn/think_you_guys_might_love_this_gif_without/cgmfa1m/", "score": 1, "stickied": false, "subreddit_id": "t5_2vpth", "author_name": "mexican_tiki", "author_id": "70s7m", "subreddit_name": "frozen"}, {"body": "My dirty mind says it totally looks like they were about to kiss before the floor spontaneously raised beneath them. LOOK WHERE ANNA'S HAND IS.", "created_utc": 1392903053.0, "distinguished": null, "edited": false, "id": "cfk3fmb", "is_submitter": false, "link_id": "t3_1yf8rn", "parent_id": "t3_1yf8rn", "permalink": "/r/Frozen/comments/1yf8rn/think_you_guys_might_love_this_gif_without/cfk3fmb/", "score": -6, "stickied": false, "subreddit_id": "t5_2vpth", "author_name": "Swoove", "author_id": "7w825", "subreddit_name": "frozen"}, {"body": "Nothing beat DAT LIPBITE ", "created_utc": 1392882073.0, "distinguished": null, "edited": false, "id": "cfjznvf", "is_submitter": true, "link_id": "t3_1yf8rn", "parent_id": "t1_cfjzm9x", "permalink": "/r/Frozen/comments/1yf8rn/think_you_guys_might_love_this_gif_without/cfjznvf/", "score": 32, "stickied": false, "subreddit_id": "t5_2vpth", "author_name": "teffhk", "author_id": "dyxc8", "subreddit_name": "frozen"}, {"body": "wait? it's night already? \nhow long I have been staring this screen? \n\noh well.. *staring the screen watching Elsa chuckle again*", "created_utc": 1392935767.0, "distinguished": null, "edited": false, "id": "cfkicmd", "is_submitter": false, "link_id": "t3_1yf8rn", "parent_id": "t1_cfjzm9x", "permalink": "/r/Frozen/comments/1yf8rn/think_you_guys_might_love_this_gif_without/cfkicmd/", "score": 11, "stickied": false, "subreddit_id": "t5_2vpth", "author_name": "simien05", "author_id": "d9qj1", "subreddit_name": "frozen"}, {"body": "And then there's the monster man created called rule 34... ~~:/~~ :'(", "created_utc": 1392909272.0, "distinguished": null, "edited": 1392910939.0, "id": "cfk5hay", "is_submitter": false, "link_id": "t3_1yf8rn", "parent_id": "t1_cfk0iic", "permalink": "/r/Frozen/comments/1yf8rn/think_you_guys_might_love_this_gif_without/cfk5hay/", "score": 29, "stickied": false, "subreddit_id": "t5_2vpth", "author_name": "just-a-time-passer", "author_id": "d4y65", "subreddit_name": "frozen"}, {"body": "They are both adorable in this gif.", "created_utc": 1392897452.0, "distinguished": null, "edited": false, "id": "cfk29x6", "is_submitter": false, "link_id": "t3_1yf8rn", "parent_id": "t1_cfk25ax", "permalink": "/r/Frozen/comments/1yf8rn/think_you_guys_might_love_this_gif_without/cfk29x6/", "score": 19, "stickied": false, "subreddit_id": "t5_2vpth", "author_name": null, "author_id": null, "subreddit_name": "frozen"}, {"body": "I would love if they took the same approach as Tangled or Toy Story, no more sequels, just quality animated shorts.", "created_utc": 1392913416.0, "distinguished": null, "edited": false, "id": "cfk788s", "is_submitter": false, "link_id": "t3_1yf8rn", "parent_id": "t1_cfk6000", "permalink": "/r/Frozen/comments/1yf8rn/think_you_guys_might_love_this_gif_without/cfk788s/", "score": 18, "stickied": false, "subreddit_id": "t5_2vpth", "author_name": "GumballGuardian", "author_id": "aak1f", "subreddit_name": "frozen"}, {"body": "that is absolutely ingenious. but i still want a sequel.", "created_utc": 1392977545.0, "distinguished": null, "edited": false, "id": "cfkx09z", "is_submitter": false, "link_id": "t3_1yf8rn", "parent_id": "t1_cfk6000", "permalink": "/r/Frozen/comments/1yf8rn/think_you_guys_might_love_this_gif_without/cfkx09z/", "score": 3, "stickied": false, "subreddit_id": "t5_2vpth", "author_name": "Herpderpotato", "author_id": "d2is4", "subreddit_name": "frozen"}, {"body": "I know this thread is old, but can you maybe link me to the shorts? I can't seem to find them :(", "created_utc": 1396277472.0, "distinguished": null, "edited": false, "id": "cgggduw", "is_submitter": false, "link_id": "t3_1yf8rn", "parent_id": "t1_cfk6000", "permalink": "/r/Frozen/comments/1yf8rn/think_you_guys_might_love_this_gif_without/cgggduw/", "score": 3, "stickied": false, "subreddit_id": "t5_2vpth", "author_name": null, "author_id": null, "subreddit_name": "frozen"}, {"body": "Can you explain the lip bite?", "created_utc": 1392928145.0, "distinguished": null, "edited": false, "id": "cfkeh15", "is_submitter": false, "link_id": "t3_1yf8rn", "parent_id": "t1_cfjzkdj", "permalink": "/r/Frozen/comments/1yf8rn/think_you_guys_might_love_this_gif_without/cfkeh15/", "score": 9, "stickied": false, "subreddit_id": "t5_2vpth", "author_name": "RKitch2112", "author_id": "etl3g", "subreddit_name": "frozen"}, {"body": "Do the magic! Do the magic! ", "created_utc": 1392904854.0, "distinguished": null, "edited": false, "id": "cfk3xtw", "is_submitter": true, "link_id": "t3_1yf8rn", "parent_id": "t1_cfk3epj", "permalink": "/r/Frozen/comments/1yf8rn/think_you_guys_might_love_this_gif_without/cfk3xtw/", "score": 19, "stickied": false, "subreddit_id": "t5_2vpth", "author_name": "teffhk", "author_id": "dyxc8", "subreddit_name": "frozen"}, {"body": "I wish I did it ;.;", "created_utc": 1392886911.0, "distinguished": null, "edited": false, "id": "cfk0mvf", "is_submitter": true, "link_id": "t3_1yf8rn", "parent_id": "t1_cfk0jlq", "permalink": "/r/Frozen/comments/1yf8rn/think_you_guys_might_love_this_gif_without/cfk0mvf/", "score": 5, "stickied": false, "subreddit_id": "t5_2vpth", "author_name": "teffhk", "author_id": "dyxc8", "subreddit_name": "frozen"}, {"body": "It's from here.\n\nhttp://youtu.be/yP1UfqaGqYY?t=42s", "created_utc": 1392881747.0, "distinguished": null, "edited": false, "id": "cfjzl1p", "is_submitter": true, "link_id": "t3_1yf8rn", "parent_id": "t1_cfjzk1u", "permalink": "/r/Frozen/comments/1yf8rn/think_you_guys_might_love_this_gif_without/cfjzl1p/", "score": 14, "stickied": false, "subreddit_id": "t5_2vpth", "author_name": "teffhk", "author_id": "dyxc8", "subreddit_name": "frozen"}, {"body": "The answer is \"yes,\" in case anyone else was wondering. At least on a Mac with a very persistent, very obsessed owner.", "created_utc": 1393027726.0, "distinguished": null, "edited": false, "id": "cflft9m", "is_submitter": false, "link_id": "t3_1yf8rn", "parent_id": "t1_cfkljj1", "permalink": "/r/Frozen/comments/1yf8rn/think_you_guys_might_love_this_gif_without/cflft9m/", "score": 2, "stickied": false, "subreddit_id": "t5_2vpth", "author_name": "inkandpixelclub", "author_id": "4udc1", "subreddit_name": "frozen"}, {"body": "Nahh, tat bit where shes like \"Oh GO ON\" FWOOSH", "created_utc": 1392896796.0, "distinguished": null, "edited": false, "id": "cfk25tk", "is_submitter": false, "link_id": "t3_1yf8rn", "parent_id": "t1_cfjznvf", "permalink": "/r/Frozen/comments/1yf8rn/think_you_guys_might_love_this_gif_without/cfk25tk/", "score": 19, "stickied": false, "subreddit_id": "t5_2vpth", "author_name": "DarkestSin", "author_id": "7n6go", "subreddit_name": "frozen"}, {"body": "The evil that men do...", "created_utc": 1392917095.0, "distinguished": null, "edited": false, "id": "cfk8yln", "is_submitter": false, "link_id": "t3_1yf8rn", "parent_id": "t1_cfk5hay", "permalink": "/r/Frozen/comments/1yf8rn/think_you_guys_might_love_this_gif_without/cfk8yln/", "score": 18, "stickied": false, "subreddit_id": "t5_2vpth", "author_name": "AdultSupervision", "author_id": "ej121", "subreddit_name": "frozen"}, {"body": "NOPE", "created_utc": 1392910488.0, "distinguished": null, "edited": false, "id": "cfk5z8w", "is_submitter": true, "link_id": "t3_1yf8rn", "parent_id": "t1_cfk5hay", "permalink": "/r/Frozen/comments/1yf8rn/think_you_guys_might_love_this_gif_without/cfk5z8w/", "score": 17, "stickied": false, "subreddit_id": "t5_2vpth", "author_name": "teffhk", "author_id": "dyxc8", "subreddit_name": "frozen"}, {"body": "But Anna is a bit more...;)", "created_utc": 1392926923.0, "distinguished": null, "edited": false, "id": "cfkduh7", "is_submitter": false, "link_id": "t3_1yf8rn", "parent_id": "t1_cfk29x6", "permalink": "/r/Frozen/comments/1yf8rn/think_you_guys_might_love_this_gif_without/cfkduh7/", "score": 7, "stickied": false, "subreddit_id": "t5_2vpth", "author_name": "YourAverageAnon", "author_id": "fbi3z", "subreddit_name": "frozen"}, {"body": "Why can't we have both?      \n*Ba du du-du, da da dunt*        \nBut ya know just shorts is totally fine too.", "created_utc": 1392928408.0, "distinguished": null, "edited": false, "id": "cfkelua", "is_submitter": false, "link_id": "t3_1yf8rn", "parent_id": "t1_cfk788s", "permalink": "/r/Frozen/comments/1yf8rn/think_you_guys_might_love_this_gif_without/cfkelua/", "score": 10, "stickied": false, "subreddit_id": "t5_2vpth", "author_name": "jereddit", "author_id": "5v70b", "subreddit_name": "frozen"}, {"body": "YESSS", "created_utc": 1392913796.0, "distinguished": null, "edited": false, "id": "cfk7eiv", "is_submitter": true, "link_id": "t3_1yf8rn", "parent_id": "t1_cfk788s", "permalink": "/r/Frozen/comments/1yf8rn/think_you_guys_might_love_this_gif_without/cfk7eiv/", "score": 8, "stickied": false, "subreddit_id": "t5_2vpth", "author_name": "teffhk", "author_id": "dyxc8", "subreddit_name": "frozen"}, {"body": "Disney uploaded them at their [official youtube channel](http://www.youtube.com/user/disneyanimation)\n\nThe gif OP posted is not there though, I think it was in a yahoo commercial or a tv show", "created_utc": 1396345823.0, "distinguished": null, "edited": false, "id": "cgh7yix", "is_submitter": false, "link_id": "t3_1yf8rn", "parent_id": "t1_cgggduw", "permalink": "/r/Frozen/comments/1yf8rn/think_you_guys_might_love_this_gif_without/cgh7yix/", "score": 3, "stickied": false, "subreddit_id": "t5_2vpth", "author_name": "FelixBlue", "author_id": "fca2h", "subreddit_name": "frozen"}, {"body": "This should explain it! http://www.reddit.com/r/Frozen/comments/1wfypu/annas_adorable_lipbite_compilation/", "created_utc": 1392933954.0, "distinguished": null, "edited": false, "id": "cfkhh24", "is_submitter": false, "link_id": "t3_1yf8rn", "parent_id": "t1_cfkeh15", "permalink": "/r/Frozen/comments/1yf8rn/think_you_guys_might_love_this_gif_without/cfkhh24/", "score": 9, "stickied": false, "subreddit_id": "t5_2vpth", "author_name": "JamesAQuintero", "author_id": "7gthv", "subreddit_name": "frozen"}, {"body": "err. which?", "created_utc": 1392906301.0, "distinguished": null, "edited": false, "id": "cfk4eic", "is_submitter": true, "link_id": "t3_1yf8rn", "parent_id": "t1_cfk25tk", "permalink": "/r/Frozen/comments/1yf8rn/think_you_guys_might_love_this_gif_without/cfk4eic/", "score": 8, "stickied": false, "subreddit_id": "t5_2vpth", "author_name": "teffhk", "author_id": "dyxc8", "subreddit_name": "frozen"}, {"body": "It makes Hans look like hero.", "created_utc": 1392928088.0, "distinguished": null, "edited": false, "id": "cfkeg05", "is_submitter": false, "link_id": "t3_1yf8rn", "parent_id": "t1_cfk8yln", "permalink": "/r/Frozen/comments/1yf8rn/think_you_guys_might_love_this_gif_without/cfkeg05/", "score": 17, "stickied": false, "subreddit_id": "t5_2vpth", "author_name": "RKitch2112", "author_id": "etl3g", "subreddit_name": "frozen"}, {"body": "Awesome, thanks a lot :)", "created_utc": 1396348620.0, "distinguished": null, "edited": false, "id": "cgh8cnn", "is_submitter": false, "link_id": "t3_1yf8rn", "parent_id": "t1_cgh7yix", "permalink": "/r/Frozen/comments/1yf8rn/think_you_guys_might_love_this_gif_without/cgh8cnn/", "score": 1, "stickied": false, "subreddit_id": "t5_2vpth", "author_name": null, "author_id": null, "subreddit_name": "frozen"}, {"body": "That is amazing", "created_utc": 1392934139.0, "distinguished": null, "edited": false, "id": "cfkhka4", "is_submitter": false, "link_id": "t3_1yf8rn", "parent_id": "t1_cfkhh24", "permalink": "/r/Frozen/comments/1yf8rn/think_you_guys_might_love_this_gif_without/cfkhka4/", "score": 7, "stickied": false, "subreddit_id": "t5_2vpth", "author_name": "RKitch2112", "author_id": "etl3g", "subreddit_name": "frozen"}, {"body": "Just before she does the magic. ", "created_utc": 1392907832.0, "distinguished": null, "edited": false, "id": "cfk4xru", "is_submitter": false, "link_id": "t3_1yf8rn", "parent_id": "t1_cfk4eic", "permalink": "/r/Frozen/comments/1yf8rn/think_you_guys_might_love_this_gif_without/cfk4xru/", "score": 14, "stickied": false, "subreddit_id": "t5_2vpth", "author_name": "DarkestSin", "author_id": "7n6go", "subreddit_name": "frozen"}, {"body": "Some men can't be reasoned or bargained with.\n\nSome men just want to watch the world fap.", "created_utc": 1392949481.0, "distinguished": null, "edited": false, "id": "cfkoft0", "is_submitter": false, "link_id": "t3_1yf8rn", "parent_id": "t1_cfkeg05", "permalink": "/r/Frozen/comments/1yf8rn/think_you_guys_might_love_this_gif_without/cfkoft0/", "score": 11, "stickied": false, "subreddit_id": "t5_2vpth", "author_name": "Eriflee", "author_id": "8n6qs", "subreddit_name": "frozen"}, {"body": "\"DO THE MAGIC! DO THE MAAAGIC!\"\nedit: I see OP beat me to this quote further down the comments... Foiled again!", "created_utc": 1392925963.0, "distinguished": null, "edited": false, "id": "cfkdccc", "is_submitter": false, "link_id": "t3_1yf8rn", "parent_id": "t1_cfk4xru", "permalink": "/r/Frozen/comments/1yf8rn/think_you_guys_might_love_this_gif_without/cfkdccc/", "score": 11, "stickied": false, "subreddit_id": "t5_2vpth", "author_name": "MilanoMongoose", "author_id": "cse66", "subreddit_name": "frozen"}, {"body": "Some men, just want to watch childhoods burn.", "created_utc": 1392952241.0, "distinguished": null, "edited": false, "id": "cfkpmu9", "is_submitter": false, "link_id": "t3_1yf8rn", "parent_id": "t1_cfkoft0", "permalink": "/r/Frozen/comments/1yf8rn/think_you_guys_might_love_this_gif_without/cfkpmu9/", "score": 10, "stickied": false, "subreddit_id": "t5_2vpth", "author_name": "AdultSupervision", "author_id": "ej121", "subreddit_name": "frozen"}]