{"clicked": false, "created_utc": 1392880204.0, "distinguished": null, "edited": false, "id": "1yf8rn", "is_video": false, "locked": false, "num_comments": 54, "over_18": false, "permalink": "/r/Frozen/comments/1yf8rn/think_you_guys_might_love_this_gif_without/", "score": 533, "selftext": "", "stickied": false, "subreddit_id": "t5_2vpth", "title": "Think you guys might love this gif, without backgroud", "url": "http://i.imgur.com/YL0uh1v.gif", "author_name": "teffhk", "author_id": "dyxc8", "subreddit_name": "frozen", "upvote_ratio": 0.99}