[{"body": "[deleted]  \n ^^^^^^^^^^^^^^^^0.0376 \n > [What is this?](https://pastebin.com/64GuVi2F/14204)", "created_utc": 1391624611.0, "distinguished": null, "edited": 1476740888.0, "id": "cf7t42j", "is_submitter": false, "link_id": "t3_1x2xzv", "parent_id": "t3_1x2xzv", "permalink": "/r/Frozen/comments/1x2xzv/concept_art_of_love_is_an_open_door/cf7t42j/", "score": 22, "stickied": false, "subreddit_id": "t5_2vpth", "author_name": "rocketshipotter", "author_id": "6z24w", "subreddit_name": "frozen"}, {"body": "Who's the artist? :O\n\nI MUST KNOW", "created_utc": 1391639900.0, "distinguished": null, "edited": false, "id": "cf80um3", "is_submitter": false, "link_id": "t3_1x2xzv", "parent_id": "t3_1x2xzv", "permalink": "/r/Frozen/comments/1x2xzv/concept_art_of_love_is_an_open_door/cf80um3/", "score": 3, "stickied": false, "subreddit_id": "t5_2vpth", "author_name": "Ckydder", "author_id": "7ykzu", "subreddit_name": "frozen"}, {"body": "I love the old Disney style as much as any Disney fan, but stereoscopic 3D is the future and it looks very nice as well.", "created_utc": 1391633227.0, "distinguished": null, "edited": false, "id": "cf7xhve", "is_submitter": false, "link_id": "t3_1x2xzv", "parent_id": "t3_1x2xzv", "permalink": "/r/Frozen/comments/1x2xzv/concept_art_of_love_is_an_open_door/cf7xhve/", "score": 5, "stickied": false, "subreddit_id": "t5_2vpth", "author_name": "baconbroth", "author_id": "cidv2", "subreddit_name": "frozen"}, {"body": "I'd like this scene even more if Hans wasn't such a terrible guy (can we curse here? I was cursing when I saw that scene of betrayal). It feels like it was ruined.", "created_utc": 1391789635.0, "distinguished": null, "edited": false, "id": "cf9g6kl", "is_submitter": false, "link_id": "t3_1x2xzv", "parent_id": "t3_1x2xzv", "permalink": "/r/Frozen/comments/1x2xzv/concept_art_of_love_is_an_open_door/cf9g6kl/", "score": 2, "stickied": false, "subreddit_id": "t5_2vpth", "author_name": null, "author_id": null, "subreddit_name": "frozen"}, {"body": "Yeah, this style looks awesome, and i'd like see it in motion.", "created_utc": 1391625003.0, "distinguished": null, "edited": false, "id": "cf7tb67", "is_submitter": true, "link_id": "t3_1x2xzv", "parent_id": "t1_cf7t42j", "permalink": "/r/Frozen/comments/1x2xzv/concept_art_of_love_is_an_open_door/cf7tb67/", "score": 8, "stickied": false, "subreddit_id": "t5_2vpth", "author_name": "Portgas", "author_id": "7kc75", "subreddit_name": "frozen"}, {"body": "You can't make hair with a million threads a la Tonic in the old hand-drawn style! \n\n\\#sciencebitch!", "created_utc": 1391660727.0, "distinguished": null, "edited": false, "id": "cf8a6hr", "is_submitter": false, "link_id": "t3_1x2xzv", "parent_id": "t1_cf7t42j", "permalink": "/r/Frozen/comments/1x2xzv/concept_art_of_love_is_an_open_door/cf8a6hr/", "score": 1, "stickied": false, "subreddit_id": "t5_2vpth", "author_name": "JiForce", "author_id": "5fwj2", "subreddit_name": "frozen"}, {"body": "Looks like [Cory Loftis](http://coryloftis.tumblr.com/). If you scroll in his tumblr you can see some higher-res pictures :D ", "created_utc": 1391645668.0, "distinguished": null, "edited": false, "id": "cf83jrh", "is_submitter": false, "link_id": "t3_1x2xzv", "parent_id": "t1_cf80um3", "permalink": "/r/Frozen/comments/1x2xzv/concept_art_of_love_is_an_open_door/cf83jrh/", "score": 6, "stickied": false, "subreddit_id": "t5_2vpth", "author_name": "evenfalls", "author_id": "a0gbn", "subreddit_name": "frozen"}, {"body": "Thanks, you're awesome!", "created_utc": 1391647374.0, "distinguished": null, "edited": false, "id": "cf84b8n", "is_submitter": false, "link_id": "t3_1x2xzv", "parent_id": "t1_cf83jrh", "permalink": "/r/Frozen/comments/1x2xzv/concept_art_of_love_is_an_open_door/cf84b8n/", "score": 5, "stickied": false, "subreddit_id": "t5_2vpth", "author_name": "Ckydder", "author_id": "7ykzu", "subreddit_name": "frozen"}]