{"clicked": false, "created_utc": 1391608532.0, "distinguished": null, "edited": false, "id": "1x2xzv", "is_video": false, "locked": false, "num_comments": 8, "over_18": false, "permalink": "/r/Frozen/comments/1x2xzv/concept_art_of_love_is_an_open_door/", "score": 152, "selftext": "", "stickied": false, "subreddit_id": "t5_2vpth", "title": "Concept art of Love is An Open Door", "url": "http://i.imgur.com/uhax2fJ.jpg", "author_name": "Portgas", "author_id": "7kc75", "subreddit_name": "frozen", "upvote_ratio": 1.0}