[{"body": "Stupid funny. Turn the lights Krist-on...... lol", "created_utc": 1392532072.0, "distinguished": null, "edited": false, "id": "cfgj6s6", "is_submitter": false, "link_id": "t3_1y1hlv", "parent_id": "t3_1y1hlv", "permalink": "/r/Frozen/comments/1y1hlv/i_made_a_pun/cfgj6s6/", "score": 7, "stickied": false, "subreddit_id": "t5_2vpth", "author_name": "TeleVue", "author_id": "f5kuq", "subreddit_name": "frozen"}, {"body": "badum tss ", "created_utc": 1392542841.0, "distinguished": null, "edited": false, "id": "cfgllcj", "is_submitter": false, "link_id": "t3_1y1hlv", "parent_id": "t3_1y1hlv", "permalink": "/r/Frozen/comments/1y1hlv/i_made_a_pun/cfgllcj/", "score": 7, "stickied": false, "subreddit_id": "t5_2vpth", "author_name": null, "author_id": null, "subreddit_name": "frozen"}, {"body": "....... you know what, I'm not even mad.", "created_utc": 1392571853.0, "distinguished": null, "edited": false, "id": "cfgs22k", "is_submitter": false, "link_id": "t3_1y1hlv", "parent_id": "t3_1y1hlv", "permalink": "/r/Frozen/comments/1y1hlv/i_made_a_pun/cfgs22k/", "score": 4, "stickied": false, "subreddit_id": "t5_2vpth", "author_name": "PrinceHabib72", "author_id": "8y77c", "subreddit_name": "frozen"}, {"body": "I made a pun too lol https://vine.co/u/1046698451934834688\n", "created_utc": 1392532560.0, "distinguished": null, "edited": false, "id": "cfgjbuw", "is_submitter": false, "link_id": "t3_1y1hlv", "parent_id": "t3_1y1hlv", "permalink": "/r/Frozen/comments/1y1hlv/i_made_a_pun/cfgjbuw/", "score": 4, "stickied": false, "subreddit_id": "t5_2vpth", "author_name": "uNiggaBro", "author_id": "cx1ig", "subreddit_name": "frozen"}, {"body": "You are no longer welcome here.", "created_utc": 1392532838.0, "distinguished": null, "edited": false, "id": "cfgjell", "is_submitter": false, "link_id": "t3_1y1hlv", "parent_id": "t3_1y1hlv", "permalink": "/r/Frozen/comments/1y1hlv/i_made_a_pun/cfgjell/", "score": 3, "stickied": false, "subreddit_id": "t5_2vpth", "author_name": "AdultSupervision", "author_id": "ej121", "subreddit_name": "frozen"}, {"body": "Hahaha", "created_utc": 1392533279.0, "distinguished": null, "edited": false, "id": "cfgjj1h", "is_submitter": false, "link_id": "t3_1y1hlv", "parent_id": "t3_1y1hlv", "permalink": "/r/Frozen/comments/1y1hlv/i_made_a_pun/cfgjj1h/", "score": 2, "stickied": false, "subreddit_id": "t5_2vpth", "author_name": "teffhk", "author_id": "dyxc8", "subreddit_name": "frozen"}, {"body": "Hahaha!", "created_utc": 1392554058.0, "distinguished": null, "edited": false, "id": "cfgn8y2", "is_submitter": false, "link_id": "t3_1y1hlv", "parent_id": "t3_1y1hlv", "permalink": "/r/Frozen/comments/1y1hlv/i_made_a_pun/cfgn8y2/", "score": 1, "stickied": false, "subreddit_id": "t5_2vpth", "author_name": "KaptainK27", "author_id": "f0vwg", "subreddit_name": "frozen"}, {"body": "*porno music*", "created_utc": 1392641607.0, "distinguished": null, "edited": false, "id": "cfhfbv6", "is_submitter": false, "link_id": "t3_1y1hlv", "parent_id": "t1_cfgj6s6", "permalink": "/r/Frozen/comments/1y1hlv/i_made_a_pun/cfhfbv6/", "score": 1, "stickied": false, "subreddit_id": "t5_2vpth", "author_name": null, "author_id": null, "subreddit_name": "frozen"}]