[{"body": "Also, guys, try to imagine her playing [***this***](https://www.youtube.com/watch?v=tBAQd2v-_J4)", "created_utc": 1392665269.0, "distinguished": null, "edited": false, "id": "cfhnkhr", "is_submitter": true, "link_id": "t3_1y601c", "parent_id": "t3_1y601c", "permalink": "/r/Frozen/comments/1y601c/the_grace_of_a_queen/cfhnkhr/", "score": 7, "stickied": false, "subreddit_id": "t5_2vpth", "author_name": "loopuleasa", "author_id": "4josc", "subreddit_name": "frozen"}, {"body": "Love it, great atmosphere", "created_utc": 1392663596.0, "distinguished": null, "edited": false, "id": "cfhmuia", "is_submitter": false, "link_id": "t3_1y601c", "parent_id": "t3_1y601c", "permalink": "/r/Frozen/comments/1y601c/the_grace_of_a_queen/cfhmuia/", "score": 8, "stickied": false, "subreddit_id": "t5_2vpth", "author_name": "Portgas", "author_id": "7kc75", "subreddit_name": "frozen"}, {"body": "Artist should be Wandering Drawfag", "created_utc": 1392663526.0, "distinguished": null, "edited": false, "id": "cfhmtg0", "is_submitter": true, "link_id": "t3_1y601c", "parent_id": "t3_1y601c", "permalink": "/r/Frozen/comments/1y601c/the_grace_of_a_queen/cfhmtg0/", "score": 4, "stickied": false, "subreddit_id": "t5_2vpth", "author_name": "loopuleasa", "author_id": "4josc", "subreddit_name": "frozen"}, {"body": "I'm actually imagining Elsa playing Beauty and the Beast. >_>", "created_utc": 1392687094.0, "distinguished": null, "edited": false, "id": "cfhxqhg", "is_submitter": false, "link_id": "t3_1y601c", "parent_id": "t3_1y601c", "permalink": "/r/Frozen/comments/1y601c/the_grace_of_a_queen/cfhxqhg/", "score": 3, "stickied": false, "subreddit_id": "t5_2vpth", "author_name": "Darkside_Hero", "author_id": "6wquo", "subreddit_name": "frozen"}, {"body": "This is a really cool artwork, really appreciate these high detail photos!! ", "created_utc": 1392664858.0, "distinguished": null, "edited": false, "id": "cfhndzy", "is_submitter": false, "link_id": "t3_1y601c", "parent_id": "t3_1y601c", "permalink": "/r/Frozen/comments/1y601c/the_grace_of_a_queen/cfhndzy/", "score": 2, "stickied": false, "subreddit_id": "t5_2vpth", "author_name": "Parsimony3", "author_id": "dhnoj", "subreddit_name": "frozen"}, {"body": "Here, have a [cute fanfic based on this](http://counterpunches.tumblr.com/post/76915829781/youngbloodbuzz-roomforfamily-osxtephen) \n\nedit: [listen to this](http://www.youtube.com/watch?v=LOcQJ9q6I2E) or [this](http://www.reddit.com/r/Frozen/comments/1y601c/the_grace_of_a_queen/cfhnkhr) while reading the fic, with the pic linked by the OP in your head. :D", "created_utc": 1392683836.0, "distinguished": null, "edited": 1392703598.0, "id": "cfhwbyy", "is_submitter": false, "link_id": "t3_1y601c", "parent_id": "t3_1y601c", "permalink": "/r/Frozen/comments/1y601c/the_grace_of_a_queen/cfhwbyy/", "score": 2, "stickied": false, "subreddit_id": "t5_2vpth", "author_name": "damocles2501", "author_id": "d3wqx", "subreddit_name": "frozen"}, {"body": "My favorite from the album.\nhttp://i.imgur.com/bOmWqHE.jpg", "created_utc": 1392695229.0, "distinguished": null, "edited": false, "id": "cfi1dby", "is_submitter": false, "link_id": "t3_1y601c", "parent_id": "t3_1y601c", "permalink": "/r/Frozen/comments/1y601c/the_grace_of_a_queen/cfi1dby/", "score": 2, "stickied": false, "subreddit_id": "t5_2vpth", "author_name": "TeleVue", "author_id": "f5kuq", "subreddit_name": "frozen"}, {"body": "it's perfect!", "created_utc": 1392675646.0, "distinguished": null, "edited": false, "id": "cfhskus", "is_submitter": false, "link_id": "t3_1y601c", "parent_id": "t1_cfhnkhr", "permalink": "/r/Frozen/comments/1y601c/the_grace_of_a_queen/cfhskus/", "score": 3, "stickied": false, "subreddit_id": "t5_2vpth", "author_name": "lq13", "author_id": "fblf7", "subreddit_name": "frozen"}, {"body": "I haven't been able to find an artist page, but if anyone is interested I did find [this album](http://imgur.com/a/n7bjm) of their work.", "created_utc": 1392666462.0, "distinguished": null, "edited": false, "id": "cfho3u1", "is_submitter": false, "link_id": "t3_1y601c", "parent_id": "t1_cfhmtg0", "permalink": "/r/Frozen/comments/1y601c/the_grace_of_a_queen/cfho3u1/", "score": 4, "stickied": false, "subreddit_id": "t5_2vpth", "author_name": "Eren_Jeager", "author_id": "db1dv", "subreddit_name": "frozen"}, {"body": "Or [this.](https://www.youtube.com/watch?v=35VE9WykH1c)", "created_utc": 1392688327.0, "distinguished": null, "edited": false, "id": "cfhyb11", "is_submitter": false, "link_id": "t3_1y601c", "parent_id": "t1_cfhxqhg", "permalink": "/r/Frozen/comments/1y601c/the_grace_of_a_queen/cfhyb11/", "score": 2, "stickied": false, "subreddit_id": "t5_2vpth", "author_name": null, "author_id": null, "subreddit_name": "frozen"}, {"body": "Wow, I loved that. The artwork is breathtaking as is, and this fic just elevates it to the next level.", "created_utc": 1392694716.0, "distinguished": null, "edited": false, "id": "cfi1571", "is_submitter": false, "link_id": "t3_1y601c", "parent_id": "t1_cfhwbyy", "permalink": "/r/Frozen/comments/1y601c/the_grace_of_a_queen/cfi1571/", "score": 1, "stickied": false, "subreddit_id": "t5_2vpth", "author_name": "midnightbokeh", "author_id": "fbovj", "subreddit_name": "frozen"}, {"body": "It's where I got it from, but I will post them over time.", "created_utc": 1392666910.0, "distinguished": null, "edited": false, "id": "cfhobiq", "is_submitter": true, "link_id": "t3_1y601c", "parent_id": "t1_cfho3u1", "permalink": "/r/Frozen/comments/1y601c/the_grace_of_a_queen/cfhobiq/", "score": 2, "stickied": false, "subreddit_id": "t5_2vpth", "author_name": "loopuleasa", "author_id": "4josc", "subreddit_name": "frozen"}, {"body": "What's #3 supposed to be? It's quite well done.", "created_utc": 1392748627.0, "distinguished": null, "edited": false, "id": "cfihijd", "is_submitter": false, "link_id": "t3_1y601c", "parent_id": "t1_cfho3u1", "permalink": "/r/Frozen/comments/1y601c/the_grace_of_a_queen/cfihijd/", "score": 1, "stickied": false, "subreddit_id": "t5_2vpth", "author_name": null, "author_id": null, "subreddit_name": "frozen"}, {"body": "My God that was beautiful. ", "created_utc": 1392692511.0, "distinguished": null, "edited": false, "id": "cfi060f", "is_submitter": false, "link_id": "t3_1y601c", "parent_id": "t1_cfhyb11", "permalink": "/r/Frozen/comments/1y601c/the_grace_of_a_queen/cfi060f/", "score": 2, "stickied": false, "subreddit_id": "t5_2vpth", "author_name": "Thaneofthunder", "author_id": "evyma", "subreddit_name": "frozen"}, {"body": "'Tis. The suggested videos are pretty good as well.", "created_utc": 1392695070.0, "distinguished": null, "edited": false, "id": "cfi1atm", "is_submitter": false, "link_id": "t3_1y601c", "parent_id": "t1_cfi060f", "permalink": "/r/Frozen/comments/1y601c/the_grace_of_a_queen/cfi1atm/", "score": 2, "stickied": false, "subreddit_id": "t5_2vpth", "author_name": null, "author_id": null, "subreddit_name": "frozen"}]