[{"body": "Much, much shorter movie follows.", "created_utc": 1393455838.0, "distinguished": null, "edited": false, "id": "cfpkrin", "is_submitter": false, "link_id": "t3_1z1058", "parent_id": "t3_1z1058", "permalink": "/r/Frozen/comments/1z1058/can_i_say_something_reasonable/cfpkrin/", "score": 42, "stickied": false, "subreddit_id": "t5_2vpth", "author_name": "Ysara", "author_id": "6yr3q", "subreddit_name": "frozen"}, {"body": "Rejected!", "created_utc": 1393455077.0, "distinguished": null, "edited": false, "id": "cfpkefa", "is_submitter": false, "link_id": "t3_1z1058", "parent_id": "t3_1z1058", "permalink": "/r/Frozen/comments/1z1058/can_i_say_something_reasonable/cfpkefa/", "score": 6, "stickied": false, "subreddit_id": "t5_2vpth", "author_name": "jayjay200", "author_id": "c0kdx", "subreddit_name": "frozen"}, {"body": "Haaaaave you met Hans? That Ted-ish move of him. *GASP!* Hans is evil Ted, and Anna is Robin!", "created_utc": 1393466834.0, "distinguished": null, "edited": false, "id": "cfpppwx", "is_submitter": false, "link_id": "t3_1z1058", "parent_id": "t3_1z1058", "permalink": "/r/Frozen/comments/1z1058/can_i_say_something_reasonable/cfpppwx/", "score": 3, "stickied": false, "subreddit_id": "t5_2vpth", "author_name": null, "author_id": null, "subreddit_name": "frozen"}, {"body": "[Like so.](http://rollingrabbit.tumblr.com/post/74307932871/hans)", "created_utc": 1393456521.0, "distinguished": null, "edited": false, "id": "cfpl31n", "is_submitter": false, "link_id": "t3_1z1058", "parent_id": "t1_cfpkrin", "permalink": "/r/Frozen/comments/1z1058/can_i_say_something_reasonable/cfpl31n/", "score": 36, "stickied": false, "subreddit_id": "t5_2vpth", "author_name": "JiForce", "author_id": "5fwj2", "subreddit_name": "frozen"}, {"body": "Yeah. except Anna is desperate to fall in love/get married, but Robin doesn't wan't to do either.", "created_utc": 1393467151.0, "distinguished": null, "edited": false, "id": "cfppuze", "is_submitter": false, "link_id": "t3_1z1058", "parent_id": "t1_cfpppwx", "permalink": "/r/Frozen/comments/1z1058/can_i_say_something_reasonable/cfppuze/", "score": 2, "stickied": false, "subreddit_id": "t5_2vpth", "author_name": "roran_stronghammer", "author_id": "fbrtc", "subreddit_name": "frozen"}, {"body": "[deleted]", "created_utc": 1393460693.0, "distinguished": null, "edited": 1393461442.0, "id": "cfpmz37", "is_submitter": false, "link_id": "t3_1z1058", "parent_id": "t1_cfpl31n", "permalink": "/r/Frozen/comments/1z1058/can_i_say_something_reasonable/cfpmz37/", "score": 18, "stickied": false, "subreddit_id": "t5_2vpth", "author_name": null, "author_id": null, "subreddit_name": "frozen"}, {"body": "Anna...is...Elsa?", "created_utc": 1393467705.0, "distinguished": null, "edited": false, "id": "cfpq3vl", "is_submitter": false, "link_id": "t3_1z1058", "parent_id": "t1_cfppuze", "permalink": "/r/Frozen/comments/1z1058/can_i_say_something_reasonable/cfpq3vl/", "score": 5, "stickied": false, "subreddit_id": "t5_2vpth", "author_name": null, "author_id": null, "subreddit_name": "frozen"}, {"body": "Yeah, I wouldn't read into it too much. It's just a light hearted \"wouldn't it be funny if...\" comic, IMO. Like you say, there are too many loose ends if we treat it as an alternate path for the story. ", "created_utc": 1393463514.0, "distinguished": null, "edited": false, "id": "cfpo8bc", "is_submitter": false, "link_id": "t3_1z1058", "parent_id": "t1_cfpmz37", "permalink": "/r/Frozen/comments/1z1058/can_i_say_something_reasonable/cfpo8bc/", "score": 14, "stickied": false, "subreddit_id": "t5_2vpth", "author_name": "JiForce", "author_id": "5fwj2", "subreddit_name": "frozen"}, {"body": "He already claimed a marriage in the movie and everyone else listened to him...", "created_utc": 1393478427.0, "distinguished": null, "edited": false, "id": "cfpuucx", "is_submitter": false, "link_id": "t3_1z1058", "parent_id": "t1_cfpmz37", "permalink": "/r/Frozen/comments/1z1058/can_i_say_something_reasonable/cfpuucx/", "score": 7, "stickied": false, "subreddit_id": "t5_2vpth", "author_name": "Xaquseg", "author_id": "3cjiy", "subreddit_name": "frozen"}, {"body": "Well it's not a sensible plan for Hans by any means, but if the entire royal line died out, they might give it to a random foreigner instead of a local noble. That's what happened in Sweden in the 1800s; Charles XIII was old and childless, so they made [some random French general](http://en.wikipedia.org/wiki/Charles_XIV_John_of_Sweden) the crown prince. That guy became king himself, and is the ancestor of the current Swedish and Norwegian kings. ", "created_utc": 1393481171.0, "distinguished": null, "edited": false, "id": "cfpvtor", "is_submitter": false, "link_id": "t3_1z1058", "parent_id": "t1_cfpmz37", "permalink": "/r/Frozen/comments/1z1058/can_i_say_something_reasonable/cfpvtor/", "score": 5, "stickied": false, "subreddit_id": "t5_2vpth", "author_name": "LtNOWIS", "author_id": "d8wj1", "subreddit_name": "frozen"}, {"body": "Inb4 some inexplicable event leads to the Duke of Weaseltown being crowned the new ruler of Arendelle. ", "created_utc": 1393466156.0, "distinguished": null, "edited": false, "id": "cfppf3u", "is_submitter": false, "link_id": "t3_1z1058", "parent_id": "t1_cfpmz37", "permalink": "/r/Frozen/comments/1z1058/can_i_say_something_reasonable/cfppf3u/", "score": 3, "stickied": false, "subreddit_id": "t5_2vpth", "author_name": "UnknownPhilosophy", "author_id": "6dh7h", "subreddit_name": "frozen"}, {"body": "Well, in that picture, I imagine him doing that, and then going \"...oh, shit.\"", "created_utc": 1393637420.0, "distinguished": null, "edited": false, "id": "cfreqig", "is_submitter": false, "link_id": "t3_1z1058", "parent_id": "t1_cfpmz37", "permalink": "/r/Frozen/comments/1z1058/can_i_say_something_reasonable/cfreqig/", "score": 1, "stickied": false, "subreddit_id": "t5_2vpth", "author_name": "Impudenter", "author_id": "8ol5v", "subreddit_name": "frozen"}, {"body": "I don't think Robin expects to randomly kill her family.", "created_utc": 1393549014.0, "distinguished": null, "edited": false, "id": "cfqjt0w", "is_submitter": false, "link_id": "t3_1z1058", "parent_id": "t1_cfpq3vl", "permalink": "/r/Frozen/comments/1z1058/can_i_say_something_reasonable/cfqjt0w/", "score": 1, "stickied": false, "subreddit_id": "t5_2vpth", "author_name": "SlasherX", "author_id": "4lk8m", "subreddit_name": "frozen"}, {"body": "Yarp. He ain't above lying, hell he ain't above killing. Dude's a dick.", "created_utc": 1393496408.0, "distinguished": null, "edited": false, "id": "cfpz0ys", "is_submitter": false, "link_id": "t3_1z1058", "parent_id": "t1_cfpuucx", "permalink": "/r/Frozen/comments/1z1058/can_i_say_something_reasonable/cfpz0ys/", "score": 2, "stickied": false, "subreddit_id": "t5_2vpth", "author_name": null, "author_id": null, "subreddit_name": "frozen"}, {"body": "TIL", "created_utc": 1393517850.0, "distinguished": null, "edited": false, "id": "cfq4kyd", "is_submitter": false, "link_id": "t3_1z1058", "parent_id": "t1_cfpvtor", "permalink": "/r/Frozen/comments/1z1058/can_i_say_something_reasonable/cfq4kyd/", "score": 2, "stickied": false, "subreddit_id": "t5_2vpth", "author_name": "Scyter", "author_id": "6l0mu", "subreddit_name": "frozen"}, {"body": "IT\"S WESELTON!", "created_utc": 1393490597.0, "distinguished": null, "edited": false, "id": "cfpy4c1", "is_submitter": false, "link_id": "t3_1z1058", "parent_id": "t1_cfppf3u", "permalink": "/r/Frozen/comments/1z1058/can_i_say_something_reasonable/cfpy4c1/", "score": 3, "stickied": false, "subreddit_id": "t5_2vpth", "author_name": "Betasheets", "author_id": "bkqah", "subreddit_name": "frozen"}]