{"clicked": false, "created_utc": 1393451655.0, "distinguished": null, "edited": false, "id": "1z1058", "is_video": false, "locked": false, "num_comments": 15, "over_18": false, "permalink": "/r/Frozen/comments/1z1058/can_i_say_something_reasonable/", "score": 380, "selftext": "", "stickied": false, "subreddit_id": "t5_2vpth", "title": "Can i say something reasonable?", "url": "http://imgur.com/F7UBu11", "author_name": "Portgas", "author_id": "7kc75", "subreddit_name": "frozen", "upvote_ratio": 0.96}