[{"body": "The script says,\n\nYOUNG ANNA\n(drama queen-ish)\nI just can\u2019t. The sky\u2019s awake, so \nI\u2019m awake, so we have to play. ", "created_utc": 1392962527.0, "distinguished": null, "edited": false, "id": "cfktp0t", "is_submitter": false, "link_id": "t3_1yi3ms", "parent_id": "t3_1yi3ms", "permalink": "/r/Frozen/comments/1yi3ms/anna_is_such_a_drama_princess/cfktp0t/", "score": 18, "stickied": false, "subreddit_id": "t5_2vpth", "author_name": null, "author_id": null, "subreddit_name": "frozen"}, {"body": "The first and sixth are the best.", "created_utc": 1392951999.0, "distinguished": null, "edited": false, "id": "cfkpj2t", "is_submitter": false, "link_id": "t3_1yi3ms", "parent_id": "t3_1yi3ms", "permalink": "/r/Frozen/comments/1yi3ms/anna_is_such_a_drama_princess/cfkpj2t/", "score": 14, "stickied": false, "subreddit_id": "t5_2vpth", "author_name": "AdultSupervision", "author_id": "ej121", "subreddit_name": "frozen"}, {"body": "The sky's awake, so I'm awake. Tiny Anna is so adorable it is painful. I can't get over how she says \"Do you want to build a snooow-maaan?\"", "created_utc": 1392959488.0, "distinguished": null, "edited": false, "id": "cfksn15", "is_submitter": false, "link_id": "t3_1yi3ms", "parent_id": "t3_1yi3ms", "permalink": "/r/Frozen/comments/1yi3ms/anna_is_such_a_drama_princess/cfksn15/", "score": 10, "stickied": false, "subreddit_id": "t5_2vpth", "author_name": null, "author_id": null, "subreddit_name": "frozen"}, {"body": "Thats why we love her.", "created_utc": 1392962198.0, "distinguished": null, "edited": false, "id": "cfktl73", "is_submitter": false, "link_id": "t3_1yi3ms", "parent_id": "t3_1yi3ms", "permalink": "/r/Frozen/comments/1yi3ms/anna_is_such_a_drama_princess/cfktl73/", "score": 7, "stickied": false, "subreddit_id": "t5_2vpth", "author_name": "tdbbode", "author_id": "73rpi", "subreddit_name": "frozen"}, {"body": "\"Sophisticated Grace\" (picture #3) is a homage to Beauty and the Beast http://images.zap2it.com/moviephotos/AllPhotos/28527/28527_as/beauty-and-the-beast.jpg", "created_utc": 1392958128.0, "distinguished": null, "edited": false, "id": "cfks439", "is_submitter": false, "link_id": "t3_1yi3ms", "parent_id": "t3_1yi3ms", "permalink": "/r/Frozen/comments/1yi3ms/anna_is_such_a_drama_princess/cfks439/", "score": 4, "stickied": false, "subreddit_id": "t5_2vpth", "author_name": "hotrodx", "author_id": "3nqjk", "subreddit_name": "frozen"}, {"body": "That seventh one should come in handy the next time some cringeworthy stuff happens.", "created_utc": 1392961519.0, "distinguished": null, "edited": false, "id": "cfktdad", "is_submitter": false, "link_id": "t3_1yi3ms", "parent_id": "t3_1yi3ms", "permalink": "/r/Frozen/comments/1yi3ms/anna_is_such_a_drama_princess/cfktdad/", "score": 1, "stickied": false, "subreddit_id": "t5_2vpth", "author_name": null, "author_id": null, "subreddit_name": "frozen"}, {"body": "Haha reminded me if jaden", "created_utc": 1393039485.0, "distinguished": null, "edited": false, "id": "cflk9da", "is_submitter": false, "link_id": "t3_1yi3ms", "parent_id": "t1_cfktp0t", "permalink": "/r/Frozen/comments/1yi3ms/anna_is_such_a_drama_princess/cflk9da/", "score": 2, "stickied": false, "subreddit_id": "t5_2vpth", "author_name": "shytake", "author_id": "8dere", "subreddit_name": "frozen"}, {"body": "Bahahaha never noticed her face went like that in #6. \nAll the little details you pick up more and more from the movie. :)", "created_utc": 1392954731.0, "distinguished": null, "edited": false, "id": "cfkqpgu", "is_submitter": false, "link_id": "t3_1yi3ms", "parent_id": "t1_cfkpj2t", "permalink": "/r/Frozen/comments/1yi3ms/anna_is_such_a_drama_princess/cfkqpgu/", "score": 2, "stickied": false, "subreddit_id": "t5_2vpth", "author_name": "gdkitty", "author_id": "8payt", "subreddit_name": "frozen"}, {"body": "\"I wuv you Olaf!\"", "created_utc": 1392973456.0, "distinguished": null, "edited": false, "id": "cfkwc7x", "is_submitter": false, "link_id": "t3_1yi3ms", "parent_id": "t1_cfksn15", "permalink": "/r/Frozen/comments/1yi3ms/anna_is_such_a_drama_princess/cfkwc7x/", "score": 7, "stickied": false, "subreddit_id": "t5_2vpth", "author_name": "ares623", "author_id": "3mbae", "subreddit_name": "frozen"}, {"body": "This is awesome", "created_utc": 1392994442.0, "distinguished": null, "edited": false, "id": "cfl0qsf", "is_submitter": false, "link_id": "t3_1yi3ms", "parent_id": "t1_cfks439", "permalink": "/r/Frozen/comments/1yi3ms/anna_is_such_a_drama_princess/cfl0qsf/", "score": 2, "stickied": false, "subreddit_id": "t5_2vpth", "author_name": "Portgas", "author_id": "7kc75", "subreddit_name": "frozen"}, {"body": "It was from an originally deleted scene for the song \"Human Again\", which was restored in the Special Edition of Beauty and the Beast.\n\nhttp://en.wikipedia.org/wiki/Human_Again_%28Beauty_and_the_Beast%29", "created_utc": 1392996022.0, "distinguished": null, "edited": false, "id": "cfl1c1y", "is_submitter": false, "link_id": "t3_1yi3ms", "parent_id": "t1_cfl0qsf", "permalink": "/r/Frozen/comments/1yi3ms/anna_is_such_a_drama_princess/cfl1c1y/", "score": 1, "stickied": false, "subreddit_id": "t5_2vpth", "author_name": "hotrodx", "author_id": "3nqjk", "subreddit_name": "frozen"}, {"body": "Thanks, never knew that.", "created_utc": 1392996323.0, "distinguished": null, "edited": false, "id": "cfl1gar", "is_submitter": false, "link_id": "t3_1yi3ms", "parent_id": "t1_cfl1c1y", "permalink": "/r/Frozen/comments/1yi3ms/anna_is_such_a_drama_princess/cfl1gar/", "score": 1, "stickied": false, "subreddit_id": "t5_2vpth", "author_name": "Portgas", "author_id": "7kc75", "subreddit_name": "frozen"}, {"body": "#####&#009;\n\n######&#009;\n\n####&#009;\n [**Human Again (Beauty and the Beast)**](http://en.wikipedia.org/wiki/Human%20Again%20%28Beauty%20and%20the%20Beast%29): [](#sfw) \n\n---\n\n>**Human Again** is a deleted song from [Beauty and the Beast](http://en.wikipedia.org/wiki/Beauty_and_the_Beast_(1991_film\\)) that was restored in the 2002 Special Edition released on IMAX and the Special Platinum Edition DVD (also included on the 2010 Diamond Edition Blu-ray). It debuted as part of the [Beauty and the Beast stage musical](http://en.wikipedia.org/wiki/Beauty_and_the_Beast_(musical\\)). It shows the enchanted objects cleaning the castle in preparation for the iconic Ballroom scene when they all assume that [Belle](http://en.wikipedia.org/wiki/Belle_(Disney\\)) and [Beast](http://en.wikipedia.org/wiki/Beast_(Disney_character\\)) will confess their love for each other. The song also expands the role of The Wardrobe giving her a solo. In the between scene Belle and Beast are seen reading Romeo & Juliet in the film and King Arthur in the musical. In the film it takes place between Something There and Beauty & the Beast. The song was composed by [Alan Menken](http://en.wikipedia.org/wiki/Alan_Menken) and lyrics were written by [Howard Ashman](http://en.wikipedia.org/wiki/Howard_Ashman). In the film it was primarily performed by Lumi\u00e8re ([Jerry Orbach](http://en.wikipedia.org/wiki/Jerry_Orbach)), Cogsworth ([David Ogden Stiers](http://en.wikipedia.org/wiki/David_Ogden_Stiers)), Mrs. Potts ([Angela Lansbury](http://en.wikipedia.org/wiki/Angela_Lansbury)), and The Wardrobe ([Jo Anne Worley](http://en.wikipedia.org/wiki/Jo_Anne_Worley)).\n\n>\n\n---\n\n^Interesting: [^Gothic ^metal](http://en.wikipedia.org/wiki/Gothic_metal) ^| [^Beauty ^and ^the ^Beast ^\\(1991 ^film)](http://en.wikipedia.org/wiki/Beauty_and_the_Beast_\\(1991_film\\)) ^| [^Characters ^in ^Disney's ^Beauty ^and ^the ^Beast](http://en.wikipedia.org/wiki/Characters_in_Disney%27s_Beauty_and_the_Beast) ^| [^Beauty ^and ^the ^Beast ^\\(musical)](http://en.wikipedia.org/wiki/Beauty_and_the_Beast_\\(musical\\)) \n\n^Parent ^commenter ^can [^toggle ^NSFW](http://www.reddit.com/message/compose?to=autowikibot&subject=AutoWikibot NSFW toggle&message=%2Btoggle-nsfw+cfl1c7p) ^or[](#or) [^delete](http://www.reddit.com/message/compose?to=autowikibot&subject=AutoWikibot Deletion&message=%2Bdelete+cfl1c7p)^. ^Will ^also ^delete ^on ^comment ^score ^of ^-1 ^or ^less. ^| [^(FAQs)](http://www.reddit.com/r/autowikibot/wiki/index) ^| [^Mods](http://www.reddit.com/r/autowikibot/comments/1x013o/for_moderators_switches_commands_and_css/) ^| [^Magic ^Words](http://www.reddit.com/r/autowikibot/comments/1ux484/ask_wikibot/) ^| [^flag ^a ^glitch](http://www.reddit.com/message/compose?to=/r/autowikibot&subject=Glitched comment report&message=What seems wrong: (optional description goes here\\)%0A%0A---%0A%0AReply no. 65613:%0Ahttp://www.reddit.com/r/Frozen/comments/1yi3ms/anna_is_such_a_drama_princess/cfl1c1y)", "created_utc": 1392996032.0, "distinguished": null, "edited": false, "id": "cfl1c7p", "is_submitter": false, "link_id": "t3_1yi3ms", "parent_id": "t1_cfl1c1y", "permalink": "/r/Frozen/comments/1yi3ms/anna_is_such_a_drama_princess/cfl1c7p/", "score": 0, "stickied": false, "subreddit_id": "t5_2vpth", "author_name": "autowikibot", "author_id": "enhq4", "subreddit_name": "frozen"}]