{"clicked": false, "created_utc": 1392951749.0, "distinguished": null, "edited": false, "id": "1yi3ms", "is_video": false, "locked": false, "num_comments": 13, "over_18": false, "permalink": "/r/Frozen/comments/1yi3ms/anna_is_such_a_drama_princess/", "score": 140, "selftext": "", "stickied": false, "subreddit_id": "t5_2vpth", "title": "Anna is such a drama Princess", "url": "http://imgur.com/a/WBmSL", "author_name": "YourAverageAnon", "author_id": "fbi3z", "subreddit_name": "frozen", "upvote_ratio": 0.98}