[{"body": "This would have been hilarious to watch. Instead of triggering an eternal winter, she would have just accidentally set Arendelle on fire. Good going Elsa.", "created_utc": 1391556748.0, "distinguished": null, "edited": false, "id": "cf76c5x", "is_submitter": false, "link_id": "t3_1wzfch", "parent_id": "t3_1wzfch", "permalink": "/r/Frozen/comments/1wzfch/let_em_burn_gifs/cf76c5x/", "score": 120, "stickied": false, "subreddit_id": "t5_2vpth", "author_name": "alittlefallofrain", "author_id": "ap0ga", "subreddit_name": "frozen"}, {"body": "\"Lava! It had to be lava?! She couldn't have had *freezing* magic that covered the dunes in sparkling snow and cool... An oasis!\"\n\nSo many possibilities. And splendidly done gifs, by the way.", "created_utc": 1391532854.0, "distinguished": null, "edited": false, "id": "cf6usdv", "is_submitter": false, "link_id": "t3_1wzfch", "parent_id": "t3_1wzfch", "permalink": "/r/Frozen/comments/1wzfch/let_em_burn_gifs/cf6usdv/", "score": 151, "stickied": false, "subreddit_id": "t5_2vpth", "author_name": "Hypnosomnia", "author_id": "71vcj", "subreddit_name": "frozen"}, {"body": "She's so... hot...", "created_utc": 1391548201.0, "distinguished": null, "edited": false, "id": "cf729ca", "is_submitter": false, "link_id": "t3_1wzfch", "parent_id": "t3_1wzfch", "permalink": "/r/Frozen/comments/1wzfch/let_em_burn_gifs/cf729ca/", "score": 67, "stickied": false, "subreddit_id": "t5_2vpth", "author_name": "jayjay200", "author_id": "c0kdx", "subreddit_name": "frozen"}, {"body": "AZULA", "created_utc": 1391553295.0, "distinguished": null, "edited": false, "id": "cf74r5q", "is_submitter": false, "link_id": "t3_1wzfch", "parent_id": "t3_1wzfch", "permalink": "/r/Frozen/comments/1wzfch/let_em_burn_gifs/cf74r5q/", "score": 51, "stickied": false, "subreddit_id": "t5_2vpth", "author_name": "sweetwattah", "author_id": "cac9h", "subreddit_name": "frozen"}, {"body": "those dresses look awesome in red!", "created_utc": 1391540709.0, "distinguished": null, "edited": false, "id": "cf6yiwi", "is_submitter": false, "link_id": "t3_1wzfch", "parent_id": "t3_1wzfch", "permalink": "/r/Frozen/comments/1wzfch/let_em_burn_gifs/cf6yiwi/", "score": 37, "stickied": false, "subreddit_id": "t5_2vpth", "author_name": "vuelianna", "author_id": "f18ut", "subreddit_name": "frozen"}, {"body": "I feel that if fire was her power, she may have been the evil character!", "created_utc": 1391525949.0, "distinguished": null, "edited": false, "id": "cf6s2wr", "is_submitter": false, "link_id": "t3_1wzfch", "parent_id": "t3_1wzfch", "permalink": "/r/Frozen/comments/1wzfch/let_em_burn_gifs/cf6s2wr/", "score": 64, "stickied": false, "subreddit_id": "t5_2vpth", "author_name": "engineering_diver", "author_id": "bep8z", "subreddit_name": "frozen"}, {"body": "\"Do you wanna build a campfire?\"", "created_utc": 1391563544.0, "distinguished": null, "edited": false, "id": "cf79e8b", "is_submitter": false, "link_id": "t3_1wzfch", "parent_id": "t3_1wzfch", "permalink": "/r/Frozen/comments/1wzfch/let_em_burn_gifs/cf79e8b/", "score": 34, "stickied": false, "subreddit_id": "t5_2vpth", "author_name": "felicitates", "author_id": "82i1o", "subreddit_name": "frozen"}, {"body": "This would have been a very different movie. ", "created_utc": 1391536805.0, "distinguished": null, "edited": false, "id": "cf6wkk6", "is_submitter": false, "link_id": "t3_1wzfch", "parent_id": "t3_1wzfch", "permalink": "/r/Frozen/comments/1wzfch/let_em_burn_gifs/cf6wkk6/", "score": 28, "stickied": false, "subreddit_id": "t5_2vpth", "author_name": "MetasequoiaLeaf", "author_id": "55vej", "subreddit_name": "frozen"}, {"body": "I CAN'T CONTROL IT! - Dark Phoenix Elsa FTW\n", "created_utc": 1391533620.0, "distinguished": null, "edited": false, "id": "cf6v4nn", "is_submitter": false, "link_id": "t3_1wzfch", "parent_id": "t3_1wzfch", "permalink": "/r/Frozen/comments/1wzfch/let_em_burn_gifs/cf6v4nn/", "score": 56, "stickied": false, "subreddit_id": "t5_2vpth", "author_name": "pctron", "author_id": "cbv6m", "subreddit_name": "frozen"}, {"body": "OP really went all out on the sfx(animations?) on this, really well done. Is it your OC OP? If it is, very well done, if not, still very well done :)", "created_utc": 1391525348.0, "distinguished": null, "edited": false, "id": "cf6rvkx", "is_submitter": false, "link_id": "t3_1wzfch", "parent_id": "t3_1wzfch", "permalink": "/r/Frozen/comments/1wzfch/let_em_burn_gifs/cf6rvkx/", "score": 38, "stickied": false, "subreddit_id": "t5_2vpth", "author_name": "The1andonlygogoman64", "author_id": "dgjve", "subreddit_name": "frozen"}, {"body": "Then everything changed when the fire nation attacked! ", "created_utc": 1391551212.0, "distinguished": null, "edited": false, "id": "cf73rcn", "is_submitter": false, "link_id": "t3_1wzfch", "parent_id": "t3_1wzfch", "permalink": "/r/Frozen/comments/1wzfch/let_em_burn_gifs/cf73rcn/", "score": 23, "stickied": false, "subreddit_id": "t5_2vpth", "author_name": "austinstudios", "author_id": "ctiu4", "subreddit_name": "frozen"}, {"body": "Ahah, this would be a very different movie! One that I would definitely watch! Eternal summer would be a lot worse to deal with than eternal winter. And I'm not sure Anna would've done so well when faced with going inside of that castle!", "created_utc": 1391550598.0, "distinguished": null, "edited": false, "id": "cf73gbt", "is_submitter": false, "link_id": "t3_1wzfch", "parent_id": "t3_1wzfch", "permalink": "/r/Frozen/comments/1wzfch/let_em_burn_gifs/cf73gbt/", "score": 9, "stickied": false, "subreddit_id": "t5_2vpth", "author_name": "tetraflu0ride", "author_id": "81v5c", "subreddit_name": "frozen"}, {"body": "Everything changed when the fire nation attacked.", "created_utc": 1391565094.0, "distinguished": null, "edited": false, "id": "cf7a3r5", "is_submitter": false, "link_id": "t3_1wzfch", "parent_id": "t3_1wzfch", "permalink": "/r/Frozen/comments/1wzfch/let_em_burn_gifs/cf7a3r5/", "score": 8, "stickied": false, "subreddit_id": "t5_2vpth", "author_name": null, "author_id": null, "subreddit_name": "frozen"}, {"body": "[deleted]  \n\n  > This comment has been overwritten by [this open source script](https://greasyfork.org/en/scripts/10380-reddit-overwrite) to protect this user&apos;s privacy.  The purpose of this script is to help protect users from doxing, stalking, and harassment. It also helps prevent mods from profiling and censoring.  \n\n  > If you would like to protect yourself, add the Chrome extension [TamperMonkey](https://chrome.google.com/webstore/detail/tampermonkey/dhdgffkkebhmkfjojejmpbldmpobfkfo), or the Firefox extension [GreaseMonkey](https://addons.mozilla.org/en-us/firefox/addon/greasemonkey/) and click Install This Script on [the script](https://greasyfork.org/en/scripts/10380-reddit-overwrite) page.  Then to delete your comments, simply click on your username on Reddit, go to the comments tab, scroll down as far as possible (hint: use [RES](http://www.redditenhancementsuite.com/)), and hit the new OVERWRITE button at the top.", "created_utc": 1391538201.0, "distinguished": null, "edited": 1472296875.0, "id": "cf6x95w", "is_submitter": false, "link_id": "t3_1wzfch", "parent_id": "t3_1wzfch", "permalink": "/r/Frozen/comments/1wzfch/let_em_burn_gifs/cf6x95w/", "score": 4, "stickied": false, "subreddit_id": "t5_2vpth", "author_name": null, "author_id": null, "subreddit_name": "frozen"}, {"body": "Lina here.", "created_utc": 1391756943.0, "distinguished": null, "edited": false, "id": "cf98nga", "is_submitter": false, "link_id": "t3_1wzfch", "parent_id": "t3_1wzfch", "permalink": "/r/Frozen/comments/1wzfch/let_em_burn_gifs/cf98nga/", "score": 4, "stickied": false, "subreddit_id": "t5_2vpth", "author_name": "frustrated_biologist", "author_id": "84n08", "subreddit_name": "frozen"}, {"body": "This is exactly how I'd imagine myself when I finally snap...\n\n^Summer\u00a0is\u00a0a-comin'\u00a0in...", "created_utc": 1391546377.0, "distinguished": null, "edited": false, "id": "cf71clj", "is_submitter": false, "link_id": "t3_1wzfch", "parent_id": "t3_1wzfch", "permalink": "/r/Frozen/comments/1wzfch/let_em_burn_gifs/cf71clj/", "score": 3, "stickied": false, "subreddit_id": "t5_2vpth", "author_name": null, "author_id": null, "subreddit_name": "frozen"}, {"body": "Frost was OP in PvP anyway.", "created_utc": 1391917173.0, "distinguished": null, "edited": false, "id": "cfanxmj", "is_submitter": false, "link_id": "t3_1wzfch", "parent_id": "t3_1wzfch", "permalink": "/r/Frozen/comments/1wzfch/let_em_burn_gifs/cfanxmj/", "score": 3, "stickied": false, "subreddit_id": "t5_2vpth", "author_name": "Ysara", "author_id": "6yr3q", "subreddit_name": "frozen"}, {"body": "I don't mean to toot my own horn, but I sang a parody of \"Let It Go\" called [\"Let It Burn\"](http://brianabird.tumblr.com/post/74541965260/singing-by-me-lyrics-and-album-art-by-renoku-i) using the lyrics that [renoku](http://renoku.tumblr.com/post/74445957759/disclaimer-i-dont-own-the-karaoke-track) made. It was fun!", "created_utc": 1391546106.0, "distinguished": null, "edited": false, "id": "cf717m3", "is_submitter": false, "link_id": "t3_1wzfch", "parent_id": "t3_1wzfch", "permalink": "/r/Frozen/comments/1wzfch/let_em_burn_gifs/cf717m3/", "score": 8, "stickied": false, "subreddit_id": "t5_2vpth", "author_name": null, "author_id": null, "subreddit_name": "frozen"}, {"body": "[Relevant](https://soundcloud.com/#ellie-watts/let-them-burn-let-it-go-cover)", "created_utc": 1391531277.0, "distinguished": null, "edited": false, "id": "cf6u3tm", "is_submitter": false, "link_id": "t3_1wzfch", "parent_id": "t3_1wzfch", "permalink": "/r/Frozen/comments/1wzfch/let_em_burn_gifs/cf6u3tm/", "score": 3, "stickied": false, "subreddit_id": "t5_2vpth", "author_name": "TolkienScholar", "author_id": "adyyj", "subreddit_name": "frozen"}, {"body": "Yeah but she would've burn everything and everyone would be dead.", "created_utc": 1391550413.0, "distinguished": null, "edited": false, "id": "cf73d18", "is_submitter": false, "link_id": "t3_1wzfch", "parent_id": "t3_1wzfch", "permalink": "/r/Frozen/comments/1wzfch/let_em_burn_gifs/cf73d18/", "score": 2, "stickied": false, "subreddit_id": "t5_2vpth", "author_name": "jammhamm", "author_id": "ehhgc", "subreddit_name": "frozen"}, {"body": "This is freaking cool\n\nNow I want to see the alternate universe movie \"Melted\" where Elsa has volcano powers", "created_utc": 1391562480.0, "distinguished": null, "edited": false, "id": "cf78xbq", "is_submitter": false, "link_id": "t3_1wzfch", "parent_id": "t3_1wzfch", "permalink": "/r/Frozen/comments/1wzfch/let_em_burn_gifs/cf78xbq/", "score": 2, "stickied": false, "subreddit_id": "t5_2vpth", "author_name": "Lunamoths", "author_id": "9uweo", "subreddit_name": "frozen"}, {"body": "Could I ask for custom screenshots for backgrounds?", "created_utc": 1391564161.0, "distinguished": null, "edited": false, "id": "cf79o9f", "is_submitter": false, "link_id": "t3_1wzfch", "parent_id": "t3_1wzfch", "permalink": "/r/Frozen/comments/1wzfch/let_em_burn_gifs/cf79o9f/", "score": 2, "stickied": false, "subreddit_id": "t5_2vpth", "author_name": "MrDustibear", "author_id": "7su27", "subreddit_name": "frozen"}, {"body": "As someone who loves summer and despises being cold, this is the only way I could have possibly loved this film more. \nGolf clap for OP.", "created_utc": 1391534759.0, "distinguished": null, "edited": false, "id": "cf6vmw9", "is_submitter": false, "link_id": "t3_1wzfch", "parent_id": "t3_1wzfch", "permalink": "/r/Frozen/comments/1wzfch/let_em_burn_gifs/cf6vmw9/", "score": 2, "stickied": false, "subreddit_id": "t5_2vpth", "author_name": "MilanoMongoose", "author_id": "cse66", "subreddit_name": "frozen"}, {"body": "The fire version of her coronation dress is gorgeous.", "created_utc": 1391567338.0, "distinguished": null, "edited": false, "id": "cf7b4nw", "is_submitter": false, "link_id": "t3_1wzfch", "parent_id": "t3_1wzfch", "permalink": "/r/Frozen/comments/1wzfch/let_em_burn_gifs/cf7b4nw/", "score": 1, "stickied": false, "subreddit_id": "t5_2vpth", "author_name": "Swoove", "author_id": "7w825", "subreddit_name": "frozen"}, {"body": "wow, her being a pyromaniac really puts a different spin on the whole thing :/", "created_utc": 1391701647.0, "distinguished": null, "edited": false, "id": "cf8k76t", "is_submitter": false, "link_id": "t3_1wzfch", "parent_id": "t3_1wzfch", "permalink": "/r/Frozen/comments/1wzfch/let_em_burn_gifs/cf8k76t/", "score": 1, "stickied": false, "subreddit_id": "t5_2vpth", "author_name": "baoifee", "author_id": "d240a", "subreddit_name": "frozen"}, {"body": "[deleted]  \n ^^^^^^^^^^^^^^^^0.09920165937569925 \n > This comment has been overwritten by [this open source script](https://greasyfork.org/en/scripts/10380-reddit-overwrite) to protect this user&apos;s privacy.  The purpose of this script is to help protect users from doxing, stalking, and harassment. It also helps prevent mods from profiling and censoring.  \n\n  > If you would like to protect yourself, add the Chrome extension [TamperMonkey](https://chrome.google.com/webstore/detail/tampermonkey/dhdgffkkebhmkfjojejmpbldmpobfkfo), or the Firefox extension [GreaseMonkey](https://addons.mozilla.org/en-us/firefox/addon/greasemonkey/) and click Install This Script on [the script](https://greasyfork.org/en/scripts/10380-reddit-overwrite) page.  Then to delete your comments, simply click on your username on Reddit, go to the comments tab, scroll down as far as possible (hint: use [RES](http://www.redditenhancementsuite.com/)), and hit the new OVERWRITE button at the top.", "created_utc": 1392073349.0, "distinguished": null, "edited": 1473268800.0, "id": "cfc2j2d", "is_submitter": false, "link_id": "t3_1wzfch", "parent_id": "t3_1wzfch", "permalink": "/r/Frozen/comments/1wzfch/let_em_burn_gifs/cfc2j2d/", "score": 1, "stickied": false, "subreddit_id": "t5_2vpth", "author_name": "Mariilii", "author_id": "768kx", "subreddit_name": "frozen"}, {"body": "I kinda wish anna had had fire powers to match elsa's. ", "created_utc": 1393884439.0, "distinguished": null, "edited": false, "id": "cftjylm", "is_submitter": false, "link_id": "t3_1wzfch", "parent_id": "t3_1wzfch", "permalink": "/r/Frozen/comments/1wzfch/let_em_burn_gifs/cftjylm/", "score": 1, "stickied": false, "subreddit_id": "t5_2vpth", "author_name": "CountryTechy", "author_id": "alcf3", "subreddit_name": "frozen"}, {"body": "Oh wow, you did an amazing job with this!", "created_utc": 1394042932.0, "distinguished": null, "edited": false, "id": "cfv477f", "is_submitter": false, "link_id": "t3_1wzfch", "parent_id": "t3_1wzfch", "permalink": "/r/Frozen/comments/1wzfch/let_em_burn_gifs/cfv477f/", "score": 1, "stickied": false, "subreddit_id": "t5_2vpth", "author_name": "Jevia", "author_id": "8ah8o", "subreddit_name": "frozen"}, {"body": "Last one looks amazing. That dress!", "created_utc": 1394221387.0, "distinguished": null, "edited": false, "id": "cfwxp03", "is_submitter": false, "link_id": "t3_1wzfch", "parent_id": "t3_1wzfch", "permalink": "/r/Frozen/comments/1wzfch/let_em_burn_gifs/cfwxp03/", "score": 1, "stickied": false, "subreddit_id": "t5_2vpth", "author_name": "Phantomonium", "author_id": "bmzzt", "subreddit_name": "frozen"}, {"body": "Elsa, a firebender?  I like it. ", "created_utc": 1396884807.0, "distinguished": null, "edited": false, "id": "cgmak85", "is_submitter": false, "link_id": "t3_1wzfch", "parent_id": "t3_1wzfch", "permalink": "/r/Frozen/comments/1wzfch/let_em_burn_gifs/cgmak85/", "score": 1, "stickied": false, "subreddit_id": "t5_2vpth", "author_name": "MayorofPwntown", "author_id": "8b76n", "subreddit_name": "frozen"}, {"body": "Hikelsa", "created_utc": 1396902352.0, "distinguished": null, "edited": false, "id": "cgmjfvq", "is_submitter": false, "link_id": "t3_1wzfch", "parent_id": "t3_1wzfch", "permalink": "/r/Frozen/comments/1wzfch/let_em_burn_gifs/cgmjfvq/", "score": 1, "stickied": false, "subreddit_id": "t5_2vpth", "author_name": "DuckOfDuckness", "author_id": "4zif5", "subreddit_name": "frozen"}, {"body": "the perfect picture to describe what happen to Arendelle when she is singing Let it Go with Fire Power\n\nhttp://9gag.com/gag/a8W0Kxp", "created_utc": 1391549874.0, "distinguished": null, "edited": false, "id": "cf733ey", "is_submitter": false, "link_id": "t3_1wzfch", "parent_id": "t3_1wzfch", "permalink": "/r/Frozen/comments/1wzfch/let_em_burn_gifs/cf733ey/", "score": 1, "stickied": false, "subreddit_id": "t5_2vpth", "author_name": "simien05", "author_id": "d9qj1", "subreddit_name": "frozen"}, {"body": "Instead of a frozen fjord it would be boiling lol", "created_utc": 1391565848.0, "distinguished": null, "edited": false, "id": "cf7agax", "is_submitter": false, "link_id": "t3_1wzfch", "parent_id": "t1_cf76c5x", "permalink": "/r/Frozen/comments/1wzfch/let_em_burn_gifs/cf7agax/", "score": 45, "stickied": false, "subreddit_id": "t5_2vpth", "author_name": "Darkside_Hero", "author_id": "6wquo", "subreddit_name": "frozen"}, {"body": "[Relevant](http://lolhive.com/241528/if-elsa-uses-fire-ability)", "created_utc": 1391622205.0, "distinguished": null, "edited": false, "id": "cf7rwrx", "is_submitter": false, "link_id": "t3_1wzfch", "parent_id": "t1_cf76c5x", "permalink": "/r/Frozen/comments/1wzfch/let_em_burn_gifs/cf7rwrx/", "score": 17, "stickied": false, "subreddit_id": "t5_2vpth", "author_name": "baconbroth", "author_id": "cidv2", "subreddit_name": "frozen"}, {"body": "Elsa, so hot right now. Elsa.", "created_utc": 1391567297.0, "distinguished": null, "edited": false, "id": "cf7b3zq", "is_submitter": false, "link_id": "t3_1wzfch", "parent_id": "t1_cf729ca", "permalink": "/r/Frozen/comments/1wzfch/let_em_burn_gifs/cf7b3zq/", "score": 43, "stickied": false, "subreddit_id": "t5_2vpth", "author_name": "Swoove", "author_id": "7w825", "subreddit_name": "frozen"}, {"body": "cause Elsa is wearing them haha", "created_utc": 1391543818.0, "distinguished": null, "edited": false, "id": "cf702ov", "is_submitter": false, "link_id": "t3_1wzfch", "parent_id": "t1_cf6yiwi", "permalink": "/r/Frozen/comments/1wzfch/let_em_burn_gifs/cf702ov/", "score": 28, "stickied": false, "subreddit_id": "t5_2vpth", "author_name": "baconbroth", "author_id": "cidv2", "subreddit_name": "frozen"}, {"body": "Also her castle would be hard to walk inside of and stand on.", "created_utc": 1391531809.0, "distinguished": null, "edited": false, "id": "cf6uby9", "is_submitter": false, "link_id": "t3_1wzfch", "parent_id": "t1_cf6s2wr", "permalink": "/r/Frozen/comments/1wzfch/let_em_burn_gifs/cf6uby9/", "score": 90, "stickied": false, "subreddit_id": "t5_2vpth", "author_name": null, "author_id": null, "subreddit_name": "frozen"}, {"body": "This actually dampened my mood...", "created_utc": 1391564062.0, "distinguished": null, "edited": false, "id": "cf79mme", "is_submitter": false, "link_id": "t3_1wzfch", "parent_id": "t1_cf79e8b", "permalink": "/r/Frozen/comments/1wzfch/let_em_burn_gifs/cf79mme/", "score": 9, "stickied": false, "subreddit_id": "t5_2vpth", "author_name": "MrDustibear", "author_id": "7su27", "subreddit_name": "frozen"}, {"body": "Yes I made this, thanks :D", "created_utc": 1391557745.0, "distinguished": null, "edited": false, "id": "cf76s9z", "is_submitter": true, "link_id": "t3_1wzfch", "parent_id": "t1_cf6rvkx", "permalink": "/r/Frozen/comments/1wzfch/let_em_burn_gifs/cf76s9z/", "score": 32, "stickied": false, "subreddit_id": "t5_2vpth", "author_name": "IzacLess", "author_id": "8nm77", "subreddit_name": "frozen"}, {"body": "Yeah I linked that in the imgur comments but it got downvoted :(", "created_utc": 1391567059.0, "distinguished": null, "edited": false, "id": "cf7b02w", "is_submitter": true, "link_id": "t3_1wzfch", "parent_id": "t1_cf6u3tm", "permalink": "/r/Frozen/comments/1wzfch/let_em_burn_gifs/cf7b02w/", "score": 3, "stickied": false, "subreddit_id": "t5_2vpth", "author_name": "IzacLess", "author_id": "8nm77", "subreddit_name": "frozen"}, {"body": "The fire nation makes the best red stuff.", "created_utc": 1391630147.0, "distinguished": null, "edited": false, "id": "cf7vw74", "is_submitter": false, "link_id": "t3_1wzfch", "parent_id": "t1_cf7b4nw", "permalink": "/r/Frozen/comments/1wzfch/let_em_burn_gifs/cf7vw74/", "score": 7, "stickied": false, "subreddit_id": "t5_2vpth", "author_name": "StarburstGirl", "author_id": "auil5", "subreddit_name": "frozen"}, {"body": "[Relevant](http://i.imgur.com/HXfGjgR.png)\n*****\n^(Please note I am a bot and not working 100% right now)\n\n^(Contact /u/Leviro2005 with any problems)", "created_utc": 1396902371.0, "distinguished": null, "edited": false, "id": "cgmjg8t", "is_submitter": false, "link_id": "t3_1wzfch", "parent_id": "t1_cgmjfvq", "permalink": "/r/Frozen/comments/1wzfch/let_em_burn_gifs/cgmjg8t/", "score": 1, "stickied": false, "subreddit_id": "t5_2vpth", "author_name": "Hikelsa_bot", "author_id": "g0cav", "subreddit_name": "frozen"}, {"body": "She could have made it out of obsidian or another sort of igneous rock.", "created_utc": 1391550441.0, "distinguished": null, "edited": false, "id": "cf73dig", "is_submitter": false, "link_id": "t3_1wzfch", "parent_id": "t1_cf6uby9", "permalink": "/r/Frozen/comments/1wzfch/let_em_burn_gifs/cf73dig/", "score": 66, "stickied": false, "subreddit_id": "t5_2vpth", "author_name": "TomRad", "author_id": "c3lmi", "subreddit_name": "frozen"}, {"body": "I tend to avoid Imgur comments. It's like wading into a sea of Youtube commenters with a superiority complex. ", "created_utc": 1391611102.0, "distinguished": null, "edited": false, "id": "cf7n1w3", "is_submitter": false, "link_id": "t3_1wzfch", "parent_id": "t1_cf7b02w", "permalink": "/r/Frozen/comments/1wzfch/let_em_burn_gifs/cf7n1w3/", "score": 3, "stickied": false, "subreddit_id": "t5_2vpth", "author_name": "JiForce", "author_id": "5fwj2", "subreddit_name": "frozen"}]