[{"body": "GREAT! Now I will always hear this when I watch the movie. I mean when the kids watch the movie.", "created_utc": 1392320849.0, "distinguished": null, "edited": false, "id": "cfek0gd", "is_submitter": false, "link_id": "t3_1xtqnh", "parent_id": "t3_1xtqnh", "permalink": "/r/Frozen/comments/1xtqnh/the_pastas_in_the_past/cfek0gd/", "score": 22, "stickied": false, "subreddit_id": "t5_2vpth", "author_name": "Skoldy", "author_id": "dq310", "subreddit_name": "frozen"}, {"body": "this is amazing", "created_utc": 1392319441.0, "distinguished": null, "edited": false, "id": "cfejbpu", "is_submitter": false, "link_id": "t3_1xtqnh", "parent_id": "t3_1xtqnh", "permalink": "/r/Frozen/comments/1xtqnh/the_pastas_in_the_past/cfejbpu/", "score": 6, "stickied": false, "subreddit_id": "t5_2vpth", "author_name": "Portgas", "author_id": "7kc75", "subreddit_name": "frozen"}, {"body": "Biggest laugh of the day so far, I love terrible jokes like this.  :D", "created_utc": 1392332970.0, "distinguished": null, "edited": false, "id": "cfepxh4", "is_submitter": false, "link_id": "t3_1xtqnh", "parent_id": "t3_1xtqnh", "permalink": "/r/Frozen/comments/1xtqnh/the_pastas_in_the_past/cfepxh4/", "score": 5, "stickied": false, "subreddit_id": "t5_2vpth", "author_name": null, "author_id": null, "subreddit_name": "frozen"}, {"body": "Elsa looks so cute in a 21st century T-Shirt =)", "created_utc": 1392370332.0, "distinguished": null, "edited": false, "id": "cff37r3", "is_submitter": false, "link_id": "t3_1xtqnh", "parent_id": "t3_1xtqnh", "permalink": "/r/Frozen/comments/1xtqnh/the_pastas_in_the_past/cff37r3/", "score": 3, "stickied": false, "subreddit_id": "t5_2vpth", "author_name": "ElsaTheSnowQueen", "author_id": "f84dr", "subreddit_name": "frozen"}, {"body": "I have no words.\n\nJust chuckles.", "created_utc": 1392357916.0, "distinguished": null, "edited": false, "id": "cff0fde", "is_submitter": false, "link_id": "t3_1xtqnh", "parent_id": "t3_1xtqnh", "permalink": "/r/Frozen/comments/1xtqnh/the_pastas_in_the_past/cff0fde/", "score": 2, "stickied": false, "subreddit_id": "t5_2vpth", "author_name": "Herra_Ratatoskr", "author_id": "42kpq", "subreddit_name": "frozen"}, {"body": "I agree, you know how much ~~we~~  kids love this movie", "created_utc": 1392328416.0, "distinguished": null, "edited": false, "id": "cfenp1y", "is_submitter": false, "link_id": "t3_1xtqnh", "parent_id": "t1_cfek0gd", "permalink": "/r/Frozen/comments/1xtqnh/the_pastas_in_the_past/cfenp1y/", "score": 13, "stickied": false, "subreddit_id": "t5_2vpth", "author_name": "simien05", "author_id": "d9qj1", "subreddit_name": "frozen"}, {"body": "AND IT FITS SO WELL!", "created_utc": 1392363062.0, "distinguished": null, "edited": false, "id": "cff1tnh", "is_submitter": false, "link_id": "t3_1xtqnh", "parent_id": "t1_cfek0gd", "permalink": "/r/Frozen/comments/1xtqnh/the_pastas_in_the_past/cff1tnh/", "score": 1, "stickied": false, "subreddit_id": "t5_2vpth", "author_name": "Blackwind123", "author_id": "7l121", "subreddit_name": "frozen"}, {"body": "/r/dadjokes", "created_utc": 1392351123.0, "distinguished": null, "edited": false, "id": "cfexwzp", "is_submitter": false, "link_id": "t3_1xtqnh", "parent_id": "t1_cfepxh4", "permalink": "/r/Frozen/comments/1xtqnh/the_pastas_in_the_past/cfexwzp/", "score": 3, "stickied": false, "subreddit_id": "t5_2vpth", "author_name": null, "author_id": null, "subreddit_name": "frozen"}, {"body": "Yeah, ~~I~~ they have seen it like a million times! ", "created_utc": 1392358892.0, "distinguished": null, "edited": false, "id": "cff0q7u", "is_submitter": false, "link_id": "t3_1xtqnh", "parent_id": "t1_cfenp1y", "permalink": "/r/Frozen/comments/1xtqnh/the_pastas_in_the_past/cff0q7u/", "score": 3, "stickied": false, "subreddit_id": "t5_2vpth", "author_name": null, "author_id": null, "subreddit_name": "frozen"}]