{"clicked": false, "created_utc": 1392318715.0, "distinguished": null, "edited": false, "id": "1xtqnh", "is_video": false, "locked": false, "num_comments": 9, "over_18": false, "permalink": "/r/Frozen/comments/1xtqnh/the_pastas_in_the_past/", "score": 208, "selftext": "", "stickied": false, "subreddit_id": "t5_2vpth", "title": "The pasta's in the past!", "url": "http://professorgoogoo.tumblr.com/post/76206885110/sorry", "author_name": "Jokey665", "author_id": "4r8mh", "subreddit_name": "frozen", "upvote_ratio": 0.94}