[{"body": "One of the better \"real\" Olafs i've seen. Good work :)", "created_utc": 1392246320.0, "distinguished": null, "edited": false, "id": "cfducs4", "is_submitter": false, "link_id": "t3_1xr0qf", "parent_id": "t3_1xr0qf", "permalink": "/r/Frozen/comments/1xr0qf/somebodys_gotta_tell_him_aka_how_i_spent_my/cfducs4/", "score": 6, "stickied": false, "subreddit_id": "t5_2vpth", "author_name": "Portgas", "author_id": "7kc75", "subreddit_name": "frozen"}, {"body": "You also had a snowed in birthday? So did I! \n\nEDIT: if its not clear, I think we have the same birthday.", "created_utc": 1392269585.0, "distinguished": null, "edited": 1392269901.0, "id": "cfe4h2v", "is_submitter": false, "link_id": "t3_1xr0qf", "parent_id": "t3_1xr0qf", "permalink": "/r/Frozen/comments/1xr0qf/somebodys_gotta_tell_him_aka_how_i_spent_my/cfe4h2v/", "score": 1, "stickied": false, "subreddit_id": "t5_2vpth", "author_name": "hooahguy", "author_id": "6201t", "subreddit_name": "frozen"}, {"body": "I'm getting a foot of snow tomorrow and now I know what I'm going to do with it thanks for the insperation", "created_utc": 1392272388.0, "distinguished": null, "edited": false, "id": "cfe5g9n", "is_submitter": false, "link_id": "t3_1xr0qf", "parent_id": "t3_1xr0qf", "permalink": "/r/Frozen/comments/1xr0qf/somebodys_gotta_tell_him_aka_how_i_spent_my/cfe5g9n/", "score": 1, "stickied": false, "subreddit_id": "t5_2vpth", "author_name": "FPSmcducky", "author_id": "59jq7", "subreddit_name": "frozen"}, {"body": "Thanks! :D", "created_utc": 1392246540.0, "distinguished": null, "edited": false, "id": "cfdugjs", "is_submitter": true, "link_id": "t3_1xr0qf", "parent_id": "t1_cfducs4", "permalink": "/r/Frozen/comments/1xr0qf/somebodys_gotta_tell_him_aka_how_i_spent_my/cfdugjs/", "score": 2, "stickied": false, "subreddit_id": "t5_2vpth", "author_name": "xenolaaa", "author_id": "52ick", "subreddit_name": "frozen"}, {"body": "Happy Birthday to Us!! Wheeee! \\o/", "created_utc": 1392271247.0, "distinguished": null, "edited": false, "id": "cfe52hm", "is_submitter": true, "link_id": "t3_1xr0qf", "parent_id": "t1_cfe4h2v", "permalink": "/r/Frozen/comments/1xr0qf/somebodys_gotta_tell_him_aka_how_i_spent_my/cfe52hm/", "score": 1, "stickied": false, "subreddit_id": "t5_2vpth", "author_name": "xenolaaa", "author_id": "52ick", "subreddit_name": "frozen"}]