{"clicked": false, "created_utc": 1392245989.0, "distinguished": null, "edited": false, "id": "1xr0qf", "is_video": false, "locked": false, "num_comments": 5, "over_18": false, "permalink": "/r/Frozen/comments/1xr0qf/somebodys_gotta_tell_him_aka_how_i_spent_my/", "score": 142, "selftext": "", "stickied": false, "subreddit_id": "t5_2vpth", "title": "\"Somebody's gotta tell him...\" (aka, how I spent my snowed-in birthday)", "url": "http://imgur.com/mt7j26g", "author_name": "xenolaaa", "author_id": "52ick", "subreddit_name": "frozen", "upvote_ratio": 0.99}