[{"body": "I honestly don't know which is sadder: the fact that someone actually took the time to make this, or that I read the whole thing, complete with singing the songs and quoting almost the whole movie...\n[EH, WHO CARES?!](https://31.media.tumblr.com/5f94fc9c5461b8e40d57f509e5cef526/tumblr_inline_n0jpkolk9T1sueoa9.gif) ", "created_utc": 1392332092.0, "distinguished": null, "edited": false, "id": "cfepi6v", "is_submitter": false, "link_id": "t3_1xtvza", "parent_id": "t3_1xtvza", "permalink": "/r/Frozen/comments/1xtvza/good_friend_retold_the_entire_plot_of_frozen_in/cfepi6v/", "score": 23, "stickied": false, "subreddit_id": "t5_2vpth", "author_name": "sleepthroughsummer", "author_id": "7neuu", "subreddit_name": "frozen"}, {"body": "in the border between persistance or too much spare time... \n\neither way... BRAVO!!", "created_utc": 1392327971.0, "distinguished": null, "edited": 1392328172.0, "id": "cfengyl", "is_submitter": false, "link_id": "t3_1xtvza", "parent_id": "t3_1xtvza", "permalink": "/r/Frozen/comments/1xtvza/good_friend_retold_the_entire_plot_of_frozen_in/cfengyl/", "score": 42, "stickied": false, "subreddit_id": "t5_2vpth", "author_name": "simien05", "author_id": "d9qj1", "subreddit_name": "frozen"}, {"body": "[deleted]", "created_utc": 1392337863.0, "distinguished": null, "edited": false, "id": "cfes6mt", "is_submitter": false, "link_id": "t3_1xtvza", "parent_id": "t3_1xtvza", "permalink": "/r/Frozen/comments/1xtvza/good_friend_retold_the_entire_plot_of_frozen_in/cfes6mt/", "score": 13, "stickied": false, "subreddit_id": "t5_2vpth", "author_name": null, "author_id": null, "subreddit_name": "frozen"}, {"body": "I lost track a couple times because of the impressive detail he gave some scenes compared to others, but overall that's a pretty good representation of the entire movie. I'm amazed that I could actually understand essentially all of it without too much difficulty. Your friend has a good talent for communication!", "created_utc": 1392334607.0, "distinguished": null, "edited": false, "id": "cfeqozq", "is_submitter": false, "link_id": "t3_1xtvza", "parent_id": "t3_1xtvza", "permalink": "/r/Frozen/comments/1xtvza/good_friend_retold_the_entire_plot_of_frozen_in/cfeqozq/", "score": 9, "stickied": false, "subreddit_id": "t5_2vpth", "author_name": "NotUnusualYet", "author_id": "5pezz", "subreddit_name": "frozen"}, {"body": "I was kind of giggling to myself throughout the entire thing but I lost it at this: https://i.imgur.com/hEZdGD1.png\n\nWell done.\n\nEdit: Just about to finish it up. The level of detail in this is absolutely amazing. It captures even the smallest things! like the \"Let's go kiss Hans!... who is this Hans?\"", "created_utc": 1392423286.0, "distinguished": null, "edited": 1392423792.0, "id": "cffluq5", "is_submitter": false, "link_id": "t3_1xtvza", "parent_id": "t3_1xtvza", "permalink": "/r/Frozen/comments/1xtvza/good_friend_retold_the_entire_plot_of_frozen_in/cffluq5/", "score": 5, "stickied": false, "subreddit_id": "t5_2vpth", "author_name": "hchw", "author_id": "f5jyf", "subreddit_name": "frozen"}, {"body": "Got it! So at first Freddie Mercury sang some songs. They got on a horse, then a bus. Someone put on a a two piece bathing suit. And a lot of the sentences ended in \"!\" That's the story right guys!?", "created_utc": 1392331173.0, "distinguished": null, "edited": false, "id": "cfep1ul", "is_submitter": false, "link_id": "t3_1xtvza", "parent_id": "t3_1xtvza", "permalink": "/r/Frozen/comments/1xtvza/good_friend_retold_the_entire_plot_of_frozen_in/cfep1ul/", "score": 12, "stickied": false, "subreddit_id": "t5_2vpth", "author_name": "MilanoMongoose", "author_id": "cse66", "subreddit_name": "frozen"}, {"body": "wow....this is crazy and funny", "created_utc": 1392326051.0, "distinguished": null, "edited": false, "id": "cfemixc", "is_submitter": false, "link_id": "t3_1xtvza", "parent_id": "t3_1xtvza", "permalink": "/r/Frozen/comments/1xtvza/good_friend_retold_the_entire_plot_of_frozen_in/cfemixc/", "score": 9, "stickied": false, "subreddit_id": "t5_2vpth", "author_name": "sjsdocs", "author_id": "f4i6y", "subreddit_name": "frozen"}, {"body": "I am thoroughly impressed!!", "created_utc": 1392350513.0, "distinguished": null, "edited": false, "id": "cfexnwo", "is_submitter": false, "link_id": "t3_1xtvza", "parent_id": "t3_1xtvza", "permalink": "/r/Frozen/comments/1xtvza/good_friend_retold_the_entire_plot_of_frozen_in/cfexnwo/", "score": 2, "stickied": false, "subreddit_id": "t5_2vpth", "author_name": "Washcloth_Smuggler", "author_id": "agioe", "subreddit_name": "frozen"}, {"body": "This is amazing.", "created_utc": 1392329435.0, "distinguished": null, "edited": false, "id": "cfeo7d4", "is_submitter": false, "link_id": "t3_1xtvza", "parent_id": "t3_1xtvza", "permalink": "/r/Frozen/comments/1xtvza/good_friend_retold_the_entire_plot_of_frozen_in/cfeo7d4/", "score": 2, "stickied": false, "subreddit_id": "t5_2vpth", "author_name": "Soyyos", "author_id": "amrp0", "subreddit_name": "frozen"}, {"body": "Bravo.... Bravo", "created_utc": 1392340006.0, "distinguished": null, "edited": false, "id": "cfet585", "is_submitter": false, "link_id": "t3_1xtvza", "parent_id": "t3_1xtvza", "permalink": "/r/Frozen/comments/1xtvza/good_friend_retold_the_entire_plot_of_frozen_in/cfet585/", "score": 1, "stickied": false, "subreddit_id": "t5_2vpth", "author_name": "IamVAcer", "author_id": "d3tyl", "subreddit_name": "frozen"}, {"body": "IT'S WESSELTON!!!", "created_utc": 1392348062.0, "distinguished": null, "edited": false, "id": "cfewm8j", "is_submitter": false, "link_id": "t3_1xtvza", "parent_id": "t1_cfes6mt", "permalink": "/r/Frozen/comments/1xtvza/good_friend_retold_the_entire_plot_of_frozen_in/cfewm8j/", "score": 16, "stickied": false, "subreddit_id": "t5_2vpth", "author_name": "IntergalacticTire", "author_id": "64dyw", "subreddit_name": "frozen"}, {"body": "Yes that was my favourite part! ", "created_utc": 1392353369.0, "distinguished": null, "edited": false, "id": "cfeytl0", "is_submitter": false, "link_id": "t3_1xtvza", "parent_id": "t1_cfes6mt", "permalink": "/r/Frozen/comments/1xtvza/good_friend_retold_the_entire_plot_of_frozen_in/cfeytl0/", "score": 1, "stickied": false, "subreddit_id": "t5_2vpth", "author_name": "torakwho", "author_id": "9tg8i", "subreddit_name": "frozen"}, {"body": "Right? I've read through it three times and it amazes me every time.", "created_utc": 1392919601.0, "distinguished": null, "edited": false, "id": "cfka6kf", "is_submitter": true, "link_id": "t3_1xtvza", "parent_id": "t1_cffluq5", "permalink": "/r/Frozen/comments/1xtvza/good_friend_retold_the_entire_plot_of_frozen_in/cfka6kf/", "score": 2, "stickied": false, "subreddit_id": "t5_2vpth", "author_name": "btomps", "author_id": "f9egk", "subreddit_name": "frozen"}]