{"clicked": false, "created_utc": 1392321533.0, "distinguished": null, "edited": false, "id": "1xtvza", "is_video": false, "locked": false, "num_comments": 12, "over_18": false, "permalink": "/r/Frozen/comments/1xtvza/good_friend_retold_the_entire_plot_of_frozen_in/", "score": 296, "selftext": "", "stickied": false, "subreddit_id": "t5_2vpth", "title": "Good friend retold the entire plot of Frozen in emojis. What could possibly be more worthy of your time?", "url": "http://media-cache-ec0.pinimg.com/originals/ae/50/af/ae50af2a7bc52cf3ffef67eb116255f9.jpg", "author_name": "btomps", "author_id": "f9egk", "subreddit_name": "frozen", "upvote_ratio": 0.96}