[{"body": "Welcome to Arendelle: \"We have good slogans.\"", "created_utc": 1391968631.0, "distinguished": null, "edited": 1391969380.0, "id": "cfb09sh", "is_submitter": false, "link_id": "t3_1xg2ot", "parent_id": "t3_1xg2ot", "permalink": "/r/Frozen/comments/1xg2ot/four_alternate_endings/cfb09sh/", "score": 48, "stickied": false, "subreddit_id": "t5_2vpth", "author_name": "OrangeFeels", "author_id": "e3m2z", "subreddit_name": "frozen"}, {"body": "they actually make sense!. \n\nEdit: it is more realistic and likely gonna happen in real life. \nFree Ice Cream in Summer!!, who wouldn't want that? Kristoff maybe has to change his job though. \n\nEdit2: Grammar", "created_utc": 1391969139.0, "distinguished": null, "edited": 1392000589.0, "id": "cfb0hng", "is_submitter": false, "link_id": "t3_1xg2ot", "parent_id": "t3_1xg2ot", "permalink": "/r/Frozen/comments/1xg2ot/four_alternate_endings/cfb0hng/", "score": 21, "stickied": false, "subreddit_id": "t5_2vpth", "author_name": "simien05", "author_id": "d9qj1", "subreddit_name": "frozen"}, {"body": "Number 2 is what would probably happen, seriously, does everyone forget she's the queen?", "created_utc": 1391998864.0, "distinguished": null, "edited": false, "id": "cfbcuip", "is_submitter": false, "link_id": "t3_1xg2ot", "parent_id": "t3_1xg2ot", "permalink": "/r/Frozen/comments/1xg2ot/four_alternate_endings/cfbcuip/", "score": 16, "stickied": false, "subreddit_id": "t5_2vpth", "author_name": "Best_Towel_EU", "author_id": "doyb6", "subreddit_name": "frozen"}, {"body": "Welcome to the Arandelle year-around ski resort!", "created_utc": 1391977733.0, "distinguished": null, "edited": false, "id": "cfb44t2", "is_submitter": false, "link_id": "t3_1xg2ot", "parent_id": "t3_1xg2ot", "permalink": "/r/Frozen/comments/1xg2ot/four_alternate_endings/cfb44t2/", "score": 11, "stickied": false, "subreddit_id": "t5_2vpth", "author_name": "noossab", "author_id": "aof9s", "subreddit_name": "frozen"}, {"body": "Because of 2,3,4, I thought I was missing something the first time I was watching Frozen lol.", "created_utc": 1391974876.0, "distinguished": null, "edited": false, "id": "cfb2wlp", "is_submitter": false, "link_id": "t3_1xg2ot", "parent_id": "t3_1xg2ot", "permalink": "/r/Frozen/comments/1xg2ot/four_alternate_endings/cfb2wlp/", "score": 3, "stickied": false, "subreddit_id": "t5_2vpth", "author_name": "butt9", "author_id": "epn9x", "subreddit_name": "frozen"}, {"body": "And for the body thing: anna would have died very quickly after hans left her there if olaf did not came to rescue her", "created_utc": 1392023225.0, "distinguished": null, "edited": false, "id": "cfbkx0z", "is_submitter": false, "link_id": "t3_1xg2ot", "parent_id": "t3_1xg2ot", "permalink": "/r/Frozen/comments/1xg2ot/four_alternate_endings/cfbkx0z/", "score": 2, "stickied": false, "subreddit_id": "t5_2vpth", "author_name": "Eldis_", "author_id": "e2dmq", "subreddit_name": "frozen"}, {"body": "English? but yes, the plot would have never happened in a real life setting. ", "created_utc": 1391974708.0, "distinguished": null, "edited": false, "id": "cfb2tz5", "is_submitter": false, "link_id": "t3_1xg2ot", "parent_id": "t1_cfb0hng", "permalink": "/r/Frozen/comments/1xg2ot/four_alternate_endings/cfb2tz5/", "score": 2, "stickied": false, "subreddit_id": "t5_2vpth", "author_name": "UpvoteBecauseIcan", "author_id": "bpim5", "subreddit_name": "frozen"}, {"body": "Judging by how everyone, including the townspeople, reacts to Elsa's powers though, not just the Duke, magic seems to be some pretty scary shit for the Arendelle universe. Maybe even X-men mutant-hate level scary. So in that context, with Elsa being a sorceress and a \"dangerous monster\" who apparently can't control her powers (seriously, it would be terrifying to be on the receiving end of those spikes), their reactions make sense at a primeval level. ", "created_utc": 1392001856.0, "distinguished": null, "edited": false, "id": "cfbe48g", "is_submitter": false, "link_id": "t3_1xg2ot", "parent_id": "t1_cfbcuip", "permalink": "/r/Frozen/comments/1xg2ot/four_alternate_endings/cfbe48g/", "score": 11, "stickied": false, "subreddit_id": "t5_2vpth", "author_name": "JiForce", "author_id": "5fwj2", "subreddit_name": "frozen"}, {"body": "It's *Weselton*!", "created_utc": 1391999556.0, "distinguished": null, "edited": false, "id": "cfbd4wo", "is_submitter": false, "link_id": "t3_1xg2ot", "parent_id": "t1_cfbcuip", "permalink": "/r/Frozen/comments/1xg2ot/four_alternate_endings/cfbd4wo/", "score": 2, "stickied": false, "subreddit_id": "t5_2vpth", "author_name": "Rhamni", "author_id": "bgzmt", "subreddit_name": "frozen"}, {"body": "For example there wouldn't be a ice-shooting Elsa in a real life setting. Darn", "created_utc": 1391975525.0, "distinguished": null, "edited": false, "id": "cfb36nd", "is_submitter": false, "link_id": "t3_1xg2ot", "parent_id": "t1_cfb2tz5", "permalink": "/r/Frozen/comments/1xg2ot/four_alternate_endings/cfb36nd/", "score": 10, "stickied": false, "subreddit_id": "t5_2vpth", "author_name": "Nolos", "author_id": "dqt7e", "subreddit_name": "frozen"}, {"body": "Reality can sometimes be stranger than fiction", "created_utc": 1391974978.0, "distinguished": null, "edited": false, "id": "cfb2y5q", "is_submitter": true, "link_id": "t3_1xg2ot", "parent_id": "t1_cfb2tz5", "permalink": "/r/Frozen/comments/1xg2ot/four_alternate_endings/cfb2y5q/", "score": 2, "stickied": false, "subreddit_id": "t5_2vpth", "author_name": "Portgas", "author_id": "7kc75", "subreddit_name": "frozen"}, {"body": "I am not so sure. Personally, the way the townspeople reacted, it was more of a \"What was that?\" than a \"We're in danger!\" \n\nFor example, in the room:\n\nhttp://imgur.com/YFSL8wf\n\nAside from the Duke, everyone else seems to be looking more like \"what is going on?\" which is understandable, since there is now a big argument going on between Elsa and Anna, and there are huge ice spikes in the room.\n\nNow outside:\n\nhttp://imgur.com/QIngret\n\nAgain, everyone seems to be looking up at the ice claw, wondering what it is. It is not until she inadvertently fires an ice blast at the Duke do people start to act scared, but possibly more in that she is out of control, not necessarily that her ice powers were dangerous. \n\nIf I were to take a gun out in public and shoot it randomly into the ground, what would people's reaction be? Most likely, people would duck and run. No one, inside the room or outside in the courtyard, ran away screaming, and instead were just onlookers as to what was going on.\n\nThis suggests, to me, that ice powers and magic were not necessarily unsafe or bad, it was only the fact she did not have authority over her powers that people were cautious. \n\nAt the end of the movie, Elsa was in charge of her powers and the people were looking forward to her using her ice powers, and even had a sense of awe when she used them to create the ice rink, ice decorations, and snow.\n\nOverall, I do not think magic was scary and the people did not think Elsa was dangerous, only that her inability to discipline over said powers were unsettling. ", "created_utc": 1392003711.0, "distinguished": null, "edited": false, "id": "cfbewfo", "is_submitter": false, "link_id": "t3_1xg2ot", "parent_id": "t1_cfbe48g", "permalink": "/r/Frozen/comments/1xg2ot/four_alternate_endings/cfbewfo/", "score": 9, "stickied": false, "subreddit_id": "t5_2vpth", "author_name": "randomness43080", "author_id": "f3ivm", "subreddit_name": "frozen"}, {"body": "Haha I'm speaking more about the way they handled it, like I'm pretty sure hans can't sentence the QUEEN to death. ", "created_utc": 1391975696.0, "distinguished": null, "edited": false, "id": "cfb398z", "is_submitter": false, "link_id": "t3_1xg2ot", "parent_id": "t1_cfb36nd", "permalink": "/r/Frozen/comments/1xg2ot/four_alternate_endings/cfb398z/", "score": 7, "stickied": false, "subreddit_id": "t5_2vpth", "author_name": "UpvoteBecauseIcan", "author_id": "bpim5", "subreddit_name": "frozen"}, {"body": "Upon closer retrospection of the movie, your explanation seems to be pretty fair- maybe I don't have enough faith in the townspeople. \n\nI dig it. ", "created_utc": 1392040707.0, "distinguished": null, "edited": false, "id": "cfbo2ec", "is_submitter": false, "link_id": "t3_1xg2ot", "parent_id": "t1_cfbewfo", "permalink": "/r/Frozen/comments/1xg2ot/four_alternate_endings/cfbo2ec/", "score": 3, "stickied": false, "subreddit_id": "t5_2vpth", "author_name": "JiForce", "author_id": "5fwj2", "subreddit_name": "frozen"}, {"body": "That's what you'd call a Coup d'etat then :D He'd not do it as a judge, but as a rebel.", "created_utc": 1391976508.0, "distinguished": null, "edited": false, "id": "cfb3lwa", "is_submitter": false, "link_id": "t3_1xg2ot", "parent_id": "t1_cfb398z", "permalink": "/r/Frozen/comments/1xg2ot/four_alternate_endings/cfb3lwa/", "score": 10, "stickied": false, "subreddit_id": "t5_2vpth", "author_name": "Nolos", "author_id": "dqt7e", "subreddit_name": "frozen"}, {"body": "Clearly a younger brother, with that rebellious streak.", "created_utc": 1391999349.0, "distinguished": null, "edited": false, "id": "cfbd1t2", "is_submitter": false, "link_id": "t3_1xg2ot", "parent_id": "t1_cfb3lwa", "permalink": "/r/Frozen/comments/1xg2ot/four_alternate_endings/cfbd1t2/", "score": 2, "stickied": false, "subreddit_id": "t5_2vpth", "author_name": "Rhamni", "author_id": "bgzmt", "subreddit_name": "frozen"}]