{"clicked": false, "created_utc": 1391968491.0, "distinguished": null, "edited": false, "id": "1xg2ot", "is_video": false, "locked": false, "num_comments": 16, "over_18": false, "permalink": "/r/Frozen/comments/1xg2ot/four_alternate_endings/", "score": 168, "selftext": "", "stickied": false, "subreddit_id": "t5_2vpth", "title": "Four alternate endings", "url": "http://frozendailydose.tumblr.com/post/76114328407/frozen-alternate-endings", "author_name": "Portgas", "author_id": "7kc75", "subreddit_name": "frozen", "upvote_ratio": 0.99}