[{"body": "i'm a 20something year old guy, and elsa is the reason that i love this movie. not because she's attractive, but because she's someone i can relate to. disclaimer: gone though depression and severe anxiety following the suicide of my brother, other deaths etc.\n\nher body language shows exactly how i feel inside at times. those times when friends ask \"hey, you're spacing out a bit. what's on your mind?\" and i can't think of how to answer with words. i felt an affinity with elsa that i've never felt with a movie character before.\n\nshutting oneself away from everyone else to avoid hurting them. the freedom of being alone. above all else, how that happiness and freedom comes crashing down into an overwhelming anxiety attack when loved ones come to help. and, just maybe, things being better in the future. this is what makes elsa such a beautiful character to me.\n\n/ramble", "created_utc": 1393372402.0, "distinguished": null, "edited": 1393375018.0, "id": "cfoq6l4", "is_submitter": false, "link_id": "t3_1yxkg1", "parent_id": "t3_1yxkg1", "permalink": "/r/Frozen/comments/1yxkg1/the_relatability_of_elsa_portraying_anxiety_and/cfoq6l4/", "score": 46, "stickied": false, "subreddit_id": "t5_2vpth", "author_name": "5555458544", "author_id": "bj5bc", "subreddit_name": "frozen"}, {"body": "Not my content! But this discussion really moved me and I wanted to share it with you all.\n\n\nCopy from the page linked:\n\n\n>>>>*Conceal, don\u2019t feel. Don\u2019t let them know.*\n\n>>>***\"[With Elsa, it] definitely was intentional to show anxiety and depression.\"*** - JENNIFER LEE ([x](https://twitter.com/alittlejelee/status/422026410723532800))\n\n>>THIS IS ONE OF THE REASONS THIS CHARACTER IS SO IMPORTANT.  Because little girls are obsessed with her, they\u2019re latching on to her.  Little girls love Elsa.  And she\u2019s a Disney Princess with major neuroses.  (I know this is Anna\u2019s story but Elsa\u2019s more popular.)  And it shows a main female character with major anxiety and depression issues, and it shows her as a powerful, strong, loving person around those issues, and it shows her as an incredibly positive character. \n\n>>A lot of people are saying that the story would\u2019ve been better if Elsa\u2019d been the antagonist, and she was originally intended to be until that changed in development.  And you know what, it\u2019s for the best because she\u2019s a protagonist with mental issues.  It\u2019s easy and common to give those to a villain.  Villains are twisted and they hurt people because they\u2019re not Good People.  Disney Princesses might not be perfect but they\u2019re damn close to it and their faults are charming and cute and not crippling.  Elsa\u2019s issues and her failure to deal with them are crippling.\n\n>>So many teens and adults have identified with her issues, and seeing them portrayed in a positive and beloved character is so fucking important, because children see that not just scary weirdos have mental issues.  Elsa hurts people because of her issues.  She doesn\u2019t mean to but she hurts her parents and sister and kingdom and strangers, emotionally and physically.  And she\u2019s a Good Guy.  Not only is she a Good Guy, she\u2019s a Disney Princess.  They\u2019re not supposed to hurt people \u2014 except oh maybe hurt feelings because they were following their dreams or something saccharine like that.\n\n>>And she makes a series of bad choices, selfish choices, because she can\u2019t deal with her issues.  Just like real people.  She\u2019s not a bad person because she makes bad choices stemming from her neuroses.  Little kids see someone who\u2019s awesome! with anxiety and depression and they see that she\u2019s more than just her issues, and she\u2019s deserving of love\n\n>What made me cry in watching this movie was NOT a stereotypical romance but, rather, the ability to SEE this person as flawed but not evil.  I was watching this movie with the disappointed expectation that Elsa would inevitably turn wicked because of her \u201ccurse\u201d.  Instead, I was blown away by how she remained, not merely \u201cgood\u201d, but \u201chuman!  Because people don\u2019t \u201cbecome evil because of a tragic past\u201d.  People make choices, moment by moment - and some of those choices are right and some are wrong and those people with true goodness in them will work to make up for the wrong choices.  But the irony is that, even in trying to make something right, you can still do it wrong or worse.  But the difference is that the heart is desperate to continue doing the right thing by NOT hurting others - no matter what the cost.  Elsa was willing to live alone forever (and not just when she was exposed either.  Her entire childhood was spend cut away from her beloved sister because of her fear of hurting Anna). \n\n>She reminds me of the Beast in many ways.  However, he was cursed because of selfishness and needed to find love within himself to break it.\n\n>Elsa started out with a curse and needed to accept love in order to control it.", "created_utc": 1393367317.0, "distinguished": null, "edited": false, "id": "cfonptt", "is_submitter": true, "link_id": "t3_1yxkg1", "parent_id": "t3_1yxkg1", "permalink": "/r/Frozen/comments/1yxkg1/the_relatability_of_elsa_portraying_anxiety_and/cfonptt/", "score": 15, "stickied": false, "subreddit_id": "t5_2vpth", "author_name": "midnightbokeh", "author_id": "fbovj", "subreddit_name": "frozen"}, {"body": "I agree with all that was written save for the fact Elsa is the first non-evil Disney QUEEN. Anna is the Disney princess (who finally had a sensible person tell her she shouldn't get engaged to the first prince she meets)! ", "created_utc": 1393382486.0, "distinguished": null, "edited": false, "id": "cfousuz", "is_submitter": false, "link_id": "t3_1yxkg1", "parent_id": "t3_1yxkg1", "permalink": "/r/Frozen/comments/1yxkg1/the_relatability_of_elsa_portraying_anxiety_and/cfousuz/", "score": 7, "stickied": false, "subreddit_id": "t5_2vpth", "author_name": "bluedoxie", "author_id": "89f6q", "subreddit_name": "frozen"}, {"body": "THIS is the reason I'm obsessed with Frozen. It's the feels and how much it relates to me.", "created_utc": 1393399007.0, "distinguished": null, "edited": false, "id": "cfp0zg6", "is_submitter": false, "link_id": "t3_1yxkg1", "parent_id": "t3_1yxkg1", "permalink": "/r/Frozen/comments/1yxkg1/the_relatability_of_elsa_portraying_anxiety_and/cfp0zg6/", "score": 6, "stickied": false, "subreddit_id": "t5_2vpth", "author_name": "STEALTHHUNTER88", "author_id": "faodj", "subreddit_name": "frozen"}, {"body": "Really cool :)", "created_utc": 1393367425.0, "distinguished": null, "edited": false, "id": "cfonruj", "is_submitter": false, "link_id": "t3_1yxkg1", "parent_id": "t3_1yxkg1", "permalink": "/r/Frozen/comments/1yxkg1/the_relatability_of_elsa_portraying_anxiety_and/cfonruj/", "score": 4, "stickied": false, "subreddit_id": "t5_2vpth", "author_name": "Igneek", "author_id": "9zwlf", "subreddit_name": "frozen"}, {"body": "Ok, now I really want to see a film where Elsa hears of someone going\"evil\" and decides to seek them out in order to just talk to them (it'd be hard for them to hurt her) and explain what happened to her and that they have a choice (and a friend in her and Anna).", "created_utc": 1393411363.0, "distinguished": null, "edited": false, "id": "cfp34mc", "is_submitter": false, "link_id": "t3_1yxkg1", "parent_id": "t3_1yxkg1", "permalink": "/r/Frozen/comments/1yxkg1/the_relatability_of_elsa_portraying_anxiety_and/cfp34mc/", "score": 4, "stickied": false, "subreddit_id": "t5_2vpth", "author_name": "DwendilSurespear", "author_id": "am14q", "subreddit_name": "frozen"}, {"body": "very insightful. well written. ", "created_utc": 1393420929.0, "distinguished": null, "edited": false, "id": "cfp4sqk", "is_submitter": false, "link_id": "t3_1yxkg1", "parent_id": "t3_1yxkg1", "permalink": "/r/Frozen/comments/1yxkg1/the_relatability_of_elsa_portraying_anxiety_and/cfp4sqk/", "score": 1, "stickied": false, "subreddit_id": "t5_2vpth", "author_name": "brokenangelwings", "author_id": "3lgbt", "subreddit_name": "frozen"}, {"body": "hehe.  [repost](http://www.reddit.com/r/Frozen/comments/1wesxv/elsa_poster_girl_for_depression_and_anxiety/) ... it's a been a while I guess, though", "created_utc": 1393379426.0, "distinguished": null, "edited": false, "id": "cfote25", "is_submitter": false, "link_id": "t3_1yxkg1", "parent_id": "t3_1yxkg1", "permalink": "/r/Frozen/comments/1yxkg1/the_relatability_of_elsa_portraying_anxiety_and/cfote25/", "score": 0, "stickied": false, "subreddit_id": "t5_2vpth", "author_name": "damocles2501", "author_id": "d3wqx", "subreddit_name": "frozen"}, {"body": "I'm not good with putting my thoughts into words...This article really explains my thoughts. (I was often contemplating in my head 'why do I like Frozen this much?' and got a few headaches :p)\n\nI think the Elsa character is what made Frozen. The songs played a great factor too, but I have never seen such a character like Elsa in any other animations. \n\nAlso there are some stories that just have to be told in animated films, and Frozen is one of them. And they put wonderful characters in it. Such a complete movie, I think something like this only show up once in a decade or more.", "created_utc": 1393397279.0, "distinguished": null, "edited": false, "id": "cfp0k5v", "is_submitter": false, "link_id": "t3_1yxkg1", "parent_id": "t1_cfonptt", "permalink": "/r/Frozen/comments/1yxkg1/the_relatability_of_elsa_portraying_anxiety_and/cfp0k5v/", "score": 6, "stickied": false, "subreddit_id": "t5_2vpth", "author_name": "FelixBlue", "author_id": "fca2h", "subreddit_name": "frozen"}]