{"clicked": false, "created_utc": 1393367087.0, "distinguished": null, "edited": false, "id": "1yxkg1", "is_video": false, "locked": false, "num_comments": 9, "over_18": false, "permalink": "/r/Frozen/comments/1yxkg1/the_relatability_of_elsa_portraying_anxiety_and/", "score": 143, "selftext": "", "stickied": false, "subreddit_id": "t5_2vpth", "title": "The relatability of Elsa portraying anxiety and being human, flaws and all [meta discussion + gifset]", "url": "http://dragonnan.tumblr.com/post/77830677890/veteranfangirl-conceal-dont-feel-dont-let", "author_name": "midnightbokeh", "author_id": "fbovj", "subreddit_name": "frozen", "upvote_ratio": 0.97}