[{"body": "Have you built a snowman yet?\n", "created_utc": 1391031981.0, "distinguished": null, "edited": false, "id": "cf24vrr", "is_submitter": false, "link_id": "t3_1whsub", "parent_id": "t3_1whsub", "permalink": "/r/Frozen/comments/1whsub/frozen_cosplay_as_close_as_it_can_get/cf24vrr/", "score": 18, "stickied": false, "subreddit_id": "t5_2vpth", "author_name": "jayjay200", "author_id": "c0kdx", "subreddit_name": "frozen"}, {"body": "This is pretty (impressive)! \nThough Anna's hair suggests she hasn't been hit in the heart yet....", "created_utc": 1391038128.0, "distinguished": null, "edited": false, "id": "cf27x81", "is_submitter": false, "link_id": "t3_1whsub", "parent_id": "t3_1whsub", "permalink": "/r/Frozen/comments/1whsub/frozen_cosplay_as_close_as_it_can_get/cf27x81/", "score": 6, "stickied": false, "subreddit_id": "t5_2vpth", "author_name": "whyareyouflying", "author_id": "el60p", "subreddit_name": "frozen"}, {"body": "Are these girls Asian?", "created_utc": 1391039521.0, "distinguished": null, "edited": false, "id": "cf28k6u", "is_submitter": false, "link_id": "t3_1whsub", "parent_id": "t3_1whsub", "permalink": "/r/Frozen/comments/1whsub/frozen_cosplay_as_close_as_it_can_get/cf28k6u/", "score": 10, "stickied": false, "subreddit_id": "t5_2vpth", "author_name": "la_pluie", "author_id": "9rdk4", "subreddit_name": "frozen"}, {"body": "Anna looks alot like the swe charecter Pippi, but botth are very pretty nevertheless", "created_utc": 1391060613.0, "distinguished": null, "edited": false, "id": "cf2hzbj", "is_submitter": false, "link_id": "t3_1whsub", "parent_id": "t3_1whsub", "permalink": "/r/Frozen/comments/1whsub/frozen_cosplay_as_close_as_it_can_get/cf2hzbj/", "score": 2, "stickied": false, "subreddit_id": "t5_2vpth", "author_name": "The1andonlygogoman64", "author_id": "dgjve", "subreddit_name": "frozen"}, {"body": "Does anyone have the source for this? I've seen this a couple times but haven't found any other pics from the same cosplay.", "created_utc": 1391071643.0, "distinguished": null, "edited": false, "id": "cf2kzl6", "is_submitter": false, "link_id": "t3_1whsub", "parent_id": "t3_1whsub", "permalink": "/r/Frozen/comments/1whsub/frozen_cosplay_as_close_as_it_can_get/cf2kzl6/", "score": 2, "stickied": false, "subreddit_id": "t5_2vpth", "author_name": "shmameron", "author_id": "9h46k", "subreddit_name": "frozen"}, {"body": "Actually if you look closely she does have a tiny white streak!", "created_utc": 1391064035.0, "distinguished": null, "edited": false, "id": "cf2j5ww", "is_submitter": false, "link_id": "t3_1whsub", "parent_id": "t1_cf27x81", "permalink": "/r/Frozen/comments/1whsub/frozen_cosplay_as_close_as_it_can_get/cf2j5ww/", "score": 6, "stickied": false, "subreddit_id": "t5_2vpth", "author_name": "spicyguacamollie", "author_id": "a59cm", "subreddit_name": "frozen"}, {"body": "[They're actually hispanic!](http://yuurisans.wordpress.com/about_us/)", "created_utc": 1392083634.0, "distinguished": null, "edited": false, "id": "cfc72va", "is_submitter": false, "link_id": "t3_1whsub", "parent_id": "t1_cf28k6u", "permalink": "/r/Frozen/comments/1whsub/frozen_cosplay_as_close_as_it_can_get/cfc72va/", "score": 11, "stickied": false, "subreddit_id": "t5_2vpth", "author_name": "bokurai", "author_id": "6z9u4", "subreddit_name": "frozen"}, {"body": "Yes, they are.", "created_utc": 1391039664.0, "distinguished": null, "edited": false, "id": "cf28mi0", "is_submitter": false, "link_id": "t3_1whsub", "parent_id": "t1_cf28k6u", "permalink": "/r/Frozen/comments/1whsub/frozen_cosplay_as_close_as_it_can_get/cf28mi0/", "score": 10, "stickied": false, "subreddit_id": "t5_2vpth", "author_name": "AtheosWrath", "author_id": "bol85", "subreddit_name": "frozen"}, {"body": "I think they are Russian. ", "created_utc": 1391049251.0, "distinguished": null, "edited": false, "id": "cf2czg6", "is_submitter": false, "link_id": "t3_1whsub", "parent_id": "t1_cf28k6u", "permalink": "/r/Frozen/comments/1whsub/frozen_cosplay_as_close_as_it_can_get/cf2czg6/", "score": 4, "stickied": false, "subreddit_id": "t5_2vpth", "author_name": "hooahguy", "author_id": "6201t", "subreddit_name": "frozen"}, {"body": "[Here you go!](http://yuurisans.wordpress.com/) Found using a reverse image search.", "created_utc": 1392083618.0, "distinguished": null, "edited": false, "id": "cfc72lj", "is_submitter": false, "link_id": "t3_1whsub", "parent_id": "t1_cf2kzl6", "permalink": "/r/Frozen/comments/1whsub/frozen_cosplay_as_close_as_it_can_get/cfc72lj/", "score": 2, "stickied": false, "subreddit_id": "t5_2vpth", "author_name": "bokurai", "author_id": "6z9u4", "subreddit_name": "frozen"}, {"body": "Found it on tumblr.\n\nTry searching for frozen + cosplay as tags on tumblr, this should be somewhere on top", "created_utc": 1391079990.0, "distinguished": null, "edited": false, "id": "cf2max1", "is_submitter": true, "link_id": "t3_1whsub", "parent_id": "t1_cf2kzl6", "permalink": "/r/Frozen/comments/1whsub/frozen_cosplay_as_close_as_it_can_get/cf2max1/", "score": 1, "stickied": false, "subreddit_id": "t5_2vpth", "author_name": "loopuleasa", "author_id": "4josc", "subreddit_name": "frozen"}, {"body": "Exactly. ;)\n\nAfter being hit in the head, Anna gets her white streak. After being hit in the heart and freezing and all that, once she thaws, her hair becomes entirely whatever-color-you'd-call-it (I remember someone called it \"auburn\". Seems pretty accurate) and the blonde streak is actually gone. ", "created_utc": 1391071186.0, "distinguished": null, "edited": false, "id": "cf2kwfq", "is_submitter": false, "link_id": "t3_1whsub", "parent_id": "t1_cf2j5ww", "permalink": "/r/Frozen/comments/1whsub/frozen_cosplay_as_close_as_it_can_get/cf2kwfq/", "score": 7, "stickied": false, "subreddit_id": "t5_2vpth", "author_name": "JiForce", "author_id": "5fwj2", "subreddit_name": "frozen"}]