{"clicked": false, "created_utc": 1391028036.0, "distinguished": null, "edited": false, "id": "1whsub", "is_video": false, "locked": false, "num_comments": 12, "over_18": false, "permalink": "/r/Frozen/comments/1whsub/frozen_cosplay_as_close_as_it_can_get/", "score": 292, "selftext": "", "stickied": false, "subreddit_id": "t5_2vpth", "title": "Frozen Cosplay as close as it can get", "url": "http://i.imgur.com/iv0Bj6q.jpg", "author_name": "loopuleasa", "author_id": "4josc", "subreddit_name": "frozen", "upvote_ratio": 0.97}