[{"body": "Good catch! My daughter is a leftie and she will be thrilled when I point this out :) ", "created_utc": 1393428516.0, "distinguished": null, "edited": false, "id": "cfp7b96", "is_submitter": false, "link_id": "t3_1yzsej", "parent_id": "t3_1yzsej", "permalink": "/r/Frozen/comments/1yzsej/is_elsa_lefthanded/cfp7b96/", "score": 149, "stickied": false, "subreddit_id": "t5_2vpth", "author_name": "earlystars", "author_id": "92b4y", "subreddit_name": "frozen"}, {"body": "Left-handed master race, reporting in!", "created_utc": 1393430981.0, "distinguished": null, "edited": false, "id": "cfp8d8z", "is_submitter": false, "link_id": "t3_1yzsej", "parent_id": "t3_1yzsej", "permalink": "/r/Frozen/comments/1yzsej/is_elsa_lefthanded/cfp8d8z/", "score": 60, "stickied": false, "subreddit_id": "t5_2vpth", "author_name": "Rakan-Han", "author_id": "8co91", "subreddit_name": "frozen"}, {"body": "Seems like pretty good evidence.  Though the last two images don't support it -- the fountains were done symmetrically with both hands (though the left was first), and she conjured the flurry for Olaf using her **right** hand.\n\nFWIW: I think throwing the crown with her left hand is the smoking gun here.", "created_utc": 1393428429.0, "distinguished": null, "edited": false, "id": "cfp79z1", "is_submitter": false, "link_id": "t3_1yzsej", "parent_id": "t3_1yzsej", "permalink": "/r/Frozen/comments/1yzsej/is_elsa_lefthanded/cfp79z1/", "score": 103, "stickied": false, "subreddit_id": "t5_2vpth", "author_name": "AndIfWeFall", "author_id": "f0b0t", "subreddit_name": "frozen"}, {"body": "Idina Manzel is left-handed..so I think they took that into consideration.", "created_utc": 1393445049.0, "distinguished": null, "edited": false, "id": "cfpf48n", "is_submitter": false, "link_id": "t3_1yzsej", "parent_id": "t3_1yzsej", "permalink": "/r/Frozen/comments/1yzsej/is_elsa_lefthanded/cfpf48n/", "score": 45, "stickied": false, "subreddit_id": "t5_2vpth", "author_name": "Andrew23MD", "author_id": "byfo6", "subreddit_name": "frozen"}, {"body": "If she is, then that would make both Elsa and Anna left-handed.\n\nEdit: AC\n\nAfter reading /u/JamesAQuintero's comment, as well as many others', Anna may not be left-handed, or at least not strongly left-handed.\n\n>But she punched Hans with her right hand. And she blocked the sword with her right hand. And She knocks on doors with her right hand. And she cuts the rope with her right hand. Conclusion: Anna is right handed.\n\nIn addition to this, she points with her right, swings musical instruments like a righty, and kicks with her right.\n\nThe alternative hypotheses to her being left-handed are that Anna's dominant hand is whatever the animators need it to be to get the shot they want, or she's ambidextrous, or she's actually right-handed.\n\nEdit: AC\n\nAnna also throws a snowball with her right hand in [this promo](https://www.youtube.com/watch?v=ssVnSg2jwUw).", "created_utc": 1393429106.0, "distinguished": null, "edited": 1394214402.0, "id": "cfp7k81", "is_submitter": false, "link_id": "t3_1yzsej", "parent_id": "t3_1yzsej", "permalink": "/r/Frozen/comments/1yzsej/is_elsa_lefthanded/cfp7k81/", "score": 36, "stickied": false, "subreddit_id": "t5_2vpth", "author_name": "CarterDug", "author_id": "7c3j2", "subreddit_name": "frozen"}, {"body": "[deleted]", "created_utc": 1393431390.0, "distinguished": null, "edited": false, "id": "cfp8jpl", "is_submitter": false, "link_id": "t3_1yzsej", "parent_id": "t3_1yzsej", "permalink": "/r/Frozen/comments/1yzsej/is_elsa_lefthanded/cfp8jpl/", "score": 15, "stickied": false, "subreddit_id": "t5_2vpth", "author_name": null, "author_id": null, "subreddit_name": "frozen"}, {"body": "**Ok I accidentally included one picture when she uses her right hand BUT**\n\n1) I'm not here to says that Elsa IS left-handed, I was just pointing out that she often uses her left hand first. She uses her right hand too, of course.\n\n2) In that scene Anna was holding her arm: http://imgur.com/A1vFzIa", "created_utc": 1393430399.0, "distinguished": null, "edited": false, "id": "cfp847h", "is_submitter": false, "link_id": "t3_1yzsej", "parent_id": "t3_1yzsej", "permalink": "/r/Frozen/comments/1yzsej/is_elsa_lefthanded/cfp847h/", "score": 14, "stickied": false, "subreddit_id": "t5_2vpth", "author_name": null, "author_id": null, "subreddit_name": "frozen"}, {"body": "Interesting.. good catch.\n\nwould have to see more 'frozen 2' stuff to confirm, etc.\n\nThere is a lot of evidence of her being lefty.\n\nThe building olaf with her right, is the only thing really odd out... \nCOULD be, once she accepted everything.. accepted the love.. it changed?\n(that may be a bit of a stretch)", "created_utc": 1393429429.0, "distinguished": null, "edited": false, "id": "cfp7p4x", "is_submitter": false, "link_id": "t3_1yzsej", "parent_id": "t3_1yzsej", "permalink": "/r/Frozen/comments/1yzsej/is_elsa_lefthanded/cfp7p4x/", "score": 10, "stickied": false, "subreddit_id": "t5_2vpth", "author_name": "gdkitty", "author_id": "8payt", "subreddit_name": "frozen"}, {"body": "I think a lot of times animated characters end up with dominant left hands since most animators are drawing them with their dominant right hand and you don't have to cross your hand over the character's body to animate the left hand.", "created_utc": 1393436534.0, "distinguished": null, "edited": false, "id": "cfpaxu3", "is_submitter": false, "link_id": "t3_1yzsej", "parent_id": "t3_1yzsej", "permalink": "/r/Frozen/comments/1yzsej/is_elsa_lefthanded/cfpaxu3/", "score": 17, "stickied": false, "subreddit_id": "t5_2vpth", "author_name": "Eric77TA", "author_id": "667zd", "subreddit_name": "frozen"}, {"body": "Nice but someone should check her walk too, I know personally as a lefty and my lefty friends we put the left foot first ", "created_utc": 1393445032.0, "distinguished": null, "edited": false, "id": "cfpf3xq", "is_submitter": false, "link_id": "t3_1yzsej", "parent_id": "t3_1yzsej", "permalink": "/r/Frozen/comments/1yzsej/is_elsa_lefthanded/cfpf3xq/", "score": 6, "stickied": false, "subreddit_id": "t5_2vpth", "author_name": "wiicrazy0430", "author_id": "44thj", "subreddit_name": "frozen"}, {"body": "I'm loving these HD stills!! So.....clean. And good catch!", "created_utc": 1393439902.0, "distinguished": null, "edited": false, "id": "cfpckce", "is_submitter": false, "link_id": "t3_1yzsej", "parent_id": "t3_1yzsej", "permalink": "/r/Frozen/comments/1yzsej/is_elsa_lefthanded/cfpckce/", "score": 4, "stickied": false, "subreddit_id": "t5_2vpth", "author_name": "ifpeoplecouldtalk", "author_id": "5g74h", "subreddit_name": "frozen"}, {"body": "It's amazing how much detail they put into the movie so they kept stuff like left-handedness perfect instead of using the most convenient hand!", "created_utc": 1393457948.0, "distinguished": null, "edited": false, "id": "cfplqig", "is_submitter": false, "link_id": "t3_1yzsej", "parent_id": "t3_1yzsej", "permalink": "/r/Frozen/comments/1yzsej/is_elsa_lefthanded/cfplqig/", "score": 3, "stickied": false, "subreddit_id": "t5_2vpth", "author_name": null, "author_id": null, "subreddit_name": "frozen"}, {"body": "You make a strong case OP.", "created_utc": 1393463000.0, "distinguished": null, "edited": false, "id": "cfpo06a", "is_submitter": false, "link_id": "t3_1yzsej", "parent_id": "t3_1yzsej", "permalink": "/r/Frozen/comments/1yzsej/is_elsa_lefthanded/cfpo06a/", "score": 3, "stickied": false, "subreddit_id": "t5_2vpth", "author_name": "Darkside_Hero", "author_id": "6wquo", "subreddit_name": "frozen"}, {"body": "Bein' a southpaw myself, had kinda figured it had to be the case after the second viewing at the theater. Still up in the air, but as seen, the evidence is compelling X) Elsa representin'!", "created_utc": 1393464444.0, "distinguished": null, "edited": false, "id": "cfpon6x", "is_submitter": false, "link_id": "t3_1yzsej", "parent_id": "t3_1yzsej", "permalink": "/r/Frozen/comments/1yzsej/is_elsa_lefthanded/cfpon6x/", "score": 3, "stickied": false, "subreddit_id": "t5_2vpth", "author_name": "otakursed", "author_id": "72nf7", "subreddit_name": "frozen"}, {"body": "dat high-res...", "created_utc": 1393464575.0, "distinguished": null, "edited": false, "id": "cfpopc9", "is_submitter": false, "link_id": "t3_1yzsej", "parent_id": "t3_1yzsej", "permalink": "/r/Frozen/comments/1yzsej/is_elsa_lefthanded/cfpopc9/", "score": 3, "stickied": false, "subreddit_id": "t5_2vpth", "author_name": "shmameron", "author_id": "9h46k", "subreddit_name": "frozen"}, {"body": "Great observation! Certainly seems plausible.", "created_utc": 1393432101.0, "distinguished": null, "edited": false, "id": "cfp8vcw", "is_submitter": false, "link_id": "t3_1yzsej", "parent_id": "t3_1yzsej", "permalink": "/r/Frozen/comments/1yzsej/is_elsa_lefthanded/cfp8vcw/", "score": 2, "stickied": false, "subreddit_id": "t5_2vpth", "author_name": "Swoove", "author_id": "7w825", "subreddit_name": "frozen"}, {"body": "Nice catch!", "created_utc": 1393435804.0, "distinguished": null, "edited": false, "id": "cfpalcr", "is_submitter": false, "link_id": "t3_1yzsej", "parent_id": "t3_1yzsej", "permalink": "/r/Frozen/comments/1yzsej/is_elsa_lefthanded/cfpalcr/", "score": 2, "stickied": false, "subreddit_id": "t5_2vpth", "author_name": "Tyranid457", "author_id": "6z08b", "subreddit_name": "frozen"}, {"body": "What if Rapunzel was too?", "created_utc": 1393455774.0, "distinguished": null, "edited": false, "id": "cfpkqg4", "is_submitter": false, "link_id": "t3_1yzsej", "parent_id": "t3_1yzsej", "permalink": "/r/Frozen/comments/1yzsej/is_elsa_lefthanded/cfpkqg4/", "score": 2, "stickied": false, "subreddit_id": "t5_2vpth", "author_name": "duhPheg", "author_id": "7bxcc", "subreddit_name": "frozen"}, {"body": "That's what I first thought when watching the movie but I later found out she was right handed when reading the trivia in Elsa's wikia page. Might need someone to confirm.", "created_utc": 1393465179.0, "distinguished": null, "edited": false, "id": "cfpoz5b", "is_submitter": false, "link_id": "t3_1yzsej", "parent_id": "t3_1yzsej", "permalink": "/r/Frozen/comments/1yzsej/is_elsa_lefthanded/cfpoz5b/", "score": 2, "stickied": false, "subreddit_id": "t5_2vpth", "author_name": "russell8888", "author_id": "7wlie", "subreddit_name": "frozen"}, {"body": "fuck....now i have to learn how to use my left hand", "created_utc": 1393493885.0, "distinguished": null, "edited": false, "id": "cfpyno8", "is_submitter": false, "link_id": "t3_1yzsej", "parent_id": "t3_1yzsej", "permalink": "/r/Frozen/comments/1yzsej/is_elsa_lefthanded/cfpyno8/", "score": 2, "stickied": false, "subreddit_id": "t5_2vpth", "author_name": "imthecrazyfrog", "author_id": "bmjyv", "subreddit_name": "frozen"}, {"body": "NOOOOOOOOOO, My life is a lie!!", "created_utc": 1394643358.0, "distinguished": null, "edited": false, "id": "cg0t6cp", "is_submitter": false, "link_id": "t3_1yzsej", "parent_id": "t3_1yzsej", "permalink": "/r/Frozen/comments/1yzsej/is_elsa_lefthanded/cg0t6cp/", "score": 1, "stickied": false, "subreddit_id": "t5_2vpth", "author_name": "General_Revan", "author_id": "dn3ky", "subreddit_name": "frozen"}, {"body": "Late to the party here (someone just linked this post elsewhere on the sub), but I never noticed this detail before! Anna is left-handed too, then, if you want to judge it on how she throws the snowball at Marshmallow, but that could just be a one-time thing.\n\nIn animating, a lot of times the artists will look at their own actions in a mirror to get the composition right. If an artist is right handed (which is usually the case, seeing as right-handedness is a generally more common trait), then the reflection will appear to be left-handed. The explanation could be as simple as that.", "created_utc": 1404283233.0, "distinguished": null, "edited": false, "id": "cimfpot", "is_submitter": false, "link_id": "t3_1yzsej", "parent_id": "t3_1yzsej", "permalink": "/r/Frozen/comments/1yzsej/is_elsa_lefthanded/cimfpot/", "score": 1, "stickied": false, "subreddit_id": "t5_2vpth", "author_name": "karhall", "author_id": "9i1g7", "subreddit_name": "frozen"}, {"body": "YES I'M ON THE RIGHT ^((no) ^pun ^intended) SIDE FINALLY!", "created_utc": 1393446395.0, "distinguished": null, "edited": false, "id": "cfpft8l", "is_submitter": false, "link_id": "t3_1yzsej", "parent_id": "t3_1yzsej", "permalink": "/r/Frozen/comments/1yzsej/is_elsa_lefthanded/cfpft8l/", "score": 1, "stickied": false, "subreddit_id": "t5_2vpth", "author_name": "trixter21992251", "author_id": "5qjtb", "subreddit_name": "frozen"}, {"body": ":)", "created_utc": 1393430613.0, "distinguished": null, "edited": false, "id": "cfp87j1", "is_submitter": false, "link_id": "t3_1yzsej", "parent_id": "t1_cfp7b96", "permalink": "/r/Frozen/comments/1yzsej/is_elsa_lefthanded/cfp87j1/", "score": 43, "stickied": false, "subreddit_id": "t5_2vpth", "author_name": null, "author_id": null, "subreddit_name": "frozen"}, {"body": "You ain't got nothing on lip bite master race", "created_utc": 1393440381.0, "distinguished": null, "edited": false, "id": "cfpcss8", "is_submitter": false, "link_id": "t3_1yzsej", "parent_id": "t1_cfp8d8z", "permalink": "/r/Frozen/comments/1yzsej/is_elsa_lefthanded/cfpcss8/", "score": 27, "stickied": false, "subreddit_id": "t5_2vpth", "author_name": "loopuleasa", "author_id": "4josc", "subreddit_name": "frozen"}, {"body": "Woohoo", "created_utc": 1393438179.0, "distinguished": null, "edited": false, "id": "cfpbq6y", "is_submitter": false, "link_id": "t3_1yzsej", "parent_id": "t1_cfp8d8z", "permalink": "/r/Frozen/comments/1yzsej/is_elsa_lefthanded/cfpbq6y/", "score": 5, "stickied": false, "subreddit_id": "t5_2vpth", "author_name": "subconcussive", "author_id": "8zakp", "subreddit_name": "frozen"}, {"body": "Yes! LEFTIES UNTIE!", "created_utc": 1393443211.0, "distinguished": null, "edited": false, "id": "cfpe6l3", "is_submitter": false, "link_id": "t3_1yzsej", "parent_id": "t1_cfp8d8z", "permalink": "/r/Frozen/comments/1yzsej/is_elsa_lefthanded/cfpe6l3/", "score": 12, "stickied": false, "subreddit_id": "t5_2vpth", "author_name": "TheKing0fLimbs", "author_id": "d03e0", "subreddit_name": "frozen"}, {"body": "Yeah-yuh", "created_utc": 1393453311.0, "distinguished": null, "edited": false, "id": "cfpjio2", "is_submitter": false, "link_id": "t3_1yzsej", "parent_id": "t1_cfp8d8z", "permalink": "/r/Frozen/comments/1yzsej/is_elsa_lefthanded/cfpjio2/", "score": 1, "stickied": false, "subreddit_id": "t5_2vpth", "author_name": "vagina_crust", "author_id": "b4otw", "subreddit_name": "frozen"}, {"body": "Exactly my thoughts! I was not sure there was enough proof until I saw that picture.", "created_utc": 1393429561.0, "distinguished": null, "edited": false, "id": "cfp7r64", "is_submitter": false, "link_id": "t3_1yzsej", "parent_id": "t1_cfp79z1", "permalink": "/r/Frozen/comments/1yzsej/is_elsa_lefthanded/cfp7r64/", "score": 25, "stickied": false, "subreddit_id": "t5_2vpth", "author_name": "Igneek", "author_id": "9zwlf", "subreddit_name": "frozen"}, {"body": "Sorry, I have a folder with like 100 screencaps and I accidentally included the flurry one >.< Originally I was going to make a comparison, but then I noticed that she uses her left hand more... Idk if I should delete it now...\n\nFor the \"fountain\" one: I was only pointing out that Elsa uses her left hand first. During the Let It Go scene she uses both hands to create the \"swirls\" but she uses her left hand first", "created_utc": 1393430119.0, "distinguished": null, "edited": 1393430811.0, "id": "cfp7ztt", "is_submitter": false, "link_id": "t3_1yzsej", "parent_id": "t1_cfp79z1", "permalink": "/r/Frozen/comments/1yzsej/is_elsa_lefthanded/cfp7ztt/", "score": 18, "stickied": false, "subreddit_id": "t5_2vpth", "author_name": null, "author_id": null, "subreddit_name": "frozen"}, {"body": "Yeah the crown toss makes this case.  everything else just seems like she leads with her left, which in itself is a strong argument.  ", "created_utc": 1393431207.0, "distinguished": null, "edited": false, "id": "cfp8gt0", "is_submitter": false, "link_id": "t3_1yzsej", "parent_id": "t1_cfp79z1", "permalink": "/r/Frozen/comments/1yzsej/is_elsa_lefthanded/cfp8gt0/", "score": 13, "stickied": false, "subreddit_id": "t5_2vpth", "author_name": null, "author_id": null, "subreddit_name": "frozen"}, {"body": "I think she created the flurry with her right hand because Anna was holding her other hand :D!", "created_utc": 1393463655.0, "distinguished": null, "edited": false, "id": "cfpoaid", "is_submitter": false, "link_id": "t3_1yzsej", "parent_id": "t1_cfp79z1", "permalink": "/r/Frozen/comments/1yzsej/is_elsa_lefthanded/cfpoaid/", "score": 5, "stickied": false, "subreddit_id": "t5_2vpth", "author_name": "witherwingz", "author_id": "arqy8", "subreddit_name": "frozen"}, {"body": "As a lefty, I'd just like to point out that I don't use my left hand for everything. I throw and use scissors with my right. There are varying degrees of lefty-ness. ", "created_utc": 1393640993.0, "distinguished": null, "edited": false, "id": "cfrg142", "is_submitter": false, "link_id": "t3_1yzsej", "parent_id": "t1_cfp79z1", "permalink": "/r/Frozen/comments/1yzsej/is_elsa_lefthanded/cfrg142/", "score": 3, "stickied": false, "subreddit_id": "t5_2vpth", "author_name": "gaatar", "author_id": "92y4d", "subreddit_name": "frozen"}, {"body": "That's cool!", "created_utc": 1393457560.0, "distinguished": null, "edited": false, "id": "cfplk8e", "is_submitter": false, "link_id": "t3_1yzsej", "parent_id": "t1_cfpf48n", "permalink": "/r/Frozen/comments/1yzsej/is_elsa_lefthanded/cfplk8e/", "score": 10, "stickied": false, "subreddit_id": "t5_2vpth", "author_name": "tetraflu0ride", "author_id": "81v5c", "subreddit_name": "frozen"}, {"body": "That is a great point! I think it would be easier to not have to flip the refrence shots/videos of her singing. ", "created_utc": 1393457485.0, "distinguished": null, "edited": false, "id": "cfplizl", "is_submitter": false, "link_id": "t3_1yzsej", "parent_id": "t1_cfpf48n", "permalink": "/r/Frozen/comments/1yzsej/is_elsa_lefthanded/cfplizl/", "score": 3, "stickied": false, "subreddit_id": "t5_2vpth", "author_name": "potatoshape", "author_id": "9ac71", "subreddit_name": "frozen"}, {"body": "Do you have any pictures? :)", "created_utc": 1393429608.0, "distinguished": null, "edited": false, "id": "cfp7rvh", "is_submitter": false, "link_id": "t3_1yzsej", "parent_id": "t1_cfp7k81", "permalink": "/r/Frozen/comments/1yzsej/is_elsa_lefthanded/cfp7rvh/", "score": 11, "stickied": false, "subreddit_id": "t5_2vpth", "author_name": "Igneek", "author_id": "9zwlf", "subreddit_name": "frozen"}, {"body": "How about this? She was brought up, learning to use her right hand, because that's the \"proper hand\".\n\nBut in reality she's a leftie, but that doesn't show before she embraced her true self.\n\nThat happened to a lot of kids 50-200 years back. My grandma was a leftie but was forced into writing with her right hand in school.", "created_utc": 1393447279.0, "distinguished": null, "edited": false, "id": "cfpgacy", "is_submitter": false, "link_id": "t3_1yzsej", "parent_id": "t1_cfp8jpl", "permalink": "/r/Frozen/comments/1yzsej/is_elsa_lefthanded/cfpgacy/", "score": 21, "stickied": false, "subreddit_id": "t5_2vpth", "author_name": "trixter21992251", "author_id": "5qjtb", "subreddit_name": "frozen"}, {"body": "When I was learning to write, I used my left hand but my parents told me to write with the right hand. But other than that they didn't mind me using my left.\n\n I'm happy that they did, because writing equipments are usually made to be comfortable for righties, and the way we write (from left to right) is also better for righties.\n\nSo now I use my right hand for writing/drawing/scissors/anything that is more comfortable with right and for everything else I use my left(eating, sports, etc.). ", "created_utc": 1393480906.0, "distinguished": null, "edited": false, "id": "cfpvqku", "is_submitter": false, "link_id": "t3_1yzsej", "parent_id": "t1_cfp8jpl", "permalink": "/r/Frozen/comments/1yzsej/is_elsa_lefthanded/cfpvqku/", "score": 1, "stickied": false, "subreddit_id": "t5_2vpth", "author_name": "FelixBlue", "author_id": "fca2h", "subreddit_name": "frozen"}, {"body": "Yeah I messed up :P I uploaded the wrong picture, but, as I said in another post, in that scene she couldn't use her left hand:\nhttp://imgur.com/A1vFzIa", "created_utc": 1393430511.0, "distinguished": null, "edited": false, "id": "cfp85x6", "is_submitter": false, "link_id": "t3_1yzsej", "parent_id": "t1_cfp7p4x", "permalink": "/r/Frozen/comments/1yzsej/is_elsa_lefthanded/cfp85x6/", "score": 16, "stickied": false, "subreddit_id": "t5_2vpth", "author_name": null, "author_id": null, "subreddit_name": "frozen"}, {"body": "Well, im right handed and sometimes i just use my left hand for convenience. ", "created_utc": 1393439807.0, "distinguished": null, "edited": false, "id": "cfpcipa", "is_submitter": false, "link_id": "t3_1yzsej", "parent_id": "t1_cfp7p4x", "permalink": "/r/Frozen/comments/1yzsej/is_elsa_lefthanded/cfpcipa/", "score": 7, "stickied": false, "subreddit_id": "t5_2vpth", "author_name": "ilovemrmiyagi", "author_id": "6vnvy", "subreddit_name": "frozen"}, {"body": "I'm going completely on memory here, but I think her posture at the time might have made it easier to use her right hand.", "created_utc": 1393438025.0, "distinguished": null, "edited": false, "id": "cfpbnh2", "is_submitter": false, "link_id": "t3_1yzsej", "parent_id": "t1_cfp7p4x", "permalink": "/r/Frozen/comments/1yzsej/is_elsa_lefthanded/cfpbnh2/", "score": 2, "stickied": false, "subreddit_id": "t5_2vpth", "author_name": "boomerangotan", "author_id": "3r350", "subreddit_name": "frozen"}, {"body": "That sounds unbelievable to me, but I don't know enough about animation to dispute it :P", "created_utc": 1393447514.0, "distinguished": null, "edited": false, "id": "cfpgexx", "is_submitter": false, "link_id": "t3_1yzsej", "parent_id": "t1_cfpaxu3", "permalink": "/r/Frozen/comments/1yzsej/is_elsa_lefthanded/cfpgexx/", "score": 5, "stickied": false, "subreddit_id": "t5_2vpth", "author_name": "trixter21992251", "author_id": "5qjtb", "subreddit_name": "frozen"}, {"body": "This sounds plausible for traditional animation or the concept/storyboards for CG, but I wouldn't imagine that necessarily translating to the final product.", "created_utc": 1393454977.0, "distinguished": null, "edited": false, "id": "cfpkcme", "is_submitter": false, "link_id": "t3_1yzsej", "parent_id": "t1_cfpaxu3", "permalink": "/r/Frozen/comments/1yzsej/is_elsa_lefthanded/cfpkcme/", "score": 2, "stickied": false, "subreddit_id": "t5_2vpth", "author_name": "spunkycomics", "author_id": "79l0a", "subreddit_name": "frozen"}, {"body": "This is what I was looking for. You usually do step with the dominant foot first. The other thing to look for is to see which foot she catches herself with when she stumbles. ", "created_utc": 1393461010.0, "distinguished": null, "edited": false, "id": "cfpn495", "is_submitter": false, "link_id": "t3_1yzsej", "parent_id": "t1_cfpf3xq", "permalink": "/r/Frozen/comments/1yzsej/is_elsa_lefthanded/cfpn495/", "score": 1, "stickied": false, "subreddit_id": "t5_2vpth", "author_name": "CandaceFF", "author_id": "femx5", "subreddit_name": "frozen"}, {"body": "[deleted]", "created_utc": 1393444835.0, "distinguished": null, "edited": false, "id": "cfpf08g", "is_submitter": false, "link_id": "t3_1yzsej", "parent_id": "t1_cfpcss8", "permalink": "/r/Frozen/comments/1yzsej/is_elsa_lefthanded/cfpf08g/", "score": 7, "stickied": false, "subreddit_id": "t5_2vpth", "author_name": null, "author_id": null, "subreddit_name": "frozen"}, {"body": "Damn, beat me to it. \n\nLeftenant, reporting in.", "created_utc": 1393446083.0, "distinguished": null, "edited": false, "id": "cfpfnb6", "is_submitter": false, "link_id": "t3_1yzsej", "parent_id": "t1_cfpe6l3", "permalink": "/r/Frozen/comments/1yzsej/is_elsa_lefthanded/cfpfnb6/", "score": 6, "stickied": false, "subreddit_id": "t5_2vpth", "author_name": "damocles2501", "author_id": "d3wqx", "subreddit_name": "frozen"}, {"body": "compress the folder and upload it pl0z", "created_utc": 1393436962.0, "distinguished": null, "edited": false, "id": "cfpb54x", "is_submitter": false, "link_id": "t3_1yzsej", "parent_id": "t1_cfp7ztt", "permalink": "/r/Frozen/comments/1yzsej/is_elsa_lefthanded/cfpb54x/", "score": 8, "stickied": false, "subreddit_id": "t5_2vpth", "author_name": "Lustle", "author_id": "9d307", "subreddit_name": "frozen"}, {"body": "Oh sure, in the real world there's no clean definition of what \"handedness\" is anyway.  The point here was more that the animators appeared to have a clear idea in their heads, and carefully constructed the scenes so as to be consistent in the way they treated Elsa's handedness.", "created_utc": 1393646717.0, "distinguished": null, "edited": false, "id": "cfri2jj", "is_submitter": false, "link_id": "t3_1yzsej", "parent_id": "t1_cfrg142", "permalink": "/r/Frozen/comments/1yzsej/is_elsa_lefthanded/cfri2jj/", "score": 2, "stickied": false, "subreddit_id": "t5_2vpth", "author_name": "AndIfWeFall", "author_id": "f0b0t", "subreddit_name": "frozen"}, {"body": "http://gfycat.com/SafeMerryBee\n\nPeople tend to throw with their dominant hand.", "created_utc": 1393429924.0, "distinguished": null, "edited": false, "id": "cfp7wsm", "is_submitter": false, "link_id": "t3_1yzsej", "parent_id": "t1_cfp7rvh", "permalink": "/r/Frozen/comments/1yzsej/is_elsa_lefthanded/cfp7wsm/", "score": 34, "stickied": false, "subreddit_id": "t5_2vpth", "author_name": "CarterDug", "author_id": "7c3j2", "subreddit_name": "frozen"}, {"body": "That is very true.\n\nEven as much as 60 some odd years ago, my uncle in Scotland, was FORCED into a righty.\n\nSo it may be how she was brought up.\nAny lefty can attest.. trying to draw, even write with some ink.. can smear, etc.  Imagine with a quill/ink?\n\n(and as far as I am aware.. A sister more like me, IS considered canon)", "created_utc": 1393448152.0, "distinguished": null, "edited": false, "id": "cfpgr83", "is_submitter": false, "link_id": "t3_1yzsej", "parent_id": "t1_cfpgacy", "permalink": "/r/Frozen/comments/1yzsej/is_elsa_lefthanded/cfpgr83/", "score": 11, "stickied": false, "subreddit_id": "t5_2vpth", "author_name": "gdkitty", "author_id": "8payt", "subreddit_name": "frozen"}, {"body": "Very true.\n\nShe obviously have SOME bit of ambidexterity.. able to control it well enough to do that, and stuff in let it go..\n(eg: yes, I can HOLD a pencil in my left.. but can I write with it? No.. she seems to be able to do magic with both no problem)\n\nBut left definitely seems to be her dominate hand... or she at least favors it.", "created_utc": 1393430726.0, "distinguished": null, "edited": false, "id": "cfp898t", "is_submitter": false, "link_id": "t3_1yzsej", "parent_id": "t1_cfp85x6", "permalink": "/r/Frozen/comments/1yzsej/is_elsa_lefthanded/cfp898t/", "score": 7, "stickied": false, "subreddit_id": "t5_2vpth", "author_name": "gdkitty", "author_id": "8payt", "subreddit_name": "frozen"}, {"body": "TMI? ;)", "created_utc": 1393440586.0, "distinguished": null, "edited": false, "id": "cfpcwg6", "is_submitter": false, "link_id": "t3_1yzsej", "parent_id": "t1_cfpcipa", "permalink": "/r/Frozen/comments/1yzsej/is_elsa_lefthanded/cfpcwg6/", "score": 8, "stickied": false, "subreddit_id": "t5_2vpth", "author_name": "gdkitty", "author_id": "8payt", "subreddit_name": "frozen"}, {"body": "If the figure you're drawing [faces you](http://i.imgur.com/6A3OH0N.jpg), their **left hand** ends up on the **right** side of the paper, and if the figure has its [back against you(also fpp)](http://i.imgur.com/JZKCgdS.jpg), their **right hand** is on the **right**.  \n\n", "created_utc": 1393451299.0, "distinguished": null, "edited": 1393451491.0, "id": "cfpigsr", "is_submitter": false, "link_id": "t3_1yzsej", "parent_id": "t1_cfpgexx", "permalink": "/r/Frozen/comments/1yzsej/is_elsa_lefthanded/cfpigsr/", "score": 3, "stickied": false, "subreddit_id": "t5_2vpth", "author_name": "Illuvatir", "author_id": "fdp3a", "subreddit_name": "frozen"}, {"body": "But she punched Hans with her right hand. And she blocked the sword with her right hand. And She knocks on doors with her right hand. And she cuts the rope with her right hand. Conclusion: Anna is right handed.", "created_utc": 1393456035.0, "distinguished": null, "edited": false, "id": "cfpkuu3", "is_submitter": false, "link_id": "t3_1yzsej", "parent_id": "t1_cfpf08g", "permalink": "/r/Frozen/comments/1yzsej/is_elsa_lefthanded/cfpkuu3/", "score": 10, "stickied": false, "subreddit_id": "t5_2vpth", "author_name": "JamesAQuintero", "author_id": "7gthv", "subreddit_name": "frozen"}, {"body": "I am certainly astonished at their level of detail, and applaud them for it, I thought it pertinent to mention that by not having her use her left hand exclusively they got it more correct.", "created_utc": 1393680588.0, "distinguished": null, "edited": false, "id": "cfrowz5", "is_submitter": false, "link_id": "t3_1yzsej", "parent_id": "t1_cfri2jj", "permalink": "/r/Frozen/comments/1yzsej/is_elsa_lefthanded/cfrowz5/", "score": 2, "stickied": false, "subreddit_id": "t5_2vpth", "author_name": "gaatar", "author_id": "92y4d", "subreddit_name": "frozen"}, {"body": "You're so right! Thanks ", "created_utc": 1393430148.0, "distinguished": null, "edited": false, "id": "cfp80ak", "is_submitter": false, "link_id": "t3_1yzsej", "parent_id": "t1_cfp7wsm", "permalink": "/r/Frozen/comments/1yzsej/is_elsa_lefthanded/cfp80ak/", "score": 14, "stickied": false, "subreddit_id": "t5_2vpth", "author_name": "Igneek", "author_id": "9zwlf", "subreddit_name": "frozen"}, {"body": "She throws with her left but she bats right. When she picks up the guitar to hit the wolf, she swings like a righty. I still think she's a lefty but it would have been nice to see her swing the guitar correctly ", "created_utc": 1393431596.0, "distinguished": null, "edited": false, "id": "cfp8n15", "is_submitter": false, "link_id": "t3_1yzsej", "parent_id": "t1_cfp7wsm", "permalink": "/r/Frozen/comments/1yzsej/is_elsa_lefthanded/cfp8n15/", "score": 9, "stickied": false, "subreddit_id": "t5_2vpth", "author_name": "GlitchyVI", "author_id": "7ukuo", "subreddit_name": "frozen"}, {"body": "Amazing. Never noticed this.", "created_utc": 1393430186.0, "distinguished": null, "edited": false, "id": "cfp80vt", "is_submitter": false, "link_id": "t3_1yzsej", "parent_id": "t1_cfp7wsm", "permalink": "/r/Frozen/comments/1yzsej/is_elsa_lefthanded/cfp80vt/", "score": 2, "stickied": false, "subreddit_id": "t5_2vpth", "author_name": "Portgas", "author_id": "7kc75", "subreddit_name": "frozen"}, {"body": "But she punches Hans with her right hand.", "created_utc": 1393445370.0, "distinguished": null, "edited": false, "id": "cfpfa5o", "is_submitter": false, "link_id": "t3_1yzsej", "parent_id": "t1_cfp7wsm", "permalink": "/r/Frozen/comments/1yzsej/is_elsa_lefthanded/cfpfa5o/", "score": 4, "stickied": false, "subreddit_id": "t5_2vpth", "author_name": "Impudenter", "author_id": "8ol5v", "subreddit_name": "frozen"}, {"body": "but she punches Hans with her right doesn't she?", "created_utc": 1393458217.0, "distinguished": null, "edited": false, "id": "cfpluu9", "is_submitter": false, "link_id": "t3_1yzsej", "parent_id": "t1_cfp7wsm", "permalink": "/r/Frozen/comments/1yzsej/is_elsa_lefthanded/cfpluu9/", "score": 1, "stickied": false, "subreddit_id": "t5_2vpth", "author_name": "anditron", "author_id": "86enm", "subreddit_name": "frozen"}, {"body": "Even less than 60 years in the States. I had a teacher that told me about it. I am glad that they teach both hands now, and on an unrelated note I wish that they taught better penmanship today. ", "created_utc": 1393457362.0, "distinguished": null, "edited": false, "id": "cfplgzt", "is_submitter": false, "link_id": "t3_1yzsej", "parent_id": "t1_cfpgr83", "permalink": "/r/Frozen/comments/1yzsej/is_elsa_lefthanded/cfplgzt/", "score": 1, "stickied": false, "subreddit_id": "t5_2vpth", "author_name": "potatoshape", "author_id": "9ac71", "subreddit_name": "frozen"}, {"body": "17 years old here. My teacher tried to force me into writing with my right hand until my mom found out about it. She got mad, and I got to write with my left hand. I kinda wish she didn't, lefties have some minor problems here and there :c", "created_utc": 1393458948.0, "distinguished": null, "edited": false, "id": "cfpm6yi", "is_submitter": false, "link_id": "t3_1yzsej", "parent_id": "t1_cfpgr83", "permalink": "/r/Frozen/comments/1yzsej/is_elsa_lefthanded/cfpm6yi/", "score": 1, "stickied": false, "subreddit_id": "t5_2vpth", "author_name": null, "author_id": null, "subreddit_name": "frozen"}, {"body": "haha x) oh lawd! ", "created_utc": 1393441298.0, "distinguished": null, "edited": false, "id": "cfpd8wn", "is_submitter": false, "link_id": "t3_1yzsej", "parent_id": "t1_cfpcwg6", "permalink": "/r/Frozen/comments/1yzsej/is_elsa_lefthanded/cfpd8wn/", "score": 4, "stickied": false, "subreddit_id": "t5_2vpth", "author_name": "ilovemrmiyagi", "author_id": "6vnvy", "subreddit_name": "frozen"}, {"body": "Hehe, yes, thank you, that part I understood :)\n\nThe part I don't understand is why this has any influence. It was my impression that every second of animation takes hours to complete.\n\nIn a scene with buildings, clouds, people, horses, clothes, collision detecting, light rendering, textures, surface depth, etc., is a random moment of laziness really going to decide the orientation of the main character?\n\nI find it more plausible that a decision was made to make them left or right-handed, and every scene was tailored to that, taking into consideration fundamental cinmatographic stuff like the golden cut and other camera basics.\n\nBesides, why is hand-cross-over a problem when animating? I thought only drawing was done on WACOM tablets. Why would you also do animation on WACOMs or tablets?\n\nBut as I said, I don't know enough about animation to dispute it, these are just the things I don't understand.", "created_utc": 1393457038.0, "distinguished": null, "edited": false, "id": "cfplbl5", "is_submitter": false, "link_id": "t3_1yzsej", "parent_id": "t1_cfpigsr", "permalink": "/r/Frozen/comments/1yzsej/is_elsa_lefthanded/cfplbl5/", "score": 4, "stickied": false, "subreddit_id": "t5_2vpth", "author_name": "trixter21992251", "author_id": "5qjtb", "subreddit_name": "frozen"}, {"body": "But she throws with her left?", "created_utc": 1393461088.0, "distinguished": null, "edited": false, "id": "cfpn5ik", "is_submitter": false, "link_id": "t3_1yzsej", "parent_id": "t1_cfpkuu3", "permalink": "/r/Frozen/comments/1yzsej/is_elsa_lefthanded/cfpn5ik/", "score": 6, "stickied": false, "subreddit_id": "t5_2vpth", "author_name": "subconcussive", "author_id": "8zakp", "subreddit_name": "frozen"}, {"body": "I'm left handed. I knock on doors with my right hand. I punch with my right hand. I throw things with my right hand. I cut things with my right hand.\n\nConclusion: No certain way of knowing, as left handed people are often sort of ambidextrous.", "created_utc": 1393458843.0, "distinguished": null, "edited": false, "id": "cfpm55r", "is_submitter": false, "link_id": "t3_1yzsej", "parent_id": "t1_cfpkuu3", "permalink": "/r/Frozen/comments/1yzsej/is_elsa_lefthanded/cfpm55r/", "score": 5, "stickied": false, "subreddit_id": "t5_2vpth", "author_name": null, "author_id": null, "subreddit_name": "frozen"}, {"body": "No left \u00a0\n\n", "created_utc": 1393436558.0, "distinguished": null, "edited": false, "id": "cfpay9c", "is_submitter": false, "link_id": "t3_1yzsej", "parent_id": "t1_cfp80ak", "permalink": "/r/Frozen/comments/1yzsej/is_elsa_lefthanded/cfpay9c/", "score": 31, "stickied": false, "subreddit_id": "t5_2vpth", "author_name": "Oakeh", "author_id": "8itfq", "subreddit_name": "frozen"}, {"body": "Well, I'm a righty but I bat like a lefty. This is mostly because I used to play tennis and the backhand for a right-handed tennis player is roughly the same motion for a left-handed batter. It's all about what habits you grow up with and what you do.\n\nAlso gotta mention that Anna really couldn't have batted left-handed in that scene even if that's her tendency. Her positioning and the physics just wouldn't work out.", "created_utc": 1393432425.0, "distinguished": null, "edited": 1393432806.0, "id": "cfp90ra", "is_submitter": false, "link_id": "t3_1yzsej", "parent_id": "t1_cfp8n15", "permalink": "/r/Frozen/comments/1yzsej/is_elsa_lefthanded/cfp90ra/", "score": 10, "stickied": false, "subreddit_id": "t5_2vpth", "author_name": "Canticles", "author_id": "f194d", "subreddit_name": "frozen"}, {"body": "Wow, that's a good observation.\n\nEdit: AC\n\nhttp://gfycat.com/UnequaledRespectfulHummingbird#?speed=0.5\n\nOpen the link in a new tab/window to see it in slow motion.", "created_utc": 1393431856.0, "distinguished": null, "edited": 1393432398.0, "id": "cfp8rar", "is_submitter": false, "link_id": "t3_1yzsej", "parent_id": "t1_cfp8n15", "permalink": "/r/Frozen/comments/1yzsej/is_elsa_lefthanded/cfp8rar/", "score": 3, "stickied": false, "subreddit_id": "t5_2vpth", "author_name": "CarterDug", "author_id": "7c3j2", "subreddit_name": "frozen"}, {"body": "Well, I write and eat left-handed but do pretty much everything else (throwing, batting) right-handed. Maybe Anna is like that. :)", "created_utc": 1393448879.0, "distinguished": null, "edited": false, "id": "cfph59o", "is_submitter": false, "link_id": "t3_1yzsej", "parent_id": "t1_cfp8n15", "permalink": "/r/Frozen/comments/1yzsej/is_elsa_lefthanded/cfph59o/", "score": 2, "stickied": false, "subreddit_id": "t5_2vpth", "author_name": "redfroggy", "author_id": "4rc15", "subreddit_name": "frozen"}, {"body": "[deleted]", "created_utc": 1393487045.0, "distinguished": null, "edited": false, "id": "cfpxexu", "is_submitter": false, "link_id": "t3_1yzsej", "parent_id": "t1_cfp8n15", "permalink": "/r/Frozen/comments/1yzsej/is_elsa_lefthanded/cfpxexu/", "score": 1, "stickied": false, "subreddit_id": "t5_2vpth", "author_name": null, "author_id": null, "subreddit_name": "frozen"}, {"body": "That's a great point, and, in my opinion, a crack in the Lefty Anna Hypothesis.\n\nAlternate hypothesis: Anna's dominant hand is whatever the animators need it to be to get the shot they want. \n\nOr Anna is ambidextrous.\n\nEdit: SGPFC", "created_utc": 1393446764.0, "distinguished": null, "edited": 1393460137.0, "id": "cfpg0el", "is_submitter": false, "link_id": "t3_1yzsej", "parent_id": "t1_cfpfa5o", "permalink": "/r/Frozen/comments/1yzsej/is_elsa_lefthanded/cfpg0el/", "score": 2, "stickied": false, "subreddit_id": "t5_2vpth", "author_name": "CarterDug", "author_id": "7c3j2", "subreddit_name": "frozen"}, {"body": "WACOM tablets include the Cintiq...\n\nMy friend is an animator.", "created_utc": 1393463418.0, "distinguished": null, "edited": false, "id": "cfpo6rs", "is_submitter": false, "link_id": "t3_1yzsej", "parent_id": "t1_cfplbl5", "permalink": "/r/Frozen/comments/1yzsej/is_elsa_lefthanded/cfpo6rs/", "score": 3, "stickied": false, "subreddit_id": "t5_2vpth", "author_name": "subconcussive", "author_id": "8zakp", "subreddit_name": "frozen"}, {"body": "That's very true, I eat and write with my left hand but play ANY sport with my right hand (that includes throwing and punching). I have a friend who is the exact opposite, he writes and eats with his right but plays sports with his left. So she could just be ambidextrous or mixed left and right handed.", "created_utc": 1393491350.0, "distinguished": null, "edited": false, "id": "cfpy8ym", "is_submitter": false, "link_id": "t3_1yzsej", "parent_id": "t1_cfpm55r", "permalink": "/r/Frozen/comments/1yzsej/is_elsa_lefthanded/cfpy8ym/", "score": 4, "stickied": false, "subreddit_id": "t5_2vpth", "author_name": "CongeeGod", "author_id": "daw5d", "subreddit_name": "frozen"}, {"body": ">Also gotta mention that Anna really couldn't have batted left-handed in that scene. Her positioning and the physics just wouldn't work out.\n\nIt's more about which hand is on the bottom of the bat. Right-handers hold it with their left hand on the bottom, and left-handers the reverse.\n\nThen again, if you're a lefty swinging counter-clockwise, you'd probably switch the bottom hand so that your left hand is on the bottom, which is how Anna swung it.\n\nEdit: AC, SGPFC", "created_utc": 1393433134.0, "distinguished": null, "edited": 1393460127.0, "id": "cfp9cqw", "is_submitter": false, "link_id": "t3_1yzsej", "parent_id": "t1_cfp90ra", "permalink": "/r/Frozen/comments/1yzsej/is_elsa_lefthanded/cfp9cqw/", "score": 3, "stickied": false, "subreddit_id": "t5_2vpth", "author_name": "CarterDug", "author_id": "7c3j2", "subreddit_name": "frozen"}, {"body": "She could have swung to the left to hit the wolf but they could have at least stayed consistent and put her right hand on the bottom. For reference, I am left-handed but I bat right as well. That's because my dad taught me how to swing a bat right-handed before he learned I was left-handed.", "created_utc": 1393434174.0, "distinguished": null, "edited": false, "id": "cfp9uap", "is_submitter": false, "link_id": "t3_1yzsej", "parent_id": "t1_cfp90ra", "permalink": "/r/Frozen/comments/1yzsej/is_elsa_lefthanded/cfp9uap/", "score": 1, "stickied": false, "subreddit_id": "t5_2vpth", "author_name": "GlitchyVI", "author_id": "7ukuo", "subreddit_name": "frozen"}, {"body": "I write with my right, bat as a righty, but play hockey as a lefty... wait, what?", "created_utc": 1393451438.0, "distinguished": null, "edited": false, "id": "cfpijl8", "is_submitter": false, "link_id": "t3_1yzsej", "parent_id": "t1_cfp90ra", "permalink": "/r/Frozen/comments/1yzsej/is_elsa_lefthanded/cfpijl8/", "score": 1, "stickied": false, "subreddit_id": "t5_2vpth", "author_name": "Kythios", "author_id": "67ycf", "subreddit_name": "frozen"}, {"body": "Maybe she is ambidextrous? ", "created_utc": 1393440108.0, "distinguished": null, "edited": false, "id": "cfpco0c", "is_submitter": false, "link_id": "t3_1yzsej", "parent_id": "t1_cfp8rar", "permalink": "/r/Frozen/comments/1yzsej/is_elsa_lefthanded/cfpco0c/", "score": 2, "stickied": false, "subreddit_id": "t5_2vpth", "author_name": "ifpeoplecouldtalk", "author_id": "5g74h", "subreddit_name": "frozen"}, {"body": "To bat lefty in that situation, you'd have had to turn around. Less spontaneous.", "created_utc": 1393447320.0, "distinguished": null, "edited": false, "id": "cfpgb66", "is_submitter": false, "link_id": "t3_1yzsej", "parent_id": "t1_cfp8rar", "permalink": "/r/Frozen/comments/1yzsej/is_elsa_lefthanded/cfpgb66/", "score": 3, "stickied": false, "subreddit_id": "t5_2vpth", "author_name": "gjallerhorn", "author_id": "4g99d", "subreddit_name": "frozen"}, {"body": "It's certainly possible and wouldn't necessarily be a bad thing. I just think that since this is animation and they could have done whatever they wanted, making her ambidextrous seems like they weren't completely committed to the idea of her being left-handed.", "created_utc": 1393452200.0, "distinguished": null, "edited": false, "id": "cfpiyld", "is_submitter": false, "link_id": "t3_1yzsej", "parent_id": "t1_cfph59o", "permalink": "/r/Frozen/comments/1yzsej/is_elsa_lefthanded/cfpiyld/", "score": 1, "stickied": false, "subreddit_id": "t5_2vpth", "author_name": "GlitchyVI", "author_id": "7ukuo", "subreddit_name": "frozen"}, {"body": "> I also swing a baseball bat like a righty\n\nI do too, but I think the only reason she bats right is because the blocking of the scene required it. I just would have liked to see consistency since they had control over everything. \n", "created_utc": 1393489007.0, "distinguished": null, "edited": false, "id": "cfpxtuy", "is_submitter": false, "link_id": "t3_1yzsej", "parent_id": "t1_cfpxexu", "permalink": "/r/Frozen/comments/1yzsej/is_elsa_lefthanded/cfpxtuy/", "score": 1, "stickied": false, "subreddit_id": "t5_2vpth", "author_name": "GlitchyVI", "author_id": "7ukuo", "subreddit_name": "frozen"}, {"body": "Its easier to punch offhanded than to throw something.", "created_utc": 1393447149.0, "distinguished": null, "edited": false, "id": "cfpg7u3", "is_submitter": false, "link_id": "t3_1yzsej", "parent_id": "t1_cfpg0el", "permalink": "/r/Frozen/comments/1yzsej/is_elsa_lefthanded/cfpg7u3/", "score": 4, "stickied": false, "subreddit_id": "t5_2vpth", "author_name": "gjallerhorn", "author_id": "4g99d", "subreddit_name": "frozen"}, {"body": "Yes, definitely. But do they use that for animation too? I thought they were just for drawing and creative design. My impression is that animation work is more like working with a physics engine or something, because you're working with 3D grids, trajectories, vectors or whatever. You don't need the stroke of a pen, so to speak.    \nAgain, I don't know animation, I'm guessing.", "created_utc": 1393464385.0, "distinguished": null, "edited": false, "id": "cfpom8q", "is_submitter": false, "link_id": "t3_1yzsej", "parent_id": "t1_cfpo6rs", "permalink": "/r/Frozen/comments/1yzsej/is_elsa_lefthanded/cfpom8q/", "score": 3, "stickied": false, "subreddit_id": "t5_2vpth", "author_name": "trixter21992251", "author_id": "5qjtb", "subreddit_name": "frozen"}, {"body": "Huh. I still bat left-handed then. In tennis, it's dominant hand on the bottom no matter what.", "created_utc": 1393433585.0, "distinguished": null, "edited": false, "id": "cfp9kcj", "is_submitter": false, "link_id": "t3_1yzsej", "parent_id": "t1_cfp9cqw", "permalink": "/r/Frozen/comments/1yzsej/is_elsa_lefthanded/cfp9kcj/", "score": 3, "stickied": false, "subreddit_id": "t5_2vpth", "author_name": "Canticles", "author_id": "f194d", "subreddit_name": "frozen"}, {"body": "More lefties are ambi-ish than righties, because they adapt to a righty-dominated world (myself included, I do several things with right, even arm wrestle and throwing).\n\nSo yeah that's definitely possible :P", "created_utc": 1393447019.0, "distinguished": null, "edited": false, "id": "cfpg5bi", "is_submitter": false, "link_id": "t3_1yzsej", "parent_id": "t1_cfpco0c", "permalink": "/r/Frozen/comments/1yzsej/is_elsa_lefthanded/cfpg5bi/", "score": 5, "stickied": false, "subreddit_id": "t5_2vpth", "author_name": "trixter21992251", "author_id": "5qjtb", "subreddit_name": "frozen"}, {"body": "But it's Pixar animation. Their attention to detail is second to none. It's possible they did it purposely.", "created_utc": 1393470237.0, "distinguished": null, "edited": false, "id": "cfpr9ql", "is_submitter": false, "link_id": "t3_1yzsej", "parent_id": "t1_cfpiyld", "permalink": "/r/Frozen/comments/1yzsej/is_elsa_lefthanded/cfpr9ql/", "score": 1, "stickied": false, "subreddit_id": "t5_2vpth", "author_name": "redfroggy", "author_id": "4rc15", "subreddit_name": "frozen"}, {"body": "True, I'm super right handed, but when I do Kinect Boxing I fight southpaw for some reason.  I jab with the right but do power-shots with the left.", "created_utc": 1393451923.0, "distinguished": null, "edited": false, "id": "cfpitcv", "is_submitter": false, "link_id": "t3_1yzsej", "parent_id": "t1_cfpg7u3", "permalink": "/r/Frozen/comments/1yzsej/is_elsa_lefthanded/cfpitcv/", "score": 1, "stickied": false, "subreddit_id": "t5_2vpth", "author_name": "robobreasts", "author_id": "4hlm6", "subreddit_name": "frozen"}, {"body": "Oh, 3d animation!!!\n\nBut yeah, my ***other*** (not as close a friend) does 3d stuff, and you're correct, but they do different things depending. I just play piano/drums/bass and program, nothing interesting over here :)", "created_utc": 1393467671.0, "distinguished": null, "edited": false, "id": "cfpq3as", "is_submitter": false, "link_id": "t3_1yzsej", "parent_id": "t1_cfpom8q", "permalink": "/r/Frozen/comments/1yzsej/is_elsa_lefthanded/cfpq3as/", "score": 3, "stickied": false, "subreddit_id": "t5_2vpth", "author_name": "subconcussive", "author_id": "8zakp", "subreddit_name": "frozen"}, {"body": "Frozen is Disney, not Pixar. And Pixar animation is definitely second to Disney animation. ", "created_utc": 1393493796.0, "distinguished": null, "edited": false, "id": "cfpyn6f", "is_submitter": false, "link_id": "t3_1yzsej", "parent_id": "t1_cfpr9ql", "permalink": "/r/Frozen/comments/1yzsej/is_elsa_lefthanded/cfpyn6f/", "score": 1, "stickied": false, "subreddit_id": "t5_2vpth", "author_name": "Prothean_Beacon", "author_id": "9ofye", "subreddit_name": "frozen"}, {"body": "Pixar is owned by Disney and John Lassiter is the head of Disney animation so it's pretty much the same thing. \n\nPixar may be second to traditional animation but Disney learned it's computer animation from Pixar.", "created_utc": 1393501347.0, "distinguished": null, "edited": false, "id": "cfpzqvt", "is_submitter": false, "link_id": "t3_1yzsej", "parent_id": "t1_cfpyn6f", "permalink": "/r/Frozen/comments/1yzsej/is_elsa_lefthanded/cfpzqvt/", "score": 2, "stickied": false, "subreddit_id": "t5_2vpth", "author_name": "redfroggy", "author_id": "4rc15", "subreddit_name": "frozen"}, {"body": "Just because Diseny owns Pixar doesn't mean their work is imterchangeable with Disney's Animation studio. Diseny has several studios with various level of quality. I wouldn't consider the work of Disney Toon studio the same as Pixar's or Disney' main animation studio.\n\nAnd I wasn't comparing Pixar's animation to traditional Disney animation. I was comparing Disney's computer animation to Pixar's. Just compare Brave and Monsters U to Wreck-it-Ralph and Frozen. The latter two blow the former two out of the water animation wise. Now that Disney has gotten the Computer animation down, they've been putting the same effort and attention to detail that they've been known for. Pixar is more known for their stories than detailed animation, which frankly seems on par with other studios' animation like dreamworks. ", "created_utc": 1393504925.0, "distinguished": null, "edited": false, "id": "cfq0dkj", "is_submitter": false, "link_id": "t3_1yzsej", "parent_id": "t1_cfpzqvt", "permalink": "/r/Frozen/comments/1yzsej/is_elsa_lefthanded/cfq0dkj/", "score": 2, "stickied": false, "subreddit_id": "t5_2vpth", "author_name": "Prothean_Beacon", "author_id": "9ofye", "subreddit_name": "frozen"}]