[{"body": "Yeah, this is the most popular fan theory about Frozen.", "created_utc": 1390874321.0, "distinguished": null, "edited": false, "id": "cf0kj22", "is_submitter": false, "link_id": "t3_1wc2fp", "parent_id": "t3_1wc2fp", "permalink": "/r/Frozen/comments/1wc2fp/what_were_elsas_parents_doing_going_on_that_ship/cf0kj22/", "score": 22, "stickied": false, "subreddit_id": "t5_2vpth", "author_name": "Jokey665", "author_id": "4r8mh", "subreddit_name": "frozen"}, {"body": "OH WOW. Mind blown. Argh. Might add even more to Elsa's apprehension--she has to see the couple who essentially, admittedly through no fault of their own, is still the reason that her parents died. ", "created_utc": 1390875851.0, "distinguished": null, "edited": false, "id": "cf0l9b5", "is_submitter": false, "link_id": "t3_1wc2fp", "parent_id": "t3_1wc2fp", "permalink": "/r/Frozen/comments/1wc2fp/what_were_elsas_parents_doing_going_on_that_ship/cf0l9b5/", "score": 14, "stickied": false, "subreddit_id": "t5_2vpth", "author_name": "doryfishie", "author_id": "6310p", "subreddit_name": "frozen"}, {"body": "Wait Eugene and Rapunzel came to the party??? ", "created_utc": 1390891671.0, "distinguished": null, "edited": false, "id": "cf0rnqj", "is_submitter": false, "link_id": "t3_1wc2fp", "parent_id": "t3_1wc2fp", "permalink": "/r/Frozen/comments/1wc2fp/what_were_elsas_parents_doing_going_on_that_ship/cf0rnqj/", "score": 8, "stickied": false, "subreddit_id": "t5_2vpth", "author_name": "zoozema0", "author_id": "8s2ne", "subreddit_name": "frozen"}, {"body": "I feel like it was more of a business trip, some kind of diplomatic visit. Rapunzel and Eugene could have easily gone there for the coronation like the dozens of other people from different kingdoms did.", "created_utc": 1390921649.0, "distinguished": null, "edited": 1390937136.0, "id": "cf0xnfn", "is_submitter": false, "link_id": "t3_1wc2fp", "parent_id": "t3_1wc2fp", "permalink": "/r/Frozen/comments/1wc2fp/what_were_elsas_parents_doing_going_on_that_ship/cf0xnfn/", "score": 7, "stickied": false, "subreddit_id": "t5_2vpth", "author_name": "TheHarpyEagle", "author_id": "4xnr6", "subreddit_name": "frozen"}, {"body": "I would support this but I can't justify in my mind why their daughters wouldn't come also ", "created_utc": 1390907196.0, "distinguished": null, "edited": false, "id": "cf0uf63", "is_submitter": false, "link_id": "t3_1wc2fp", "parent_id": "t3_1wc2fp", "permalink": "/r/Frozen/comments/1wc2fp/what_were_elsas_parents_doing_going_on_that_ship/cf0uf63/", "score": 2, "stickied": false, "subreddit_id": "t5_2vpth", "author_name": "theohaiguy", "author_id": "8anj9", "subreddit_name": "frozen"}, {"body": "I feel like this is a morbid theory.. I think people are looking too into it, disney like to put surprise cameos and hidden things I don't think they thought of it past that", "created_utc": 1390943783.0, "distinguished": null, "edited": false, "id": "cf1850f", "is_submitter": false, "link_id": "t3_1wc2fp", "parent_id": "t3_1wc2fp", "permalink": "/r/Frozen/comments/1wc2fp/what_were_elsas_parents_doing_going_on_that_ship/cf1850f/", "score": 3, "stickied": false, "subreddit_id": "t5_2vpth", "author_name": "Rainydazeee", "author_id": "d73gy", "subreddit_name": "frozen"}, {"body": "i was thinking the same thing while watching the movie for the second time", "created_utc": 1391086726.0, "distinguished": null, "edited": false, "id": "cf2ngmj", "is_submitter": false, "link_id": "t3_1wc2fp", "parent_id": "t3_1wc2fp", "permalink": "/r/Frozen/comments/1wc2fp/what_were_elsas_parents_doing_going_on_that_ship/cf2ngmj/", "score": 2, "stickied": false, "subreddit_id": "t5_2vpth", "author_name": "Eldis_", "author_id": "e2dmq", "subreddit_name": "frozen"}, {"body": "http://i.imgur.com/a5MCSfT.png They're seen towards the end of \"For the first time in Forever\"", "created_utc": 1390892284.0, "distinguished": null, "edited": false, "id": "cf0rtmw", "is_submitter": false, "link_id": "t3_1wc2fp", "parent_id": "t1_cf0rnqj", "permalink": "/r/Frozen/comments/1wc2fp/what_were_elsas_parents_doing_going_on_that_ship/cf0rtmw/", "score": 17, "stickied": false, "subreddit_id": "t5_2vpth", "author_name": "damocles2501", "author_id": "d3wqx", "subreddit_name": "frozen"}, {"body": "Elsa was busy hiding away from the world, and Anna was deep in conversation with a painting.", "created_utc": 1390917176.0, "distinguished": null, "edited": false, "id": "cf0w9ey", "is_submitter": false, "link_id": "t3_1wc2fp", "parent_id": "t1_cf0uf63", "permalink": "/r/Frozen/comments/1wc2fp/what_were_elsas_parents_doing_going_on_that_ship/cf0w9ey/", "score": 14, "stickied": false, "subreddit_id": "t5_2vpth", "author_name": "axilrad", "author_id": "9yd6e", "subreddit_name": "frozen"}, {"body": "Plot armor. ", "created_utc": 1390919914.0, "distinguished": null, "edited": false, "id": "cf0x226", "is_submitter": false, "link_id": "t3_1wc2fp", "parent_id": "t1_cf0uf63", "permalink": "/r/Frozen/comments/1wc2fp/what_were_elsas_parents_doing_going_on_that_ship/cf0x226/", "score": 3, "stickied": false, "subreddit_id": "t5_2vpth", "author_name": null, "author_id": null, "subreddit_name": "frozen"}, {"body": "WHAT OH MY GOD THAT IS AWESOME ", "created_utc": 1390892674.0, "distinguished": null, "edited": false, "id": "cf0rxao", "is_submitter": false, "link_id": "t3_1wc2fp", "parent_id": "t1_cf0rtmw", "permalink": "/r/Frozen/comments/1wc2fp/what_were_elsas_parents_doing_going_on_that_ship/cf0rxao/", "score": 12, "stickied": false, "subreddit_id": "t5_2vpth", "author_name": "zoozema0", "author_id": "8s2ne", "subreddit_name": "frozen"}, {"body": "Elsa I sort of understand, but Anna, would have been a young teenager, clearly desperate for attention. Her parents could likely take her to try and stop said conversations with paintings. They may have wanted to leave Elsa alone but couldn't justify to Anna why her sister wasnt coming.\n\nHere is my question though, who ruled in the three years between, as Elsa wasnt queen. And why didn't they take over when Anna and Elsa ran off?", "created_utc": 1390918452.0, "distinguished": null, "edited": false, "id": "cf0wm01", "is_submitter": false, "link_id": "t3_1wc2fp", "parent_id": "t1_cf0w9ey", "permalink": "/r/Frozen/comments/1wc2fp/what_were_elsas_parents_doing_going_on_that_ship/cf0wm01/", "score": 9, "stickied": false, "subreddit_id": "t5_2vpth", "author_name": "theohaiguy", "author_id": "8anj9", "subreddit_name": "frozen"}, {"body": "They show up for a tiny fraction of a second and Anna was the visual focal point, so don't feel bad if you missed it. ", "created_utc": 1390911987.0, "distinguished": null, "edited": false, "id": "cf0v5hl", "is_submitter": false, "link_id": "t3_1wc2fp", "parent_id": "t1_cf0rxao", "permalink": "/r/Frozen/comments/1wc2fp/what_were_elsas_parents_doing_going_on_that_ship/cf0v5hl/", "score": 10, "stickied": false, "subreddit_id": "t5_2vpth", "author_name": "JiForce", "author_id": "5fwj2", "subreddit_name": "frozen"}, {"body": "I totally agree with you there. The first time I watched it and the townsfolk were all \"It's Coronation Day! She's come of age!\" I was thinking... what, so they've just been in interregnum for the last 3 years?\n\nSeems like they could/should have had some sort of Regent taking care of business, but maybe there just wasn't time to include that in the film.", "created_utc": 1390918954.0, "distinguished": null, "edited": false, "id": "cf0wrbc", "is_submitter": false, "link_id": "t3_1wc2fp", "parent_id": "t1_cf0wm01", "permalink": "/r/Frozen/comments/1wc2fp/what_were_elsas_parents_doing_going_on_that_ship/cf0wrbc/", "score": 5, "stickied": false, "subreddit_id": "t5_2vpth", "author_name": "axilrad", "author_id": "9yd6e", "subreddit_name": "frozen"}, {"body": "I think Anna wasn't allowed outside the gates to keep suspicion off of Elsa. If Elsa's the only one the townsfolk never see, then they're gonna wonder what's wrong with her\u2013\u2013why are they hiding her away? But if *no one* from the royal family ever leaves (business/diplomatic necessities aside, for the king and queen) then most people will figure that's just how it works. ", "created_utc": 1391004514.0, "distinguished": null, "edited": false, "id": "cf1s6z7", "is_submitter": false, "link_id": "t3_1wc2fp", "parent_id": "t1_cf0wm01", "permalink": "/r/Frozen/comments/1wc2fp/what_were_elsas_parents_doing_going_on_that_ship/cf1s6z7/", "score": 5, "stickied": false, "subreddit_id": "t5_2vpth", "author_name": "EvilLittleThing", "author_id": "7c5qp", "subreddit_name": "frozen"}, {"body": "Its more they needed to give Hans some semblance of power and trustability", "created_utc": 1390922860.0, "distinguished": null, "edited": false, "id": "cf0y3dk", "is_submitter": false, "link_id": "t3_1wc2fp", "parent_id": "t1_cf0wrbc", "permalink": "/r/Frozen/comments/1wc2fp/what_were_elsas_parents_doing_going_on_that_ship/cf0y3dk/", "score": 3, "stickied": false, "subreddit_id": "t5_2vpth", "author_name": "theohaiguy", "author_id": "8anj9", "subreddit_name": "frozen"}]