{"clicked": false, "created_utc": 1390874148.0, "distinguished": null, "edited": false, "id": "1wc2fp", "is_video": false, "locked": false, "num_comments": 16, "over_18": false, "permalink": "/r/Frozen/comments/1wc2fp/what_were_elsas_parents_doing_going_on_that_ship/", "score": 128, "selftext": "", "stickied": false, "subreddit_id": "t5_2vpth", "title": "What were Elsa's parents doing going on that ship? [Theory]", "url": "http://i.imgur.com/iaRGgBy.png", "author_name": "ninjaakid422", "author_id": "8uh8c", "subreddit_name": "frozen", "upvote_ratio": 0.98}