[{"body": "I'd like to point out though, that her fears were entirely justified based on all that Elsa knew at the time.  \n I think there was a lot of nobility in the manner that she was willing to leave and exile herself in order to protect people.", "created_utc": 1391128228.0, "distinguished": null, "edited": false, "id": "cf367y8", "is_submitter": false, "link_id": "t3_1wl3qa", "parent_id": "t3_1wl3qa", "permalink": "/r/Frozen/comments/1wl3qa/if_frozen_taught_us_anything_it_was_this/cf367y8/", "score": 11, "stickied": false, "subreddit_id": "t5_2vpth", "author_name": "Azlirak", "author_id": "8hq0z", "subreddit_name": "frozen"}, {"body": "I wouldn't necessarily say that Frozen has one moral to it. In fact, Frozen has a very deep plot in which one can extrapolate many themes from the context. Although, that is a good thematic statement within the movie, but it is only one point in its profound story. \n\nThat is actually what I love about Frozen. It needn't be too complex and yet it still contained so many abstractions that audiences of all ages could enjoy. A simple statement of \"Some people are worth melting for\" could be as strong as the theme you extrapolated in the movie.\n\nI don't intend on insulting any themes that resonated with you whilst watching the movie, but the title you gave suggests a very strong inclination that others may not agree with. As I said, many plot points equals many themes, thus, to come up with an overgeneralized statement, might not \"sit well\" with others.  ", "created_utc": 1391119728.0, "distinguished": null, "edited": false, "id": "cf3274y", "is_submitter": false, "link_id": "t3_1wl3qa", "parent_id": "t3_1wl3qa", "permalink": "/r/Frozen/comments/1wl3qa/if_frozen_taught_us_anything_it_was_this/cf3274y/", "score": 12, "stickied": false, "subreddit_id": "t5_2vpth", "author_name": "aug_mon", "author_id": "aszgt", "subreddit_name": "frozen"}, {"body": "Out of all the days in my life, I really needed to see this today actually...", "created_utc": 1392907917.0, "distinguished": null, "edited": false, "id": "cfk4yx0", "is_submitter": false, "link_id": "t3_1wl3qa", "parent_id": "t3_1wl3qa", "permalink": "/r/Frozen/comments/1wl3qa/if_frozen_taught_us_anything_it_was_this/cfk4yx0/", "score": 2, "stickied": false, "subreddit_id": "t5_2vpth", "author_name": "Hors2018", "author_id": "dwct5", "subreddit_name": "frozen"}, {"body": ".. or are you going to almost kill your sister? I loved the movie, I just think her fears were justified :)", "created_utc": 1392926422.0, "distinguished": null, "edited": false, "id": "cfkdl7r", "is_submitter": false, "link_id": "t3_1wl3qa", "parent_id": "t3_1wl3qa", "permalink": "/r/Frozen/comments/1wl3qa/if_frozen_taught_us_anything_it_was_this/cfkdl7r/", "score": 2, "stickied": false, "subreddit_id": "t5_2vpth", "author_name": "DullestWall", "author_id": "7u18d", "subreddit_name": "frozen"}, {"body": "This is true of all stories. Just like life, our fiction must be multifaceted and complex. There is always more than one theme or message to be pulled from any story.", "created_utc": 1391124065.0, "distinguished": null, "edited": false, "id": "cf34baa", "is_submitter": false, "link_id": "t3_1wl3qa", "parent_id": "t1_cf3274y", "permalink": "/r/Frozen/comments/1wl3qa/if_frozen_taught_us_anything_it_was_this/cf34baa/", "score": 5, "stickied": false, "subreddit_id": "t5_2vpth", "author_name": "TomRad", "author_id": "c3lmi", "subreddit_name": "frozen"}, {"body": "That is true, but overcoming fears is one of the huge overarching themes of this film.  ", "created_utc": 1391122899.0, "distinguished": null, "edited": false, "id": "cf33rhc", "is_submitter": false, "link_id": "t3_1wl3qa", "parent_id": "t1_cf3274y", "permalink": "/r/Frozen/comments/1wl3qa/if_frozen_taught_us_anything_it_was_this/cf33rhc/", "score": 2, "stickied": false, "subreddit_id": "t5_2vpth", "author_name": "baconbroth", "author_id": "cidv2", "subreddit_name": "frozen"}, {"body": "/r/GetMotivated ", "created_utc": 1392910831.0, "distinguished": null, "edited": false, "id": "cfk6498", "is_submitter": true, "link_id": "t3_1wl3qa", "parent_id": "t1_cfk4yx0", "permalink": "/r/Frozen/comments/1wl3qa/if_frozen_taught_us_anything_it_was_this/cfk6498/", "score": 2, "stickied": false, "subreddit_id": "t5_2vpth", "author_name": "loopuleasa", "author_id": "4josc", "subreddit_name": "frozen"}, {"body": "I absolutely agree on that point. And not just fiction, but any literature is complex and profound. Mainly because any art form that deals with humanity analyses the human condition. However, there are stories, such as fables and fairy tales, that discuss the human condition in a concise and discreet manner such that it ends up being some moral lesson for readers. I just wanted to clarify to OP that some literary art forms have many themes that audiences empathize, and that OP's title could be misleading for some, since it doesn't resonate such one lesson.  ", "created_utc": 1391127729.0, "distinguished": null, "edited": false, "id": "cf35zu5", "is_submitter": false, "link_id": "t3_1wl3qa", "parent_id": "t1_cf34baa", "permalink": "/r/Frozen/comments/1wl3qa/if_frozen_taught_us_anything_it_was_this/cf35zu5/", "score": 2, "stickied": false, "subreddit_id": "t5_2vpth", "author_name": "aug_mon", "author_id": "aszgt", "subreddit_name": "frozen"}, {"body": "I agree. I wasn't being critical of the theme itself. Or any other more overarching themes that exist in the tale of Frozen. All I'm suggesting is that the title, could cause some discomfort in other readers, when it doesn't resonate as such, and that they had different affinities pertaining to the themes of Frozen.   ", "created_utc": 1391127889.0, "distinguished": null, "edited": false, "id": "cf362fv", "is_submitter": false, "link_id": "t3_1wl3qa", "parent_id": "t1_cf33rhc", "permalink": "/r/Frozen/comments/1wl3qa/if_frozen_taught_us_anything_it_was_this/cf362fv/", "score": 1, "stickied": false, "subreddit_id": "t5_2vpth", "author_name": "aug_mon", "author_id": "aszgt", "subreddit_name": "frozen"}]