{"clicked": false, "created_utc": 1391114324.0, "distinguished": null, "edited": false, "id": "1wl3qa", "is_video": false, "locked": false, "num_comments": 9, "over_18": false, "permalink": "/r/Frozen/comments/1wl3qa/if_frozen_taught_us_anything_it_was_this/", "score": 355, "selftext": "", "stickied": false, "subreddit_id": "t5_2vpth", "title": "If Frozen taught us anything, it was this", "url": "http://i.imgur.com/28ANYq7.jpg", "author_name": "loopuleasa", "author_id": "4josc", "subreddit_name": "frozen", "upvote_ratio": 0.98}