[{"body": "In the second to last screen the grin of the troll made me laugh so hard.", "created_utc": 1391792243.0, "distinguished": null, "edited": false, "id": "cf9hch8", "is_submitter": false, "link_id": "t3_1xa72g", "parent_id": "t3_1xa72g", "permalink": "/r/Frozen/comments/1xa72g/kristoffs_thoughts_during_fixer_upper/cf9hch8/", "score": 34, "stickied": false, "subreddit_id": "t5_2vpth", "author_name": "Nolos", "author_id": "dqt7e", "subreddit_name": "frozen"}, {"body": "Well, they're trolls after all!", "created_utc": 1391798482.0, "distinguished": null, "edited": false, "id": "cf9k8i7", "is_submitter": false, "link_id": "t3_1xa72g", "parent_id": "t3_1xa72g", "permalink": "/r/Frozen/comments/1xa72g/kristoffs_thoughts_during_fixer_upper/cf9k8i7/", "score": 19, "stickied": false, "subreddit_id": "t5_2vpth", "author_name": "trixter21992251", "author_id": "5qjtb", "subreddit_name": "frozen"}, {"body": "You better watch out you little bastard, the Reindeer King is coming for you.", "created_utc": 1391813583.0, "distinguished": null, "edited": false, "id": "cf9re6t", "is_submitter": false, "link_id": "t3_1xa72g", "parent_id": "t3_1xa72g", "permalink": "/r/Frozen/comments/1xa72g/kristoffs_thoughts_during_fixer_upper/cf9re6t/", "score": 10, "stickied": false, "subreddit_id": "t5_2vpth", "author_name": "AdultSupervision", "author_id": "ej121", "subreddit_name": "frozen"}, {"body": "Laughed like a maniac.", "created_utc": 1391884509.0, "distinguished": null, "edited": false, "id": "cfabedh", "is_submitter": false, "link_id": "t3_1xa72g", "parent_id": "t3_1xa72g", "permalink": "/r/Frozen/comments/1xa72g/kristoffs_thoughts_during_fixer_upper/cfabedh/", "score": 5, "stickied": false, "subreddit_id": "t5_2vpth", "author_name": "loopuleasa", "author_id": "4josc", "subreddit_name": "frozen"}, {"body": "/r/youdontsurf\n", "created_utc": 1394742291.0, "distinguished": null, "edited": false, "id": "cg1v5py", "is_submitter": false, "link_id": "t3_1xa72g", "parent_id": "t3_1xa72g", "permalink": "/r/Frozen/comments/1xa72g/kristoffs_thoughts_during_fixer_upper/cg1v5py/", "score": 5, "stickied": false, "subreddit_id": "t5_2vpth", "author_name": "Danoco99", "author_id": "d2qr9", "subreddit_name": "frozen"}, {"body": "I hate that song. Uncharacteristically terrible song in a film with one of the best soundtracks I've heard in a while.\n\nHilarious pic tho.", "created_utc": 1392173798.0, "distinguished": null, "edited": false, "id": "cfd4hvy", "is_submitter": false, "link_id": "t3_1xa72g", "parent_id": "t3_1xa72g", "permalink": "/r/Frozen/comments/1xa72g/kristoffs_thoughts_during_fixer_upper/cfd4hvy/", "score": 5, "stickied": false, "subreddit_id": "t5_2vpth", "author_name": "demosthenes718", "author_id": "98lxd", "subreddit_name": "frozen"}, {"body": "Me too! And I love the subtle expression change in panels 3-4", "created_utc": 1391797457.0, "distinguished": null, "edited": false, "id": "cf9jr1d", "is_submitter": false, "link_id": "t3_1xa72g", "parent_id": "t1_cf9hch8", "permalink": "/r/Frozen/comments/1xa72g/kristoffs_thoughts_during_fixer_upper/cf9jr1d/", "score": 11, "stickied": false, "subreddit_id": "t5_2vpth", "author_name": "EvilLittleThing", "author_id": "7c5qp", "subreddit_name": "frozen"}, {"body": "same, it looks like he's high", "created_utc": 1391804636.0, "distinguished": null, "edited": false, "id": "cf9n7ir", "is_submitter": false, "link_id": "t3_1xa72g", "parent_id": "t1_cf9hch8", "permalink": "/r/Frozen/comments/1xa72g/kristoffs_thoughts_during_fixer_upper/cf9n7ir/", "score": 5, "stickied": false, "subreddit_id": "t5_2vpth", "author_name": "baconbroth", "author_id": "cidv2", "subreddit_name": "frozen"}, {"body": "IMHO the song dragged on for way longer than was needed. THAT BITCH IS DYING STOP SINGING.", "created_utc": 1392702210.0, "distinguished": null, "edited": false, "id": "cfi46rj", "is_submitter": false, "link_id": "t3_1xa72g", "parent_id": "t1_cfd4hvy", "permalink": "/r/Frozen/comments/1xa72g/kristoffs_thoughts_during_fixer_upper/cfi46rj/", "score": 9, "stickied": false, "subreddit_id": "t5_2vpth", "author_name": "hewhoreddits6", "author_id": "ayyql", "subreddit_name": "frozen"}, {"body": "Didn't see those! Haha, this movie has so many details.", "created_utc": 1391799649.0, "distinguished": null, "edited": false, "id": "cf9ksnx", "is_submitter": false, "link_id": "t3_1xa72g", "parent_id": "t1_cf9jr1d", "permalink": "/r/Frozen/comments/1xa72g/kristoffs_thoughts_during_fixer_upper/cf9ksnx/", "score": 6, "stickied": false, "subreddit_id": "t5_2vpth", "author_name": "Nolos", "author_id": "dqt7e", "subreddit_name": "frozen"}]