{"clicked": false, "created_utc": 1391791927.0, "distinguished": null, "edited": false, "id": "1xa72g", "is_video": false, "locked": false, "num_comments": 10, "over_18": false, "permalink": "/r/Frozen/comments/1xa72g/kristoffs_thoughts_during_fixer_upper/", "score": 343, "selftext": "", "stickied": false, "subreddit_id": "t5_2vpth", "title": "Kristoff's thoughts during Fixer Upper", "url": "http://i.imgur.com/ZRqCGNo.jpg", "author_name": "Portgas", "author_id": "7kc75", "subreddit_name": "frozen", "upvote_ratio": 0.98}