[{"body": "Elsa in dark colors/black is absolutely gorgeous. I mean, she is in her trademark light blue, but in black, damn.", "created_utc": 1394049054.0, "distinguished": null, "edited": false, "id": "cfv77vs", "is_submitter": false, "link_id": "t3_1zncdt", "parent_id": "t3_1zncdt", "permalink": "/r/Frozen/comments/1zncdt/oscar_sisters/cfv77vs/", "score": 28, "stickied": false, "subreddit_id": "t5_2vpth", "author_name": "HikariOni", "author_id": "75nqx", "subreddit_name": "frozen"}, {"body": "They would have stolen the spotlight on the red carpet, and I wonder if Elsa would have danced at the Governor's Ball, or if she would have just pawned Anna off on someone. ", "created_utc": 1394047288.0, "distinguished": null, "edited": false, "id": "cfv6c5d", "is_submitter": false, "link_id": "t3_1zncdt", "parent_id": "t3_1zncdt", "permalink": "/r/Frozen/comments/1zncdt/oscar_sisters/cfv6c5d/", "score": 20, "stickied": false, "subreddit_id": "t5_2vpth", "author_name": "Phaulty", "author_id": "5x95b", "subreddit_name": "frozen"}, {"body": "Maybe few days too late, but it's still a good piece of art :)\n\nEdit: Gold for a 8 month old comment? Wow", "created_utc": 1394046195.0, "distinguished": null, "edited": 1416879905.0, "id": "cfv5t5v", "is_submitter": true, "link_id": "t3_1zncdt", "parent_id": "t3_1zncdt", "permalink": "/r/Frozen/comments/1zncdt/oscar_sisters/cfv5t5v/", "score": 14, "stickied": false, "subreddit_id": "t5_2vpth", "author_name": "Portgas", "author_id": "7kc75", "subreddit_name": "frozen"}, {"body": "I REALLY like their faces here.\n\nI had a look at the artist's page and he does good work.  Lots of Kristanna for those interested... beware there is NSFW stuff in there.", "created_utc": 1394056414.0, "distinguished": null, "edited": false, "id": "cfvb0kp", "is_submitter": false, "link_id": "t3_1zncdt", "parent_id": "t3_1zncdt", "permalink": "/r/Frozen/comments/1zncdt/oscar_sisters/cfvb0kp/", "score": 13, "stickied": false, "subreddit_id": "t5_2vpth", "author_name": "damocles2501", "author_id": "d3wqx", "subreddit_name": "frozen"}, {"body": "Beautiful piece!", "created_utc": 1394057020.0, "distinguished": null, "edited": false, "id": "cfvbby4", "is_submitter": false, "link_id": "t3_1zncdt", "parent_id": "t3_1zncdt", "permalink": "/r/Frozen/comments/1zncdt/oscar_sisters/cfvbby4/", "score": 5, "stickied": false, "subreddit_id": "t5_2vpth", "author_name": "XLightThief", "author_id": "5o80b", "subreddit_name": "frozen"}, {"body": "Somebody froze John Travolta's pool around the time of the Governor's Ball. I dont suppose any of you ladies would know anything about that...   ", "created_utc": 1394060032.0, "distinguished": null, "edited": false, "id": "cfvct0w", "is_submitter": false, "link_id": "t3_1zncdt", "parent_id": "t3_1zncdt", "permalink": "/r/Frozen/comments/1zncdt/oscar_sisters/cfvct0w/", "score": 5, "stickied": false, "subreddit_id": "t5_2vpth", "author_name": "Guild_Navigator", "author_id": "6v5xw", "subreddit_name": "frozen"}, {"body": "[deleted]", "created_utc": 1394064608.0, "distinguished": null, "edited": false, "id": "cfvevso", "is_submitter": false, "link_id": "t3_1zncdt", "parent_id": "t3_1zncdt", "permalink": "/r/Frozen/comments/1zncdt/oscar_sisters/cfvevso/", "score": 4, "stickied": false, "subreddit_id": "t5_2vpth", "author_name": null, "author_id": null, "subreddit_name": "frozen"}, {"body": "Dat contrast", "created_utc": 1394063777.0, "distinguished": null, "edited": false, "id": "cfveiq0", "is_submitter": false, "link_id": "t3_1zncdt", "parent_id": "t1_cfv77vs", "permalink": "/r/Frozen/comments/1zncdt/oscar_sisters/cfveiq0/", "score": 11, "stickied": false, "subreddit_id": "t5_2vpth", "author_name": "fratticus_maximus", "author_id": "807uj", "subreddit_name": "frozen"}, {"body": "They're wearing the dresses that their VA's wore to the Oscars.", "created_utc": 1394089582.0, "distinguished": null, "edited": false, "id": "cfvox15", "is_submitter": false, "link_id": "t3_1zncdt", "parent_id": "t1_cfv77vs", "permalink": "/r/Frozen/comments/1zncdt/oscar_sisters/cfvox15/", "score": 6, "stickied": false, "subreddit_id": "t5_2vpth", "author_name": "kenba2099", "author_id": "4fubx", "subreddit_name": "frozen"}, {"body": "It is really good, I like the warm colors.", "created_utc": 1394047108.0, "distinguished": null, "edited": false, "id": "cfv68zn", "is_submitter": false, "link_id": "t3_1zncdt", "parent_id": "t1_cfv5t5v", "permalink": "/r/Frozen/comments/1zncdt/oscar_sisters/cfv68zn/", "score": 7, "stickied": false, "subreddit_id": "t5_2vpth", "author_name": "TheKing0fLimbs", "author_id": "d03e0", "subreddit_name": "frozen"}, {"body": "Never too late to see Elsa and Anna :D", "created_utc": 1394070331.0, "distinguished": null, "edited": false, "id": "cfvhebl", "is_submitter": false, "link_id": "t3_1zncdt", "parent_id": "t1_cfv5t5v", "permalink": "/r/Frozen/comments/1zncdt/oscar_sisters/cfvhebl/", "score": 5, "stickied": false, "subreddit_id": "t5_2vpth", "author_name": "teffhk", "author_id": "dyxc8", "subreddit_name": "frozen"}, {"body": "She must be wearing monster heels.", "created_utc": 1394071152.0, "distinguished": null, "edited": false, "id": "cfvhrfk", "is_submitter": false, "link_id": "t3_1zncdt", "parent_id": "t1_cfvevso", "permalink": "/r/Frozen/comments/1zncdt/oscar_sisters/cfvhrfk/", "score": 3, "stickied": false, "subreddit_id": "t5_2vpth", "author_name": "Eriflee", "author_id": "8n6qs", "subreddit_name": "frozen"}]