{"clicked": false, "created_utc": 1394046183.0, "distinguished": null, "edited": false, "id": "1zncdt", "is_video": false, "locked": false, "num_comments": 11, "over_18": false, "permalink": "/r/Frozen/comments/1zncdt/oscar_sisters/", "score": 432, "selftext": "", "stickied": false, "subreddit_id": "t5_2vpth", "title": "Oscar sisters", "url": "http://heiligershadowfax.deviantart.com/art/Congratulations-Frozen-438356041", "author_name": "Portgas", "author_id": "7kc75", "subreddit_name": "frozen", "upvote_ratio": 0.97}