[{"body": "[I prefer this one](http://31.media.tumblr.com/dd2090dc8380b59c7f2cec1b667e64a5/tumblr_n1ul6h79km1ry2wjuo1_500.png)", "created_utc": 1393862538.0, "distinguished": null, "edited": false, "id": "cft9fpn", "is_submitter": false, "link_id": "t3_1zfulg", "parent_id": "t3_1zfulg", "permalink": "/r/Frozen/comments/1zfulg/poor_leo_learning_some_pointers_from_elsa/cft9fpn/", "score": 67, "stickied": false, "subreddit_id": "t5_2vpth", "author_name": "Portgas", "author_id": "7kc75", "subreddit_name": "frozen"}, {"body": "[Leo has a hans moment](http://thedisneyfan.tumblr.com/post/78460516230)", "created_utc": 1393880278.0, "distinguished": null, "edited": false, "id": "cfthvur", "is_submitter": false, "link_id": "t3_1zfulg", "parent_id": "t3_1zfulg", "permalink": "/r/Frozen/comments/1zfulg/poor_leo_learning_some_pointers_from_elsa/cfthvur/", "score": 60, "stickied": false, "subreddit_id": "t5_2vpth", "author_name": "damocles2501", "author_id": "d3wqx", "subreddit_name": "frozen"}, {"body": "this made me laugh hard. I love Leo and think he's a great actor. Hope one day the Oscar is his but HELL YEAH for \"Frozen.\" And...take great pleasure and no shame in knowing the sister of Kristen Anderson-Lopez. :) My kids LOVE the movie, the music and Kristen Bell is one of my favs (Idina, not Adele) too!!", "created_utc": 1393875744.0, "distinguished": null, "edited": false, "id": "cftfm19", "is_submitter": false, "link_id": "t3_1zfulg", "parent_id": "t3_1zfulg", "permalink": "/r/Frozen/comments/1zfulg/poor_leo_learning_some_pointers_from_elsa/cftfm19/", "score": 20, "stickied": false, "subreddit_id": "t5_2vpth", "author_name": null, "author_id": null, "subreddit_name": "frozen"}, {"body": "Haha. Amazing.", "created_utc": 1393874486.0, "distinguished": null, "edited": false, "id": "cfteznf", "is_submitter": false, "link_id": "t3_1zfulg", "parent_id": "t3_1zfulg", "permalink": "/r/Frozen/comments/1zfulg/poor_leo_learning_some_pointers_from_elsa/cfteznf/", "score": 7, "stickied": false, "subreddit_id": "t5_2vpth", "author_name": "lazybutter", "author_id": "73zbx", "subreddit_name": "frozen"}, {"body": "Could anyone be so kind as to tell me briefly what's with Leonardo and pizzas at the Oscars?", "created_utc": 1393898310.0, "distinguished": null, "edited": false, "id": "cftqcvt", "is_submitter": false, "link_id": "t3_1zfulg", "parent_id": "t3_1zfulg", "permalink": "/r/Frozen/comments/1zfulg/poor_leo_learning_some_pointers_from_elsa/cftqcvt/", "score": 5, "stickied": false, "subreddit_id": "t5_2vpth", "author_name": "Eriflee", "author_id": "8n6qs", "subreddit_name": "frozen"}, {"body": "I have the same face now, but just because you used Comic Sans and I'm crying inside.", "created_utc": 1393869107.0, "distinguished": null, "edited": false, "id": "cftce5w", "is_submitter": false, "link_id": "t3_1zfulg", "parent_id": "t3_1zfulg", "permalink": "/r/Frozen/comments/1zfulg/poor_leo_learning_some_pointers_from_elsa/cftce5w/", "score": 16, "stickied": false, "subreddit_id": "t5_2vpth", "author_name": "loopuleasa", "author_id": "4josc", "subreddit_name": "frozen"}, {"body": "Oh my god hahahaha this one's great", "created_utc": 1393867320.0, "distinguished": null, "edited": false, "id": "cftbj63", "is_submitter": false, "link_id": "t3_1zfulg", "parent_id": "t1_cft9fpn", "permalink": "/r/Frozen/comments/1zfulg/poor_leo_learning_some_pointers_from_elsa/cftbj63/", "score": 15, "stickied": false, "subreddit_id": "t5_2vpth", "author_name": "Igneek", "author_id": "9zwlf", "subreddit_name": "frozen"}, {"body": "... I need to go reblog this on tumblr.", "created_utc": 1393879330.0, "distinguished": null, "edited": false, "id": "cfthekb", "is_submitter": false, "link_id": "t3_1zfulg", "parent_id": "t1_cft9fpn", "permalink": "/r/Frozen/comments/1zfulg/poor_leo_learning_some_pointers_from_elsa/cfthekb/", "score": 11, "stickied": false, "subreddit_id": "t5_2vpth", "author_name": "damocles2501", "author_id": "d3wqx", "subreddit_name": "frozen"}, {"body": "Holy sht that is amazing ", "created_utc": 1393880390.0, "distinguished": null, "edited": false, "id": "cfthxvu", "is_submitter": false, "link_id": "t3_1zfulg", "parent_id": "t1_cfthvur", "permalink": "/r/Frozen/comments/1zfulg/poor_leo_learning_some_pointers_from_elsa/cfthxvu/", "score": 11, "stickied": false, "subreddit_id": "t5_2vpth", "author_name": "helllomoto", "author_id": "5p8n9", "subreddit_name": "frozen"}, {"body": "That actually made me LOL", "created_utc": 1393889574.0, "distinguished": null, "edited": false, "id": "cftmdua", "is_submitter": false, "link_id": "t3_1zfulg", "parent_id": "t1_cfthvur", "permalink": "/r/Frozen/comments/1zfulg/poor_leo_learning_some_pointers_from_elsa/cftmdua/", "score": 3, "stickied": false, "subreddit_id": "t5_2vpth", "author_name": null, "author_id": null, "subreddit_name": "frozen"}, {"body": "PWNT.", "created_utc": 1393943277.0, "distinguished": null, "edited": false, "id": "cfu2z0g", "is_submitter": false, "link_id": "t3_1zfulg", "parent_id": "t1_cfthvur", "permalink": "/r/Frozen/comments/1zfulg/poor_leo_learning_some_pointers_from_elsa/cfu2z0g/", "score": 2, "stickied": false, "subreddit_id": "t5_2vpth", "author_name": null, "author_id": null, "subreddit_name": "frozen"}, {"body": "He will get an Oscar soon, he is a great actor.  It took Kate Winslet I think 6 nominations to get an Oscar?", "created_utc": 1393884549.0, "distinguished": null, "edited": false, "id": "cftk0j3", "is_submitter": false, "link_id": "t3_1zfulg", "parent_id": "t1_cftfm19", "permalink": "/r/Frozen/comments/1zfulg/poor_leo_learning_some_pointers_from_elsa/cftk0j3/", "score": 6, "stickied": false, "subreddit_id": "t5_2vpth", "author_name": "baconbroth", "author_id": "cidv2", "subreddit_name": "frozen"}, {"body": "One of Ellen Degeneres' comedic bit from the Oscars was that she said she was going to order pizza for the entire audience. Later on, she actually got a pizza guy to go down to where the audience was, and Ellen helped distribute pizza to various movie stars. Leonardo was one of these movie stars and when he was offered a slice, he declined, and Ellen made a comment along the lines of \"really? how could you not want pizza?\"", "created_utc": 1393901741.0, "distinguished": null, "edited": false, "id": "cftrytx", "is_submitter": false, "link_id": "t3_1zfulg", "parent_id": "t1_cftqcvt", "permalink": "/r/Frozen/comments/1zfulg/poor_leo_learning_some_pointers_from_elsa/cftrytx/", "score": 11, "stickied": false, "subreddit_id": "t5_2vpth", "author_name": "VidPower", "author_id": "93fhp", "subreddit_name": "frozen"}, {"body": "That's literally part of the joke though. Kinda like how doge memes are used only with comic sans.", "created_utc": 1393878821.0, "distinguished": null, "edited": false, "id": "cfth5au", "is_submitter": false, "link_id": "t3_1zfulg", "parent_id": "t1_cftce5w", "permalink": "/r/Frozen/comments/1zfulg/poor_leo_learning_some_pointers_from_elsa/cfth5au/", "score": 25, "stickied": false, "subreddit_id": "t5_2vpth", "author_name": "Rocket_Waffles", "author_id": "cfdw3", "subreddit_name": "frozen"}, {"body": "www.youtube.com/watch?v=OBibXwwLBts :P", "created_utc": 1393880151.0, "distinguished": null, "edited": false, "id": "cfthtip", "is_submitter": false, "link_id": "t3_1zfulg", "parent_id": "t1_cftce5w", "permalink": "/r/Frozen/comments/1zfulg/poor_leo_learning_some_pointers_from_elsa/cfthtip/", "score": 2, "stickied": false, "subreddit_id": "t5_2vpth", "author_name": "existie", "author_id": "6nv8i", "subreddit_name": "frozen"}, {"body": "I'd ask if you need the link, but you're pretty damn good at tracking things down. ", "created_utc": 1393889642.0, "distinguished": null, "edited": false, "id": "cftmeza", "is_submitter": false, "link_id": "t3_1zfulg", "parent_id": "t1_cfthekb", "permalink": "/r/Frozen/comments/1zfulg/poor_leo_learning_some_pointers_from_elsa/cftmeza/", "score": 9, "stickied": false, "subreddit_id": "t5_2vpth", "author_name": "JiForce", "author_id": "5fwj2", "subreddit_name": "frozen"}, {"body": "Leo has been for over 20 nominations already..", "created_utc": 1393921195.0, "distinguished": null, "edited": false, "id": "cftyugp", "is_submitter": false, "link_id": "t3_1zfulg", "parent_id": "t1_cftk0j3", "permalink": "/r/Frozen/comments/1zfulg/poor_leo_learning_some_pointers_from_elsa/cftyugp/", "score": 7, "stickied": false, "subreddit_id": "t5_2vpth", "author_name": "IamVAcer", "author_id": "d3tyl", "subreddit_name": "frozen"}, {"body": "but that's doge memes", "created_utc": 1393879736.0, "distinguished": null, "edited": false, "id": "cfthlxl", "is_submitter": false, "link_id": "t3_1zfulg", "parent_id": "t1_cfth5au", "permalink": "/r/Frozen/comments/1zfulg/poor_leo_learning_some_pointers_from_elsa/cfthlxl/", "score": 10, "stickied": false, "subreddit_id": "t5_2vpth", "author_name": "loopuleasa", "author_id": "4josc", "subreddit_name": "frozen"}, {"body": "heh thanks... I found [the OP](http://macbethoff.tumblr.com/post/78421612696/if-you-dont-mind-me-asking-why-were-people-offended) but he deleted the post from his tumblr.. Apparently people got offended by it :(\n\n[here's a source anyway](http://frozendailydose.tumblr.com/post/78419892054/macbethoff-i-hope-he-can-be-awarded-in-next)\n\nedit: op link fail", "created_utc": 1393891483.0, "distinguished": null, "edited": 1393893713.0, "id": "cftn8ie", "is_submitter": false, "link_id": "t3_1zfulg", "parent_id": "t1_cftmeza", "permalink": "/r/Frozen/comments/1zfulg/poor_leo_learning_some_pointers_from_elsa/cftn8ie/", "score": 6, "stickied": false, "subreddit_id": "t5_2vpth", "author_name": "damocles2501", "author_id": "d3wqx", "subreddit_name": "frozen"}, {"body": "[Academy Awards, no... Everything in total? good gods](http://en.wikipedia.org/wiki/List_of_awards_and_nominations_received_by_Leonardo_DiCaprio#Academy_Awards)...\n", "created_utc": 1393928187.0, "distinguished": null, "edited": false, "id": "cftzzzh", "is_submitter": false, "link_id": "t3_1zfulg", "parent_id": "t1_cftyugp", "permalink": "/r/Frozen/comments/1zfulg/poor_leo_learning_some_pointers_from_elsa/cftzzzh/", "score": 4, "stickied": false, "subreddit_id": "t5_2vpth", "author_name": "damocles2501", "author_id": "d3wqx", "subreddit_name": "frozen"}, {"body": "Kinda hard to explain, but memes of this type are all done with comic sans. It's a tumblr thing, just as greentext is a 4chan thing. ", "created_utc": 1393893055.0, "distinguished": null, "edited": false, "id": "cftnxld", "is_submitter": false, "link_id": "t3_1zfulg", "parent_id": "t1_cfthlxl", "permalink": "/r/Frozen/comments/1zfulg/poor_leo_learning_some_pointers_from_elsa/cftnxld/", "score": 9, "stickied": false, "subreddit_id": "t5_2vpth", "author_name": "Rocket_Waffles", "author_id": "cfdw3", "subreddit_name": "frozen"}, {"body": "Pffffft, if anyone should be offended, it's poor DiCaprio. ", "created_utc": 1393893542.0, "distinguished": null, "edited": false, "id": "cfto5hj", "is_submitter": false, "link_id": "t3_1zfulg", "parent_id": "t1_cftn8ie", "permalink": "/r/Frozen/comments/1zfulg/poor_leo_learning_some_pointers_from_elsa/cfto5hj/", "score": 3, "stickied": false, "subreddit_id": "t5_2vpth", "author_name": "JiForce", "author_id": "5fwj2", "subreddit_name": "frozen"}, {"body": "doge memes and the comic sans thing actually originated on 4chan too lol", "created_utc": 1402641310.0, "distinguished": null, "edited": false, "id": "ci6dvrr", "is_submitter": false, "link_id": "t3_1zfulg", "parent_id": "t1_cftnxld", "permalink": "/r/Frozen/comments/1zfulg/poor_leo_learning_some_pointers_from_elsa/ci6dvrr/", "score": 1, "stickied": false, "subreddit_id": "t5_2vpth", "author_name": null, "author_id": null, "subreddit_name": "frozen"}, {"body": "I only know of doge memes that use that", "created_utc": 1393927061.0, "distinguished": null, "edited": false, "id": "cftzu21", "is_submitter": false, "link_id": "t3_1zfulg", "parent_id": "t1_cftnxld", "permalink": "/r/Frozen/comments/1zfulg/poor_leo_learning_some_pointers_from_elsa/cftzu21/", "score": 0, "stickied": false, "subreddit_id": "t5_2vpth", "author_name": "loopuleasa", "author_id": "4josc", "subreddit_name": "frozen"}]