{"clicked": false, "created_utc": 1393861683.0, "distinguished": null, "edited": false, "id": "1zfulg", "is_video": false, "locked": false, "num_comments": 24, "over_18": false, "permalink": "/r/Frozen/comments/1zfulg/poor_leo_learning_some_pointers_from_elsa/", "score": 769, "selftext": "", "stickied": false, "subreddit_id": "t5_2vpth", "title": "Poor Leo learning some pointers from Elsa.", "url": "http://i.imgur.com/BlVGEB3.jpg", "author_name": "Georgie_Kay", "author_id": "bv5p0", "subreddit_name": "frozen", "upvote_ratio": 0.97}