[{"body": "[much better version, imo](http://i.imgur.com/WkTH7th.jpg)", "created_utc": 1390363089.0, "distinguished": null, "edited": false, "id": "cevond7", "is_submitter": false, "link_id": "t3_1vto3n", "parent_id": "t3_1vto3n", "permalink": "/r/Frozen/comments/1vto3n/gosh_darnit_hans/cevond7/", "score": 19, "stickied": false, "subreddit_id": "t5_2vpth", "author_name": "Jokey665", "author_id": "4r8mh", "subreddit_name": "frozen"}, {"body": "I see him as more of a Scar, since he isn't the heir. ", "created_utc": 1390367154.0, "distinguished": null, "edited": false, "id": "cevqc4n", "is_submitter": false, "link_id": "t3_1vto3n", "parent_id": "t3_1vto3n", "permalink": "/r/Frozen/comments/1vto3n/gosh_darnit_hans/cevqc4n/", "score": 5, "stickied": false, "subreddit_id": "t5_2vpth", "author_name": "Anika_Nova", "author_id": "ca3p5", "subreddit_name": "frozen"}, {"body": "Oh sweet lord, I haven't seen something so disturbing in a long time.\n\n^(but very amusing)", "created_utc": 1390426413.0, "distinguished": null, "edited": false, "id": "cew99cp", "is_submitter": false, "link_id": "t3_1vto3n", "parent_id": "t3_1vto3n", "permalink": "/r/Frozen/comments/1vto3n/gosh_darnit_hans/cew99cp/", "score": 3, "stickied": false, "subreddit_id": "t5_2vpth", "author_name": "AllPraisePabu", "author_id": "7vxxu", "subreddit_name": "frozen"}, {"body": "His red eyes terrify me. ", "created_utc": 1390380555.0, "distinguished": null, "edited": false, "id": "cevtwj6", "is_submitter": false, "link_id": "t3_1vto3n", "parent_id": "t1_cevond7", "permalink": "/r/Frozen/comments/1vto3n/gosh_darnit_hans/cevtwj6/", "score": 4, "stickied": false, "subreddit_id": "t5_2vpth", "author_name": "JiForce", "author_id": "5fwj2", "subreddit_name": "frozen"}]