[{"body": "The horrific distortion of his face still terrifies me.", "created_utc": 1392331918.0, "distinguished": null, "edited": false, "id": "cfepf2q", "is_submitter": false, "link_id": "t3_1xuewz", "parent_id": "t3_1xuewz", "permalink": "/r/Frozen/comments/1xuewz/i_like_how_disney_made_it_a_punch_and_not_a_slap/cfepf2q/", "score": 43, "stickied": false, "subreddit_id": "t5_2vpth", "author_name": "AdultSupervision", "author_id": "ej121", "subreddit_name": "frozen"}, {"body": "He arches. ARCHES. HOW STRONG IS SHE.", "created_utc": 1392335559.0, "distinguished": null, "edited": false, "id": "cfer4n2", "is_submitter": false, "link_id": "t3_1xuewz", "parent_id": "t3_1xuewz", "permalink": "/r/Frozen/comments/1xuewz/i_like_how_disney_made_it_a_punch_and_not_a_slap/cfer4n2/", "score": 23, "stickied": false, "subreddit_id": "t5_2vpth", "author_name": "askingxalice", "author_id": "dtcex", "subreddit_name": "frozen"}, {"body": "As much as like this. [Better version](http://arrendelle.tumblr.com/post/74419362371)", "created_utc": 1392338425.0, "distinguished": null, "edited": false, "id": "cfesfqz", "is_submitter": false, "link_id": "t3_1xuewz", "parent_id": "t3_1xuewz", "permalink": "/r/Frozen/comments/1xuewz/i_like_how_disney_made_it_a_punch_and_not_a_slap/cfesfqz/", "score": 11, "stickied": false, "subreddit_id": "t5_2vpth", "author_name": "Thaneofthunder", "author_id": "evyma", "subreddit_name": "frozen"}, {"body": "This is like the 5th time this gif has been posted to this sub. Everyone has seen it.", "created_utc": 1392332323.0, "distinguished": null, "edited": false, "id": "cfepmai", "is_submitter": false, "link_id": "t3_1xuewz", "parent_id": "t3_1xuewz", "permalink": "/r/Frozen/comments/1xuewz/i_like_how_disney_made_it_a_punch_and_not_a_slap/cfepmai/", "score": -11, "stickied": false, "subreddit_id": "t5_2vpth", "author_name": "TomRad", "author_id": "c3lmi", "subreddit_name": "frozen"}, {"body": "Its actually a basic animation principle of squash and stretch. ", "created_utc": 1392403072.0, "distinguished": null, "edited": false, "id": "cffcz3n", "is_submitter": false, "link_id": "t3_1xuewz", "parent_id": "t1_cfepf2q", "permalink": "/r/Frozen/comments/1xuewz/i_like_how_disney_made_it_a_punch_and_not_a_slap/cffcz3n/", "score": 9, "stickied": false, "subreddit_id": "t5_2vpth", "author_name": "Aurora_B", "author_id": "525hv", "subreddit_name": "frozen"}, {"body": "I just noticed that. Is it like that in the movie? I can't stop seeing it now.", "created_utc": 1392357281.0, "distinguished": null, "edited": false, "id": "cff08dx", "is_submitter": false, "link_id": "t3_1xuewz", "parent_id": "t1_cfepf2q", "permalink": "/r/Frozen/comments/1xuewz/i_like_how_disney_made_it_a_punch_and_not_a_slap/cff08dx/", "score": 3, "stickied": false, "subreddit_id": "t5_2vpth", "author_name": "juliaworm", "author_id": "6tfh4", "subreddit_name": "frozen"}, {"body": "She's got to be hulk kinds of strong because she doesn't even put much shoulder into it. ", "created_utc": 1392338048.0, "distinguished": null, "edited": false, "id": "cfes9p5", "is_submitter": false, "link_id": "t3_1xuewz", "parent_id": "t1_cfer4n2", "permalink": "/r/Frozen/comments/1xuewz/i_like_how_disney_made_it_a_punch_and_not_a_slap/cfes9p5/", "score": 18, "stickied": false, "subreddit_id": "t5_2vpth", "author_name": "ProMarshmallo", "author_id": "8e8d0", "subreddit_name": "frozen"}, {"body": "Ahh-hahaha oh man that's hilarious.", "created_utc": 1392378445.0, "distinguished": null, "edited": false, "id": "cff4eia", "is_submitter": false, "link_id": "t3_1xuewz", "parent_id": "t1_cfesfqz", "permalink": "/r/Frozen/comments/1xuewz/i_like_how_disney_made_it_a_punch_and_not_a_slap/cff4eia/", "score": 2, "stickied": false, "subreddit_id": "t5_2vpth", "author_name": null, "author_id": null, "subreddit_name": "frozen"}, {"body": "Of course everyone's seen it. It's in the movie. ", "created_utc": 1392337797.0, "distinguished": null, "edited": false, "id": "cfes5l2", "is_submitter": true, "link_id": "t3_1xuewz", "parent_id": "t1_cfepmai", "permalink": "/r/Frozen/comments/1xuewz/i_like_how_disney_made_it_a_punch_and_not_a_slap/cfes5l2/", "score": 54, "stickied": false, "subreddit_id": "t5_2vpth", "author_name": "JamesAQuintero", "author_id": "7gthv", "subreddit_name": "frozen"}, {"body": "Yes. Oh my god I'm so sorry you'll never be able to enjoy this scene again.", "created_utc": 1392358542.0, "distinguished": null, "edited": false, "id": "cff0mc0", "is_submitter": false, "link_id": "t3_1xuewz", "parent_id": "t1_cff08dx", "permalink": "/r/Frozen/comments/1xuewz/i_like_how_disney_made_it_a_punch_and_not_a_slap/cff0mc0/", "score": 6, "stickied": false, "subreddit_id": "t5_2vpth", "author_name": "AdultSupervision", "author_id": "ej121", "subreddit_name": "frozen"}, {"body": "Anna\n\n1) Throws a bronze bust *across a room.* BY ACCIDENT. With enough energy for it to land *on top of a cake.*\n\n2) Repeatedly jumps insanely high during \"For The First Time In Forever.\"\n\n3) Is able to hang on to a banister while sliding in a tight spiral down several flights of stairs nearly as fast has she could run. \n\n4) Throws a snowball hard enough for it to cross the chasm in front of Elsa's palace and a ~~12ish~~ 20-30ish foot high snow golem on the head. \n\n5) Punch Hans hard enough for him to *fall over backward.*\n\nAnna is WAY stronger than she looks. ", "created_utc": 1392403432.0, "distinguished": null, "edited": 1392420074.0, "id": "cffd53c", "is_submitter": false, "link_id": "t3_1xuewz", "parent_id": "t1_cfes9p5", "permalink": "/r/Frozen/comments/1xuewz/i_like_how_disney_made_it_a_punch_and_not_a_slap/cffd53c/", "score": 12, "stickied": false, "subreddit_id": "t5_2vpth", "author_name": null, "author_id": null, "subreddit_name": "frozen"}, {"body": "And lets not just forget how she just pulled a tree down and up onto Marshmallow. I think if Elsa has ice powers, Anna has super strength.", "created_utc": 1392338467.0, "distinguished": null, "edited": false, "id": "cfesger", "is_submitter": false, "link_id": "t3_1xuewz", "parent_id": "t1_cfes9p5", "permalink": "/r/Frozen/comments/1xuewz/i_like_how_disney_made_it_a_punch_and_not_a_slap/cfesger/", "score": 14, "stickied": false, "subreddit_id": "t5_2vpth", "author_name": "askingxalice", "author_id": "dtcex", "subreddit_name": "frozen"}, {"body": "Best comeback i've Seen Here so far.", "created_utc": 1392363072.0, "distinguished": null, "edited": false, "id": "cff1tqk", "is_submitter": false, "link_id": "t3_1xuewz", "parent_id": "t1_cfes5l2", "permalink": "/r/Frozen/comments/1xuewz/i_like_how_disney_made_it_a_punch_and_not_a_slap/cff1tqk/", "score": 14, "stickied": false, "subreddit_id": "t5_2vpth", "author_name": "Nolos", "author_id": "dqt7e", "subreddit_name": "frozen"}, {"body": "Marshmallow is probably 20-30 feet. 12 just seems pretty short.", "created_utc": 1392417046.0, "distinguished": null, "edited": false, "id": "cffjc17", "is_submitter": true, "link_id": "t3_1xuewz", "parent_id": "t1_cffd53c", "permalink": "/r/Frozen/comments/1xuewz/i_like_how_disney_made_it_a_punch_and_not_a_slap/cffjc17/", "score": 4, "stickied": false, "subreddit_id": "t5_2vpth", "author_name": "JamesAQuintero", "author_id": "7gthv", "subreddit_name": "frozen"}, {"body": "I believe the tree was already pulled down by snow and she simply let it go.", "created_utc": 1392341288.0, "distinguished": null, "edited": false, "id": "cfetps9", "is_submitter": false, "link_id": "t3_1xuewz", "parent_id": "t1_cfesger", "permalink": "/r/Frozen/comments/1xuewz/i_like_how_disney_made_it_a_punch_and_not_a_slap/cfetps9/", "score": 42, "stickied": false, "subreddit_id": "t5_2vpth", "author_name": "NotUnusualYet", "author_id": "5pezz", "subreddit_name": "frozen"}, {"body": "There's a minor AU fanon about superstrength Anna actually. It pops up on Tumblr from time to time. ", "created_utc": 1392342320.0, "distinguished": null, "edited": false, "id": "cfeu5is", "is_submitter": false, "link_id": "t3_1xuewz", "parent_id": "t1_cfesger", "permalink": "/r/Frozen/comments/1xuewz/i_like_how_disney_made_it_a_punch_and_not_a_slap/cfeu5is/", "score": 7, "stickied": false, "subreddit_id": "t5_2vpth", "author_name": "JiForce", "author_id": "5fwj2", "subreddit_name": "frozen"}, {"body": "No, Anna's power is her ridiculous hang time. Not even Michael Jordan could float like she does during the FTFTIF number.", "created_utc": 1392355919.0, "distinguished": null, "edited": 1392356711.0, "id": "cfezrul", "is_submitter": false, "link_id": "t3_1xuewz", "parent_id": "t1_cfesger", "permalink": "/r/Frozen/comments/1xuewz/i_like_how_disney_made_it_a_punch_and_not_a_slap/cfezrul/", "score": 3, "stickied": false, "subreddit_id": "t5_2vpth", "author_name": "throwaway32443543", "author_id": "ewust", "subreddit_name": "frozen"}, {"body": "Fair enough\n", "created_utc": 1392419939.0, "distinguished": null, "edited": false, "id": "cffkjkd", "is_submitter": false, "link_id": "t3_1xuewz", "parent_id": "t1_cffjc17", "permalink": "/r/Frozen/comments/1xuewz/i_like_how_disney_made_it_a_punch_and_not_a_slap/cffkjkd/", "score": 1, "stickied": false, "subreddit_id": "t5_2vpth", "author_name": null, "author_id": null, "subreddit_name": "frozen"}, {"body": "[deleted]", "created_utc": 1392352953.0, "distinguished": null, "edited": false, "id": "cfeynsv", "is_submitter": false, "link_id": "t3_1xuewz", "parent_id": "t1_cfetps9", "permalink": "/r/Frozen/comments/1xuewz/i_like_how_disney_made_it_a_punch_and_not_a_slap/cfeynsv/", "score": 33, "stickied": false, "subreddit_id": "t5_2vpth", "author_name": null, "author_id": null, "subreddit_name": "frozen"}, {"body": "Oh wow, awesome :D Do you have a link?", "created_utc": 1392342559.0, "distinguished": null, "edited": false, "id": "cfeu96i", "is_submitter": false, "link_id": "t3_1xuewz", "parent_id": "t1_cfeu5is", "permalink": "/r/Frozen/comments/1xuewz/i_like_how_disney_made_it_a_punch_and_not_a_slap/cfeu96i/", "score": 4, "stickied": false, "subreddit_id": "t5_2vpth", "author_name": "askingxalice", "author_id": "dtcex", "subreddit_name": "frozen"}, {"body": "Okay bye", "created_utc": 1392356440.0, "distinguished": null, "edited": false, "id": "cfezyex", "is_submitter": false, "link_id": "t3_1xuewz", "parent_id": "t1_cfeynsv", "permalink": "/r/Frozen/comments/1xuewz/i_like_how_disney_made_it_a_punch_and_not_a_slap/cfezyex/", "score": 36, "stickied": false, "subreddit_id": "t5_2vpth", "author_name": "Gigablah", "author_id": "4ab4q", "subreddit_name": "frozen"}, {"body": "*knock knock* Do you wanna start a pun thread?", "created_utc": 1392380890.0, "distinguished": null, "edited": false, "id": "cff4t4c", "is_submitter": false, "link_id": "t3_1xuewz", "parent_id": "t1_cfezyex", "permalink": "/r/Frozen/comments/1xuewz/i_like_how_disney_made_it_a_punch_and_not_a_slap/cff4t4c/", "score": 12, "stickied": false, "subreddit_id": "t5_2vpth", "author_name": "Chaos20X6", "author_id": "9oiph", "subreddit_name": "frozen"}, {"body": "C'mon, it's more word play...\nI rarely see puns any more,\nMy friends a bores,\nIt's like they hate word play.", "created_utc": 1392390424.0, "distinguished": null, "edited": 1392390726.0, "id": "cff7fde", "is_submitter": false, "link_id": "t3_1xuewz", "parent_id": "t1_cff4t4c", "permalink": "/r/Frozen/comments/1xuewz/i_like_how_disney_made_it_a_punch_and_not_a_slap/cff7fde/", "score": 11, "stickied": false, "subreddit_id": "t5_2vpth", "author_name": "anem0ne", "author_id": "6s9gg", "subreddit_name": "frozen"}]