{"clicked": false, "created_utc": 1392331766.0, "distinguished": null, "edited": false, "id": "1xuewz", "is_video": false, "locked": false, "num_comments": 22, "over_18": false, "permalink": "/r/Frozen/comments/1xuewz/i_like_how_disney_made_it_a_punch_and_not_a_slap/", "score": 154, "selftext": "", "stickied": false, "subreddit_id": "t5_2vpth", "title": "I like how Disney made it a punch and not a slap. That's a good punch too.", "url": "http://25.media.tumblr.com/8e74b0057c27b775a0514fccdfbf7413/tumblr_mzu9dcRp5f1r29n83o1_250.gif", "author_name": "JamesAQuintero", "author_id": "7gthv", "subreddit_name": "frozen", "upvote_ratio": 0.95}