[{"body": "This is hilarious, I'm in tears", "created_utc": 1390198307.0, "distinguished": null, "edited": false, "id": "ceu0pvj", "is_submitter": false, "link_id": "t3_1vnfhu", "parent_id": "t3_1vnfhu", "permalink": "/r/Frozen/comments/1vnfhu/what_hans_was_actually_thinking_during_love_is_an/ceu0pvj/", "score": 136, "stickied": false, "subreddit_id": "t5_2vpth", "author_name": "Fonzies", "author_id": "bofcr", "subreddit_name": "frozen"}, {"body": "i love his face in the last panel. it's like \"I can't believe I'm saying this stupid shit\"", "created_utc": 1390199210.0, "distinguished": null, "edited": false, "id": "ceu10v7", "is_submitter": false, "link_id": "t3_1vnfhu", "parent_id": "t3_1vnfhu", "permalink": "/r/Frozen/comments/1vnfhu/what_hans_was_actually_thinking_during_love_is_an/ceu10v7/", "score": 96, "stickied": false, "subreddit_id": "t5_2vpth", "author_name": "plundyman", "author_id": "cnare", "subreddit_name": "frozen"}, {"body": "Ever since I noticed his reaction, this has been pretty much what my headcannon is. If he hadn't before, this is when he really realizes how naive/stupid she can be.", "created_utc": 1390243848.0, "distinguished": null, "edited": false, "id": "ceudemo", "is_submitter": false, "link_id": "t3_1vnfhu", "parent_id": "t3_1vnfhu", "permalink": "/r/Frozen/comments/1vnfhu/what_hans_was_actually_thinking_during_love_is_an/ceudemo/", "score": 57, "stickied": false, "subreddit_id": "t5_2vpth", "author_name": "Pioneer1111", "author_id": "9jvpm", "subreddit_name": "frozen"}, {"body": "It is really funny to watch the movie again and really pay attention to Hans. They put in tons of really subtle clues that he isn't quite what he is presenting himself as. ", "created_utc": 1390275809.0, "distinguished": null, "edited": false, "id": "ceus7op", "is_submitter": false, "link_id": "t3_1vnfhu", "parent_id": "t3_1vnfhu", "permalink": "/r/Frozen/comments/1vnfhu/what_hans_was_actually_thinking_during_love_is_an/ceus7op/", "score": 46, "stickied": false, "subreddit_id": "t5_2vpth", "author_name": "toychristopher", "author_id": "6mhhj", "subreddit_name": "frozen"}, {"body": "Also when he says \"his own place\" he points to her kingdom... DEAD GIVEAWAY.", "created_utc": 1390322799.0, "distinguished": null, "edited": 1390428339.0, "id": "cev5bfw", "is_submitter": false, "link_id": "t3_1vnfhu", "parent_id": "t3_1vnfhu", "permalink": "/r/Frozen/comments/1vnfhu/what_hans_was_actually_thinking_during_love_is_an/cev5bfw/", "score": 37, "stickied": false, "subreddit_id": "t5_2vpth", "author_name": "bacera", "author_id": "9326v", "subreddit_name": "frozen"}, {"body": "Showed my sister, she is still crying\n\nThis is hysterical", "created_utc": 1390268523.0, "distinguished": null, "edited": false, "id": "ceuoubu", "is_submitter": false, "link_id": "t3_1vnfhu", "parent_id": "t3_1vnfhu", "permalink": "/r/Frozen/comments/1vnfhu/what_hans_was_actually_thinking_during_love_is_an/ceuoubu/", "score": 14, "stickied": false, "subreddit_id": "t5_2vpth", "author_name": "HoboBrute", "author_id": "bdxpj", "subreddit_name": "frozen"}, {"body": "Hah, I'm late with this but I just watched the movie and am on a Frozen content spree.\n\nThis is actually one of the things that went through my mind after Hans' reveal. I was thinking \"That bastard, he probably meant to say *sentences* back then.\" ", "created_utc": 1394315045.0, "distinguished": null, "edited": false, "id": "cfxqsms", "is_submitter": false, "link_id": "t3_1vnfhu", "parent_id": "t3_1vnfhu", "permalink": "/r/Frozen/comments/1vnfhu/what_hans_was_actually_thinking_during_love_is_an/cfxqsms/", "score": 9, "stickied": false, "subreddit_id": "t5_2vpth", "author_name": "divinesleeper", "author_id": "6aqf9", "subreddit_name": "frozen"}, {"body": "This is the best thing I have read all day thank you for making my day not so terrible ", "created_utc": 1400358297.0, "distinguished": null, "edited": false, "id": "chkiq0q", "is_submitter": false, "link_id": "t3_1vnfhu", "parent_id": "t3_1vnfhu", "permalink": "/r/Frozen/comments/1vnfhu/what_hans_was_actually_thinking_during_love_is_an/chkiq0q/", "score": 2, "stickied": false, "subreddit_id": "t5_2vpth", "author_name": "PepperRica", "author_id": "ghmuf", "subreddit_name": "frozen"}, {"body": "One of the things you get when you rewatch the movie. :) ", "created_utc": 1396402653.0, "distinguished": null, "edited": false, "id": "cghtd22", "is_submitter": false, "link_id": "t3_1vnfhu", "parent_id": "t3_1vnfhu", "permalink": "/r/Frozen/comments/1vnfhu/what_hans_was_actually_thinking_during_love_is_an/cghtd22/", "score": 1, "stickied": false, "subreddit_id": "t5_2vpth", "author_name": "sluttyrobot", "author_id": "ecv4t", "subreddit_name": "frozen"}, {"body": "After five rereads of this photo set, I'm still laughing inappropriately hard. \n\nConfirmed: I'm a terrible person. ", "created_utc": 1390199428.0, "distinguished": null, "edited": false, "id": "ceu13ei", "is_submitter": true, "link_id": "t3_1vnfhu", "parent_id": "t1_ceu0pvj", "permalink": "/r/Frozen/comments/1vnfhu/what_hans_was_actually_thinking_during_love_is_an/ceu13ei/", "score": 68, "stickied": false, "subreddit_id": "t5_2vpth", "author_name": "JiForce", "author_id": "5fwj2", "subreddit_name": "frozen"}, {"body": "\"So help me, if you weren't essential to my evil plan, I'd strangle the shit out of you.\"", "created_utc": 1390203551.0, "distinguished": null, "edited": false, "id": "ceu2abq", "is_submitter": true, "link_id": "t3_1vnfhu", "parent_id": "t1_ceu10v7", "permalink": "/r/Frozen/comments/1vnfhu/what_hans_was_actually_thinking_during_love_is_an/ceu2abq/", "score": 81, "stickied": false, "subreddit_id": "t5_2vpth", "author_name": "JiForce", "author_id": "5fwj2", "subreddit_name": "frozen"}, {"body": "Can you give some examples? I tried watching Hans more on my second viewing but there didn't seem to be any clues.", "created_utc": 1392473966.0, "distinguished": null, "edited": false, "id": "cffyf3z", "is_submitter": false, "link_id": "t3_1vnfhu", "parent_id": "t1_ceus7op", "permalink": "/r/Frozen/comments/1vnfhu/what_hans_was_actually_thinking_during_love_is_an/cffyf3z/", "score": 18, "stickied": false, "subreddit_id": "t5_2vpth", "author_name": null, "author_id": null, "subreddit_name": "frozen"}, {"body": "There are actually quite a few great discussions on Hans's character and its subtleties on the subreddit already. If you run a search for just \"Hans\" and pay special attention to the self-posts, I think you'll find them pretty informative. There are also a couple of linked analyses of his character too that you should keep an eye out for. \n\nStuff to note:\n\n* gloves\n\n* his mirroring during Love is an Open Door\n\n* purposely redirecting the crossbowman to shoot the chandelier in Elsa's ice castle\n\n* his ability to be a social chameleon by saying the right things to everyone\n\n* his facial expressions at various points in the film (eg: he shits himself with glee when Anna leaves him in charge)\n\n* those sideburns ^(kidding. Aren't they awesome though?)", "created_utc": 1392552115.0, "distinguished": null, "edited": false, "id": "cfgmyxt", "is_submitter": true, "link_id": "t3_1vnfhu", "parent_id": "t1_cffyf3z", "permalink": "/r/Frozen/comments/1vnfhu/what_hans_was_actually_thinking_during_love_is_an/cfgmyxt/", "score": 40, "stickied": false, "subreddit_id": "t5_2vpth", "author_name": "JiForce", "author_id": "5fwj2", "subreddit_name": "frozen"}]