{"clicked": false, "created_utc": 1390195460.0, "distinguished": null, "edited": false, "id": "1vnfhu", "is_video": false, "locked": false, "num_comments": 13, "over_18": false, "permalink": "/r/Frozen/comments/1vnfhu/what_hans_was_actually_thinking_during_love_is_an/", "score": 1072, "selftext": "", "stickied": false, "subreddit_id": "t5_2vpth", "title": "What Hans was actually thinking during Love Is An Open Door. So sweet...", "url": "http://shutupshea.tumblr.com/post/73847579599/hans-a-summary-the-sequel-partial-credit-to", "author_name": "JiForce", "author_id": "5fwj2", "subreddit_name": "frozen", "upvote_ratio": 0.99}