[{"body": "Now I'm glad I'm not the only one thinking about Frozone while watching the movie.", "created_utc": 1391042772.0, "distinguished": null, "edited": false, "id": "cf2a1ap", "is_submitter": false, "link_id": "t3_1wfuwn", "parent_id": "t3_1wfuwn", "permalink": "/r/Frozen/comments/1wfuwn/oh_anna/cf2a1ap/", "score": 13, "stickied": false, "subreddit_id": "t5_2vpth", "author_name": "Sepiolith", "author_id": "dzcww", "subreddit_name": "frozen"}, {"body": "I can just imagine Frozone's wife yelling at him to go build a snowman with Anna. :P\n", "created_utc": 1391181610.0, "distinguished": null, "edited": false, "id": "cf3m2yb", "is_submitter": false, "link_id": "t3_1wfuwn", "parent_id": "t3_1wfuwn", "permalink": "/r/Frozen/comments/1wfuwn/oh_anna/cf3m2yb/", "score": 4, "stickied": false, "subreddit_id": "t5_2vpth", "author_name": "KaptainK27", "author_id": "f0vwg", "subreddit_name": "frozen"}, {"body": "Right! Every time sometime mentions Jack Frost in relation to Frozen I can't help but think \"how have you all forgotten about Samuel L. Jackson?\"", "created_utc": 1391106263.0, "distinguished": null, "edited": false, "id": "cf2v7ma", "is_submitter": false, "link_id": "t3_1wfuwn", "parent_id": "t1_cf2a1ap", "permalink": "/r/Frozen/comments/1wfuwn/oh_anna/cf2v7ma/", "score": 8, "stickied": false, "subreddit_id": "t5_2vpth", "author_name": "MilanoMongoose", "author_id": "cse66", "subreddit_name": "frozen"}, {"body": "[deleted]  \n\n  > This comment has been overwritten by [this open source script](https://greasyfork.org/en/scripts/10380-reddit-overwrite) to protect this user&apos;s privacy.  The purpose of this script is to help protect users from doxing, stalking, and harassment. It also helps prevent mods from profiling and censoring.  \n\n  > If you would like to protect yourself, add the Chrome extension [TamperMonkey](https://chrome.google.com/webstore/detail/tampermonkey/dhdgffkkebhmkfjojejmpbldmpobfkfo), or the Firefox extension [GreaseMonkey](https://addons.mozilla.org/en-us/firefox/addon/greasemonkey/) and click Install This Script on [the script](https://greasyfork.org/en/scripts/10380-reddit-overwrite) page.  Then to delete your comments, simply click on your username on Reddit, go to the comments tab, scroll down as far as possible (hint: use [RES](http://www.redditenhancementsuite.com/)), and hit the new OVERWRITE button at the top.", "created_utc": 1391044500.0, "distinguished": null, "edited": 1472296629.0, "id": "cf2atqf", "is_submitter": false, "link_id": "t3_1wfuwn", "parent_id": "t1_cf2a1ap", "permalink": "/r/Frozen/comments/1wfuwn/oh_anna/cf2atqf/", "score": 3, "stickied": false, "subreddit_id": "t5_2vpth", "author_name": null, "author_id": null, "subreddit_name": "frozen"}, {"body": "Frozonen", "created_utc": 1391044538.0, "distinguished": null, "edited": false, "id": "cf2aud1", "is_submitter": false, "link_id": "t3_1wfuwn", "parent_id": "t1_cf2atqf", "permalink": "/r/Frozen/comments/1wfuwn/oh_anna/cf2aud1/", "score": 3, "stickied": false, "subreddit_id": "t5_2vpth", "author_name": "Soyyos", "author_id": "amrp0", "subreddit_name": "frozen"}]