[{"body": "I took 3 screenshots from the movie and blended them together to remove Hans completely from this shot... for a very sad isolated scene.", "created_utc": 1393458024.0, "distinguished": null, "edited": false, "id": "cfplrq1", "is_submitter": true, "link_id": "t3_1z1bls", "parent_id": "t3_1z1bls", "permalink": "/r/Frozen/comments/1z1bls/the_skys_awake_but_i_am_frozen/cfplrq1/", "score": 17, "stickied": false, "subreddit_id": "t5_2vpth", "author_name": "HamTake", "author_id": "al6pn", "subreddit_name": "frozen"}, {"body": "Can we remove hans like that from the whole movie?", "created_utc": 1393463421.0, "distinguished": null, "edited": false, "id": "cfpo6tt", "is_submitter": false, "link_id": "t3_1z1bls", "parent_id": "t3_1z1bls", "permalink": "/r/Frozen/comments/1z1bls/the_skys_awake_but_i_am_frozen/cfpo6tt/", "score": 16, "stickied": false, "subreddit_id": "t5_2vpth", "author_name": "gdkitty", "author_id": "8payt", "subreddit_name": "frozen"}, {"body": "WHY DO YOU DO THIS TO ME.", "created_utc": 1393459423.0, "distinguished": null, "edited": false, "id": "cfpmepy", "is_submitter": false, "link_id": "t3_1z1bls", "parent_id": "t3_1z1bls", "permalink": "/r/Frozen/comments/1z1bls/the_skys_awake_but_i_am_frozen/cfpmepy/", "score": 15, "stickied": false, "subreddit_id": "t5_2vpth", "author_name": "HikariOni", "author_id": "75nqx", "subreddit_name": "frozen"}, {"body": "Thanks for this, Satan. ", "created_utc": 1393466564.0, "distinguished": null, "edited": false, "id": "cfpplo3", "is_submitter": false, "link_id": "t3_1z1bls", "parent_id": "t3_1z1bls", "permalink": "/r/Frozen/comments/1z1bls/the_skys_awake_but_i_am_frozen/cfpplo3/", "score": 10, "stickied": false, "subreddit_id": "t5_2vpth", "author_name": "DarkPonyRising", "author_id": "8j4t2", "subreddit_name": "frozen"}, {"body": "Oh this actually makes for a good wallpaper!", "created_utc": 1393462917.0, "distinguished": null, "edited": false, "id": "cfpnyta", "is_submitter": false, "link_id": "t3_1z1bls", "parent_id": "t3_1z1bls", "permalink": "/r/Frozen/comments/1z1bls/the_skys_awake_but_i_am_frozen/cfpnyta/", "score": 9, "stickied": false, "subreddit_id": "t5_2vpth", "author_name": null, "author_id": null, "subreddit_name": "frozen"}, {"body": "Excuse me, I just need to ^sit^right^over^here^*sobs*", "created_utc": 1393471081.0, "distinguished": null, "edited": false, "id": "cfpro22", "is_submitter": false, "link_id": "t3_1z1bls", "parent_id": "t3_1z1bls", "permalink": "/r/Frozen/comments/1z1bls/the_skys_awake_but_i_am_frozen/cfpro22/", "score": 6, "stickied": false, "subreddit_id": "t5_2vpth", "author_name": "Zephusa", "author_id": "cq16a", "subreddit_name": "frozen"}, {"body": "This...the most beautiful and emotionally stunning scene in the whole movie. This scene took my breath away. Now excuse me for a moment.^sniff", "created_utc": 1393481616.0, "distinguished": null, "edited": false, "id": "cfpvyyy", "is_submitter": false, "link_id": "t3_1z1bls", "parent_id": "t3_1z1bls", "permalink": "/r/Frozen/comments/1z1bls/the_skys_awake_but_i_am_frozen/cfpvyyy/", "score": 4, "stickied": false, "subreddit_id": "t5_2vpth", "author_name": "FelixBlue", "author_id": "fca2h", "subreddit_name": "frozen"}, {"body": "THIS WEEK AT THE TOP OF THE \"NOT OK LIST\" - THIS POST", "created_utc": 1393473244.0, "distinguished": null, "edited": false, "id": "cfpsnj6", "is_submitter": false, "link_id": "t3_1z1bls", "parent_id": "t3_1z1bls", "permalink": "/r/Frozen/comments/1z1bls/the_skys_awake_but_i_am_frozen/cfpsnj6/", "score": 3, "stickied": false, "subreddit_id": "t5_2vpth", "author_name": "potatoshape", "author_id": "9ac71", "subreddit_name": "frozen"}, {"body": "So yea.. I'm on the train trying to hold back manly tears and this old dude is staring at me like I'm some crazy guy.\n\nThanks OP - thanks alot!!", "created_utc": 1393488165.0, "distinguished": null, "edited": false, "id": "cfpxnq1", "is_submitter": false, "link_id": "t3_1z1bls", "parent_id": "t3_1z1bls", "permalink": "/r/Frozen/comments/1z1bls/the_skys_awake_but_i_am_frozen/cfpxnq1/", "score": 3, "stickied": false, "subreddit_id": "t5_2vpth", "author_name": "OniWeird", "author_id": "9eg6p", "subreddit_name": "frozen"}, {"body": "[That's a fair effort](http://imgur.com/Whlbw39)", "created_utc": 1393501038.0, "distinguished": null, "edited": false, "id": "cfpzp4x", "is_submitter": false, "link_id": "t3_1z1bls", "parent_id": "t1_cfplrq1", "permalink": "/r/Frozen/comments/1z1bls/the_skys_awake_but_i_am_frozen/cfpzp4x/", "score": 9, "stickied": false, "subreddit_id": "t5_2vpth", "author_name": "damocles2501", "author_id": "d3wqx", "subreddit_name": "frozen"}, {"body": "Nice work, looks great!", "created_utc": 1393460014.0, "distinguished": null, "edited": false, "id": "cfpmo95", "is_submitter": false, "link_id": "t3_1z1bls", "parent_id": "t1_cfplrq1", "permalink": "/r/Frozen/comments/1z1bls/the_skys_awake_but_i_am_frozen/cfpmo95/", "score": 5, "stickied": false, "subreddit_id": "t5_2vpth", "author_name": "Igneek", "author_id": "9zwlf", "subreddit_name": "frozen"}, {"body": "We can certainly try. Haha.", "created_utc": 1393468188.0, "distinguished": null, "edited": false, "id": "cfpqbpt", "is_submitter": true, "link_id": "t3_1z1bls", "parent_id": "t1_cfpo6tt", "permalink": "/r/Frozen/comments/1z1bls/the_skys_awake_but_i_am_frozen/cfpqbpt/", "score": 5, "stickied": false, "subreddit_id": "t5_2vpth", "author_name": "HamTake", "author_id": "al6pn", "subreddit_name": "frozen"}, {"body": "I don't even know why I do it to myself. xD", "created_utc": 1393460150.0, "distinguished": null, "edited": false, "id": "cfpmqdr", "is_submitter": true, "link_id": "t3_1z1bls", "parent_id": "t1_cfpmepy", "permalink": "/r/Frozen/comments/1z1bls/the_skys_awake_but_i_am_frozen/cfpmqdr/", "score": 6, "stickied": false, "subreddit_id": "t5_2vpth", "author_name": "HamTake", "author_id": "al6pn", "subreddit_name": "frozen"}, {"body": "It took Anna's breath away too. ^^Sorry...", "created_utc": 1393637669.0, "distinguished": null, "edited": false, "id": "cfretnw", "is_submitter": false, "link_id": "t3_1z1bls", "parent_id": "t1_cfpvyyy", "permalink": "/r/Frozen/comments/1z1bls/the_skys_awake_but_i_am_frozen/cfretnw/", "score": 1, "stickied": false, "subreddit_id": "t5_2vpth", "author_name": "Impudenter", "author_id": "8ol5v", "subreddit_name": "frozen"}, {"body": "I don't careeee, what they're going to sayyyy.", "created_utc": 1393490979.0, "distinguished": null, "edited": false, "id": "cfpy6o2", "is_submitter": true, "link_id": "t3_1z1bls", "parent_id": "t1_cfpxnq1", "permalink": "/r/Frozen/comments/1z1bls/the_skys_awake_but_i_am_frozen/cfpy6o2/", "score": 3, "stickied": false, "subreddit_id": "t5_2vpth", "author_name": "HamTake", "author_id": "al6pn", "subreddit_name": "frozen"}, {"body": "Seriously. SO MANY FEELINGS. \n\nNow excuse me while I go cry in a corner.", "created_utc": 1393460608.0, "distinguished": null, "edited": false, "id": "cfpmxow", "is_submitter": false, "link_id": "t3_1z1bls", "parent_id": "t1_cfpmqdr", "permalink": "/r/Frozen/comments/1z1bls/the_skys_awake_but_i_am_frozen/cfpmxow/", "score": 5, "stickied": false, "subreddit_id": "t5_2vpth", "author_name": "HikariOni", "author_id": "75nqx", "subreddit_name": "frozen"}, {"body": "I want to cry everytime Elsa falls to her knees. T_T", "created_utc": 1393460804.0, "distinguished": null, "edited": false, "id": "cfpn0v5", "is_submitter": true, "link_id": "t3_1z1bls", "parent_id": "t1_cfpmxow", "permalink": "/r/Frozen/comments/1z1bls/the_skys_awake_but_i_am_frozen/cfpn0v5/", "score": 8, "stickied": false, "subreddit_id": "t5_2vpth", "author_name": "HamTake", "author_id": "al6pn", "subreddit_name": "frozen"}, {"body": "\"I want to cry every time Elsa _______\" is pretty much my life right now.", "created_utc": 1393460874.0, "distinguished": null, "edited": false, "id": "cfpn1zj", "is_submitter": false, "link_id": "t3_1z1bls", "parent_id": "t1_cfpn0v5", "permalink": "/r/Frozen/comments/1z1bls/the_skys_awake_but_i_am_frozen/cfpn1zj/", "score": 9, "stickied": false, "subreddit_id": "t5_2vpth", "author_name": "HikariOni", "author_id": "75nqx", "subreddit_name": "frozen"}, {"body": "This scene was emotional but could you imagine even how much better it could have been if they had Elsa see a reflection in the ice of Hans about to strike her with the sword. She then just puts her head down in resignation/defeat knowing she deserved it as she (thought) she killed Anna. The feels...", "created_utc": 1393490972.0, "distinguished": null, "edited": false, "id": "cfpy6ml", "is_submitter": false, "link_id": "t3_1z1bls", "parent_id": "t1_cfpn0v5", "permalink": "/r/Frozen/comments/1z1bls/the_skys_awake_but_i_am_frozen/cfpy6ml/", "score": 3, "stickied": false, "subreddit_id": "t5_2vpth", "author_name": "Betasheets", "author_id": "bkqah", "subreddit_name": "frozen"}]