{"clicked": false, "created_utc": 1393457847.0, "distinguished": null, "edited": false, "id": "1z1bls", "is_video": false, "locked": false, "num_comments": 19, "over_18": false, "permalink": "/r/Frozen/comments/1z1bls/the_skys_awake_but_i_am_frozen/", "score": 133, "selftext": "", "stickied": false, "subreddit_id": "t5_2vpth", "title": "The sky's awake, but I am frozen", "url": "http://imgur.com/8GeA5gn", "author_name": "HamTake", "author_id": "al6pn", "subreddit_name": "frozen", "upvote_ratio": 0.99}