[{"body": "In Elsa's defense, it was pretty much the first thing she made beyond throwing around snow dust. Shows to me that it's the #1 things she's wanted to do all those years, and she didn't expect Anna to come after her.", "created_utc": 1392066681.0, "distinguished": null, "edited": false, "id": "cfbza2e", "is_submitter": false, "link_id": "t3_1xicr1", "parent_id": "t3_1xicr1", "permalink": "/r/Frozen/comments/1xicr1/its_ok_elsa_ive_only_been_asking_for_years/cfbza2e/", "score": 82, "stickied": false, "subreddit_id": "t5_2vpth", "author_name": "theKunz1", "author_id": "c3jji", "subreddit_name": "frozen"}, {"body": "[And the artist's post on Tumblr too](http://franklyrainbows.tumblr.com/post/75776457386/its-ok-elsa-ive-only-been-asking-for-years), if you're so inclined. ", "created_utc": 1392026757.0, "distinguished": null, "edited": false, "id": "cfblhtt", "is_submitter": true, "link_id": "t3_1xicr1", "parent_id": "t3_1xicr1", "permalink": "/r/Frozen/comments/1xicr1/its_ok_elsa_ive_only_been_asking_for_years/cfblhtt/", "score": 27, "stickied": false, "subreddit_id": "t5_2vpth", "author_name": "JiForce", "author_id": "5fwj2", "subreddit_name": "frozen"}, {"body": "When I was first watching the movie, I actually found it touching that the first thing Elsa builds with her powers is a snowman, even if it wasn't with her sister. ", "created_utc": 1392103547.0, "distinguished": null, "edited": false, "id": "cfcesbx", "is_submitter": false, "link_id": "t3_1xicr1", "parent_id": "t3_1xicr1", "permalink": "/r/Frozen/comments/1xicr1/its_ok_elsa_ive_only_been_asking_for_years/cfcesbx/", "score": 14, "stickied": false, "subreddit_id": "t5_2vpth", "author_name": "Defiledxhalo", "author_id": "4k9re", "subreddit_name": "frozen"}, {"body": "Made me laugh out loud. wp", "created_utc": 1392038289.0, "distinguished": null, "edited": false, "id": "cfbnh9l", "is_submitter": false, "link_id": "t3_1xicr1", "parent_id": "t3_1xicr1", "permalink": "/r/Frozen/comments/1xicr1/its_ok_elsa_ive_only_been_asking_for_years/cfbnh9l/", "score": 7, "stickied": false, "subreddit_id": "t5_2vpth", "author_name": "Greeny95", "author_id": "di7py", "subreddit_name": "frozen"}, {"body": "Wasn't he built between the both of them, before Elsa hurt her?", "created_utc": 1392056129.0, "distinguished": null, "edited": false, "id": "cfbu4e6", "is_submitter": false, "link_id": "t3_1xicr1", "parent_id": "t3_1xicr1", "permalink": "/r/Frozen/comments/1xicr1/its_ok_elsa_ive_only_been_asking_for_years/cfbu4e6/", "score": 5, "stickied": false, "subreddit_id": "t5_2vpth", "author_name": "foofighter000", "author_id": "b2jww", "subreddit_name": "frozen"}, {"body": "hahaha XD", "created_utc": 1392032975.0, "distinguished": null, "edited": false, "id": "cfbmglp", "is_submitter": false, "link_id": "t3_1xicr1", "parent_id": "t3_1xicr1", "permalink": "/r/Frozen/comments/1xicr1/its_ok_elsa_ive_only_been_asking_for_years/cfbmglp/", "score": 3, "stickied": false, "subreddit_id": "t5_2vpth", "author_name": null, "author_id": null, "subreddit_name": "frozen"}, {"body": "Elsa is a douche :)", "created_utc": 1392038873.0, "distinguished": null, "edited": false, "id": "cfbnm8v", "is_submitter": false, "link_id": "t3_1xicr1", "parent_id": "t3_1xicr1", "permalink": "/r/Frozen/comments/1xicr1/its_ok_elsa_ive_only_been_asking_for_years/cfbnm8v/", "score": -19, "stickied": false, "subreddit_id": "t5_2vpth", "author_name": "Portgas", "author_id": "7kc75", "subreddit_name": "frozen"}, {"body": "I never noticed that! That's so cool and sweet.", "created_utc": 1392071660.0, "distinguished": null, "edited": false, "id": "cfc1qx3", "is_submitter": false, "link_id": "t3_1xicr1", "parent_id": "t1_cfbza2e", "permalink": "/r/Frozen/comments/1xicr1/its_ok_elsa_ive_only_been_asking_for_years/cfc1qx3/", "score": 29, "stickied": false, "subreddit_id": "t5_2vpth", "author_name": null, "author_id": null, "subreddit_name": "frozen"}, {"body": "I still wonder, how did he get his arms and *hair*? i couldent see a tree in the whole sequence...at least when Olaf was built. I can see there were trees abit further  down but that was ways away...", "created_utc": 1392192325.0, "distinguished": null, "edited": false, "id": "cfdb1mi", "is_submitter": false, "link_id": "t3_1xicr1", "parent_id": "t1_cfbza2e", "permalink": "/r/Frozen/comments/1xicr1/its_ok_elsa_ive_only_been_asking_for_years/cfdb1mi/", "score": 22, "stickied": false, "subreddit_id": "t5_2vpth", "author_name": "The1andonlygogoman64", "author_id": "dgjve", "subreddit_name": "frozen"}, {"body": "And she never mentions not wanting to build a snowman.", "created_utc": 1396876953.0, "distinguished": null, "edited": false, "id": "cgm7e2t", "is_submitter": false, "link_id": "t3_1xicr1", "parent_id": "t1_cfbza2e", "permalink": "/r/Frozen/comments/1xicr1/its_ok_elsa_ive_only_been_asking_for_years/cgm7e2t/", "score": 1, "stickied": false, "subreddit_id": "t5_2vpth", "author_name": "Gathorall", "author_id": "9zbe1", "subreddit_name": "frozen"}, {"body": "There was the Olaf they built together in the room, but Elsa also created him during \"Let It Go\". So technically she did make a snowman without Anna after Anna had asked Elsa for years.", "created_utc": 1392064626.0, "distinguished": null, "edited": false, "id": "cfby928", "is_submitter": false, "link_id": "t3_1xicr1", "parent_id": "t1_cfbu4e6", "permalink": "/r/Frozen/comments/1xicr1/its_ok_elsa_ive_only_been_asking_for_years/cfby928/", "score": 17, "stickied": false, "subreddit_id": "t5_2vpth", "author_name": "icystorm", "author_id": "3ia2h", "subreddit_name": "frozen"}, {"body": "> Elsa is a stinker :)\n\nFTFY :)", "created_utc": 1392053917.0, "distinguished": null, "edited": false, "id": "cfbszgb", "is_submitter": false, "link_id": "t3_1xicr1", "parent_id": "t1_cfbnm8v", "permalink": "/r/Frozen/comments/1xicr1/its_ok_elsa_ive_only_been_asking_for_years/cfbszgb/", "score": 22, "stickied": false, "subreddit_id": "t5_2vpth", "author_name": "trixter21992251", "author_id": "5qjtb", "subreddit_name": "frozen"}, {"body": "Hans is a douche", "created_utc": 1392618158.0, "distinguished": null, "edited": false, "id": "cfhaqxe", "is_submitter": false, "link_id": "t3_1xicr1", "parent_id": "t1_cfbnm8v", "permalink": "/r/Frozen/comments/1xicr1/its_ok_elsa_ive_only_been_asking_for_years/cfhaqxe/", "score": 3, "stickied": false, "subreddit_id": "t5_2vpth", "author_name": "minewastaken2", "author_id": "fafwa", "subreddit_name": "frozen"}, {"body": "Don't know why people are giving you thumbs down because I was oging to type: \"Douchebag Elsa\"\n\nIt's funny.", "created_utc": 1392071624.0, "distinguished": null, "edited": false, "id": "cfc1qck", "is_submitter": false, "link_id": "t3_1xicr1", "parent_id": "t1_cfbnm8v", "permalink": "/r/Frozen/comments/1xicr1/its_ok_elsa_ive_only_been_asking_for_years/cfc1qck/", "score": 3, "stickied": false, "subreddit_id": "t5_2vpth", "author_name": null, "author_id": null, "subreddit_name": "frozen"}, {"body": "Well, either\n \nA) She could somehow use her powers to locate the presence of sticks under the snow by detecting negative space where snow isn't and used snow to lift the sticks \n\nor\n\nB) Just give in to creative license ", "created_utc": 1392193336.0, "distinguished": null, "edited": false, "id": "cfdb9bg", "is_submitter": false, "link_id": "t3_1xicr1", "parent_id": "t1_cfdb1mi", "permalink": "/r/Frozen/comments/1xicr1/its_ok_elsa_ive_only_been_asking_for_years/cfdb9bg/", "score": 32, "stickied": false, "subreddit_id": "t5_2vpth", "author_name": "theKunz1", "author_id": "c3jji", "subreddit_name": "frozen"}, {"body": "Boom got 'em!", "created_utc": 1392536681.0, "distinguished": null, "edited": false, "id": "cfgkdyd", "is_submitter": false, "link_id": "t3_1xicr1", "parent_id": "t1_cfby928", "permalink": "/r/Frozen/comments/1xicr1/its_ok_elsa_ive_only_been_asking_for_years/cfgkdyd/", "score": 2, "stickied": false, "subreddit_id": "t5_2vpth", "author_name": "OskiSkeetSkeet", "author_id": "4vp66", "subreddit_name": "frozen"}, {"body": "Id got with [DiDNAY](http://i.imgur.com/HL6wb.jpg) logic. I mean what was Elsa going to eat...Oh well. Ill go search the AMA see if i can find anything...", "created_utc": 1392194084.0, "distinguished": null, "edited": false, "id": "cfdberx", "is_submitter": false, "link_id": "t3_1xicr1", "parent_id": "t1_cfdb9bg", "permalink": "/r/Frozen/comments/1xicr1/its_ok_elsa_ive_only_been_asking_for_years/cfdberx/", "score": 12, "stickied": false, "subreddit_id": "t5_2vpth", "author_name": "The1andonlygogoman64", "author_id": "dgjve", "subreddit_name": "frozen"}, {"body": "And she should probably handle it, her powers are at least at demigod levels.", "created_utc": 1396876876.0, "distinguished": null, "edited": false, "id": "cgm7d8j", "is_submitter": false, "link_id": "t3_1xicr1", "parent_id": "t1_cfdb9bg", "permalink": "/r/Frozen/comments/1xicr1/its_ok_elsa_ive_only_been_asking_for_years/cgm7d8j/", "score": 1, "stickied": false, "subreddit_id": "t5_2vpth", "author_name": "Gathorall", "author_id": "9zbe1", "subreddit_name": "frozen"}, {"body": "Well it would distract from the story if they had to explain Everything.", "created_utc": 1392195443.0, "distinguished": null, "edited": false, "id": "cfdbo16", "is_submitter": false, "link_id": "t3_1xicr1", "parent_id": "t1_cfdberx", "permalink": "/r/Frozen/comments/1xicr1/its_ok_elsa_ive_only_been_asking_for_years/cfdbo16/", "score": 5, "stickied": false, "subreddit_id": "t5_2vpth", "author_name": "JamesAQuintero", "author_id": "7gthv", "subreddit_name": "frozen"}]