{"clicked": false, "created_utc": 1392026732.0, "distinguished": null, "edited": false, "id": "1xicr1", "is_video": false, "locked": false, "num_comments": 19, "over_18": false, "permalink": "/r/Frozen/comments/1xicr1/its_ok_elsa_ive_only_been_asking_for_years/", "score": 967, "selftext": "", "stickied": false, "subreddit_id": "t5_2vpth", "title": "\"'It's OK, Elsa. I've only been asking for YEARS.\"", "url": "http://tomperwomper.deviantart.com/art/Do-You-Want-to-Build-a-Snowman-432160308", "author_name": "JiForce", "author_id": "5fwj2", "subreddit_name": "frozen", "upvote_ratio": 0.99}