[{"body": "Ohhhh this is awesome. Insta-saved!", "created_utc": 1390165029.0, "distinguished": null, "edited": false, "id": "cetms56", "is_submitter": false, "link_id": "t3_1vlrfl", "parent_id": "t3_1vlrfl", "permalink": "/r/Frozen/comments/1vlrfl/try_not_to_cry_frozen_edition/cetms56/", "score": 10, "stickied": false, "subreddit_id": "t5_2vpth", "author_name": null, "author_id": null, "subreddit_name": "frozen"}, {"body": "<3", "created_utc": 1390188786.0, "distinguished": null, "edited": false, "id": "cetwwyy", "is_submitter": false, "link_id": "t3_1vlrfl", "parent_id": "t3_1vlrfl", "permalink": "/r/Frozen/comments/1vlrfl/try_not_to_cry_frozen_edition/cetwwyy/", "score": 6, "stickied": false, "subreddit_id": "t5_2vpth", "author_name": "Ms_I", "author_id": "eu0qj", "subreddit_name": "frozen"}, {"body": "Not bad, tumblr. Not bad at all.", "created_utc": 1390189153.0, "distinguished": null, "edited": false, "id": "cetx2ob", "is_submitter": false, "link_id": "t3_1vlrfl", "parent_id": "t3_1vlrfl", "permalink": "/r/Frozen/comments/1vlrfl/try_not_to_cry_frozen_edition/cetx2ob/", "score": 3, "stickied": false, "subreddit_id": "t5_2vpth", "author_name": null, "author_id": null, "subreddit_name": "frozen"}]