{"clicked": false, "created_utc": 1390153729.0, "distinguished": null, "edited": false, "id": "1vlrfl", "is_video": false, "locked": false, "num_comments": 3, "over_18": false, "permalink": "/r/Frozen/comments/1vlrfl/try_not_to_cry_frozen_edition/", "score": 508, "selftext": "", "stickied": false, "subreddit_id": "t5_2vpth", "title": "\"Try Not To Cry\" - Frozen edition", "url": "http://seventh-demigod.tumblr.com/post/73731842072/im-sorry-i-just-had-to-edit-the-original", "author_name": "smooshie", "author_id": "33dmz", "subreddit_name": "frozen", "upvote_ratio": 0.99}