[{"body": "Elsa you naughty girl.. ", "created_utc": 1393088697.0, "distinguished": null, "edited": false, "id": "cflvwsg", "is_submitter": false, "link_id": "t3_1ymfku", "parent_id": "t3_1ymfku", "permalink": "/r/Frozen/comments/1ymfku/elsa_anna_and_hans_playing_as_children/cflvwsg/", "score": 10, "stickied": false, "subreddit_id": "t5_2vpth", "author_name": "teffhk", "author_id": "dyxc8", "subreddit_name": "frozen"}, {"body": "This is ADORABLE, that Hans face!", "created_utc": 1393084193.0, "distinguished": null, "edited": false, "id": "cflua3q", "is_submitter": false, "link_id": "t3_1ymfku", "parent_id": "t3_1ymfku", "permalink": "/r/Frozen/comments/1ymfku/elsa_anna_and_hans_playing_as_children/cflua3q/", "score": 9, "stickied": false, "subreddit_id": "t5_2vpth", "author_name": null, "author_id": null, "subreddit_name": "frozen"}, {"body": "They look so mischievous... I love it!", "created_utc": 1393088220.0, "distinguished": null, "edited": false, "id": "cflvq6u", "is_submitter": false, "link_id": "t3_1ymfku", "parent_id": "t3_1ymfku", "permalink": "/r/Frozen/comments/1ymfku/elsa_anna_and_hans_playing_as_children/cflvq6u/", "score": 6, "stickied": false, "subreddit_id": "t5_2vpth", "author_name": "lq13", "author_id": "fblf7", "subreddit_name": "frozen"}, {"body": "[Source.](http://www.pixiv.com/works/41764944)", "created_utc": 1393077602.0, "distinguished": null, "edited": false, "id": "cflsiec", "is_submitter": true, "link_id": "t3_1ymfku", "parent_id": "t3_1ymfku", "permalink": "/r/Frozen/comments/1ymfku/elsa_anna_and_hans_playing_as_children/cflsiec/", "score": 2, "stickied": false, "subreddit_id": "t5_2vpth", "author_name": "Eren_Jeager", "author_id": "db1dv", "subreddit_name": "frozen"}, {"body": "Is that Hans? Hilarious", "created_utc": 1393077843.0, "distinguished": null, "edited": false, "id": "cflsk6e", "is_submitter": false, "link_id": "t3_1ymfku", "parent_id": "t3_1ymfku", "permalink": "/r/Frozen/comments/1ymfku/elsa_anna_and_hans_playing_as_children/cflsk6e/", "score": 3, "stickied": false, "subreddit_id": "t5_2vpth", "author_name": "Portgas", "author_id": "7kc75", "subreddit_name": "frozen"}, {"body": "*Snicker*", "created_utc": 1393104640.0, "distinguished": null, "edited": false, "id": "cfm26td", "is_submitter": false, "link_id": "t3_1ymfku", "parent_id": "t3_1ymfku", "permalink": "/r/Frozen/comments/1ymfku/elsa_anna_and_hans_playing_as_children/cfm26td/", "score": 1, "stickied": false, "subreddit_id": "t5_2vpth", "author_name": "Tyranid457", "author_id": "6z08b", "subreddit_name": "frozen"}, {"body": "Same artist that did [this one](http://www.reddit.com/r/Frozen/comments/1ynorx/studying_together/) that /u/portgas posted", "created_utc": 1393113228.0, "distinguished": null, "edited": false, "id": "cfm5hjy", "is_submitter": false, "link_id": "t3_1ymfku", "parent_id": "t3_1ymfku", "permalink": "/r/Frozen/comments/1ymfku/elsa_anna_and_hans_playing_as_children/cfm5hjy/", "score": 1, "stickied": false, "subreddit_id": "t5_2vpth", "author_name": "damocles2501", "author_id": "d3wqx", "subreddit_name": "frozen"}]