{"clicked": false, "created_utc": 1393077593.0, "distinguished": null, "edited": false, "id": "1ymfku", "is_video": false, "locked": false, "num_comments": 7, "over_18": false, "permalink": "/r/Frozen/comments/1ymfku/elsa_anna_and_hans_playing_as_children/", "score": 149, "selftext": "", "stickied": false, "subreddit_id": "t5_2vpth", "title": "Elsa, Anna, and Hans playing as children", "url": "http://i.imgur.com/bXob4Hz.png", "author_name": "Eren_Jeager", "author_id": "db1dv", "subreddit_name": "frozen", "upvote_ratio": 0.99}