{"clicked": false, "created_utc": 1392912021.0, "distinguished": null, "edited": false, "id": "1yg5o8", "is_video": false, "locked": false, "num_comments": 0, "over_18": false, "permalink": "/r/Frozen/comments/1yg5o8/summer_and_winter/", "score": 125, "selftext": "", "stickied": false, "subreddit_id": "t5_2vpth", "title": "Summer and Winter", "url": "http://superstarwordgirl.deviantart.com/art/Frozen-433244228", "author_name": null, "author_id": null, "subreddit_name": "frozen", "upvote_ratio": 1.0}