[{"body": "It's great that this was made, but now it just saddens me a lot because I'm reminded that Calvin and Hobbes has ended a long time ago", "created_utc": 1394073732.0, "distinguished": null, "edited": false, "id": "cfvixib", "is_submitter": false, "link_id": "t3_1znz3y", "parent_id": "t3_1znz3y", "permalink": "/r/Frozen/comments/1znz3y/elsa_meets_calvin_and_hobbes/cfvixib/", "score": 7, "stickied": false, "subreddit_id": "t5_2vpth", "author_name": "Rakan-Han", "author_id": "8co91", "subreddit_name": "frozen"}, {"body": "AWESOME.", "created_utc": 1394062859.0, "distinguished": null, "edited": false, "id": "cfve3pd", "is_submitter": false, "link_id": "t3_1znz3y", "parent_id": "t3_1znz3y", "permalink": "/r/Frozen/comments/1znz3y/elsa_meets_calvin_and_hobbes/cfve3pd/", "score": 3, "stickied": false, "subreddit_id": "t5_2vpth", "author_name": "lolcyo", "author_id": "dhg4h", "subreddit_name": "frozen"}, {"body": "This photo is new my new favorite thing!", "created_utc": 1394070895.0, "distinguished": null, "edited": false, "id": "cfvhnbv", "is_submitter": false, "link_id": "t3_1znz3y", "parent_id": "t3_1znz3y", "permalink": "/r/Frozen/comments/1znz3y/elsa_meets_calvin_and_hobbes/cfvhnbv/", "score": 4, "stickied": false, "subreddit_id": "t5_2vpth", "author_name": "Wilbery", "author_id": "dtz5n", "subreddit_name": "frozen"}, {"body": "I love how Calvin is appreciating Elsa's work like the fine art he believes snowmen to be. I can hear the BS now about her living work, and how it expresses the \"freedom of human experience\" or some such.", "created_utc": 1394080561.0, "distinguished": null, "edited": false, "id": "cfvlw7y", "is_submitter": false, "link_id": "t3_1znz3y", "parent_id": "t3_1znz3y", "permalink": "/r/Frozen/comments/1znz3y/elsa_meets_calvin_and_hobbes/cfvlw7y/", "score": 3, "stickied": false, "subreddit_id": "t5_2vpth", "author_name": "Arlnoff", "author_id": "75aii", "subreddit_name": "frozen"}, {"body": "Nice!", "created_utc": 1394071002.0, "distinguished": null, "edited": false, "id": "cfvhp21", "is_submitter": false, "link_id": "t3_1znz3y", "parent_id": "t3_1znz3y", "permalink": "/r/Frozen/comments/1znz3y/elsa_meets_calvin_and_hobbes/cfvhp21/", "score": 3, "stickied": false, "subreddit_id": "t5_2vpth", "author_name": "teffhk", "author_id": "dyxc8", "subreddit_name": "frozen"}, {"body": "Oh man, that's pretty great. :D She looks adorable. ", "created_utc": 1394072422.0, "distinguished": null, "edited": false, "id": "cfvic2e", "is_submitter": false, "link_id": "t3_1znz3y", "parent_id": "t3_1znz3y", "permalink": "/r/Frozen/comments/1znz3y/elsa_meets_calvin_and_hobbes/cfvic2e/", "score": 3, "stickied": false, "subreddit_id": "t5_2vpth", "author_name": "chzrm3", "author_id": "djsw3", "subreddit_name": "frozen"}, {"body": "Calvin won't be able to use the summer snowball tactic on Elsa!", "created_utc": 1394073411.0, "distinguished": null, "edited": false, "id": "cfvisb3", "is_submitter": false, "link_id": "t3_1znz3y", "parent_id": "t3_1znz3y", "permalink": "/r/Frozen/comments/1znz3y/elsa_meets_calvin_and_hobbes/cfvisb3/", "score": 3, "stickied": false, "subreddit_id": "t5_2vpth", "author_name": "baconbroth", "author_id": "cidv2", "subreddit_name": "frozen"}, {"body": "I've always been a huge C&H fan, this is awesome.", "created_utc": 1394074004.0, "distinguished": null, "edited": false, "id": "cfvj1vg", "is_submitter": false, "link_id": "t3_1znz3y", "parent_id": "t3_1znz3y", "permalink": "/r/Frozen/comments/1znz3y/elsa_meets_calvin_and_hobbes/cfvj1vg/", "score": 3, "stickied": false, "subreddit_id": "t5_2vpth", "author_name": "Yopperpo", "author_id": "6gwut", "subreddit_name": "frozen"}, {"body": "huh, so she went through a goth phase.", "created_utc": 1394080276.0, "distinguished": null, "edited": false, "id": "cfvlrzo", "is_submitter": false, "link_id": "t3_1znz3y", "parent_id": "t3_1znz3y", "permalink": "/r/Frozen/comments/1znz3y/elsa_meets_calvin_and_hobbes/cfvlrzo/", "score": 3, "stickied": false, "subreddit_id": "t5_2vpth", "author_name": "Joshpho", "author_id": "50920", "subreddit_name": "frozen"}, {"body": "Actually Calvin had made some snow creatures vastly bigger than the troll monster in frozen!\n\nhttp://www.google.com/imgres?safe=off&client=safari&sa=X&hl=en&biw=320&bih=460&tbm=isch&tbnid=LyllFN7I6j5_yM:&imgrefurl=http://calvinandhobbes.wikia.com/wiki/File:Snowman-_Snowmonster.png&docid=Q-HqytY6vFrCSM&imgurl=http://images.wikia.com/candh/images/archive/5/5b/20120130225319!Snowman-_Snowmonster.png&w=422&h=191&ei=01obU9n-G4yL1AGRjIHwDQ&zoom=1&ved=0CMkBEIQcMD8\n\n\n\nThere's one example ", "created_utc": 1394301687.0, "distinguished": null, "edited": false, "id": "cfxlpzu", "is_submitter": false, "link_id": "t3_1znz3y", "parent_id": "t3_1znz3y", "permalink": "/r/Frozen/comments/1znz3y/elsa_meets_calvin_and_hobbes/cfxlpzu/", "score": 1, "stickied": false, "subreddit_id": "t5_2vpth", "author_name": null, "author_id": null, "subreddit_name": "frozen"}, {"body": "Almost 20 years now, yeah. ", "created_utc": 1394077581.0, "distinguished": null, "edited": false, "id": "cfvkmfi", "is_submitter": false, "link_id": "t3_1znz3y", "parent_id": "t1_cfvixib", "permalink": "/r/Frozen/comments/1znz3y/elsa_meets_calvin_and_hobbes/cfvkmfi/", "score": 5, "stickied": false, "subreddit_id": "t5_2vpth", "author_name": "MetasequoiaLeaf", "author_id": "55vej", "subreddit_name": "frozen"}, {"body": "I'd like to see Hobbes and Olaf together.", "created_utc": 1394154149.0, "distinguished": null, "edited": false, "id": "cfwbncd", "is_submitter": false, "link_id": "t3_1znz3y", "parent_id": "t1_cfvixib", "permalink": "/r/Frozen/comments/1znz3y/elsa_meets_calvin_and_hobbes/cfwbncd/", "score": 1, "stickied": false, "subreddit_id": "t5_2vpth", "author_name": null, "author_id": null, "subreddit_name": "frozen"}, {"body": "You can buy a T-Shirt of it on Tee Fury", "created_utc": 1394095069.0, "distinguished": null, "edited": false, "id": "cfvq3gi", "is_submitter": false, "link_id": "t3_1znz3y", "parent_id": "t1_cfvhnbv", "permalink": "/r/Frozen/comments/1znz3y/elsa_meets_calvin_and_hobbes/cfvq3gi/", "score": 3, "stickied": false, "subreddit_id": "t5_2vpth", "author_name": "Draecon", "author_id": "a22rp", "subreddit_name": "frozen"}]