{"clicked": false, "created_utc": 1394058562.0, "distinguished": null, "edited": false, "id": "1znz3y", "is_video": false, "locked": false, "num_comments": 13, "over_18": false, "permalink": "/r/Frozen/comments/1znz3y/elsa_meets_calvin_and_hobbes/", "score": 155, "selftext": "", "stickied": false, "subreddit_id": "t5_2vpth", "title": "Elsa meets Calvin and Hobbes", "url": "http://i.imgur.com/cXKkdUN.png", "author_name": "swaqqilicious", "author_id": "aniip", "subreddit_name": "frozen", "upvote_ratio": 0.99}