[{"body": "Oooof the Southern Isles!", "created_utc": 1393114682.0, "distinguished": null, "edited": false, "id": "cfm61ff", "is_submitter": false, "link_id": "t3_1ynos5", "parent_id": "t3_1ynos5", "permalink": "/r/Frozen/comments/1ynos5/amazing_how_much_life_the_animators_put_into_the/cfm61ff/", "score": 21, "stickied": false, "subreddit_id": "t5_2vpth", "author_name": "Miqote", "author_id": "d1u5x", "subreddit_name": "frozen"}, {"body": "This is why I can't wait for the HD versions. Just the amount you can pull in from one scene.  The lighting, subtle things like the hair movement. How great the facial movements are, etc. ", "created_utc": 1393110811.0, "distinguished": null, "edited": false, "id": "cfm4l93", "is_submitter": false, "link_id": "t3_1ynos5", "parent_id": "t3_1ynos5", "permalink": "/r/Frozen/comments/1ynos5/amazing_how_much_life_the_animators_put_into_the/cfm4l93/", "score": 19, "stickied": false, "subreddit_id": "t5_2vpth", "author_name": "gdkitty", "author_id": "8payt", "subreddit_name": "frozen"}, {"body": "Anna looks just perfect with that lighting. ", "created_utc": 1393109434.0, "distinguished": null, "edited": false, "id": "cfm42wk", "is_submitter": false, "link_id": "t3_1ynos5", "parent_id": "t3_1ynos5", "permalink": "/r/Frozen/comments/1ynos5/amazing_how_much_life_the_animators_put_into_the/cfm42wk/", "score": 10, "stickied": false, "subreddit_id": "t5_2vpth", "author_name": "Portgas", "author_id": "7kc75", "subreddit_name": "frozen"}, {"body": "I initially watched the movie from a DVD rip I found on the net.  Tonight, I went to see it in a theater for the first time and the extra detail really makes quite a difference.  I remember being horrified by the zombies in Polar Express to the point where it made me somewhat ill. \n\nBut the technology used for the expressions in Frozen have fully bridged the uncanny valley. Technology has certainly come a long way", "created_utc": 1393118888.0, "distinguished": null, "edited": false, "id": "cfm7lza", "is_submitter": false, "link_id": "t3_1ynos5", "parent_id": "t3_1ynos5", "permalink": "/r/Frozen/comments/1ynos5/amazing_how_much_life_the_animators_put_into_the/cfm7lza/", "score": 9, "stickied": false, "subreddit_id": "t5_2vpth", "author_name": "boomerangotan", "author_id": "3r350", "subreddit_name": "frozen"}, {"body": "IMO, the level of emotion present in the animation for Tangled and Frozen  blows the animation in every 2D Disney movie out of the water.", "created_utc": 1393130658.0, "distinguished": null, "edited": false, "id": "cfmbugg", "is_submitter": false, "link_id": "t3_1ynos5", "parent_id": "t3_1ynos5", "permalink": "/r/Frozen/comments/1ynos5/amazing_how_much_life_the_animators_put_into_the/cfmbugg/", "score": 8, "stickied": false, "subreddit_id": "t5_2vpth", "author_name": "throwaway32443543", "author_id": "ewust", "subreddit_name": "frozen"}, {"body": "Yep, that's why we love these characters dearly, because they seem more human.", "created_utc": 1393117878.0, "distinguished": null, "edited": false, "id": "cfm78ox", "is_submitter": false, "link_id": "t3_1ynos5", "parent_id": "t3_1ynos5", "permalink": "/r/Frozen/comments/1ynos5/amazing_how_much_life_the_animators_put_into_the/cfm78ox/", "score": 4, "stickied": false, "subreddit_id": "t5_2vpth", "author_name": "TheKing0fLimbs", "author_id": "d03e0", "subreddit_name": "frozen"}, {"body": "This this is awesome, but i love Anna's expression when Kristoff mentions that men pick their noses and eats it, \"excuse me, he is a prince \". Love it.", "created_utc": 1393129242.0, "distinguished": null, "edited": false, "id": "cfmbc5i", "is_submitter": false, "link_id": "t3_1ynos5", "parent_id": "t3_1ynos5", "permalink": "/r/Frozen/comments/1ynos5/amazing_how_much_life_the_animators_put_into_the/cfmbc5i/", "score": 2, "stickied": false, "subreddit_id": "t5_2vpth", "author_name": "2nds1st", "author_id": "b9jcw", "subreddit_name": "frozen"}, {"body": "The hair! The hair !", "created_utc": 1393125273.0, "distinguished": null, "edited": false, "id": "cfm9xdp", "is_submitter": false, "link_id": "t3_1ynos5", "parent_id": "t3_1ynos5", "permalink": "/r/Frozen/comments/1ynos5/amazing_how_much_life_the_animators_put_into_the/cfm9xdp/", "score": 1, "stickied": false, "subreddit_id": "t5_2vpth", "author_name": "teffhk", "author_id": "dyxc8", "subreddit_name": "frozen"}, {"body": "This sequence in particular is just great work.  Having set up the whole \"love at first sight is nonsense\" subplot the film has sort of written itself into a trap.  Obviously Anna and Kristoff have to fall in love, but they can't do it here.  So it's absolutely critical that they come across in this scene as relateable, likeable characters who **could** fall in love, without any explicit attraction at all.  Basically they had to write an argument between two people we don't know yet in such a way that we like them both at the end.\n\nDialog can't fix that.  The facial work is a lot of the reason this scene works.", "created_utc": 1393130846.0, "distinguished": null, "edited": false, "id": "cfmbwtz", "is_submitter": false, "link_id": "t3_1ynos5", "parent_id": "t1_cfm4l93", "permalink": "/r/Frozen/comments/1ynos5/amazing_how_much_life_the_animators_put_into_the/cfmbwtz/", "score": 9, "stickied": false, "subreddit_id": "t5_2vpth", "author_name": "AndIfWeFall", "author_id": "f0b0t", "subreddit_name": "frozen"}, {"body": "Was going to mention about uncanny valley(but couldn't think of the expression). Does it count against that occurring because they are not trying to be photo realistic. But if it doesn't matter then i think they blew uncanny valley out of the water, their eyes have so much life and emotion in them, it's incredible.\n", "created_utc": 1393129676.0, "distinguished": null, "edited": false, "id": "cfmbhti", "is_submitter": false, "link_id": "t3_1ynos5", "parent_id": "t1_cfm7lza", "permalink": "/r/Frozen/comments/1ynos5/amazing_how_much_life_the_animators_put_into_the/cfmbhti/", "score": 3, "stickied": false, "subreddit_id": "t5_2vpth", "author_name": "2nds1st", "author_id": "b9jcw", "subreddit_name": "frozen"}, {"body": "Now that I have a proper keyboard, another detail I didn't notice until I watched it in the theater was the detail of Elsa's hands trembling after she takes off her gloves to do her coronation ceremony.", "created_utc": 1393138428.0, "distinguished": null, "edited": false, "id": "cfmeaj3", "is_submitter": false, "link_id": "t3_1ynos5", "parent_id": "t1_cfm7lza", "permalink": "/r/Frozen/comments/1ynos5/amazing_how_much_life_the_animators_put_into_the/cfmeaj3/", "score": 4, "stickied": false, "subreddit_id": "t5_2vpth", "author_name": "boomerangotan", "author_id": "3r350", "subreddit_name": "frozen"}, {"body": "Zombies ... in polar express?\n\n*scratches head*", "created_utc": 1393134978.0, "distinguished": null, "edited": false, "id": "cfmda8u", "is_submitter": false, "link_id": "t3_1ynos5", "parent_id": "t1_cfm7lza", "permalink": "/r/Frozen/comments/1ynos5/amazing_how_much_life_the_animators_put_into_the/cfmda8u/", "score": 2, "stickied": false, "subreddit_id": "t5_2vpth", "author_name": "STEALTHHUNTER88", "author_id": "faodj", "subreddit_name": "frozen"}, {"body": "A lot of Disney movies had those characteristics. Tangled and Frozen were just top notch.", "created_utc": 1393145518.0, "distinguished": null, "edited": false, "id": "cfmfvvd", "is_submitter": true, "link_id": "t3_1ynos5", "parent_id": "t1_cfmbugg", "permalink": "/r/Frozen/comments/1ynos5/amazing_how_much_life_the_animators_put_into_the/cfmfvvd/", "score": 4, "stickied": false, "subreddit_id": "t5_2vpth", "author_name": "loopuleasa", "author_id": "4josc", "subreddit_name": "frozen"}, {"body": "An opinion that can't really be sustained, many were masterpieces. Not that Frozen isn't, but it can't \"blow out of the water\" every animation in a whole different style! Just look at Aladdin's \"friend like me\" and the Genie's range.. now there's something that can't be done in 3D.", "created_utc": 1393141050.0, "distinguished": null, "edited": false, "id": "cfmey62", "is_submitter": false, "link_id": "t3_1ynos5", "parent_id": "t1_cfmbugg", "permalink": "/r/Frozen/comments/1ynos5/amazing_how_much_life_the_animators_put_into_the/cfmey62/", "score": 3, "stickied": false, "subreddit_id": "t5_2vpth", "author_name": "Juancu", "author_id": "9fw7d", "subreddit_name": "frozen"}, {"body": "As in how the facial animation was handled", "created_utc": 1393136039.0, "distinguished": null, "edited": false, "id": "cfmdlu6", "is_submitter": false, "link_id": "t3_1ynos5", "parent_id": "t1_cfmda8u", "permalink": "/r/Frozen/comments/1ynos5/amazing_how_much_life_the_animators_put_into_the/cfmdlu6/", "score": 3, "stickied": false, "subreddit_id": "t5_2vpth", "author_name": "DeathByReach", "author_id": "8gbdj", "subreddit_name": "frozen"}, {"body": "That's correct, but Polar Express was made 10 years ago (can't believe it's been that long!)", "created_utc": 1393305230.0, "distinguished": null, "edited": false, "id": "cfo2gpv", "is_submitter": false, "link_id": "t3_1ynos5", "parent_id": "t1_cfmdlu6", "permalink": "/r/Frozen/comments/1ynos5/amazing_how_much_life_the_animators_put_into_the/cfo2gpv/", "score": 1, "stickied": false, "subreddit_id": "t5_2vpth", "author_name": "STEALTHHUNTER88", "author_id": "faodj", "subreddit_name": "frozen"}]