{"clicked": false, "created_utc": 1393109310.0, "distinguished": null, "edited": false, "id": "1ynos5", "is_video": false, "locked": false, "num_comments": 16, "over_18": false, "permalink": "/r/Frozen/comments/1ynos5/amazing_how_much_life_the_animators_put_into_the/", "score": 137, "selftext": "", "stickied": false, "subreddit_id": "t5_2vpth", "title": "Amazing how much life the animators put into the characters", "url": "http://i.imgur.com/IcqLj52.gif", "author_name": "loopuleasa", "author_id": "4josc", "subreddit_name": "frozen", "upvote_ratio": 0.99}