[{"body": "Never get tired of Hans's joke! LOL", "created_utc": 1391879994.0, "distinguished": null, "edited": false, "id": "cfa9myd", "is_submitter": false, "link_id": "t3_1xd6n8", "parent_id": "t3_1xd6n8", "permalink": "/r/Frozen/comments/1xd6n8/hans_sure_loves_sandwiches/cfa9myd/", "score": 26, "stickied": false, "subreddit_id": "t5_2vpth", "author_name": "teffhk", "author_id": "dyxc8", "subreddit_name": "frozen"}, {"body": "This explains everything....", "created_utc": 1391889016.0, "distinguished": null, "edited": false, "id": "cfad89j", "is_submitter": false, "link_id": "t3_1xd6n8", "parent_id": "t3_1xd6n8", "permalink": "/r/Frozen/comments/1xd6n8/hans_sure_loves_sandwiches/cfad89j/", "score": 11, "stickied": false, "subreddit_id": "t5_2vpth", "author_name": "theKunz1", "author_id": "c3jji", "subreddit_name": "frozen"}, {"body": "That cracked me up way more than it should have", "created_utc": 1391907289.0, "distinguished": null, "edited": false, "id": "cfakc84", "is_submitter": false, "link_id": "t3_1xd6n8", "parent_id": "t3_1xd6n8", "permalink": "/r/Frozen/comments/1xd6n8/hans_sure_loves_sandwiches/cfakc84/", "score": 2, "stickied": false, "subreddit_id": "t5_2vpth", "author_name": "Rinleigh", "author_id": "c8oxq", "subreddit_name": "frozen"}, {"body": "Love this! Hahaha", "created_utc": 1391917566.0, "distinguished": null, "edited": false, "id": "cfao2lj", "is_submitter": false, "link_id": "t3_1xd6n8", "parent_id": "t3_1xd6n8", "permalink": "/r/Frozen/comments/1xd6n8/hans_sure_loves_sandwiches/cfao2lj/", "score": 2, "stickied": false, "subreddit_id": "t5_2vpth", "author_name": "Princess_Anna_", "author_id": "er36f", "subreddit_name": "frozen"}, {"body": "I love his face on second panel, he's so happy :)", "created_utc": 1391880894.0, "distinguished": null, "edited": false, "id": "cfa9zm9", "is_submitter": true, "link_id": "t3_1xd6n8", "parent_id": "t1_cfa9myd", "permalink": "/r/Frozen/comments/1xd6n8/hans_sure_loves_sandwiches/cfa9zm9/", "score": 11, "stickied": false, "subreddit_id": "t5_2vpth", "author_name": "Portgas", "author_id": "7kc75", "subreddit_name": "frozen"}, {"body": "I will do the same if I were Hans. Stealing someone Sandwich is *unforgivable*", "created_utc": 1391918406.0, "distinguished": null, "edited": false, "id": "cfaod7h", "is_submitter": false, "link_id": "t3_1xd6n8", "parent_id": "t1_cfa9zm9", "permalink": "/r/Frozen/comments/1xd6n8/hans_sure_loves_sandwiches/cfaod7h/", "score": 5, "stickied": false, "subreddit_id": "t5_2vpth", "author_name": "simien05", "author_id": "d9qj1", "subreddit_name": "frozen"}]