{"clicked": false, "created_utc": 1391879743.0, "distinguished": null, "edited": false, "id": "1xd6n8", "is_video": false, "locked": false, "num_comments": 6, "over_18": false, "permalink": "/r/Frozen/comments/1xd6n8/hans_sure_loves_sandwiches/", "score": 340, "selftext": "", "stickied": false, "subreddit_id": "t5_2vpth", "title": "Hans sure loves sandwiches", "url": "http://frozendailydose.tumblr.com/post/76003209321/e-m-e-t-t-will-we-ever-stop-making-fun", "author_name": "Portgas", "author_id": "7kc75", "subreddit_name": "frozen", "upvote_ratio": 0.98}