[{"body": "In the very end of the blu-ray version of Tangled, Rapunzel says something like \"So where is our honeymoon going to be?\" and Eugene replies with \"I hear the summers in Arendelle are nice.\"", "created_utc": 1389072933.0, "distinguished": null, "edited": false, "id": "cejd2fs", "is_submitter": false, "link_id": "t3_1ully6", "parent_id": "t3_1ully6", "permalink": "/r/Frozen/comments/1ully6/my_sister_sent_me_this_picture_titled_look_at_the/cejd2fs/", "score": 146, "stickied": false, "subreddit_id": "t5_2vpth", "author_name": "CrazyPyro516", "author_id": "8vqot", "subreddit_name": "frozen"}, {"body": "Also note that Anna is infront of \"The Swing\" during \"for the first time of Forever\"\n\nHave a look: http://blogs.disney.com/oh-my-disney/2013/12/10/spotted-rapunzel-and-flynn-at-elsas-coronation/", "created_utc": 1389407607.0, "distinguished": null, "edited": false, "id": "cemne55", "is_submitter": false, "link_id": "t3_1ully6", "parent_id": "t3_1ully6", "permalink": "/r/Frozen/comments/1ully6/my_sister_sent_me_this_picture_titled_look_at_the/cemne55/", "score": 26, "stickied": false, "subreddit_id": "t5_2vpth", "author_name": null, "author_id": null, "subreddit_name": "frozen"}, {"body": "Did... did they just get his nose wrong?", "created_utc": 1391827670.0, "distinguished": null, "edited": false, "id": "cf9wqtr", "is_submitter": false, "link_id": "t3_1ully6", "parent_id": "t3_1ully6", "permalink": "/r/Frozen/comments/1ully6/my_sister_sent_me_this_picture_titled_look_at_the/cf9wqtr/", "score": 7, "stickied": false, "subreddit_id": "t5_2vpth", "author_name": "baconarcher", "author_id": "bnh95", "subreddit_name": "frozen"}, {"body": "well did anyone see maximus... ", "created_utc": 1391990670.0, "distinguished": null, "edited": false, "id": "cfb9juq", "is_submitter": false, "link_id": "t3_1ully6", "parent_id": "t3_1ully6", "permalink": "/r/Frozen/comments/1ully6/my_sister_sent_me_this_picture_titled_look_at_the/cfb9juq/", "score": 6, "stickied": false, "subreddit_id": "t5_2vpth", "author_name": null, "author_id": null, "subreddit_name": "frozen"}, {"body": "Huh awesome Referance ^_^ \n\nNice Catch OP ^_^", "created_utc": 1389079834.0, "distinguished": null, "edited": false, "id": "cejfagh", "is_submitter": false, "link_id": "t3_1ully6", "parent_id": "t3_1ully6", "permalink": "/r/Frozen/comments/1ully6/my_sister_sent_me_this_picture_titled_look_at_the/cejfagh/", "score": 9, "stickied": false, "subreddit_id": "t5_2vpth", "author_name": "NGAF2-lectricBugalou", "author_id": "da0km", "subreddit_name": "frozen"}, {"body": "Oh my gosh, I need to rewatch Tangled! Thanks so much for telling me, that's awesome! ", "created_utc": 1389074149.0, "distinguished": null, "edited": false, "id": "cejdiyt", "is_submitter": true, "link_id": "t3_1ully6", "parent_id": "t1_cejd2fs", "permalink": "/r/Frozen/comments/1ully6/my_sister_sent_me_this_picture_titled_look_at_the/cejdiyt/", "score": 56, "stickied": false, "subreddit_id": "t5_2vpth", "author_name": "Dizzygrl08", "author_id": "dcgi1", "subreddit_name": "frozen"}, {"body": "Is there a YouTube link for this? I dun have the blu ray version :(", "created_utc": 1389142864.0, "distinguished": null, "edited": false, "id": "cek19ex", "is_submitter": false, "link_id": "t3_1ully6", "parent_id": "t1_cejd2fs", "permalink": "/r/Frozen/comments/1ully6/my_sister_sent_me_this_picture_titled_look_at_the/cek19ex/", "score": 12, "stickied": false, "subreddit_id": "t5_2vpth", "author_name": "IamVAcer", "author_id": "d3tyl", "subreddit_name": "frozen"}, {"body": "Source? I'm not sceptical, I just **really** want to see this! ", "created_utc": 1389135327.0, "distinguished": null, "edited": false, "id": "cejxrch", "is_submitter": false, "link_id": "t3_1ully6", "parent_id": "t1_cejd2fs", "permalink": "/r/Frozen/comments/1ully6/my_sister_sent_me_this_picture_titled_look_at_the/cejxrch/", "score": 10, "stickied": false, "subreddit_id": "t5_2vpth", "author_name": "OrangeFeels", "author_id": "e3m2z", "subreddit_name": "frozen"}, {"body": "Really? I need to get it on blu ray. ", "created_utc": 1389075509.0, "distinguished": null, "edited": false, "id": "ceje06g", "is_submitter": false, "link_id": "t3_1ully6", "parent_id": "t1_cejd2fs", "permalink": "/r/Frozen/comments/1ully6/my_sister_sent_me_this_picture_titled_look_at_the/ceje06g/", "score": 3, "stickied": false, "subreddit_id": "t5_2vpth", "author_name": "CaffeinatedPony", "author_id": "5po3i", "subreddit_name": "frozen"}, {"body": "Bullshit. Doesn't actually happen.", "created_utc": 1392120961.0, "distinguished": null, "edited": false, "id": "cfchrxo", "is_submitter": false, "link_id": "t3_1ully6", "parent_id": "t1_cejd2fs", "permalink": "/r/Frozen/comments/1ully6/my_sister_sent_me_this_picture_titled_look_at_the/cfchrxo/", "score": -1, "stickied": false, "subreddit_id": "t5_2vpth", "author_name": "sridontcare", "author_id": "73wbn", "subreddit_name": "frozen"}, {"body": "no, in the corner you can see the main characters from Tangled :) ", "created_utc": 1392950256.0, "distinguished": null, "edited": false, "id": "cfkorxp", "is_submitter": false, "link_id": "t3_1ully6", "parent_id": "t1_cf9wqtr", "permalink": "/r/Frozen/comments/1ully6/my_sister_sent_me_this_picture_titled_look_at_the/cfkorxp/", "score": 3, "stickied": false, "subreddit_id": "t5_2vpth", "author_name": "girlspeaking", "author_id": "f24jj", "subreddit_name": "frozen"}, {"body": "OP's sister*", "created_utc": 1390671824.0, "distinguished": null, "edited": false, "id": "ceymh5d", "is_submitter": false, "link_id": "t3_1ully6", "parent_id": "t1_cejfagh", "permalink": "/r/Frozen/comments/1ully6/my_sister_sent_me_this_picture_titled_look_at_the/ceymh5d/", "score": 6, "stickied": false, "subreddit_id": "t5_2vpth", "author_name": "Bmandk", "author_id": "8if0o", "subreddit_name": "frozen"}, {"body": "My girlfriend told me about it when we saw Frozen so I immediately went home and pulled up the ending of Tangled, and sure enough there it was! Disney is great.", "created_utc": 1389075855.0, "distinguished": null, "edited": false, "id": "ceje4fn", "is_submitter": false, "link_id": "t3_1ully6", "parent_id": "t1_cejdiyt", "permalink": "/r/Frozen/comments/1ully6/my_sister_sent_me_this_picture_titled_look_at_the/ceje4fn/", "score": 37, "stickied": false, "subreddit_id": "t5_2vpth", "author_name": "CrazyPyro516", "author_id": "8vqot", "subreddit_name": "frozen"}, {"body": "I can't find a YouTube link, unfortunately.", "created_utc": 1389146581.0, "distinguished": null, "edited": false, "id": "cek2yj8", "is_submitter": false, "link_id": "t3_1ully6", "parent_id": "t1_cek19ex", "permalink": "/r/Frozen/comments/1ully6/my_sister_sent_me_this_picture_titled_look_at_the/cek2yj8/", "score": 5, "stickied": false, "subreddit_id": "t5_2vpth", "author_name": "CrazyPyro516", "author_id": "8vqot", "subreddit_name": "frozen"}, {"body": "I wish it did happen, but it doesn't.", "created_utc": 1392121011.0, "distinguished": null, "edited": false, "id": "cfchs8d", "is_submitter": false, "link_id": "t3_1ully6", "parent_id": "t1_cejxrch", "permalink": "/r/Frozen/comments/1ully6/my_sister_sent_me_this_picture_titled_look_at_the/cfchs8d/", "score": 1, "stickied": false, "subreddit_id": "t5_2vpth", "author_name": "sridontcare", "author_id": "73wbn", "subreddit_name": "frozen"}, {"body": "In Tangled, a running joke is that whoever draws the wanted posters for Flynn Ryder keeps getting his nose wrong. I was wondering whether the creators of this easter egg in Frozen intentionally animated Eugene's nose incorrectly, as a continuation of the joke.", "created_utc": 1393190863.0, "distinguished": null, "edited": false, "id": "cfmtexu", "is_submitter": false, "link_id": "t3_1ully6", "parent_id": "t1_cfkorxp", "permalink": "/r/Frozen/comments/1ully6/my_sister_sent_me_this_picture_titled_look_at_the/cfmtexu/", "score": 9, "stickied": false, "subreddit_id": "t5_2vpth", "author_name": "baconarcher", "author_id": "bnh95", "subreddit_name": "frozen"}, {"body": "True Dat.", "created_utc": 1390894233.0, "distinguished": null, "edited": false, "id": "cf0saq9", "is_submitter": false, "link_id": "t3_1ully6", "parent_id": "t1_ceymh5d", "permalink": "/r/Frozen/comments/1ully6/my_sister_sent_me_this_picture_titled_look_at_the/cf0saq9/", "score": 2, "stickied": false, "subreddit_id": "t5_2vpth", "author_name": "NGAF2-lectricBugalou", "author_id": "da0km", "subreddit_name": "frozen"}, {"body": "I think what made this even greater is Rapunzel's cameo was put in as an easter egg by the director of Frozen, while the director of Rapunzel was unaware. \n\nIt shows that the production team themselves acknowledge each other, but it's not necessarily planned. ", "created_utc": 1389080668.0, "distinguished": null, "edited": false, "id": "cejfi31", "is_submitter": false, "link_id": "t3_1ully6", "parent_id": "t1_ceje4fn", "permalink": "/r/Frozen/comments/1ully6/my_sister_sent_me_this_picture_titled_look_at_the/cejfi31/", "score": 35, "stickied": false, "subreddit_id": "t5_2vpth", "author_name": "aug_mon", "author_id": "aszgt", "subreddit_name": "frozen"}]