{"clicked": false, "created_utc": 1389069335.0, "distinguished": null, "edited": false, "id": "1ully6", "is_video": false, "locked": false, "num_comments": 18, "over_18": false, "permalink": "/r/Frozen/comments/1ully6/my_sister_sent_me_this_picture_titled_look_at_the/", "score": 252, "selftext": "", "stickied": false, "subreddit_id": "t5_2vpth", "title": "My sister sent me this picture titled \"look at the guests\" holy crap!", "url": "http://i.imgur.com/1dTvUlK.jpg", "author_name": "Dizzygrl08", "author_id": "dcgi1", "subreddit_name": "frozen", "upvote_ratio": 0.99}