[{"body": "awww hell nah Elsa you dun goofed", "created_utc": 1390528527.0, "distinguished": null, "edited": false, "id": "cexcy03", "is_submitter": false, "link_id": "t3_1vzc35", "parent_id": "t3_1vzc35", "permalink": "/r/Frozen/comments/1vzc35/ive_wanted_to_make_this_image_strip_since_the/cexcy03/", "score": 68, "stickied": false, "subreddit_id": "t5_2vpth", "author_name": "Recidivis", "author_id": "8pkti", "subreddit_name": "frozen"}, {"body": "That was unexpected... and funny.", "created_utc": 1390543075.0, "distinguished": null, "edited": false, "id": "cexj0sp", "is_submitter": false, "link_id": "t3_1vzc35", "parent_id": "t3_1vzc35", "permalink": "/r/Frozen/comments/1vzc35/ive_wanted_to_make_this_image_strip_since_the/cexj0sp/", "score": 40, "stickied": false, "subreddit_id": "t5_2vpth", "author_name": "VidPower", "author_id": "93fhp", "subreddit_name": "frozen"}, {"body": "hahaha, that was great", "created_utc": 1390676576.0, "distinguished": null, "edited": false, "id": "ceyob64", "is_submitter": false, "link_id": "t3_1vzc35", "parent_id": "t3_1vzc35", "permalink": "/r/Frozen/comments/1vzc35/ive_wanted_to_make_this_image_strip_since_the/ceyob64/", "score": 18, "stickied": false, "subreddit_id": "t5_2vpth", "author_name": "Zephusa", "author_id": "cq16a", "subreddit_name": "frozen"}, {"body": "Reprise motherfucker!", "created_utc": 1403358426.0, "distinguished": null, "edited": false, "id": "cida9h7", "is_submitter": false, "link_id": "t3_1vzc35", "parent_id": "t3_1vzc35", "permalink": "/r/Frozen/comments/1vzc35/ive_wanted_to_make_this_image_strip_since_the/cida9h7/", "score": 5, "stickied": false, "subreddit_id": "t5_2vpth", "author_name": "HungryAuryn", "author_id": "dz69u", "subreddit_name": "frozen"}, {"body": "http://imgur.com/Y6d5sYs", "created_utc": 1390589338.0, "distinguished": null, "edited": false, "id": "cexwn96", "is_submitter": false, "link_id": "t3_1vzc35", "parent_id": "t1_cexcy03", "permalink": "/r/Frozen/comments/1vzc35/ive_wanted_to_make_this_image_strip_since_the/cexwn96/", "score": 87, "stickied": false, "subreddit_id": "t5_2vpth", "author_name": "Rokolin", "author_id": "6jsfj", "subreddit_name": "frozen"}]