{"clicked": false, "created_utc": 1390516956.0, "distinguished": null, "edited": false, "id": "1vzc35", "is_video": false, "locked": false, "num_comments": 5, "over_18": false, "permalink": "/r/Frozen/comments/1vzc35/ive_wanted_to_make_this_image_strip_since_the/", "score": 870, "selftext": "", "stickied": false, "subreddit_id": "t5_2vpth", "title": "I've wanted to make this image strip since the first time I saw this scene\u2026 [FtFTiF Reprise - modified]", "url": "http://imgur.com/esdQwsx", "author_name": "EvilLittleThing", "author_id": "7c5qp", "subreddit_name": "frozen", "upvote_ratio": 0.98}