[{"body": "That's probably the description of the old version where it was called The Snow Queen and Elsa was the antagonist. Disney must have sent it to them early and they just didn't update it.", "created_utc": 1392091003.0, "distinguished": null, "edited": false, "id": "cfcaf7z", "is_submitter": false, "link_id": "t3_1xku2w", "parent_id": "t3_1xku2w", "permalink": "/r/Frozen/comments/1xku2w/something_tells_me_the_people_at_imdb_have_not/cfcaf7z/", "score": 45, "stickied": false, "subreddit_id": "t5_2vpth", "author_name": "JamesAQuintero", "author_id": "7gthv", "subreddit_name": "frozen"}, {"body": "That movie sounds...stupid", "created_utc": 1392087307.0, "distinguished": null, "edited": false, "id": "cfc8qeo", "is_submitter": false, "link_id": "t3_1xku2w", "parent_id": "t3_1xku2w", "permalink": "/r/Frozen/comments/1xku2w/something_tells_me_the_people_at_imdb_have_not/cfc8qeo/", "score": 28, "stickied": false, "subreddit_id": "t5_2vpth", "author_name": "KaptainK27", "author_id": "f0vwg", "subreddit_name": "frozen"}, {"body": "Yeah, its not just IMDB.. its MANY sites which have descriptions like that.\n\nhttp://www.walmart.ca/en/ip/frozen-blu-ray-dvd-digital-hd/6000147728445\nThis pretty much says the SAME thing, in more words.\n(which I think it more what comes off the back of the box?)\n\nSeriously.. what was Disney marketing thinking???  IF they had the right descriptions.. how many MORE people would be enjoying the movie.. as they were thrown off by that?", "created_utc": 1392088360.0, "distinguished": null, "edited": false, "id": "cfc97rm", "is_submitter": false, "link_id": "t3_1xku2w", "parent_id": "t3_1xku2w", "permalink": "/r/Frozen/comments/1xku2w/something_tells_me_the_people_at_imdb_have_not/cfc97rm/", "score": 15, "stickied": false, "subreddit_id": "t5_2vpth", "author_name": "gdkitty", "author_id": "8payt", "subreddit_name": "frozen"}, {"body": "Pretty sure that text is actual Disney marketing copy.  Sigh...", "created_utc": 1392087355.0, "distinguished": null, "edited": false, "id": "cfc8r7d", "is_submitter": false, "link_id": "t3_1xku2w", "parent_id": "t3_1xku2w", "permalink": "/r/Frozen/comments/1xku2w/something_tells_me_the_people_at_imdb_have_not/cfc8r7d/", "score": 11, "stickied": false, "subreddit_id": "t5_2vpth", "author_name": "AndIfWeFall", "author_id": "f0b0t", "subreddit_name": "frozen"}, {"body": "If we had to re-write it, what would it say?", "created_utc": 1392088226.0, "distinguished": null, "edited": false, "id": "cfc95ka", "is_submitter": true, "link_id": "t3_1xku2w", "parent_id": "t3_1xku2w", "permalink": "/r/Frozen/comments/1xku2w/something_tells_me_the_people_at_imdb_have_not/cfc95ka/", "score": 5, "stickied": false, "subreddit_id": "t5_2vpth", "author_name": "deadengone666", "author_id": "7dslg", "subreddit_name": "frozen"}, {"body": "Thats the old summary Disney released, there was originally going to be a prophacy element to the story, if you listen to the demo tracks on the soundtrack it explains it a little.", "created_utc": 1392102483.0, "distinguished": null, "edited": false, "id": "cfceitr", "is_submitter": false, "link_id": "t3_1xku2w", "parent_id": "t3_1xku2w", "permalink": "/r/Frozen/comments/1xku2w/something_tells_me_the_people_at_imdb_have_not/cfceitr/", "score": 6, "stickied": false, "subreddit_id": "t5_2vpth", "author_name": "Knarpulous", "author_id": "4impj", "subreddit_name": "frozen"}, {"body": "maybe its from the book '' The Snow Queen'' the orgin of frozen", "created_utc": 1392091117.0, "distinguished": null, "edited": false, "id": "cfcah34", "is_submitter": false, "link_id": "t3_1xku2w", "parent_id": "t3_1xku2w", "permalink": "/r/Frozen/comments/1xku2w/something_tells_me_the_people_at_imdb_have_not/cfcah34/", "score": 3, "stickied": false, "subreddit_id": "t5_2vpth", "author_name": "BasedZuna", "author_id": "egzt2", "subreddit_name": "frozen"}, {"body": "They did this probably because they don't want to spoil anything. A lot of the movie description on IMDB is BS. I never take them seriously.", "created_utc": 1392103814.0, "distinguished": null, "edited": false, "id": "cfceunb", "is_submitter": false, "link_id": "t3_1xku2w", "parent_id": "t3_1xku2w", "permalink": "/r/Frozen/comments/1xku2w/something_tells_me_the_people_at_imdb_have_not/cfceunb/", "score": 2, "stickied": false, "subreddit_id": "t5_2vpth", "author_name": "tony18mo", "author_id": "6aprs", "subreddit_name": "frozen"}, {"body": "Did you take this screenshot from a phone emulating Win 7? Not nitpicking, just seems weird.", "created_utc": 1392116357.0, "distinguished": null, "edited": false, "id": "cfch0vi", "is_submitter": false, "link_id": "t3_1xku2w", "parent_id": "t3_1xku2w", "permalink": "/r/Frozen/comments/1xku2w/something_tells_me_the_people_at_imdb_have_not/cfch0vi/", "score": 2, "stickied": false, "subreddit_id": "t5_2vpth", "author_name": null, "author_id": null, "subreddit_name": "frozen"}, {"body": "In the original script, there *was* a prophecy which had to be ended with a \"sword sacrifice\" (though the sacrifice remained in the film.) That's why you saw the book with the trolls, the scroll, etc.  You should download the full, extended sountrack when you get time. There are loads of deleted songs, and some of these songs are from the version of the story where it still revolved around an ancient troll prophecy.", "created_utc": 1392233214.0, "distinguished": null, "edited": false, "id": "cfdnmy8", "is_submitter": false, "link_id": "t3_1xku2w", "parent_id": "t3_1xku2w", "permalink": "/r/Frozen/comments/1xku2w/something_tells_me_the_people_at_imdb_have_not/cfdnmy8/", "score": 1, "stickied": false, "subreddit_id": "t5_2vpth", "author_name": "SaphiraArach", "author_id": "706g1", "subreddit_name": "frozen"}, {"body": "I just watched the trailer and this is exactly what it looks like... I've seen the movie though", "created_utc": 1393541828.0, "distinguished": null, "edited": false, "id": "cfqgi7h", "is_submitter": false, "link_id": "t3_1xku2w", "parent_id": "t3_1xku2w", "permalink": "/r/Frozen/comments/1xku2w/something_tells_me_the_people_at_imdb_have_not/cfqgi7h/", "score": 1, "stickied": false, "subreddit_id": "t5_2vpth", "author_name": "frozenwhalez", "author_id": "agu3u", "subreddit_name": "frozen"}, {"body": "Yeah, it was probably put up a year or two ago, and they've not tracked everyplace to replace it properly.  Elsa and Anna weren't sisters until something like 20 months ago.", "created_utc": 1392094375.0, "distinguished": null, "edited": false, "id": "cfcbux9", "is_submitter": false, "link_id": "t3_1xku2w", "parent_id": "t1_cfcaf7z", "permalink": "/r/Frozen/comments/1xku2w/something_tells_me_the_people_at_imdb_have_not/cfcbux9/", "score": 26, "stickied": false, "subreddit_id": "t5_2vpth", "author_name": "AtlKorrick", "author_id": "ewby6", "subreddit_name": "frozen"}, {"body": "I actually think it sounds interesting. But I don't think it could have been as good as the current Frozen.", "created_utc": 1392091232.0, "distinguished": null, "edited": false, "id": "cfcaiwm", "is_submitter": false, "link_id": "t3_1xku2w", "parent_id": "t1_cfc8qeo", "permalink": "/r/Frozen/comments/1xku2w/something_tells_me_the_people_at_imdb_have_not/cfcaiwm/", "score": 7, "stickied": false, "subreddit_id": "t5_2vpth", "author_name": "JamesAQuintero", "author_id": "7gthv", "subreddit_name": "frozen"}, {"body": "In the original script, there was a prophecy which had to be ended with a \"sword sacrifice\" (though the sacrifice remained in the film.) That's why you saw the book with the trolls, the scroll, etc. You should download the full, extended sountrack when you get time. There are loads of deleted songs, and some of these songs are from the version of the story where it still revolved around an ancient troll prophecy.", "created_utc": 1392233262.0, "distinguished": null, "edited": false, "id": "cfdnnvg", "is_submitter": false, "link_id": "t3_1xku2w", "parent_id": "t1_cfc8r7d", "permalink": "/r/Frozen/comments/1xku2w/something_tells_me_the_people_at_imdb_have_not/cfdnnvg/", "score": 1, "stickied": false, "subreddit_id": "t5_2vpth", "author_name": "SaphiraArach", "author_id": "706g1", "subreddit_name": "frozen"}, {"body": "\"Fearless optimist Anna teams up with Kristoff in an epic journey, encountering Everest-like conditions, and a hilarious snowman named Olaf in a race to find Anna's sister Elsa, whose icy powers have trapped the kingdom in eternal winter.\"", "created_utc": 1392091185.0, "distinguished": null, "edited": false, "id": "cfcai4v", "is_submitter": false, "link_id": "t3_1xku2w", "parent_id": "t1_cfc95ka", "permalink": "/r/Frozen/comments/1xku2w/something_tells_me_the_people_at_imdb_have_not/cfcai4v/", "score": 26, "stickied": false, "subreddit_id": "t5_2vpth", "author_name": "JamesAQuintero", "author_id": "7gthv", "subreddit_name": "frozen"}, {"body": "It was on my Win 7 phone.\n\nBut seriously, I just re-sized the browser to focus on the part I wanted and hit Alt-Print Screen.", "created_utc": 1392170851.0, "distinguished": null, "edited": false, "id": "cfd34b9", "is_submitter": true, "link_id": "t3_1xku2w", "parent_id": "t1_cfch0vi", "permalink": "/r/Frozen/comments/1xku2w/something_tells_me_the_people_at_imdb_have_not/cfd34b9/", "score": 1, "stickied": false, "subreddit_id": "t5_2vpth", "author_name": "deadengone666", "author_id": "7dslg", "subreddit_name": "frozen"}, {"body": "True! Elsa was originally written to be a villain of some sort like most adaptations of the Snow Queen. That is until 'Let It Go' was written and that while the lyrics were brilliant, this was something a villain would not sing, so they changed her role. According to the AMA, the story was rewritten over and over. I don't remember where I read this, but I remember there were rumors that this movie was supposed to be 2D because of Paperman. They changed it to 3D because of their studies of snow and ice and how it acts kinetically. Disney showcased this on YouTube.", "created_utc": 1392106593.0, "distinguished": null, "edited": false, "id": "cfcfg9p", "is_submitter": false, "link_id": "t3_1xku2w", "parent_id": "t1_cfcbux9", "permalink": "/r/Frozen/comments/1xku2w/something_tells_me_the_people_at_imdb_have_not/cfcfg9p/", "score": 11, "stickied": false, "subreddit_id": "t5_2vpth", "author_name": "leekslap", "author_id": "94qfj", "subreddit_name": "frozen"}, {"body": "So you're telling me that Elsanna could have actually been... reasonable? ", "created_utc": 1392096871.0, "distinguished": null, "edited": false, "id": "cfcct77", "is_submitter": false, "link_id": "t3_1xku2w", "parent_id": "t1_cfcbux9", "permalink": "/r/Frozen/comments/1xku2w/something_tells_me_the_people_at_imdb_have_not/cfcct77/", "score": 7, "stickied": false, "subreddit_id": "t5_2vpth", "author_name": "Elsanna", "author_id": "f5jzk", "subreddit_name": "frozen"}, {"body": "Contact Disney with this quick, before they release the DVD", "created_utc": 1392092524.0, "distinguished": null, "edited": false, "id": "cfcb3ab", "is_submitter": false, "link_id": "t3_1xku2w", "parent_id": "t1_cfcai4v", "permalink": "/r/Frozen/comments/1xku2w/something_tells_me_the_people_at_imdb_have_not/cfcb3ab/", "score": 6, "stickied": false, "subreddit_id": "t5_2vpth", "author_name": "Betasheets", "author_id": "bkqah", "subreddit_name": "frozen"}, {"body": "I'm a big fan of not knowing what a movie is about (not my idea though, it's a pretty popular opinion over on /r/movies).\n\nFor example if I knew that Elsa would freeze the kingdom, then I would be awaiting that moment, and I wouldn't be very involved with the introduction.\n\nKnowing a turning point of a movie is like knowing a milestone on a journey. You'll spend all your time looking for it, awaiting it.  \nYou can test it yourself: Take any thriller movie. Have somebody tell you a turning point of the movie. Then watch the movie. All the time up to that point will be very boring to watch because you know where it's heading. It'll be a checklist where you go \"kingdom frozen over, check. Next stop: Frozen reindeer guy, after that, the funny snowman\". Discovering the movie for yourself is a hundred times more involving, because you need to keep track of things. The story builds in your imagination. \n\nAnd that's just the plot. Personalities is another thing I would like to discover for myself (although I'd make an exception for Disney. They usually set personalities in stone within the first 5 minutes).\n\nI tried a few times, but I can't really write a good description. Best I can come up with is something like \"Elsa and Anna live in Arendelle. Their relationship is put to the test, when Elsa reveals her magical powers\". But even that hints that their relationship will be fine, and that Elsa's magical powers will present a turning point that triggers the actual plot.", "created_utc": 1392126462.0, "distinguished": null, "edited": false, "id": "cfcizrh", "is_submitter": false, "link_id": "t3_1xku2w", "parent_id": "t1_cfcai4v", "permalink": "/r/Frozen/comments/1xku2w/something_tells_me_the_people_at_imdb_have_not/cfcizrh/", "score": 2, "stickied": false, "subreddit_id": "t5_2vpth", "author_name": "trixter21992251", "author_id": "5qjtb", "subreddit_name": "frozen"}, {"body": "> ...their studies of snow and ice and how it acts kinetically. Disney showcased this on YouTube.\n\nReference: \n\nhttp://youtu.be/seUJsmugI78", "created_utc": 1392107796.0, "distinguished": null, "edited": false, "id": "cfcfokd", "is_submitter": false, "link_id": "t3_1xku2w", "parent_id": "t1_cfcfg9p", "permalink": "/r/Frozen/comments/1xku2w/something_tells_me_the_people_at_imdb_have_not/cfcfokd/", "score": 3, "stickied": false, "subreddit_id": "t5_2vpth", "author_name": "randomness43080", "author_id": "f3ivm", "subreddit_name": "frozen"}, {"body": "I want a feature length film in the style of Paperman still though.", "created_utc": 1392126587.0, "distinguished": null, "edited": false, "id": "cfcj0yp", "is_submitter": false, "link_id": "t3_1xku2w", "parent_id": "t1_cfcfg9p", "permalink": "/r/Frozen/comments/1xku2w/something_tells_me_the_people_at_imdb_have_not/cfcj0yp/", "score": 2, "stickied": false, "subreddit_id": "t5_2vpth", "author_name": "Monjara", "author_id": "5msy6", "subreddit_name": "frozen"}, {"body": "Implying it's not!", "created_utc": 1392134741.0, "distinguished": null, "edited": false, "id": "cfclyzn", "is_submitter": false, "link_id": "t3_1xku2w", "parent_id": "t1_cfcct77", "permalink": "/r/Frozen/comments/1xku2w/something_tells_me_the_people_at_imdb_have_not/cfclyzn/", "score": 1, "stickied": false, "subreddit_id": "t5_2vpth", "author_name": null, "author_id": null, "subreddit_name": "frozen"}, {"body": "I ironically got it from Frozen's IMDB page. http://i.imgur.com/fCBWZ5Q.png", "created_utc": 1392092818.0, "distinguished": null, "edited": false, "id": "cfcb7pg", "is_submitter": false, "link_id": "t3_1xku2w", "parent_id": "t1_cfcb3ab", "permalink": "/r/Frozen/comments/1xku2w/something_tells_me_the_people_at_imdb_have_not/cfcb7pg/", "score": 17, "stickied": false, "subreddit_id": "t5_2vpth", "author_name": "JamesAQuintero", "author_id": "7gthv", "subreddit_name": "frozen"}, {"body": "I got almost nothing before I watched *Frozen,* and I think that made it all the better to me.  I had no idea where it was going to go.", "created_utc": 1392152965.0, "distinguished": null, "edited": false, "id": "cfcuue4", "is_submitter": false, "link_id": "t3_1xku2w", "parent_id": "t1_cfcizrh", "permalink": "/r/Frozen/comments/1xku2w/something_tells_me_the_people_at_imdb_have_not/cfcuue4/", "score": 3, "stickied": false, "subreddit_id": "t5_2vpth", "author_name": "Hageshii01", "author_id": "7eknz", "subreddit_name": "frozen"}, {"body": "Oh don't worry, it still is.  Just perhaps not in the mainstream.", "created_utc": 1392137879.0, "distinguished": null, "edited": false, "id": "cfcndm8", "is_submitter": false, "link_id": "t3_1xku2w", "parent_id": "t1_cfclyzn", "permalink": "/r/Frozen/comments/1xku2w/something_tells_me_the_people_at_imdb_have_not/cfcndm8/", "score": 2, "stickied": false, "subreddit_id": "t5_2vpth", "author_name": "Elsanna", "author_id": "f5jzk", "subreddit_name": "frozen"}, {"body": "Wot.", "created_utc": 1392126724.0, "distinguished": null, "edited": false, "id": "cfcj2cs", "is_submitter": false, "link_id": "t3_1xku2w", "parent_id": "t1_cfcb7pg", "permalink": "/r/Frozen/comments/1xku2w/something_tells_me_the_people_at_imdb_have_not/cfcj2cs/", "score": 2, "stickied": false, "subreddit_id": "t5_2vpth", "author_name": "TomRad", "author_id": "c3lmi", "subreddit_name": "frozen"}, {"body": "wat", "created_utc": 1392129855.0, "distinguished": null, "edited": false, "id": "cfck26a", "is_submitter": false, "link_id": "t3_1xku2w", "parent_id": "t1_cfcb7pg", "permalink": "/r/Frozen/comments/1xku2w/something_tells_me_the_people_at_imdb_have_not/cfck26a/", "score": 2, "stickied": false, "subreddit_id": "t5_2vpth", "author_name": null, "author_id": null, "subreddit_name": "frozen"}, {"body": "I IRONICALLY GOT IT FROM FROZEN'S IMDB PAGE. HTTP://I.IMGUR.COM/FCBWZ5Q.PNG", "created_utc": 1392129871.0, "distinguished": null, "edited": false, "id": "cfck2dj", "is_submitter": false, "link_id": "t3_1xku2w", "parent_id": "t1_cfck26a", "permalink": "/r/Frozen/comments/1xku2w/something_tells_me_the_people_at_imdb_have_not/cfck2dj/", "score": 0, "stickied": false, "subreddit_id": "t5_2vpth", "author_name": null, "author_id": null, "subreddit_name": "frozen"}, {"body": "WAT", "created_utc": 1392153645.0, "distinguished": null, "edited": false, "id": "cfcv6yx", "is_submitter": false, "link_id": "t3_1xku2w", "parent_id": "t1_cfck2dj", "permalink": "/r/Frozen/comments/1xku2w/something_tells_me_the_people_at_imdb_have_not/cfcv6yx/", "score": 1, "stickied": false, "subreddit_id": "t5_2vpth", "author_name": "Scyter", "author_id": "6l0mu", "subreddit_name": "frozen"}, {"body": "I IRONICALLY GOT IT FROM FROZEN'S IMDB PAGE. HTTP://I.IMGUR.COM/FCBWZ5Q.PNG", "created_utc": 1392153691.0, "distinguished": null, "edited": false, "id": "cfcv7tn", "is_submitter": false, "link_id": "t3_1xku2w", "parent_id": "t1_cfcv6yx", "permalink": "/r/Frozen/comments/1xku2w/something_tells_me_the_people_at_imdb_have_not/cfcv7tn/", "score": 1, "stickied": false, "subreddit_id": "t5_2vpth", "author_name": null, "author_id": null, "subreddit_name": "frozen"}, {"body": "WAT", "created_utc": 1392242002.0, "distinguished": null, "edited": false, "id": "cfds6qk", "is_submitter": false, "link_id": "t3_1xku2w", "parent_id": "t1_cfcv7tn", "permalink": "/r/Frozen/comments/1xku2w/something_tells_me_the_people_at_imdb_have_not/cfds6qk/", "score": 1, "stickied": false, "subreddit_id": "t5_2vpth", "author_name": "Scyter", "author_id": "6l0mu", "subreddit_name": "frozen"}, {"body": "I IRONICALLY GOT IT FROM FROZEN'S IMDB PAGE. HTTP://I.IMGUR.COM/FCBWZ5Q.PNG", "created_utc": 1392242009.0, "distinguished": null, "edited": false, "id": "cfds6vj", "is_submitter": false, "link_id": "t3_1xku2w", "parent_id": "t1_cfds6qk", "permalink": "/r/Frozen/comments/1xku2w/something_tells_me_the_people_at_imdb_have_not/cfds6vj/", "score": 1, "stickied": false, "subreddit_id": "t5_2vpth", "author_name": null, "author_id": null, "subreddit_name": "frozen"}]