{"clicked": false, "created_utc": 1392087101.0, "distinguished": null, "edited": false, "id": "1xku2w", "is_video": false, "locked": false, "num_comments": 39, "over_18": false, "permalink": "/r/Frozen/comments/1xku2w/something_tells_me_the_people_at_imdb_have_not/", "score": 131, "selftext": "", "stickied": false, "subreddit_id": "t5_2vpth", "title": "Something tells me the people at IMDB have not actually seen this movie.", "url": "http://imgur.com/QtHhxty", "author_name": "deadengone666", "author_id": "7dslg", "subreddit_name": "frozen", "upvote_ratio": 0.96}