[{"body": "Ok, that's it. This is my single favorite piece of Frozen fan art yet. The artist captured Little Elsa perfectly and the general atmosphere is incredibly emotional for me. kittykatpaws is amazing.", "created_utc": 1393343966.0, "distinguished": null, "edited": false, "id": "cfobxp8", "is_submitter": false, "link_id": "t3_1ywdqq", "parent_id": "t3_1ywdqq", "permalink": "/r/Frozen/comments/1ywdqq/things_will_get_better_i_promise/cfobxp8/", "score": 14, "stickied": false, "subreddit_id": "t5_2vpth", "author_name": null, "author_id": null, "subreddit_name": "frozen"}, {"body": "\u0ca5_\u0ca5", "created_utc": 1393354751.0, "distinguished": null, "edited": false, "id": "cfoh6at", "is_submitter": false, "link_id": "t3_1ywdqq", "parent_id": "t3_1ywdqq", "permalink": "/r/Frozen/comments/1ywdqq/things_will_get_better_i_promise/cfoh6at/", "score": 11, "stickied": false, "subreddit_id": "t5_2vpth", "author_name": "Herra_Ratatoskr", "author_id": "42kpq", "subreddit_name": "frozen"}, {"body": "Wow... the feels", "created_utc": 1393347778.0, "distinguished": null, "edited": false, "id": "cfodnil", "is_submitter": false, "link_id": "t3_1ywdqq", "parent_id": "t3_1ywdqq", "permalink": "/r/Frozen/comments/1ywdqq/things_will_get_better_i_promise/cfodnil/", "score": 7, "stickied": false, "subreddit_id": "t5_2vpth", "author_name": "Igneek", "author_id": "9zwlf", "subreddit_name": "frozen"}, {"body": "Oh the feelz\n\n I can't help but be sad when watching their childhood scene...;_;\n\nThe first time I watched Frozen it was okay, but after that I know what's going to happen so..", "created_utc": 1393351016.0, "distinguished": null, "edited": false, "id": "cfof939", "is_submitter": false, "link_id": "t3_1ywdqq", "parent_id": "t3_1ywdqq", "permalink": "/r/Frozen/comments/1ywdqq/things_will_get_better_i_promise/cfof939/", "score": 8, "stickied": false, "subreddit_id": "t5_2vpth", "author_name": "FelixBlue", "author_id": "fca2h", "subreddit_name": "frozen"}, {"body": "I love some good fan art... This piece is beautiful.", "created_utc": 1393348895.0, "distinguished": null, "edited": false, "id": "cfoe712", "is_submitter": false, "link_id": "t3_1ywdqq", "parent_id": "t3_1ywdqq", "permalink": "/r/Frozen/comments/1ywdqq/things_will_get_better_i_promise/cfoe712/", "score": 6, "stickied": false, "subreddit_id": "t5_2vpth", "author_name": "XLightThief", "author_id": "5o80b", "subreddit_name": "frozen"}, {"body": "This gave me serious chillbumps. I love it so much. ", "created_utc": 1393354135.0, "distinguished": null, "edited": false, "id": "cfoguqf", "is_submitter": false, "link_id": "t3_1ywdqq", "parent_id": "t3_1ywdqq", "permalink": "/r/Frozen/comments/1ywdqq/things_will_get_better_i_promise/cfoguqf/", "score": 5, "stickied": false, "subreddit_id": "t5_2vpth", "author_name": "Hotnonsense", "author_id": "aaysz", "subreddit_name": "frozen"}, {"body": "Oh god the feels\n\nThe feeeeels", "created_utc": 1393365886.0, "distinguished": null, "edited": false, "id": "cfon051", "is_submitter": false, "link_id": "t3_1ywdqq", "parent_id": "t3_1ywdqq", "permalink": "/r/Frozen/comments/1ywdqq/things_will_get_better_i_promise/cfon051/", "score": 2, "stickied": false, "subreddit_id": "t5_2vpth", "author_name": "dita_von_cheese", "author_id": "d1ktc", "subreddit_name": "frozen"}, {"body": "thats awesome!!", "created_utc": 1393370023.0, "distinguished": null, "edited": false, "id": "cfop28k", "is_submitter": false, "link_id": "t3_1ywdqq", "parent_id": "t3_1ywdqq", "permalink": "/r/Frozen/comments/1ywdqq/things_will_get_better_i_promise/cfop28k/", "score": 2, "stickied": false, "subreddit_id": "t5_2vpth", "author_name": "kapperbeast", "author_id": "5yt7n", "subreddit_name": "frozen"}, {"body": "Awesome piece. T_T", "created_utc": 1393379553.0, "distinguished": null, "edited": false, "id": "cfotg3v", "is_submitter": false, "link_id": "t3_1ywdqq", "parent_id": "t3_1ywdqq", "permalink": "/r/Frozen/comments/1ywdqq/things_will_get_better_i_promise/cfotg3v/", "score": 2, "stickied": false, "subreddit_id": "t5_2vpth", "author_name": "damocles2501", "author_id": "d3wqx", "subreddit_name": "frozen"}, {"body": ":*)", "created_utc": 1393435963.0, "distinguished": null, "edited": false, "id": "cfpao2u", "is_submitter": false, "link_id": "t3_1ywdqq", "parent_id": "t3_1ywdqq", "permalink": "/r/Frozen/comments/1ywdqq/things_will_get_better_i_promise/cfpao2u/", "score": 1, "stickied": false, "subreddit_id": "t5_2vpth", "author_name": "Tyranid457", "author_id": "6z08b", "subreddit_name": "frozen"}, {"body": "This is now my favorite too! It definitely has a better message than others. Things do get better :)", "created_utc": 1393371129.0, "distinguished": null, "edited": false, "id": "cfopl79", "is_submitter": false, "link_id": "t3_1ywdqq", "parent_id": "t1_cfobxp8", "permalink": "/r/Frozen/comments/1ywdqq/things_will_get_better_i_promise/cfopl79/", "score": 3, "stickied": false, "subreddit_id": "t5_2vpth", "author_name": "JamesAQuintero", "author_id": "7gthv", "subreddit_name": "frozen"}]