{"clicked": false, "created_utc": 1393343716.0, "distinguished": null, "edited": false, "id": "1ywdqq", "is_video": false, "locked": false, "num_comments": 11, "over_18": false, "permalink": "/r/Frozen/comments/1ywdqq/things_will_get_better_i_promise/", "score": 169, "selftext": "", "stickied": false, "subreddit_id": "t5_2vpth", "title": "Things will get better. I promise.", "url": "http://kittykatpaws.deviantart.com/art/Do-you-want-to-build-a-snowman-419821860", "author_name": null, "author_id": null, "subreddit_name": "frozen", "upvote_ratio": 0.98}