[{"body": "I love the Elsa step..one of my most favorite parts of the song :)\n\nI would love to see some GREAT stage performances with it (even for the musical, etc).\n\nWith LED screen based floors, to projection, etc... could do some awesome effects.", "created_utc": 1393014005.0, "distinguished": null, "edited": false, "id": "cfl9lc2", "is_submitter": false, "link_id": "t3_1yk9a7", "parent_id": "t3_1yk9a7", "permalink": "/r/Frozen/comments/1yk9a7/if_you_want_to_do_the_elsa_step/cfl9lc2/", "score": 21, "stickied": false, "subreddit_id": "t5_2vpth", "author_name": "gdkitty", "author_id": "8payt", "subreddit_name": "frozen"}, {"body": "I just..can't read this in Anna's voice.", "created_utc": 1393031402.0, "distinguished": null, "edited": false, "id": "cflh9k8", "is_submitter": false, "link_id": "t3_1yk9a7", "parent_id": "t3_1yk9a7", "permalink": "/r/Frozen/comments/1yk9a7/if_you_want_to_do_the_elsa_step/cflh9k8/", "score": 8, "stickied": false, "subreddit_id": "t5_2vpth", "author_name": "jereddit", "author_id": "5v70b", "subreddit_name": "frozen"}, {"body": "Absolutely adorable. If only somebody animated this, sigh.", "created_utc": 1393013183.0, "distinguished": null, "edited": false, "id": "cfl973b", "is_submitter": false, "link_id": "t3_1yk9a7", "parent_id": "t3_1yk9a7", "permalink": "/r/Frozen/comments/1yk9a7/if_you_want_to_do_the_elsa_step/cfl973b/", "score": 6, "stickied": false, "subreddit_id": "t5_2vpth", "author_name": "Portgas", "author_id": "7kc75", "subreddit_name": "frozen"}, {"body": "Just take a step to the left...", "created_utc": 1393036278.0, "distinguished": null, "edited": false, "id": "cflj3v0", "is_submitter": false, "link_id": "t3_1yk9a7", "parent_id": "t3_1yk9a7", "permalink": "/r/Frozen/comments/1yk9a7/if_you_want_to_do_the_elsa_step/cflj3v0/", "score": 2, "stickied": false, "subreddit_id": "t5_2vpth", "author_name": "I_Brittad_It", "author_id": "9ygbf", "subreddit_name": "frozen"}, {"body": "Isn't cool how the \"Elsa stomp\" has already become such an iconic Disney moment?", "created_utc": 1393104765.0, "distinguished": null, "edited": false, "id": "cfm28ha", "is_submitter": false, "link_id": "t3_1yk9a7", "parent_id": "t3_1yk9a7", "permalink": "/r/Frozen/comments/1yk9a7/if_you_want_to_do_the_elsa_step/cfm28ha/", "score": 2, "stickied": false, "subreddit_id": "t5_2vpth", "author_name": "Tyranid457", "author_id": "6z08b", "subreddit_name": "frozen"}, {"body": "Read from right to left... Seriously? There is absolutely no reason this should have been created so it was \"read from right to left\".\n\nEdit: as pointed out, this was of Taiwanese origin, thus explaining the style. My bad.", "created_utc": 1393014345.0, "distinguished": null, "edited": 1393022320.0, "id": "cfl9r5v", "is_submitter": false, "link_id": "t3_1yk9a7", "parent_id": "t3_1yk9a7", "permalink": "/r/Frozen/comments/1yk9a7/if_you_want_to_do_the_elsa_step/cfl9r5v/", "score": -5, "stickied": false, "subreddit_id": "t5_2vpth", "author_name": "red_lantern", "author_id": "5fnpe", "subreddit_name": "frozen"}, {"body": "The artist is Taiwanese. Japanese is traditionally written top down, right to left, which has made Japanese comics read right to left. I assume that Chinese was written the same as until the introduction of kana written Japanese was the same as Chinese, so they'd use the same comic direction.", "created_utc": 1393015195.0, "distinguished": null, "edited": false, "id": "cfla5sh", "is_submitter": true, "link_id": "t3_1yk9a7", "parent_id": "t1_cfl9r5v", "permalink": "/r/Frozen/comments/1yk9a7/if_you_want_to_do_the_elsa_step/cfla5sh/", "score": 13, "stickied": false, "subreddit_id": "t5_2vpth", "author_name": "Eren_Jeager", "author_id": "db1dv", "subreddit_name": "frozen"}, {"body": "Except the creator was from Tiwan.  Almost all the Asian books, comics etc, are all read in that direction.  \n", "created_utc": 1393015026.0, "distinguished": null, "edited": false, "id": "cfla2vg", "is_submitter": false, "link_id": "t3_1yk9a7", "parent_id": "t1_cfl9r5v", "permalink": "/r/Frozen/comments/1yk9a7/if_you_want_to_do_the_elsa_step/cfla2vg/", "score": 7, "stickied": false, "subreddit_id": "t5_2vpth", "author_name": "gdkitty", "author_id": "8payt", "subreddit_name": "frozen"}, {"body": "Oh no, customs from another culture! Run away!", "created_utc": 1393021875.0, "distinguished": null, "edited": false, "id": "cfldb8t", "is_submitter": false, "link_id": "t3_1yk9a7", "parent_id": "t1_cfl9r5v", "permalink": "/r/Frozen/comments/1yk9a7/if_you_want_to_do_the_elsa_step/cfldb8t/", "score": 6, "stickied": false, "subreddit_id": "t5_2vpth", "author_name": "askingxalice", "author_id": "dtcex", "subreddit_name": "frozen"}, {"body": "I'm aware of the style of comic but didn't know this was a Taiwanese writer.  Seeing it in English, I assumed it was someone trying to mimic the style, which comes off kind of silly if it was.", "created_utc": 1393015410.0, "distinguished": null, "edited": false, "id": "cfla9hu", "is_submitter": false, "link_id": "t3_1yk9a7", "parent_id": "t1_cfla5sh", "permalink": "/r/Frozen/comments/1yk9a7/if_you_want_to_do_the_elsa_step/cfla9hu/", "score": 4, "stickied": false, "subreddit_id": "t5_2vpth", "author_name": "red_lantern", "author_id": "5fnpe", "subreddit_name": "frozen"}, {"body": "Read my other comment.  It was lack of clarification on wether this was foreign made or mocked up to appear such.  I have read plenty of manga in my time to know what the style is, but seeing it unclear, as I did not know the source, that explained my confusion. :)", "created_utc": 1393022168.0, "distinguished": null, "edited": false, "id": "cfldfvl", "is_submitter": false, "link_id": "t3_1yk9a7", "parent_id": "t1_cfldb8t", "permalink": "/r/Frozen/comments/1yk9a7/if_you_want_to_do_the_elsa_step/cfldfvl/", "score": 3, "stickied": false, "subreddit_id": "t5_2vpth", "author_name": "red_lantern", "author_id": "5fnpe", "subreddit_name": "frozen"}]