{"clicked": false, "created_utc": 1393012832.0, "distinguished": null, "edited": false, "id": "1yk9a7", "is_video": false, "locked": false, "num_comments": 11, "over_18": false, "permalink": "/r/Frozen/comments/1yk9a7/if_you_want_to_do_the_elsa_step/", "score": 182, "selftext": "", "stickied": false, "subreddit_id": "t5_2vpth", "title": "If you want to do the Elsa step...", "url": "http://akapost.tumblr.com/post/77264691966/if-you-want-to-do-the-elsa-step-just-make-sure", "author_name": "Eren_Jeager", "author_id": "db1dv", "subreddit_name": "frozen", "upvote_ratio": 0.98}