[{"body": "I will be watching the Oscars for the first time in forever.", "created_utc": 1392129723.0, "distinguished": null, "edited": false, "id": "cfck0eg", "is_submitter": false, "link_id": "t3_1xm3sj", "parent_id": "t3_1xm3sj", "permalink": "/r/Frozen/comments/1xm3sj/idina_menzel_is_performing_let_it_go_at_the_oscars/cfck0eg/", "score": 110, "stickied": false, "subreddit_id": "t5_2vpth", "author_name": "DYWTBASM", "author_id": "f5y9o", "subreddit_name": "frozen"}, {"body": "Dat awkward moment if it doesn't win best original song", "created_utc": 1392137841.0, "distinguished": null, "edited": false, "id": "cfcnd0c", "is_submitter": false, "link_id": "t3_1xm3sj", "parent_id": "t3_1xm3sj", "permalink": "/r/Frozen/comments/1xm3sj/idina_menzel_is_performing_let_it_go_at_the_oscars/cfcnd0c/", "score": 32, "stickied": false, "subreddit_id": "t5_2vpth", "author_name": "Elsanna", "author_id": "f5jzk", "subreddit_name": "frozen"}, {"body": "I'm very glad it's Idina and not Demi's version. ", "created_utc": 1392150527.0, "distinguished": null, "edited": false, "id": "cfctl27", "is_submitter": false, "link_id": "t3_1xm3sj", "parent_id": "t3_1xm3sj", "permalink": "/r/Frozen/comments/1xm3sj/idina_menzel_is_performing_let_it_go_at_the_oscars/cfctl27/", "score": 26, "stickied": false, "subreddit_id": "t5_2vpth", "author_name": "teenwitchbitches", "author_id": "5qgvh", "subreddit_name": "frozen"}, {"body": "OMG This is AMAZING!!!! Do the magic, DO THE MAGIC!!\n", "created_utc": 1392135279.0, "distinguished": null, "edited": false, "id": "cfcm7c4", "is_submitter": false, "link_id": "t3_1xm3sj", "parent_id": "t3_1xm3sj", "permalink": "/r/Frozen/comments/1xm3sj/idina_menzel_is_performing_let_it_go_at_the_oscars/cfcm7c4/", "score": 14, "stickied": false, "subreddit_id": "t5_2vpth", "author_name": "teffhk", "author_id": "dyxc8", "subreddit_name": "frozen"}, {"body": "http://blatterburystreet.tumblr.com/post/74972519009/my-username-needed-an-apostrophe", "created_utc": 1392141390.0, "distinguished": null, "edited": false, "id": "cfcp167", "is_submitter": false, "link_id": "t3_1xm3sj", "parent_id": "t3_1xm3sj", "permalink": "/r/Frozen/comments/1xm3sj/idina_menzel_is_performing_let_it_go_at_the_oscars/cfcp167/", "score": 31, "stickied": false, "subreddit_id": "t5_2vpth", "author_name": "gdkitty", "author_id": "8payt", "subreddit_name": "frozen"}, {"body": "Great news. Especially if this song will get the Oscar.", "created_utc": 1392131587.0, "distinguished": null, "edited": false, "id": "cfckovx", "is_submitter": false, "link_id": "t3_1xm3sj", "parent_id": "t3_1xm3sj", "permalink": "/r/Frozen/comments/1xm3sj/idina_menzel_is_performing_let_it_go_at_the_oscars/cfckovx/", "score": 10, "stickied": false, "subreddit_id": "t5_2vpth", "author_name": "Portgas", "author_id": "7kc75", "subreddit_name": "frozen"}, {"body": "THIS IS AMAAAAZING!", "created_utc": 1392141937.0, "distinguished": null, "edited": false, "id": "cfcpaq8", "is_submitter": false, "link_id": "t3_1xm3sj", "parent_id": "t3_1xm3sj", "permalink": "/r/Frozen/comments/1xm3sj/idina_menzel_is_performing_let_it_go_at_the_oscars/cfcpaq8/", "score": 8, "stickied": false, "subreddit_id": "t5_2vpth", "author_name": "KamikazePlatypus", "author_id": "adrzp", "subreddit_name": "frozen"}, {"body": "yes! we were all waiting for this delightful news.", "created_utc": 1392135566.0, "distinguished": null, "edited": false, "id": "cfcmbsj", "is_submitter": false, "link_id": "t3_1xm3sj", "parent_id": "t3_1xm3sj", "permalink": "/r/Frozen/comments/1xm3sj/idina_menzel_is_performing_let_it_go_at_the_oscars/cfcmbsj/", "score": 5, "stickied": false, "subreddit_id": "t5_2vpth", "author_name": "baconbroth", "author_id": "cidv2", "subreddit_name": "frozen"}, {"body": "Now I definitely have to watch this", "created_utc": 1392135989.0, "distinguished": null, "edited": false, "id": "cfcmiip", "is_submitter": false, "link_id": "t3_1xm3sj", "parent_id": "t3_1xm3sj", "permalink": "/r/Frozen/comments/1xm3sj/idina_menzel_is_performing_let_it_go_at_the_oscars/cfcmiip/", "score": 7, "stickied": false, "subreddit_id": "t5_2vpth", "author_name": "theKunz1", "author_id": "c3jji", "subreddit_name": "frozen"}, {"body": "Wow! Looking forward to the Oscars! And with the OST at #1 again in the Billboard Top 200 for the fourth time, everything's good with Frozen!", "created_utc": 1392142841.0, "distinguished": null, "edited": 1392143295.0, "id": "cfcpqfd", "is_submitter": false, "link_id": "t3_1xm3sj", "parent_id": "t3_1xm3sj", "permalink": "/r/Frozen/comments/1xm3sj/idina_menzel_is_performing_let_it_go_at_the_oscars/cfcpqfd/", "score": 6, "stickied": false, "subreddit_id": "t5_2vpth", "author_name": "hotrodx", "author_id": "3nqjk", "subreddit_name": "frozen"}, {"body": "I sure hope they make it a Broadway-esque performance with her dancing around, and not some regular standing in her place with a stationary mic stand. Idina is used to that kind of performance. ", "created_utc": 1392154809.0, "distinguished": null, "edited": false, "id": "cfcvseq", "is_submitter": false, "link_id": "t3_1xm3sj", "parent_id": "t3_1xm3sj", "permalink": "/r/Frozen/comments/1xm3sj/idina_menzel_is_performing_let_it_go_at_the_oscars/cfcvseq/", "score": 3, "stickied": false, "subreddit_id": "t5_2vpth", "author_name": "TareXmd", "author_id": "5iplk", "subreddit_name": "frozen"}, {"body": "idina is going to bring the Dolby Theater down with her voice. Can't wait. ", "created_utc": 1392173462.0, "distinguished": null, "edited": false, "id": "cfd4can", "is_submitter": false, "link_id": "t3_1xm3sj", "parent_id": "t3_1xm3sj", "permalink": "/r/Frozen/comments/1xm3sj/idina_menzel_is_performing_let_it_go_at_the_oscars/cfd4can/", "score": 3, "stickied": false, "subreddit_id": "t5_2vpth", "author_name": "Guild_Navigator", "author_id": "6v5xw", "subreddit_name": "frozen"}, {"body": "Yay!", "created_utc": 1392173392.0, "distinguished": null, "edited": false, "id": "cfd4b5b", "is_submitter": false, "link_id": "t3_1xm3sj", "parent_id": "t3_1xm3sj", "permalink": "/r/Frozen/comments/1xm3sj/idina_menzel_is_performing_let_it_go_at_the_oscars/cfd4b5b/", "score": 2, "stickied": false, "subreddit_id": "t5_2vpth", "author_name": "themd", "author_id": "4jynf", "subreddit_name": "frozen"}, {"body": "You'll be watching nothing, hoe. This Frozen bullshit is bullcrap.", "created_utc": 1392152097.0, "distinguished": null, "edited": false, "id": "cfcueiv", "is_submitter": false, "link_id": "t3_1xm3sj", "parent_id": "t3_1xm3sj", "permalink": "/r/Frozen/comments/1xm3sj/idina_menzel_is_performing_let_it_go_at_the_oscars/cfcueiv/", "score": -22, "stickied": false, "subreddit_id": "t5_2vpth", "author_name": "eyepuncher", "author_id": "6m5ry", "subreddit_name": "frozen"}, {"body": "DID YOU JUST", "created_utc": 1392138907.0, "distinguished": null, "edited": false, "id": "cfcnut6", "is_submitter": false, "link_id": "t3_1xm3sj", "parent_id": "t1_cfck0eg", "permalink": "/r/Frozen/comments/1xm3sj/idina_menzel_is_performing_let_it_go_at_the_oscars/cfcnut6/", "score": 40, "stickied": false, "subreddit_id": "t5_2vpth", "author_name": null, "author_id": null, "subreddit_name": "frozen"}, {"body": "Same here.. normally, I just watch them in passing... usually fast forward through the commercials, etc.\n\nDefinitely watching fully this year.", "created_utc": 1392130777.0, "distinguished": null, "edited": false, "id": "cfcke2c", "is_submitter": false, "link_id": "t3_1xm3sj", "parent_id": "t1_cfck0eg", "permalink": "/r/Frozen/comments/1xm3sj/idina_menzel_is_performing_let_it_go_at_the_oscars/cfcke2c/", "score": 11, "stickied": false, "subreddit_id": "t5_2vpth", "author_name": "gdkitty", "author_id": "8payt", "subreddit_name": "frozen"}, {"body": "Same. Never rooted for a movie before, so now is the time.", "created_utc": 1392136155.0, "distinguished": null, "edited": false, "id": "cfcml8d", "is_submitter": false, "link_id": "t3_1xm3sj", "parent_id": "t1_cfck0eg", "permalink": "/r/Frozen/comments/1xm3sj/idina_menzel_is_performing_let_it_go_at_the_oscars/cfcml8d/", "score": 9, "stickied": false, "subreddit_id": "t5_2vpth", "author_name": "Nolos", "author_id": "dqt7e", "subreddit_name": "frozen"}, {"body": "Shit's gonna be staying on my DVR for a very long time.", "created_utc": 1392139712.0, "distinguished": null, "edited": false, "id": "cfco8gy", "is_submitter": false, "link_id": "t3_1xm3sj", "parent_id": "t1_cfck0eg", "permalink": "/r/Frozen/comments/1xm3sj/idina_menzel_is_performing_let_it_go_at_the_oscars/cfco8gy/", "score": 1, "stickied": false, "subreddit_id": "t5_2vpth", "author_name": "vinjhup", "author_id": "69a8m", "subreddit_name": "frozen"}, {"body": "They better make her sing first.\nOH? I didn't win? I'm not singing now :P", "created_utc": 1392137915.0, "distinguished": null, "edited": false, "id": "cfcne8h", "is_submitter": false, "link_id": "t3_1xm3sj", "parent_id": "t1_cfcnd0c", "permalink": "/r/Frozen/comments/1xm3sj/idina_menzel_is_performing_let_it_go_at_the_oscars/cfcne8h/", "score": 20, "stickied": false, "subreddit_id": "t5_2vpth", "author_name": "gdkitty", "author_id": "8payt", "subreddit_name": "frozen"}, {"body": "Betting odds on Best Original Song:\n\nhttp://www.oddschecker.com/awards/oscars/best-original-song\n\nTherefore, Frozen's Let It Go is a favorite, followed by Mandela's Ordinary Love (Golden Globe winner) and Despicable Me 2's Happy. I hope Let It Go wins, and in all likelihood, it will.", "created_utc": 1392140693.0, "distinguished": null, "edited": false, "id": "cfcop38", "is_submitter": false, "link_id": "t3_1xm3sj", "parent_id": "t1_cfcnd0c", "permalink": "/r/Frozen/comments/1xm3sj/idina_menzel_is_performing_let_it_go_at_the_oscars/cfcop38/", "score": 11, "stickied": false, "subreddit_id": "t5_2vpth", "author_name": "randomness43080", "author_id": "f3ivm", "subreddit_name": "frozen"}, {"body": "I won't be surprised if it didn't. I'd be incredibly PO'd, but I wouldn't be surprised. After all, controversy creates cash.", "created_utc": 1392139808.0, "distinguished": null, "edited": false, "id": "cfcoa5n", "is_submitter": false, "link_id": "t3_1xm3sj", "parent_id": "t1_cfcnd0c", "permalink": "/r/Frozen/comments/1xm3sj/idina_menzel_is_performing_let_it_go_at_the_oscars/cfcoa5n/", "score": 3, "stickied": false, "subreddit_id": "t5_2vpth", "author_name": "vinjhup", "author_id": "69a8m", "subreddit_name": "frozen"}, {"body": "I might cry...", "created_utc": 1392162384.0, "distinguished": null, "edited": false, "id": "cfcz7f9", "is_submitter": false, "link_id": "t3_1xm3sj", "parent_id": "t1_cfcnd0c", "permalink": "/r/Frozen/comments/1xm3sj/idina_menzel_is_performing_let_it_go_at_the_oscars/cfcz7f9/", "score": 2, "stickied": false, "subreddit_id": "t5_2vpth", "author_name": "UpvoteBecauseIcan", "author_id": "bpim5", "subreddit_name": "frozen"}, {"body": "Demi lavato basically took my favorite song, ripped it apart, put it together then just smashed it down again for full effect :/", "created_utc": 1392162511.0, "distinguished": null, "edited": false, "id": "cfcz9jr", "is_submitter": false, "link_id": "t3_1xm3sj", "parent_id": "t1_cfctl27", "permalink": "/r/Frozen/comments/1xm3sj/idina_menzel_is_performing_let_it_go_at_the_oscars/cfcz9jr/", "score": 17, "stickied": false, "subreddit_id": "t5_2vpth", "author_name": "UpvoteBecauseIcan", "author_id": "bpim5", "subreddit_name": "frozen"}, {"body": "Dude I'm gonna post this. This link deserve its individual post!", "created_utc": 1392142017.0, "distinguished": null, "edited": false, "id": "cfcpc2s", "is_submitter": false, "link_id": "t3_1xm3sj", "parent_id": "t1_cfcp167", "permalink": "/r/Frozen/comments/1xm3sj/idina_menzel_is_performing_let_it_go_at_the_oscars/cfcpc2s/", "score": 4, "stickied": false, "subreddit_id": "t5_2vpth", "author_name": "IamVAcer", "author_id": "d3tyl", "subreddit_name": "frozen"}, {"body": "You mean, when this song gets the oscar", "created_utc": 1392139274.0, "distinguished": null, "edited": false, "id": "cfco10o", "is_submitter": false, "link_id": "t3_1xm3sj", "parent_id": "t1_cfckovx", "permalink": "/r/Frozen/comments/1xm3sj/idina_menzel_is_performing_let_it_go_at_the_oscars/cfco10o/", "score": 13, "stickied": false, "subreddit_id": "t5_2vpth", "author_name": "joelicious5000", "author_id": "66op1", "subreddit_name": "frozen"}, {"body": "If she performs in the beginning the judges and everyone will know what mistake they have made ", "created_utc": 1392162453.0, "distinguished": null, "edited": false, "id": "cfcz8ky", "is_submitter": false, "link_id": "t3_1xm3sj", "parent_id": "t1_cfckovx", "permalink": "/r/Frozen/comments/1xm3sj/idina_menzel_is_performing_let_it_go_at_the_oscars/cfcz8ky/", "score": 3, "stickied": false, "subreddit_id": "t5_2vpth", "author_name": "UpvoteBecauseIcan", "author_id": "bpim5", "subreddit_name": "frozen"}, {"body": "Why the fuck are you in this subreddit then?\n\nAlso \n>bullshit is bullcrap\n\nThat's deep", "created_utc": 1392155409.0, "distinguished": null, "edited": false, "id": "cfcw3f1", "is_submitter": false, "link_id": "t3_1xm3sj", "parent_id": "t1_cfcueiv", "permalink": "/r/Frozen/comments/1xm3sj/idina_menzel_is_performing_let_it_go_at_the_oscars/cfcw3f1/", "score": 14, "stickied": false, "subreddit_id": "t5_2vpth", "author_name": "Voids", "author_id": "6dj3i", "subreddit_name": "frozen"}, {"body": "OH YEAH HE DID", "created_utc": 1392139228.0, "distinguished": null, "edited": false, "id": "cfco0a2", "is_submitter": false, "link_id": "t3_1xm3sj", "parent_id": "t1_cfcnut6", "permalink": "/r/Frozen/comments/1xm3sj/idina_menzel_is_performing_let_it_go_at_the_oscars/cfco0a2/", "score": 28, "stickied": false, "subreddit_id": "t5_2vpth", "author_name": null, "author_id": null, "subreddit_name": "frozen"}, {"body": "Do you think you will be tangled up in the show?", "created_utc": 1392153744.0, "distinguished": null, "edited": false, "id": "cfcv8so", "is_submitter": false, "link_id": "t3_1xm3sj", "parent_id": "t1_cfcml8d", "permalink": "/r/Frozen/comments/1xm3sj/idina_menzel_is_performing_let_it_go_at_the_oscars/cfcv8so/", "score": 9, "stickied": false, "subreddit_id": "t5_2vpth", "author_name": "tdbbode", "author_id": "73rpi", "subreddit_name": "frozen"}, {"body": "Nope, you had your chance. BRB, running off to build an awesome tower with my ice-powers!", "created_utc": 1392138898.0, "distinguished": null, "edited": false, "id": "cfcnung", "is_submitter": false, "link_id": "t3_1xm3sj", "parent_id": "t1_cfcne8h", "permalink": "/r/Frozen/comments/1xm3sj/idina_menzel_is_performing_let_it_go_at_the_oscars/cfcnung/", "score": 8, "stickied": false, "subreddit_id": "t5_2vpth", "author_name": null, "author_id": null, "subreddit_name": "frozen"}, {"body": "Odds favored Let it Go before the Golden Globes too. \n\nThough, ironically, not as heavily.  ", "created_utc": 1392141823.0, "distinguished": null, "edited": false, "id": "cfcp8u4", "is_submitter": false, "link_id": "t3_1xm3sj", "parent_id": "t1_cfcop38", "permalink": "/r/Frozen/comments/1xm3sj/idina_menzel_is_performing_let_it_go_at_the_oscars/cfcp8u4/", "score": 4, "stickied": false, "subreddit_id": "t5_2vpth", "author_name": "Elsanna", "author_id": "f5jzk", "subreddit_name": "frozen"}, {"body": "I think U2 had a bit of a draw for some voters, but Let It Go is the better song.", "created_utc": 1392155693.0, "distinguished": null, "edited": false, "id": "cfcw8pi", "is_submitter": false, "link_id": "t3_1xm3sj", "parent_id": "t1_cfcop38", "permalink": "/r/Frozen/comments/1xm3sj/idina_menzel_is_performing_let_it_go_at_the_oscars/cfcw8pi/", "score": 3, "stickied": false, "subreddit_id": "t5_2vpth", "author_name": "RKitch2112", "author_id": "etl3g", "subreddit_name": "frozen"}, {"body": "At least know there would be a pity party thread about it!", "created_utc": 1392164133.0, "distinguished": null, "edited": false, "id": "cfczzo1", "is_submitter": false, "link_id": "t3_1xm3sj", "parent_id": "t1_cfcz7f9", "permalink": "/r/Frozen/comments/1xm3sj/idina_menzel_is_performing_let_it_go_at_the_oscars/cfczzo1/", "score": 1, "stickied": false, "subreddit_id": "t5_2vpth", "author_name": "Elsanna", "author_id": "f5jzk", "subreddit_name": "frozen"}, {"body": "Disney had a great track record too, but Demi Lavato ruined it.", "created_utc": 1392178889.0, "distinguished": null, "edited": false, "id": "cfd6q10", "is_submitter": false, "link_id": "t3_1xm3sj", "parent_id": "t1_cfcz9jr", "permalink": "/r/Frozen/comments/1xm3sj/idina_menzel_is_performing_let_it_go_at_the_oscars/cfd6q10/", "score": 6, "stickied": false, "subreddit_id": "t5_2vpth", "author_name": "Darkside_Hero", "author_id": "6wquo", "subreddit_name": "frozen"}, {"body": "Ok nvm apparently it has been posted before", "created_utc": 1392142376.0, "distinguished": null, "edited": false, "id": "cfcpia0", "is_submitter": false, "link_id": "t3_1xm3sj", "parent_id": "t1_cfcpc2s", "permalink": "/r/Frozen/comments/1xm3sj/idina_menzel_is_performing_let_it_go_at_the_oscars/cfcpia0/", "score": 3, "stickied": false, "subreddit_id": "t5_2vpth", "author_name": "IamVAcer", "author_id": "d3tyl", "subreddit_name": "frozen"}, {"body": "go for it :)", "created_utc": 1392143507.0, "distinguished": null, "edited": false, "id": "cfcq23u", "is_submitter": false, "link_id": "t3_1xm3sj", "parent_id": "t1_cfcpc2s", "permalink": "/r/Frozen/comments/1xm3sj/idina_menzel_is_performing_let_it_go_at_the_oscars/cfcq23u/", "score": 1, "stickied": false, "subreddit_id": "t5_2vpth", "author_name": "gdkitty", "author_id": "8payt", "subreddit_name": "frozen"}, {"body": "thats what I said before the golden globes", "created_utc": 1392141811.0, "distinguished": null, "edited": false, "id": "cfcp8m5", "is_submitter": false, "link_id": "t3_1xm3sj", "parent_id": "t1_cfco10o", "permalink": "/r/Frozen/comments/1xm3sj/idina_menzel_is_performing_let_it_go_at_the_oscars/cfcp8m5/", "score": 4, "stickied": false, "subreddit_id": "t5_2vpth", "author_name": "squeakyL", "author_id": "3h9yb", "subreddit_name": "frozen"}, {"body": "Laughed my ass off. Yup deserved to be said not acro'd", "created_utc": 1392162567.0, "distinguished": null, "edited": false, "id": "cfczafw", "is_submitter": false, "link_id": "t3_1xm3sj", "parent_id": "t1_cfcw3f1", "permalink": "/r/Frozen/comments/1xm3sj/idina_menzel_is_performing_let_it_go_at_the_oscars/cfczafw/", "score": 3, "stickied": false, "subreddit_id": "t5_2vpth", "author_name": "UpvoteBecauseIcan", "author_id": "bpim5", "subreddit_name": "frozen"}, {"body": "He's a \"she\". And so are you :)\n\nWhere did everyone get these avatars? Never seen that on reddit before.", "created_utc": 1392145820.0, "distinguished": null, "edited": false, "id": "cfcr7fm", "is_submitter": false, "link_id": "t3_1xm3sj", "parent_id": "t1_cfco0a2", "permalink": "/r/Frozen/comments/1xm3sj/idina_menzel_is_performing_let_it_go_at_the_oscars/cfcr7fm/", "score": 11, "stickied": false, "subreddit_id": "t5_2vpth", "author_name": "nikbackm", "author_id": "1q5f", "subreddit_name": "frozen"}, {"body": "I'm not sure. Due to timezones I might just let it go if it's too much of a hazzle.", "created_utc": 1392153851.0, "distinguished": null, "edited": false, "id": "cfcvarl", "is_submitter": false, "link_id": "t3_1xm3sj", "parent_id": "t1_cfcv8so", "permalink": "/r/Frozen/comments/1xm3sj/idina_menzel_is_performing_let_it_go_at_the_oscars/cfcvarl/", "score": 6, "stickied": false, "subreddit_id": "t5_2vpth", "author_name": "Nolos", "author_id": "dqt7e", "subreddit_name": "frozen"}, {"body": "Yeah, it will be interesting to see how influential U2 and a Golden Globe win will be for Ordinary Love, or Pharrell and his Grammy success for Happy. However, Let It Go did win the BFCA, and Disney (at least used to) has a record of accomplishment for Best Original Song, so it will be intriguing as to how it all plays out.", "created_utc": 1392156819.0, "distinguished": null, "edited": false, "id": "cfcwslw", "is_submitter": false, "link_id": "t3_1xm3sj", "parent_id": "t1_cfcw8pi", "permalink": "/r/Frozen/comments/1xm3sj/idina_menzel_is_performing_let_it_go_at_the_oscars/cfcwslw/", "score": 3, "stickied": false, "subreddit_id": "t5_2vpth", "author_name": "randomness43080", "author_id": "f3ivm", "subreddit_name": "frozen"}, {"body": "For down voted fur repeated post :(. Someone posted it already apparently", "created_utc": 1392166582.0, "distinguished": null, "edited": false, "id": "cfd158b", "is_submitter": false, "link_id": "t3_1xm3sj", "parent_id": "t1_cfcq23u", "permalink": "/r/Frozen/comments/1xm3sj/idina_menzel_is_performing_let_it_go_at_the_oscars/cfd158b/", "score": 0, "stickied": false, "subreddit_id": "t5_2vpth", "author_name": "IamVAcer", "author_id": "d3tyl", "subreddit_name": "frozen"}, {"body": "Well, I'm knocking on wood more than Anna", "created_utc": 1392142285.0, "distinguished": null, "edited": false, "id": "cfcpgor", "is_submitter": false, "link_id": "t3_1xm3sj", "parent_id": "t1_cfcp8m5", "permalink": "/r/Frozen/comments/1xm3sj/idina_menzel_is_performing_let_it_go_at_the_oscars/cfcpgor/", "score": 3, "stickied": false, "subreddit_id": "t5_2vpth", "author_name": "joelicious5000", "author_id": "66op1", "subreddit_name": "frozen"}, {"body": "[How to flair up.](http://imgur.com/a/N2SnD)", "created_utc": 1392151564.0, "distinguished": null, "edited": false, "id": "cfcu4b2", "is_submitter": false, "link_id": "t3_1xm3sj", "parent_id": "t1_cfcr7fm", "permalink": "/r/Frozen/comments/1xm3sj/idina_menzel_is_performing_let_it_go_at_the_oscars/cfcu4b2/", "score": 12, "stickied": false, "subreddit_id": "t5_2vpth", "author_name": "JiForce", "author_id": "5fwj2", "subreddit_name": "frozen"}, {"body": "I was just saying for him to go for it if he wanted to :p\n\nIt's his job to see if its a repost :p", "created_utc": 1392167273.0, "distinguished": null, "edited": false, "id": "cfd1ggl", "is_submitter": false, "link_id": "t3_1xm3sj", "parent_id": "t1_cfd158b", "permalink": "/r/Frozen/comments/1xm3sj/idina_menzel_is_performing_let_it_go_at_the_oscars/cfd1ggl/", "score": 1, "stickied": false, "subreddit_id": "t5_2vpth", "author_name": "gdkitty", "author_id": "8payt", "subreddit_name": "frozen"}, {"body": "Ah, so that's what \"flair\" was about. Thanks!", "created_utc": 1392180653.0, "distinguished": null, "edited": false, "id": "cfd7gcv", "is_submitter": false, "link_id": "t3_1xm3sj", "parent_id": "t1_cfcu4b2", "permalink": "/r/Frozen/comments/1xm3sj/idina_menzel_is_performing_let_it_go_at_the_oscars/cfd7gcv/", "score": 2, "stickied": false, "subreddit_id": "t5_2vpth", "author_name": "nikbackm", "author_id": "1q5f", "subreddit_name": "frozen"}, {"body": "Anytime, my friend. Default subreddits usually don't have them, but more active non-defaults like /r/bicycling or /r/leagueoflegends often do. They're pretty fun! ", "created_utc": 1392181464.0, "distinguished": null, "edited": false, "id": "cfd7s50", "is_submitter": false, "link_id": "t3_1xm3sj", "parent_id": "t1_cfd7gcv", "permalink": "/r/Frozen/comments/1xm3sj/idina_menzel_is_performing_let_it_go_at_the_oscars/cfd7s50/", "score": 2, "stickied": false, "subreddit_id": "t5_2vpth", "author_name": "JiForce", "author_id": "5fwj2", "subreddit_name": "frozen"}]