{"clicked": false, "created_utc": 1392128612.0, "distinguished": null, "edited": false, "id": "1xm3sj", "is_video": false, "locked": false, "num_comments": 48, "over_18": false, "permalink": "/r/Frozen/comments/1xm3sj/idina_menzel_is_performing_let_it_go_at_the_oscars/", "score": 325, "selftext": "", "stickied": false, "subreddit_id": "t5_2vpth", "title": "Idina Menzel is performing \"Let it Go\" at the Oscars!", "url": "http://www.idinamenzel.com/index.cfm/pk/view/cd/NAA/cdid/733098/pid/400025", "author_name": "mads-80", "author_id": "36ty0", "subreddit_name": "frozen", "upvote_ratio": 0.99}