[{"body": "107 reasons to say I love you. This is great, thanks man. ", "created_utc": 1390890939.0, "distinguished": null, "edited": false, "id": "cf0rge9", "is_submitter": false, "link_id": "t3_1wckdw", "parent_id": "t3_1wckdw", "permalink": "/r/Frozen/comments/1wckdw/elsas_hairflip_107_images/cf0rge9/", "score": 31, "stickied": false, "subreddit_id": "t5_2vpth", "author_name": "JiForce", "author_id": "5fwj2", "subreddit_name": "frozen"}, {"body": "Is it wrong that I am attracted to this animated character...? ", "created_utc": 1391029558.0, "distinguished": null, "edited": false, "id": "cf23m26", "is_submitter": false, "link_id": "t3_1wckdw", "parent_id": "t3_1wckdw", "permalink": "/r/Frozen/comments/1wckdw/elsas_hairflip_107_images/cf23m26/", "score": 17, "stickied": false, "subreddit_id": "t5_2vpth", "author_name": "OniWeird", "author_id": "9eg6p", "subreddit_name": "frozen"}, {"body": "Even with 107 images it is still difficult to notice the part when her hair magically pass through her shoulder O.o", "created_utc": 1390912334.0, "distinguished": null, "edited": false, "id": "cf0v7of", "is_submitter": false, "link_id": "t3_1wckdw", "parent_id": "t3_1wckdw", "permalink": "/r/Frozen/comments/1wckdw/elsas_hairflip_107_images/cf0v7of/", "score": 34, "stickied": false, "subreddit_id": "t5_2vpth", "author_name": "ANakedHobo", "author_id": "ds718", "subreddit_name": "frozen"}, {"body": "So, I went ahead and took screenshots of Elsa's Hairflip, because everyone loves it.\n\nI found a new wallpaper in one of those frames.\n\nEnjoy? :)\n\n*Since I don't know which image it is, I'll make a comment on the image I'm using as a wallpaper. Just because.\n\n**It's been a day or so since I've posted this, I'll remove the comments.", "created_utc": 1390885480.0, "distinguished": null, "edited": 1391012743.0, "id": "cf0plh5", "is_submitter": true, "link_id": "t3_1wckdw", "parent_id": "t3_1wckdw", "permalink": "/r/Frozen/comments/1wckdw/elsas_hairflip_107_images/cf0plh5/", "score": 8, "stickied": false, "subreddit_id": "t5_2vpth", "author_name": "WanderingRurouni", "author_id": "bes49", "subreddit_name": "frozen"}, {"body": "I can't believe I just went through all 107 images. Well done, and I think I'm going ice-crazy.", "created_utc": 1390891463.0, "distinguished": null, "edited": false, "id": "cf0rlpi", "is_submitter": false, "link_id": "t3_1wckdw", "parent_id": "t3_1wckdw", "permalink": "/r/Frozen/comments/1wckdw/elsas_hairflip_107_images/cf0rlpi/", "score": 8, "stickied": false, "subreddit_id": "t5_2vpth", "author_name": "Miss_Sauce", "author_id": "9c9bo", "subreddit_name": "frozen"}, {"body": "One of my favorite parts in the movie. When I watch Let it Go or Frozen with friends, the guys go crazy in this part.", "created_utc": 1390909822.0, "distinguished": null, "edited": false, "id": "cf0uswa", "is_submitter": false, "link_id": "t3_1wckdw", "parent_id": "t3_1wckdw", "permalink": "/r/Frozen/comments/1wckdw/elsas_hairflip_107_images/cf0uswa/", "score": 6, "stickied": false, "subreddit_id": "t5_2vpth", "author_name": "iamsofreakinbored", "author_id": "667le", "subreddit_name": "frozen"}, {"body": "Set my scrolling thumb to warp speed...\nAwesome ensued.", "created_utc": 1390923503.0, "distinguished": null, "edited": false, "id": "cf0ycdf", "is_submitter": false, "link_id": "t3_1wckdw", "parent_id": "t3_1wckdw", "permalink": "/r/Frozen/comments/1wckdw/elsas_hairflip_107_images/cf0ycdf/", "score": 7, "stickied": false, "subreddit_id": "t5_2vpth", "author_name": "MilanoMongoose", "author_id": "cse66", "subreddit_name": "frozen"}, {"body": "That was really fun...like drawing a stick man in a flip book.", "created_utc": 1391049534.0, "distinguished": null, "edited": false, "id": "cf2d432", "is_submitter": false, "link_id": "t3_1wckdw", "parent_id": "t3_1wckdw", "permalink": "/r/Frozen/comments/1wckdw/elsas_hairflip_107_images/cf2d432/", "score": 6, "stickied": false, "subreddit_id": "t5_2vpth", "author_name": null, "author_id": null, "subreddit_name": "frozen"}, {"body": "#16 tho", "created_utc": 1391054816.0, "distinguished": null, "edited": false, "id": "cf2fht9", "is_submitter": false, "link_id": "t3_1wckdw", "parent_id": "t3_1wckdw", "permalink": "/r/Frozen/comments/1wckdw/elsas_hairflip_107_images/cf2fht9/", "score": 5, "stickied": false, "subreddit_id": "t5_2vpth", "author_name": "Uberchimichanga", "author_id": "896ui", "subreddit_name": "frozen"}, {"body": "I thank you sir ", "created_utc": 1390951364.0, "distinguished": null, "edited": false, "id": "cf1bveb", "is_submitter": false, "link_id": "t3_1wckdw", "parent_id": "t3_1wckdw", "permalink": "/r/Frozen/comments/1wckdw/elsas_hairflip_107_images/cf1bveb/", "score": 3, "stickied": false, "subreddit_id": "t5_2vpth", "author_name": "zarzer", "author_id": "ao5qj", "subreddit_name": "frozen"}, {"body": "So I wasn't the only one who adored that bit?", "created_utc": 1391268205.0, "distinguished": null, "edited": false, "id": "cf4e6hz", "is_submitter": false, "link_id": "t3_1wckdw", "parent_id": "t3_1wckdw", "permalink": "/r/Frozen/comments/1wckdw/elsas_hairflip_107_images/cf4e6hz/", "score": 3, "stickied": false, "subreddit_id": "t5_2vpth", "author_name": "ScienceCatMeow", "author_id": "f0qk7", "subreddit_name": "frozen"}, {"body": "Love you, too. :)", "created_utc": 1390891302.0, "distinguished": null, "edited": false, "id": "cf0rk43", "is_submitter": true, "link_id": "t3_1wckdw", "parent_id": "t1_cf0rge9", "permalink": "/r/Frozen/comments/1wckdw/elsas_hairflip_107_images/cf0rk43/", "score": 8, "stickied": false, "subreddit_id": "t5_2vpth", "author_name": "WanderingRurouni", "author_id": "bes49", "subreddit_name": "frozen"}, {"body": "Technically speaking, as long as it doesn't negatively effect your life, there's nothing wrong.\n\nAt least that's what I learned in my Psychology courses.", "created_utc": 1391048370.0, "distinguished": null, "edited": false, "id": "cf2ckzl", "is_submitter": false, "link_id": "t3_1wckdw", "parent_id": "t1_cf23m26", "permalink": "/r/Frozen/comments/1wckdw/elsas_hairflip_107_images/cf2ckzl/", "score": 14, "stickied": false, "subreddit_id": "t5_2vpth", "author_name": "tears_of_ice", "author_id": "ew8gw", "subreddit_name": "frozen"}, {"body": "Ugh, I wish I hadn't read about it a couple weeks back. I see it every single time I watch the video now. Can't un-see it either. \n\nIt's all good though. Hair-down Elsa makes those bad feelings go away. ", "created_utc": 1390915152.0, "distinguished": null, "edited": false, "id": "cf0vrmy", "is_submitter": false, "link_id": "t3_1wckdw", "parent_id": "t1_cf0v7of", "permalink": "/r/Frozen/comments/1wckdw/elsas_hairflip_107_images/cf0vrmy/", "score": 21, "stickied": false, "subreddit_id": "t5_2vpth", "author_name": "JiForce", "author_id": "5fwj2", "subreddit_name": "frozen"}, {"body": "I dont think it passes through, but it curls with her hand.", "created_utc": 1390912605.0, "distinguished": null, "edited": false, "id": "cf0v9fm", "is_submitter": false, "link_id": "t3_1wckdw", "parent_id": "t1_cf0v7of", "permalink": "/r/Frozen/comments/1wckdw/elsas_hairflip_107_images/cf0v9fm/", "score": 7, "stickied": false, "subreddit_id": "t5_2vpth", "author_name": "loopuleasa", "author_id": "4josc", "subreddit_name": "frozen"}, {"body": "Huh? I don't see it. It looks like she moves it with her hand every time.", "created_utc": 1391019685.0, "distinguished": null, "edited": false, "id": "cf1yh49", "is_submitter": false, "link_id": "t3_1wckdw", "parent_id": "t1_cf0v7of", "permalink": "/r/Frozen/comments/1wckdw/elsas_hairflip_107_images/cf1yh49/", "score": 3, "stickied": false, "subreddit_id": "t5_2vpth", "author_name": "Grimstar3", "author_id": "6ydrn", "subreddit_name": "frozen"}, {"body": "Its from images 75-80", "created_utc": 1392058002.0, "distinguished": null, "edited": false, "id": "cfbv1cb", "is_submitter": false, "link_id": "t3_1wckdw", "parent_id": "t1_cf0v7of", "permalink": "/r/Frozen/comments/1wckdw/elsas_hairflip_107_images/cfbv1cb/", "score": 3, "stickied": false, "subreddit_id": "t5_2vpth", "author_name": "Renox15", "author_id": "82df8", "subreddit_name": "frozen"}, {"body": "Out of curiosity, how did you get such good quality pictures? I'm trying to get a few different screenshots from that song and am having a hard time getting clear pictures, there's a lot of artifacts. Specifically [these](http://imgur.com/a/QEkN5#0)", "created_utc": 1390888597.0, "distinguished": null, "edited": false, "id": "cf0qq9w", "is_submitter": false, "link_id": "t3_1wckdw", "parent_id": "t1_cf0plh5", "permalink": "/r/Frozen/comments/1wckdw/elsas_hairflip_107_images/cf0qq9w/", "score": 6, "stickied": false, "subreddit_id": "t5_2vpth", "author_name": "Nosferatu616", "author_id": "4lbsg", "subreddit_name": "frozen"}, {"body": "The girls go crazy too", "created_utc": 1393492715.0, "distinguished": null, "edited": false, "id": "cfpyh1o", "is_submitter": false, "link_id": "t3_1wckdw", "parent_id": "t1_cf0uswa", "permalink": "/r/Frozen/comments/1wckdw/elsas_hairflip_107_images/cfpyh1o/", "score": 1, "stickied": false, "subreddit_id": "t5_2vpth", "author_name": "foreverofbff", "author_id": "8qpmn", "subreddit_name": "frozen"}, {"body": "[<3](http://i.minus.com/iHGbgJ8nAuZ5M.gif)", "created_utc": 1390891730.0, "distinguished": null, "edited": false, "id": "cf0roao", "is_submitter": false, "link_id": "t3_1wckdw", "parent_id": "t1_cf0rk43", "permalink": "/r/Frozen/comments/1wckdw/elsas_hairflip_107_images/cf0roao/", "score": 16, "stickied": false, "subreddit_id": "t5_2vpth", "author_name": "JiForce", "author_id": "5fwj2", "subreddit_name": "frozen"}, {"body": "I was merely joking. How could there be something wrong with loving such a wonderfully made character. ", "created_utc": 1391092563.0, "distinguished": null, "edited": false, "id": "cf2p1ik", "is_submitter": false, "link_id": "t3_1wckdw", "parent_id": "t1_cf2ckzl", "permalink": "/r/Frozen/comments/1wckdw/elsas_hairflip_107_images/cf2p1ik/", "score": 11, "stickied": false, "subreddit_id": "t5_2vpth", "author_name": "OniWeird", "author_id": "9eg6p", "subreddit_name": "frozen"}, {"body": "Somehow it just doesn't bother me at all :3,maybe because it is just so hard to notice ", "created_utc": 1390930534.0, "distinguished": null, "edited": false, "id": "cf11gdx", "is_submitter": false, "link_id": "t3_1wckdw", "parent_id": "t1_cf0vrmy", "permalink": "/r/Frozen/comments/1wckdw/elsas_hairflip_107_images/cf11gdx/", "score": 13, "stickied": false, "subreddit_id": "t5_2vpth", "author_name": "ANakedHobo", "author_id": "ds718", "subreddit_name": "frozen"}, {"body": "I think she drops her arm (folded toward the shoulder) when it's out of view and curls the hair around it so that when the arm is back in view it looks like the hair just passes through her shoulder. You can notice the \"flip\" it does as it goes around her hand.", "created_utc": 1391016809.0, "distinguished": null, "edited": false, "id": "cf1x2p9", "is_submitter": false, "link_id": "t3_1wckdw", "parent_id": "t1_cf0vrmy", "permalink": "/r/Frozen/comments/1wckdw/elsas_hairflip_107_images/cf1x2p9/", "score": 8, "stickied": false, "subreddit_id": "t5_2vpth", "author_name": "FeuEau", "author_id": "aihge", "subreddit_name": "frozen"}, {"body": "It definitely passes through. It should go up and over her shoulder, then fall back down. Instead it's mostly horizontal motion. Makes perfect sense why they did it though, as the actual motion would seem jarring with the music.", "created_utc": 1390938241.0, "distinguished": null, "edited": false, "id": "cf15b8r", "is_submitter": false, "link_id": "t3_1wckdw", "parent_id": "t1_cf0v9fm", "permalink": "/r/Frozen/comments/1wckdw/elsas_hairflip_107_images/cf15b8r/", "score": 11, "stickied": false, "subreddit_id": "t5_2vpth", "author_name": "shmameron", "author_id": "9h46k", "subreddit_name": "frozen"}, {"body": "well if you see closely you will notice.it is around frame 70 or 80 i think", "created_utc": 1391064421.0, "distinguished": null, "edited": false, "id": "cf2ja2y", "is_submitter": false, "link_id": "t3_1wckdw", "parent_id": "t1_cf1yh49", "permalink": "/r/Frozen/comments/1wckdw/elsas_hairflip_107_images/cf2ja2y/", "score": 3, "stickied": false, "subreddit_id": "t5_2vpth", "author_name": "ANakedHobo", "author_id": "ds718", "subreddit_name": "frozen"}, {"body": "Oh man, #3", "created_utc": 1390888767.0, "distinguished": null, "edited": false, "id": "cf0qsaw", "is_submitter": false, "link_id": "t3_1wckdw", "parent_id": "t1_cf0qq9w", "permalink": "/r/Frozen/comments/1wckdw/elsas_hairflip_107_images/cf0qsaw/", "score": 8, "stickied": false, "subreddit_id": "t5_2vpth", "author_name": "theKunz1", "author_id": "c3jji", "subreddit_name": "frozen"}, {"body": "I took the pictures from Disney's 1080p Youtube Video of Idina Menzel's performance of \"Let it Go.\"\n\nI've said this a few times before, but: In March, the Blu-Ray images will be even better!", "created_utc": 1390889758.0, "distinguished": null, "edited": false, "id": "cf0r3sk", "is_submitter": true, "link_id": "t3_1wckdw", "parent_id": "t1_cf0qq9w", "permalink": "/r/Frozen/comments/1wckdw/elsas_hairflip_107_images/cf0r3sk/", "score": 7, "stickied": false, "subreddit_id": "t5_2vpth", "author_name": "WanderingRurouni", "author_id": "bes49", "subreddit_name": "frozen"}, {"body": "I think the animators may have put her in that position to make it look better as the hair transitioned. I'm not a professional, but I'm pretty sure if I was working on a shot like that dealing with hair particles, doing such a radical movement that would cause the hair to jerk would create a buggy looking hair sway. So what they did is positioned the camera so that the back to front transition didn't need to show it going \"over\" the shoulder. That way they achieved their desired effect without having to animate the hair whipping over her shoulder.\n\nThat's just my theory though.", "created_utc": 1391020630.0, "distinguished": null, "edited": false, "id": "cf1yy3c", "is_submitter": false, "link_id": "t3_1wckdw", "parent_id": "t1_cf1x2p9", "permalink": "/r/Frozen/comments/1wckdw/elsas_hairflip_107_images/cf1yy3c/", "score": 4, "stickied": false, "subreddit_id": "t5_2vpth", "author_name": "UltimatumVox", "author_id": "b5j5j", "subreddit_name": "frozen"}, {"body": "Unless she drops her arm and lifts it up again. That is also plausible.", "created_utc": 1391016696.0, "distinguished": null, "edited": false, "id": "cf1x0t5", "is_submitter": false, "link_id": "t3_1wckdw", "parent_id": "t1_cf15b8r", "permalink": "/r/Frozen/comments/1wckdw/elsas_hairflip_107_images/cf1x0t5/", "score": 3, "stickied": false, "subreddit_id": "t5_2vpth", "author_name": "FeuEau", "author_id": "aihge", "subreddit_name": "frozen"}, {"body": " #9 is great but I really wanna see dat eyebrow raise! :)", "created_utc": 1390969030.0, "distinguished": null, "edited": false, "id": "cf1jxpo", "is_submitter": false, "link_id": "t3_1wckdw", "parent_id": "t1_cf0qsaw", "permalink": "/r/Frozen/comments/1wckdw/elsas_hairflip_107_images/cf1jxpo/", "score": 4, "stickied": false, "subreddit_id": "t5_2vpth", "author_name": "EvilLittleThing", "author_id": "7c5qp", "subreddit_name": "frozen"}, {"body": "I'm a Magic: The Gathering player and I intend to make a playmat out of one of those pictures. I don't think I have the patience or willpower to wait until March. Thanks for the advice though, the screenshots I took from that look tons better than the ones I had before.", "created_utc": 1390892010.0, "distinguished": null, "edited": false, "id": "cf0rqxz", "is_submitter": false, "link_id": "t3_1wckdw", "parent_id": "t1_cf0r3sk", "permalink": "/r/Frozen/comments/1wckdw/elsas_hairflip_107_images/cf0rqxz/", "score": 4, "stickied": false, "subreddit_id": "t5_2vpth", "author_name": "Nosferatu616", "author_id": "4lbsg", "subreddit_name": "frozen"}, {"body": "I read somewhere that even with the new and improved hair-physics tech (apparently Elsa had A LOT more rendered hair threads than Rapunzel in Tangled) and animation engine that particular motion could not be rendered properly whilst retaining the same frames per second throughout the model. It would cause a 'tear' in the hair. So I guess they opted to spin the camera angle around a little to try to conceal it - guess some of the more keen-eyed fans found it.\n\n**TL;DR: They only did so because otherwise, the model would break. \n**  \nHope this puts /u/JiForce at ease :)", "created_utc": 1391194585.0, "distinguished": null, "edited": false, "id": "cf3rwfk", "is_submitter": false, "link_id": "t3_1wckdw", "parent_id": "t1_cf1yy3c", "permalink": "/r/Frozen/comments/1wckdw/elsas_hairflip_107_images/cf3rwfk/", "score": 3, "stickied": false, "subreddit_id": "t5_2vpth", "author_name": "pp1mt", "author_id": "bnrqu", "subreddit_name": "frozen"}]