{"clicked": false, "created_utc": 1390885379.0, "distinguished": null, "edited": false, "id": "1wckdw", "is_video": false, "locked": false, "num_comments": 32, "over_18": false, "permalink": "/r/Frozen/comments/1wckdw/elsas_hairflip_107_images/", "score": 176, "selftext": "", "stickied": false, "subreddit_id": "t5_2vpth", "title": "Elsa's Hairflip - 107 Images", "url": "http://imgur.com/a/Frv0O", "author_name": "WanderingRurouni", "author_id": "bes49", "subreddit_name": "frozen", "upvote_ratio": 0.98}