[{"body": "This looks a lot more like cel shaded graphics than classic 2D animation.", "created_utc": 1392762836.0, "distinguished": null, "edited": false, "id": "cfiouh3", "is_submitter": false, "link_id": "t3_1ya24k", "parent_id": "t3_1ya24k", "permalink": "/r/Frozen/comments/1ya24k/i_wouldve_still_loved_it_to_bits_if_it_was_a/cfiouh3/", "score": 45, "stickied": false, "subreddit_id": "t5_2vpth", "author_name": "TomRad", "author_id": "c3lmi", "subreddit_name": "frozen"}, {"body": "Gotta say I'm not quite sure.  The facial animation in this film is just astoundingly great (there was a post linked here about all the micro-expressions during *Let it Go*, but almost any sequence you pick has a bunch of these -- Anna's eye twitching during the kiss scene with Kristoff, her expressions during the banter scene on the sled...).  I don't think hand animation can really capture that sort of subtlety every frame.  Certainly it hasn't so far, at least as far as I can see.\n\nAs as a huge part of the meaning of the film is directly the result of Elsa's emotional state, I think that's telling.  I'm not at all convinced you could have made this film as well with a pen.", "created_utc": 1392762839.0, "distinguished": null, "edited": false, "id": "cfioujh", "is_submitter": false, "link_id": "t3_1ya24k", "parent_id": "t3_1ya24k", "permalink": "/r/Frozen/comments/1ya24k/i_wouldve_still_loved_it_to_bits_if_it_was_a/cfioujh/", "score": 29, "stickied": false, "subreddit_id": "t5_2vpth", "author_name": "AndIfWeFall", "author_id": "f0b0t", "subreddit_name": "frozen"}, {"body": "I just noticed this, but does her hair glitch through during the real one as well?", "created_utc": 1392762166.0, "distinguished": null, "edited": false, "id": "cfioiax", "is_submitter": false, "link_id": "t3_1ya24k", "parent_id": "t3_1ya24k", "permalink": "/r/Frozen/comments/1ya24k/i_wouldve_still_loved_it_to_bits_if_it_was_a/cfioiax/", "score": 8, "stickied": false, "subreddit_id": "t5_2vpth", "author_name": "lq13", "author_id": "fblf7", "subreddit_name": "frozen"}, {"body": "I think I would still love it if it was released in one of the previous decades and made in 2D, but being in 3D makes it even more awesome and modern, imo.", "created_utc": 1392768901.0, "distinguished": null, "edited": false, "id": "cfirqmv", "is_submitter": false, "link_id": "t3_1ya24k", "parent_id": "t3_1ya24k", "permalink": "/r/Frozen/comments/1ya24k/i_wouldve_still_loved_it_to_bits_if_it_was_a/cfirqmv/", "score": 4, "stickied": false, "subreddit_id": "t5_2vpth", "author_name": "Princess-Kat", "author_id": "fb62a", "subreddit_name": "frozen"}, {"body": "It would've been pretty in 2d as well, but the amount of detail would've been more limited I think, since the artists wouldn't be able to draw lots and lots and lots of detail in each frame.", "created_utc": 1392769247.0, "distinguished": null, "edited": false, "id": "cfirwez", "is_submitter": false, "link_id": "t3_1ya24k", "parent_id": "t3_1ya24k", "permalink": "/r/Frozen/comments/1ya24k/i_wouldve_still_loved_it_to_bits_if_it_was_a/cfirwez/", "score": 7, "stickied": false, "subreddit_id": "t5_2vpth", "author_name": "pumpkinrum", "author_id": "c28ol", "subreddit_name": "frozen"}, {"body": "I don't think 2D could have achieved such details and cinematic scenes, and especially since snow and ice plays a huge role in this film, it was interesting to see how realistic they made snow & ice in 3D. If Disney tried to create the beauty of Frozen in 2D, they would've gone bankrupt...", "created_utc": 1392775618.0, "distinguished": null, "edited": false, "id": "cfiuxv1", "is_submitter": false, "link_id": "t3_1ya24k", "parent_id": "t3_1ya24k", "permalink": "/r/Frozen/comments/1ya24k/i_wouldve_still_loved_it_to_bits_if_it_was_a/cfiuxv1/", "score": 6, "stickied": false, "subreddit_id": "t5_2vpth", "author_name": "FelixBlue", "author_id": "fca2h", "subreddit_name": "frozen"}, {"body": "Elsa has a milk mustache... ", "created_utc": 1392801052.0, "distinguished": null, "edited": false, "id": "cfj3ss2", "is_submitter": false, "link_id": "t3_1ya24k", "parent_id": "t3_1ya24k", "permalink": "/r/Frozen/comments/1ya24k/i_wouldve_still_loved_it_to_bits_if_it_was_a/cfj3ss2/", "score": 2, "stickied": false, "subreddit_id": "t5_2vpth", "author_name": null, "author_id": null, "subreddit_name": "frozen"}, {"body": "It looks like she says \"Oh. My. God.\" in this gif. :)", "created_utc": 1393035714.0, "distinguished": null, "edited": false, "id": "cfliwbr", "is_submitter": false, "link_id": "t3_1ya24k", "parent_id": "t3_1ya24k", "permalink": "/r/Frozen/comments/1ya24k/i_wouldve_still_loved_it_to_bits_if_it_was_a/cfliwbr/", "score": 1, "stickied": false, "subreddit_id": "t5_2vpth", "author_name": "Impudenter", "author_id": "8ol5v", "subreddit_name": "frozen"}, {"body": "[deleted]  \n ^^^^^^^^^^^^^^^^0.2443992513928417 \n > This comment has been overwritten by [this open source script](https://greasyfork.org/en/scripts/10380-reddit-overwrite) to protect this user&apos;s privacy.  The purpose of this script is to help protect users from doxing, stalking, and harassment. It also helps prevent mods from profiling and censoring.  \n\n  > If you would like to protect yourself, add the Chrome extension [TamperMonkey](https://chrome.google.com/webstore/detail/tampermonkey/dhdgffkkebhmkfjojejmpbldmpobfkfo), or the Firefox extension [GreaseMonkey](https://addons.mozilla.org/en-us/firefox/addon/greasemonkey/) and click Install This Script on [the script](https://greasyfork.org/en/scripts/10380-reddit-overwrite) page.  Then to delete your comments, simply click on your username on Reddit, go to the comments tab, scroll down as far as possible (hint: use [RES](http://www.redditenhancementsuite.com/)), and hit the new OVERWRITE button at the top.", "created_utc": 1392798398.0, "distinguished": null, "edited": 1472702552.0, "id": "cfj3b3a", "is_submitter": false, "link_id": "t3_1ya24k", "parent_id": "t3_1ya24k", "permalink": "/r/Frozen/comments/1ya24k/i_wouldve_still_loved_it_to_bits_if_it_was_a/cfj3b3a/", "score": 1, "stickied": false, "subreddit_id": "t5_2vpth", "author_name": null, "author_id": null, "subreddit_name": "frozen"}, {"body": "Definitely doesn't look like 2D animation.", "created_utc": 1392764614.0, "distinguished": null, "edited": false, "id": "cfipqiw", "is_submitter": false, "link_id": "t3_1ya24k", "parent_id": "t1_cfiouh3", "permalink": "/r/Frozen/comments/1ya24k/i_wouldve_still_loved_it_to_bits_if_it_was_a/cfipqiw/", "score": 17, "stickied": false, "subreddit_id": "t5_2vpth", "author_name": "JamesAQuintero", "author_id": "7gthv", "subreddit_name": "frozen"}, {"body": "Well, ofc this isn't 2D. It's just a filter applied to it.", "created_utc": 1392809679.0, "distinguished": null, "edited": false, "id": "cfj54b4", "is_submitter": true, "link_id": "t3_1ya24k", "parent_id": "t1_cfiouh3", "permalink": "/r/Frozen/comments/1ya24k/i_wouldve_still_loved_it_to_bits_if_it_was_a/cfj54b4/", "score": 8, "stickied": false, "subreddit_id": "t5_2vpth", "author_name": "loopuleasa", "author_id": "4josc", "subreddit_name": "frozen"}, {"body": "[deleted]", "created_utc": 1392836445.0, "distinguished": null, "edited": 1557436845.0, "id": "cfjf3ah", "is_submitter": false, "link_id": "t3_1ya24k", "parent_id": "t1_cfioujh", "permalink": "/r/Frozen/comments/1ya24k/i_wouldve_still_loved_it_to_bits_if_it_was_a/cfjf3ah/", "score": 7, "stickied": false, "subreddit_id": "t5_2vpth", "author_name": null, "author_id": null, "subreddit_name": "frozen"}, {"body": "I think the hair clipping through the arm is not a glitch, but rather due to limitations in the type of animation they used.  Looked at some YouTube videos on 3D animation and different styles of animation will introduce new problems that are addressed in other styles.", "created_utc": 1392768460.0, "distinguished": null, "edited": false, "id": "cfirjdo", "is_submitter": false, "link_id": "t3_1ya24k", "parent_id": "t1_cfioiax", "permalink": "/r/Frozen/comments/1ya24k/i_wouldve_still_loved_it_to_bits_if_it_was_a/cfirjdo/", "score": 10, "stickied": false, "subreddit_id": "t5_2vpth", "author_name": "baconbroth", "author_id": "cidv2", "subreddit_name": "frozen"}, {"body": "If you're referring to the first second of the gif, it goes over her shoulder. \n\nIf you're talking about her running her hand through her hair, yes it glitches through her arm in the original. ", "created_utc": 1392762612.0, "distinguished": null, "edited": false, "id": "cfioqcq", "is_submitter": false, "link_id": "t3_1ya24k", "parent_id": "t1_cfioiax", "permalink": "/r/Frozen/comments/1ya24k/i_wouldve_still_loved_it_to_bits_if_it_was_a/cfioqcq/", "score": 3, "stickied": false, "subreddit_id": "t5_2vpth", "author_name": "Arteza147", "author_id": "a3f6h", "subreddit_name": "frozen"}, {"body": "The clipping through the shoulder is a known thing.  Apparently they were having stability problems getting the model to solve correctly late in animation and just decided to cheat.", "created_utc": 1392762655.0, "distinguished": null, "edited": false, "id": "cfior59", "is_submitter": false, "link_id": "t3_1ya24k", "parent_id": "t1_cfioiax", "permalink": "/r/Frozen/comments/1ya24k/i_wouldve_still_loved_it_to_bits_if_it_was_a/cfior59/", "score": 3, "stickied": false, "subreddit_id": "t5_2vpth", "author_name": "AndIfWeFall", "author_id": "f0b0t", "subreddit_name": "frozen"}, {"body": "3D is actually better production wise. Cheaper to make once you get it going.", "created_utc": 1392809003.0, "distinguished": null, "edited": false, "id": "cfj50fu", "is_submitter": true, "link_id": "t3_1ya24k", "parent_id": "t1_cfj3b3a", "permalink": "/r/Frozen/comments/1ya24k/i_wouldve_still_loved_it_to_bits_if_it_was_a/cfj50fu/", "score": 4, "stickied": false, "subreddit_id": "t5_2vpth", "author_name": "loopuleasa", "author_id": "4josc", "subreddit_name": "frozen"}, {"body": ">I would kill for Disney to go back to a style like Paperman\n\nI like the fact that you decry the limitations of CGI and call it garbage.... then cite a short created *entirely in CG* as an example of how perfect hand-drawn is. Although not as much as you claiming 3D fans must be immature fanboys when every single comment in this thread but yours is engaged in a genuinely mature discussion. Talk about the pot calling the sugarbowl black.", "created_utc": 1392813236.0, "distinguished": null, "edited": 1392815925.0, "id": "cfj5r4g", "is_submitter": false, "link_id": "t3_1ya24k", "parent_id": "t1_cfj3b3a", "permalink": "/r/Frozen/comments/1ya24k/i_wouldve_still_loved_it_to_bits_if_it_was_a/cfj5r4g/", "score": 7, "stickied": false, "subreddit_id": "t5_2vpth", "author_name": null, "author_id": null, "subreddit_name": "frozen"}, {"body": "Ad hominem detected haha", "created_utc": 1392861392.0, "distinguished": null, "edited": false, "id": "cfjrm2t", "is_submitter": false, "link_id": "t3_1ya24k", "parent_id": "t1_cfj3b3a", "permalink": "/r/Frozen/comments/1ya24k/i_wouldve_still_loved_it_to_bits_if_it_was_a/cfjrm2t/", "score": 2, "stickied": false, "subreddit_id": "t5_2vpth", "author_name": null, "author_id": null, "subreddit_name": "frozen"}, {"body": "20 year old here, loving the 3D. And age has *nothing* to do with it. It doesn't matter if you're a 10 year old or a 50 year old who likes 2D or 3D. Just because Disney did it 'before' doesn't make the art better or worse solely because of the 2D or 3D aspect alone. They say in the 'Art of Frozen' book that with the level of detail they wanted for things like clothing and snow, doing Frozen in 2D would have been **impossible**. They compare it to the nightmare of trying to keep all the spots in 101 Dalmatians in place, but even worse (for things like designs on dresses and hair placement). We wouldn't have had the same or even a similar movie *at all* if Disney had decided to go 2D. We also would probably be waiting 2-3 more years to get it, and it would have been much more expensive. Tangled may have worked, but there is no way that Frozen in its present form would have ever worked as a 2D project (that also pretty much applies to Wreck-It-Ralph too). ", "created_utc": 1392859890.0, "distinguished": null, "edited": false, "id": "cfjqwlm", "is_submitter": false, "link_id": "t3_1ya24k", "parent_id": "t1_cfj3b3a", "permalink": "/r/Frozen/comments/1ya24k/i_wouldve_still_loved_it_to_bits_if_it_was_a/cfjqwlm/", "score": 1, "stickied": false, "subreddit_id": "t5_2vpth", "author_name": "delta835", "author_id": "93ebf", "subreddit_name": "frozen"}, {"body": "Some of it is opinion.  But take some of the scenes I mention above and see if you can think of traditionally animated sequences with the same variety and clarity of expressions.  I honestly can't.", "created_utc": 1392845431.0, "distinguished": null, "edited": false, "id": "cfjjrgu", "is_submitter": false, "link_id": "t3_1ya24k", "parent_id": "t1_cfjf3ah", "permalink": "/r/Frozen/comments/1ya24k/i_wouldve_still_loved_it_to_bits_if_it_was_a/cfjjrgu/", "score": 3, "stickied": false, "subreddit_id": "t5_2vpth", "author_name": "AndIfWeFall", "author_id": "f0b0t", "subreddit_name": "frozen"}, {"body": "I assure you that collision maps for particle shaders in 3D applications are remarkably good - there is no limitation, nor is it an oversight. They would have noticed the path the braid took through Elsa's shoulder when they were keyframing it, but - due to the timing of the sequence, the motion looked better if it just took a straight path.\n\nIt was a style choice - and one that is pretty seamless unless you are paying very, very close attention.", "created_utc": 1392769706.0, "distinguished": null, "edited": false, "id": "cfis3xo", "is_submitter": false, "link_id": "t3_1ya24k", "parent_id": "t1_cfirjdo", "permalink": "/r/Frozen/comments/1ya24k/i_wouldve_still_loved_it_to_bits_if_it_was_a/cfis3xo/", "score": 2, "stickied": false, "subreddit_id": "t5_2vpth", "author_name": "Koppenflak", "author_id": "81tqh", "subreddit_name": "frozen"}, {"body": "I wasn't sure if only i just noticed, but thanks!", "created_utc": 1392763107.0, "distinguished": null, "edited": false, "id": "cfioze6", "is_submitter": false, "link_id": "t3_1ya24k", "parent_id": "t1_cfioqcq", "permalink": "/r/Frozen/comments/1ya24k/i_wouldve_still_loved_it_to_bits_if_it_was_a/cfioze6/", "score": 1, "stickied": false, "subreddit_id": "t5_2vpth", "author_name": "lq13", "author_id": "fblf7", "subreddit_name": "frozen"}, {"body": "I don't see any glitches... :/", "created_utc": 1392769291.0, "distinguished": null, "edited": false, "id": "cfirx3z", "is_submitter": false, "link_id": "t3_1ya24k", "parent_id": "t1_cfioqcq", "permalink": "/r/Frozen/comments/1ya24k/i_wouldve_still_loved_it_to_bits_if_it_was_a/cfirx3z/", "score": 1, "stickied": false, "subreddit_id": "t5_2vpth", "author_name": "Tuss", "author_id": "61huo", "subreddit_name": "frozen"}, {"body": "Animation cheats like that are actually really cool and you see them a lot in animation - more so in hand-drawn because CGI animators tend to feel like animating in 3D space requires a more realistic approach. Thing is, with 3D animation that stresses \"realism\", you don't get the benefits of silly cartoony moments like Anna making a massive dent in Hans' face when she punches him.", "created_utc": 1392813537.0, "distinguished": null, "edited": false, "id": "cfj5t9b", "is_submitter": false, "link_id": "t3_1ya24k", "parent_id": "t1_cfior59", "permalink": "/r/Frozen/comments/1ya24k/i_wouldve_still_loved_it_to_bits_if_it_was_a/cfj5t9b/", "score": 1, "stickied": false, "subreddit_id": "t5_2vpth", "author_name": null, "author_id": null, "subreddit_name": "frozen"}, {"body": "I said a \"style like\", I didn't say \"hand drawn like\". If you want to pull that card out Paperman was a mix of both hand drawn *and* 3D, so don't try telling me it was created entirely in CG.\n\nI also never called anyone immature, don't fucking put words in my mouth because you can't handle someone disliking CGI. I said I wondered what the age of people were because they seem to have such a strong distaste for classic art. ", "created_utc": 1392864855.0, "distinguished": null, "edited": false, "id": "cfjt83a", "is_submitter": false, "link_id": "t3_1ya24k", "parent_id": "t1_cfj5r4g", "permalink": "/r/Frozen/comments/1ya24k/i_wouldve_still_loved_it_to_bits_if_it_was_a/cfjt83a/", "score": -3, "stickied": false, "subreddit_id": "t5_2vpth", "author_name": null, "author_id": null, "subreddit_name": "frozen"}, {"body": "When Elsa runs her hand through her hair it ends up going through her arm. This is done to give better flow with the music as well as make the scene easier to animate and render.", "created_utc": 1392769408.0, "distinguished": null, "edited": false, "id": "cfirz1j", "is_submitter": false, "link_id": "t3_1ya24k", "parent_id": "t1_cfirx3z", "permalink": "/r/Frozen/comments/1ya24k/i_wouldve_still_loved_it_to_bits_if_it_was_a/cfirz1j/", "score": 4, "stickied": false, "subreddit_id": "t5_2vpth", "author_name": "Arteza147", "author_id": "a3f6h", "subreddit_name": "frozen"}, {"body": "Which part of it?", "created_utc": 1392769769.0, "distinguished": null, "edited": false, "id": "cfis513", "is_submitter": false, "link_id": "t3_1ya24k", "parent_id": "t1_cfirz1j", "permalink": "/r/Frozen/comments/1ya24k/i_wouldve_still_loved_it_to_bits_if_it_was_a/cfis513/", "score": 2, "stickied": false, "subreddit_id": "t5_2vpth", "author_name": "Tuss", "author_id": "61huo", "subreddit_name": "frozen"}, {"body": "During the second \"let it go\" as she runs her hand through her hair. ", "created_utc": 1392770176.0, "distinguished": null, "edited": false, "id": "cfisc1x", "is_submitter": false, "link_id": "t3_1ya24k", "parent_id": "t1_cfis513", "permalink": "/r/Frozen/comments/1ya24k/i_wouldve_still_loved_it_to_bits_if_it_was_a/cfisc1x/", "score": 2, "stickied": false, "subreddit_id": "t5_2vpth", "author_name": "Arteza147", "author_id": "a3f6h", "subreddit_name": "frozen"}, {"body": "Oh... I didn't notice that at all!", "created_utc": 1392770718.0, "distinguished": null, "edited": false, "id": "cfisl75", "is_submitter": false, "link_id": "t3_1ya24k", "parent_id": "t1_cfisc1x", "permalink": "/r/Frozen/comments/1ya24k/i_wouldve_still_loved_it_to_bits_if_it_was_a/cfisl75/", "score": 2, "stickied": false, "subreddit_id": "t5_2vpth", "author_name": "Tuss", "author_id": "61huo", "subreddit_name": "frozen"}]