{"clicked": false, "created_utc": 1392759820.0, "distinguished": null, "edited": false, "id": "1ya24k", "is_video": false, "locked": false, "num_comments": 28, "over_18": false, "permalink": "/r/Frozen/comments/1ya24k/i_wouldve_still_loved_it_to_bits_if_it_was_a/", "score": 215, "selftext": "", "stickied": false, "subreddit_id": "t5_2vpth", "title": "I would've still loved it to bits if it was a classic 2D animation", "url": "http://i.imgur.com/4z7ceRi.gif", "author_name": "loopuleasa", "author_id": "4josc", "subreddit_name": "frozen", "upvote_ratio": 0.97}