[{"body": "Did you also see his body in the clouds?", "created_utc": 1393384258.0, "distinguished": null, "edited": 1393395344.0, "id": "cfovlsy", "is_submitter": false, "link_id": "t3_1yyavr", "parent_id": "t3_1yyavr", "permalink": "/r/Frozen/comments/1yyavr/just_noticed_ice_cube_olaf_in_his_drink/cfovlsy/", "score": 7, "stickied": false, "subreddit_id": "t5_2vpth", "author_name": "JamesAQuintero", "author_id": "7gthv", "subreddit_name": "frozen"}, {"body": "olafception", "created_utc": 1393398793.0, "distinguished": null, "edited": false, "id": "cfp0xnl", "is_submitter": false, "link_id": "t3_1yyavr", "parent_id": "t3_1yyavr", "permalink": "/r/Frozen/comments/1yyavr/just_noticed_ice_cube_olaf_in_his_drink/cfp0xnl/", "score": 7, "stickied": false, "subreddit_id": "t5_2vpth", "author_name": "baconbroth", "author_id": "cidv2", "subreddit_name": "frozen"}, {"body": "Yup, that's him!", "created_utc": 1393383250.0, "distinguished": null, "edited": false, "id": "cfov5fp", "is_submitter": false, "link_id": "t3_1yyavr", "parent_id": "t3_1yyavr", "permalink": "/r/Frozen/comments/1yyavr/just_noticed_ice_cube_olaf_in_his_drink/cfov5fp/", "score": 3, "stickied": false, "subreddit_id": "t5_2vpth", "author_name": "teffhk", "author_id": "dyxc8", "subreddit_name": "frozen"}, {"body": "Holy crap! Wow!", "created_utc": 1393390615.0, "distinguished": null, "edited": false, "id": "cfoydol", "is_submitter": false, "link_id": "t3_1yyavr", "parent_id": "t3_1yyavr", "permalink": "/r/Frozen/comments/1yyavr/just_noticed_ice_cube_olaf_in_his_drink/cfoydol/", "score": 3, "stickied": false, "subreddit_id": "t5_2vpth", "author_name": "bolognacake", "author_id": "aqfn7", "subreddit_name": "frozen"}, {"body": "Always something new to spot in repeat viewings. I love this movie.", "created_utc": 1393420293.0, "distinguished": null, "edited": false, "id": "cfp4ndb", "is_submitter": false, "link_id": "t3_1yyavr", "parent_id": "t3_1yyavr", "permalink": "/r/Frozen/comments/1yyavr/just_noticed_ice_cube_olaf_in_his_drink/cfp4ndb/", "score": 2, "stickied": false, "subreddit_id": "t5_2vpth", "author_name": "Superjoshe", "author_id": "a5tb7", "subreddit_name": "frozen"}, {"body": "Is there a place where I can watch this movie online?", "created_utc": 1393426371.0, "distinguished": null, "edited": false, "id": "cfp6g9s", "is_submitter": false, "link_id": "t3_1yyavr", "parent_id": "t3_1yyavr", "permalink": "/r/Frozen/comments/1yyavr/just_noticed_ice_cube_olaf_in_his_drink/cfp6g9s/", "score": 1, "stickied": false, "subreddit_id": "t5_2vpth", "author_name": "carlyrhodes", "author_id": "bmtxp", "subreddit_name": "frozen"}, {"body": "gotta love all the little details in this movie :D", "created_utc": 1393439295.0, "distinguished": null, "edited": false, "id": "cfpc9jh", "is_submitter": false, "link_id": "t3_1yyavr", "parent_id": "t3_1yyavr", "permalink": "/r/Frozen/comments/1yyavr/just_noticed_ice_cube_olaf_in_his_drink/cfpc9jh/", "score": 1, "stickied": false, "subreddit_id": "t5_2vpth", "author_name": "ANakedHobo", "author_id": "ds718", "subreddit_name": "frozen"}, {"body": "When? ", "created_utc": 1393389760.0, "distinguished": null, "edited": false, "id": "cfoy174", "is_submitter": false, "link_id": "t3_1yyavr", "parent_id": "t1_cfovlsy", "permalink": "/r/Frozen/comments/1yyavr/just_noticed_ice_cube_olaf_in_his_drink/cfoy174/", "score": 4, "stickied": false, "subreddit_id": "t5_2vpth", "author_name": "roran_stronghammer", "author_id": "fbrtc", "subreddit_name": "frozen"}, {"body": "It's on iTunes now!", "created_utc": 1393428670.0, "distinguished": null, "edited": false, "id": "cfp7dkv", "is_submitter": false, "link_id": "t3_1yyavr", "parent_id": "t1_cfp6g9s", "permalink": "/r/Frozen/comments/1yyavr/just_noticed_ice_cube_olaf_in_his_drink/cfp7dkv/", "score": 1, "stickied": false, "subreddit_id": "t5_2vpth", "author_name": "Mr_Evildoom", "author_id": "8pzhw", "subreddit_name": "frozen"}, {"body": "When Olaf sings, \"Oh the sky will be blue\", you see a cloud formation that looks his body.", "created_utc": 1393395013.0, "distinguished": null, "edited": false, "id": "cfozwly", "is_submitter": true, "link_id": "t3_1yyavr", "parent_id": "t1_cfoy174", "permalink": "/r/Frozen/comments/1yyavr/just_noticed_ice_cube_olaf_in_his_drink/cfozwly/", "score": 8, "stickied": false, "subreddit_id": "t5_2vpth", "author_name": "HamTake", "author_id": "al6pn", "subreddit_name": "frozen"}, {"body": "for free?\n", "created_utc": 1393466429.0, "distinguished": null, "edited": false, "id": "cfppjhh", "is_submitter": false, "link_id": "t3_1yyavr", "parent_id": "t1_cfp7dkv", "permalink": "/r/Frozen/comments/1yyavr/just_noticed_ice_cube_olaf_in_his_drink/cfppjhh/", "score": 1, "stickied": false, "subreddit_id": "t5_2vpth", "author_name": "carlyrhodes", "author_id": "bmtxp", "subreddit_name": "frozen"}, {"body": "Oh, yeah. Thanks!\n", "created_utc": 1393450708.0, "distinguished": null, "edited": false, "id": "cfpi55n", "is_submitter": false, "link_id": "t3_1yyavr", "parent_id": "t1_cfozwly", "permalink": "/r/Frozen/comments/1yyavr/just_noticed_ice_cube_olaf_in_his_drink/cfpi55n/", "score": 2, "stickied": false, "subreddit_id": "t5_2vpth", "author_name": "roran_stronghammer", "author_id": "fbrtc", "subreddit_name": "frozen"}, {"body": "<3", "created_utc": 1393453073.0, "distinguished": null, "edited": false, "id": "cfpje96", "is_submitter": true, "link_id": "t3_1yyavr", "parent_id": "t1_cfpi55n", "permalink": "/r/Frozen/comments/1yyavr/just_noticed_ice_cube_olaf_in_his_drink/cfpje96/", "score": 2, "stickied": false, "subreddit_id": "t5_2vpth", "author_name": "HamTake", "author_id": "al6pn", "subreddit_name": "frozen"}]