{"clicked": false, "created_utc": 1393382046.0, "distinguished": null, "edited": false, "id": "1yyavr", "is_video": false, "locked": false, "num_comments": 13, "over_18": false, "permalink": "/r/Frozen/comments/1yyavr/just_noticed_ice_cube_olaf_in_his_drink/", "score": 201, "selftext": "", "stickied": false, "subreddit_id": "t5_2vpth", "title": "Just noticed ice cube Olaf in his drink", "url": "http://imgur.com/94TQHTU", "author_name": "HamTake", "author_id": "al6pn", "subreddit_name": "frozen", "upvote_ratio": 0.98}