[{"body": "[deleted]", "created_utc": 1389582507.0, "distinguished": null, "edited": 1462513286.0, "id": "ceo66o1", "is_submitter": false, "link_id": "t3_1v1ir3", "parent_id": "t3_1v1ir3", "permalink": "/r/Frozen/comments/1v1ir3/elsa_painting/ceo66o1/", "score": 14, "stickied": false, "subreddit_id": "t5_2vpth", "author_name": null, "author_id": null, "subreddit_name": "frozen"}, {"body": "Wow. That's pretty incredible.", "created_utc": 1389555526.0, "distinguished": null, "edited": false, "id": "cenuefn", "is_submitter": false, "link_id": "t3_1v1ir3", "parent_id": "t3_1v1ir3", "permalink": "/r/Frozen/comments/1v1ir3/elsa_painting/cenuefn/", "score": 5, "stickied": false, "subreddit_id": "t5_2vpth", "author_name": "Jokey665", "author_id": "4r8mh", "subreddit_name": "frozen"}, {"body": "This is absolutely stunning. Wow!", "created_utc": 1389565934.0, "distinguished": null, "edited": false, "id": "cenz5tg", "is_submitter": false, "link_id": "t3_1v1ir3", "parent_id": "t3_1v1ir3", "permalink": "/r/Frozen/comments/1v1ir3/elsa_painting/cenz5tg/", "score": 4, "stickied": false, "subreddit_id": "t5_2vpth", "author_name": "Princess_Anna_", "author_id": "er36f", "subreddit_name": "frozen"}, {"body": "Elsa, it's amazing!", "created_utc": 1389561873.0, "distinguished": null, "edited": false, "id": "cenxcbv", "is_submitter": false, "link_id": "t3_1v1ir3", "parent_id": "t3_1v1ir3", "permalink": "/r/Frozen/comments/1v1ir3/elsa_painting/cenxcbv/", "score": 5, "stickied": false, "subreddit_id": "t5_2vpth", "author_name": "foan", "author_id": "6ppql", "subreddit_name": "frozen"}, {"body": "That expression!  So perfectly balanced and conflicted and apt for the character!", "created_utc": 1389572494.0, "distinguished": null, "edited": false, "id": "ceo201h", "is_submitter": false, "link_id": "t3_1v1ir3", "parent_id": "t3_1v1ir3", "permalink": "/r/Frozen/comments/1v1ir3/elsa_painting/ceo201h/", "score": 3, "stickied": false, "subreddit_id": "t5_2vpth", "author_name": "naclhv", "author_id": "enu9n", "subreddit_name": "frozen"}, {"body": "Wow, god *damn*. That's awesome!  \n\nAlthough seeing sad Elsa makes me a little sad too :c", "created_utc": 1389582555.0, "distinguished": null, "edited": false, "id": "ceo67cf", "is_submitter": false, "link_id": "t3_1v1ir3", "parent_id": "t3_1v1ir3", "permalink": "/r/Frozen/comments/1v1ir3/elsa_painting/ceo67cf/", "score": 3, "stickied": false, "subreddit_id": "t5_2vpth", "author_name": "Ckydder", "author_id": "7ykzu", "subreddit_name": "frozen"}, {"body": "Beautiful, Keep up the amazing work.", "created_utc": 1389591841.0, "distinguished": null, "edited": false, "id": "ceo9ql6", "is_submitter": false, "link_id": "t3_1v1ir3", "parent_id": "t3_1v1ir3", "permalink": "/r/Frozen/comments/1v1ir3/elsa_painting/ceo9ql6/", "score": 4, "stickied": false, "subreddit_id": "t5_2vpth", "author_name": "Oranite", "author_id": "98zo5", "subreddit_name": "frozen"}, {"body": "Yep, all the other drawings I've seen so far all distort her face somehow. This one, however, replicates her original face almost perfectly.", "created_utc": 1389812580.0, "distinguished": null, "edited": false, "id": "ceqbx54", "is_submitter": false, "link_id": "t3_1v1ir3", "parent_id": "t1_ceo66o1", "permalink": "/r/Frozen/comments/1v1ir3/elsa_painting/ceqbx54/", "score": 7, "stickied": false, "subreddit_id": "t5_2vpth", "author_name": "Sparkvoltage", "author_id": "6iw4q", "subreddit_name": "frozen"}]