{"clicked": false, "created_utc": 1389550118.0, "distinguished": null, "edited": false, "id": "1v1ir3", "is_video": false, "locked": false, "num_comments": 7, "over_18": false, "permalink": "/r/Frozen/comments/1v1ir3/elsa_painting/", "score": 255, "selftext": "", "stickied": false, "subreddit_id": "t5_2vpth", "title": "Elsa Painting", "url": "http://alicexz.tumblr.com/post/73011646247/finished-a-warmup-painting-originally-posted-on-my", "author_name": "Eren_Jeager", "author_id": "db1dv", "subreddit_name": "frozen", "upvote_ratio": 0.99}