[{"body": "Reactiongif was x-post from gifs. Upvote!", "created_utc": 1392213332.0, "distinguished": null, "edited": false, "id": "cfdev24", "is_submitter": false, "link_id": "t3_1xper2", "parent_id": "t3_1xper2", "permalink": "/r/Frozen/comments/1xper2/fuck_off_xpost_rreactiongifs/cfdev24/", "score": 8, "stickied": false, "subreddit_id": "t5_2vpth", "author_name": "Junt0n", "author_id": "dn6lv", "subreddit_name": "frozen"}, {"body": "It is a really good animation, but it doesn't really fit into the gif.", "created_utc": 1392245052.0, "distinguished": null, "edited": false, "id": "cfdtq76", "is_submitter": false, "link_id": "t3_1xper2", "parent_id": "t3_1xper2", "permalink": "/r/Frozen/comments/1xper2/fuck_off_xpost_rreactiongifs/cfdtq76/", "score": 2, "stickied": false, "subreddit_id": "t5_2vpth", "author_name": null, "author_id": null, "subreddit_name": "frozen"}, {"body": "Upvote from me to you, OP.", "created_utc": 1392213815.0, "distinguished": null, "edited": false, "id": "cfdf03s", "is_submitter": true, "link_id": "t3_1xper2", "parent_id": "t1_cfdev24", "permalink": "/r/Frozen/comments/1xper2/fuck_off_xpost_rreactiongifs/cfdf03s/", "score": 3, "stickied": false, "subreddit_id": "t5_2vpth", "author_name": "Talovar", "author_id": "6sor8", "subreddit_name": "frozen"}]