{"clicked": false, "created_utc": 1392211284.0, "distinguished": null, "edited": false, "id": "1xper2", "is_video": false, "locked": false, "num_comments": 3, "over_18": false, "permalink": "/r/Frozen/comments/1xper2/fuck_off_xpost_rreactiongifs/", "score": 259, "selftext": "", "stickied": false, "subreddit_id": "t5_2vpth", "title": "Fuck Off (X-post r/reactiongifs)", "url": "http://i.imgur.com/31dUSoA.gif", "author_name": "Talovar", "author_id": "6sor8", "subreddit_name": "frozen", "upvote_ratio": 0.93}