[{"body": "[deleted]", "created_utc": 1392766809.0, "distinguished": null, "edited": false, "id": "cfiqrr6", "is_submitter": false, "link_id": "t3_1ya8mr", "parent_id": "t3_1ya8mr", "permalink": "/r/Frozen/comments/1ya8mr/when_people_ask_why_im_so_obsessed_over_frozen/cfiqrr6/", "score": 56, "stickied": false, "subreddit_id": "t5_2vpth", "author_name": null, "author_id": null, "subreddit_name": "frozen"}, {"body": "Can confirm, am in love", "created_utc": 1392765828.0, "distinguished": null, "edited": false, "id": "cfiqbbx", "is_submitter": false, "link_id": "t3_1ya8mr", "parent_id": "t3_1ya8mr", "permalink": "/r/Frozen/comments/1ya8mr/when_people_ask_why_im_so_obsessed_over_frozen/cfiqbbx/", "score": 16, "stickied": false, "subreddit_id": "t5_2vpth", "author_name": "Portgas", "author_id": "7kc75", "subreddit_name": "frozen"}, {"body": "This can be said for basically all obsessions of mine. But right now, holy fucking icicles Frozen is awesome.", "created_utc": 1392772258.0, "distinguished": null, "edited": false, "id": "cfitcav", "is_submitter": false, "link_id": "t3_1ya8mr", "parent_id": "t3_1ya8mr", "permalink": "/r/Frozen/comments/1ya8mr/when_people_ask_why_im_so_obsessed_over_frozen/cfitcav/", "score": 6, "stickied": false, "subreddit_id": "t5_2vpth", "author_name": "jereddit", "author_id": "5v70b", "subreddit_name": "frozen"}, {"body": "Hey, c'mon, I've known Frozen for one and a half months, not exactly a day.", "created_utc": 1392772590.0, "distinguished": null, "edited": false, "id": "cfithxx", "is_submitter": false, "link_id": "t3_1ya8mr", "parent_id": "t3_1ya8mr", "permalink": "/r/Frozen/comments/1ya8mr/when_people_ask_why_im_so_obsessed_over_frozen/cfithxx/", "score": 4, "stickied": false, "subreddit_id": "t5_2vpth", "author_name": "AdultSupervision", "author_id": "ej121", "subreddit_name": "frozen"}, {"body": "These two images have reduced me to a giggling ninny.", "created_utc": 1392784049.0, "distinguished": null, "edited": false, "id": "cfiytfh", "is_submitter": false, "link_id": "t3_1ya8mr", "parent_id": "t1_cfiqrr6", "permalink": "/r/Frozen/comments/1ya8mr/when_people_ask_why_im_so_obsessed_over_frozen/cfiytfh/", "score": 8, "stickied": false, "subreddit_id": "t5_2vpth", "author_name": "Herra_Ratatoskr", "author_id": "42kpq", "subreddit_name": "frozen"}, {"body": "I feel you, I feel you ", "created_utc": 1392825275.0, "distinguished": null, "edited": false, "id": "cfj9ltt", "is_submitter": false, "link_id": "t3_1ya8mr", "parent_id": "t1_cfiqrr6", "permalink": "/r/Frozen/comments/1ya8mr/when_people_ask_why_im_so_obsessed_over_frozen/cfj9ltt/", "score": 1, "stickied": false, "subreddit_id": "t5_2vpth", "author_name": "Colin1214", "author_id": "8qmsg", "subreddit_name": "frozen"}, {"body": "Shit, I literally was going to post this on /r/reactiongifs. Oh well.", "created_utc": 1393138667.0, "distinguished": null, "edited": false, "id": "cfmecuy", "is_submitter": false, "link_id": "t3_1ya8mr", "parent_id": "t1_cfiqrr6", "permalink": "/r/Frozen/comments/1ya8mr/when_people_ask_why_im_so_obsessed_over_frozen/cfmecuy/", "score": 1, "stickied": false, "subreddit_id": "t5_2vpth", "author_name": "TheGifGoddess", "author_id": "9v50n", "subreddit_name": "frozen"}, {"body": "Can't let it go.", "created_utc": 1392766270.0, "distinguished": null, "edited": false, "id": "cfiqirb", "is_submitter": false, "link_id": "t3_1ya8mr", "parent_id": "t1_cfiqbbx", "permalink": "/r/Frozen/comments/1ya8mr/when_people_ask_why_im_so_obsessed_over_frozen/cfiqirb/", "score": 12, "stickied": false, "subreddit_id": "t5_2vpth", "author_name": "chegs81", "author_id": "9qle4", "subreddit_name": "frozen"}, {"body": "not just love, it's *true love!!*", "created_utc": 1392767687.0, "distinguished": null, "edited": false, "id": "cfir6gi", "is_submitter": false, "link_id": "t3_1ya8mr", "parent_id": "t1_cfiqbbx", "permalink": "/r/Frozen/comments/1ya8mr/when_people_ask_why_im_so_obsessed_over_frozen/cfir6gi/", "score": 10, "stickied": false, "subreddit_id": "t5_2vpth", "author_name": "simien05", "author_id": "d9qj1", "subreddit_name": "frozen"}, {"body": "Foot size?", "created_utc": 1392767877.0, "distinguished": null, "edited": false, "id": "cfir9pb", "is_submitter": false, "link_id": "t3_1ya8mr", "parent_id": "t1_cfiqbbx", "permalink": "/r/Frozen/comments/1ya8mr/when_people_ask_why_im_so_obsessed_over_frozen/cfir9pb/", "score": 5, "stickied": false, "subreddit_id": "t5_2vpth", "author_name": "AlvorWarBear", "author_id": "cqb5o", "subreddit_name": "frozen"}, {"body": "I've only known Frozen for four days and can also confirm.", "created_utc": 1392769710.0, "distinguished": null, "edited": false, "id": "cfis40n", "is_submitter": false, "link_id": "t3_1ya8mr", "parent_id": "t1_cfiqbbx", "permalink": "/r/Frozen/comments/1ya8mr/when_people_ask_why_im_so_obsessed_over_frozen/cfis40n/", "score": 4, "stickied": false, "subreddit_id": "t5_2vpth", "author_name": "XLightThief", "author_id": "5o80b", "subreddit_name": "frozen"}, {"body": "Well, if true love is an act that can thaw a frozen heart, then this movie is indeed a true love. Does this mean i'm in true love with true love?", "created_utc": 1392768074.0, "distinguished": null, "edited": false, "id": "cfird1b", "is_submitter": false, "link_id": "t3_1ya8mr", "parent_id": "t1_cfir6gi", "permalink": "/r/Frozen/comments/1ya8mr/when_people_ask_why_im_so_obsessed_over_frozen/cfird1b/", "score": 8, "stickied": false, "subreddit_id": "t5_2vpth", "author_name": "Portgas", "author_id": "7kc75", "subreddit_name": "frozen"}, {"body": "foot size doesn't matter", "created_utc": 1392767908.0, "distinguished": null, "edited": false, "id": "cfira7p", "is_submitter": false, "link_id": "t3_1ya8mr", "parent_id": "t1_cfir9pb", "permalink": "/r/Frozen/comments/1ya8mr/when_people_ask_why_im_so_obsessed_over_frozen/cfira7p/", "score": 5, "stickied": false, "subreddit_id": "t5_2vpth", "author_name": "Portgas", "author_id": "7kc75", "subreddit_name": "frozen"}, {"body": "\"foot size\" ;)", "created_utc": 1392768048.0, "distinguished": null, "edited": false, "id": "cfircls", "is_submitter": true, "link_id": "t3_1ya8mr", "parent_id": "t1_cfir9pb", "permalink": "/r/Frozen/comments/1ya8mr/when_people_ask_why_im_so_obsessed_over_frozen/cfircls/", "score": 4, "stickied": false, "subreddit_id": "t5_2vpth", "author_name": "minewastaken2", "author_id": "fafwa", "subreddit_name": "frozen"}, {"body": "you are truly in love with true love concept of your true love's true love. \n\n*trueloveception*", "created_utc": 1392768594.0, "distinguished": null, "edited": false, "id": "cfirll9", "is_submitter": false, "link_id": "t3_1ya8mr", "parent_id": "t1_cfird1b", "permalink": "/r/Frozen/comments/1ya8mr/when_people_ask_why_im_so_obsessed_over_frozen/cfirll9/", "score": 10, "stickied": false, "subreddit_id": "t5_2vpth", "author_name": "simien05", "author_id": "d9qj1", "subreddit_name": "frozen"}, {"body": "\u0ca0\u25e1\u0ca0", "created_utc": 1392774621.0, "distinguished": null, "edited": false, "id": "cfiugtk", "is_submitter": false, "link_id": "t3_1ya8mr", "parent_id": "t1_cfira7p", "permalink": "/r/Frozen/comments/1ya8mr/when_people_ask_why_im_so_obsessed_over_frozen/cfiugtk/", "score": 8, "stickied": false, "subreddit_id": "t5_2vpth", "author_name": "teffhk", "author_id": "dyxc8", "subreddit_name": "frozen"}, {"body": "i don't have a skull to process this", "created_utc": 1392768751.0, "distinguished": null, "edited": false, "id": "cfiro5g", "is_submitter": false, "link_id": "t3_1ya8mr", "parent_id": "t1_cfirll9", "permalink": "/r/Frozen/comments/1ya8mr/when_people_ask_why_im_so_obsessed_over_frozen/cfiro5g/", "score": 6, "stickied": false, "subreddit_id": "t5_2vpth", "author_name": "Portgas", "author_id": "7kc75", "subreddit_name": "frozen"}, {"body": "Lovely", "created_utc": 1392778475.0, "distinguished": null, "edited": false, "id": "cfiwa66", "is_submitter": false, "link_id": "t3_1ya8mr", "parent_id": "t1_cfirll9", "permalink": "/r/Frozen/comments/1ya8mr/when_people_ask_why_im_so_obsessed_over_frozen/cfiwa66/", "score": 2, "stickied": false, "subreddit_id": "t5_2vpth", "author_name": "Creeper4Bfast", "author_id": "dpq4d", "subreddit_name": "frozen"}, {"body": "The fact that your flair is Kristoff makes it so much better.", "created_utc": 1392784607.0, "distinguished": null, "edited": false, "id": "cfiz2ab", "is_submitter": false, "link_id": "t3_1ya8mr", "parent_id": "t1_cfiugtk", "permalink": "/r/Frozen/comments/1ya8mr/when_people_ask_why_im_so_obsessed_over_frozen/cfiz2ab/", "score": 5, "stickied": false, "subreddit_id": "t5_2vpth", "author_name": "AdultSupervision", "author_id": "ej121", "subreddit_name": "frozen"}, {"body": "neither do I. ", "created_utc": 1392768813.0, "distinguished": null, "edited": false, "id": "cfirp6a", "is_submitter": false, "link_id": "t3_1ya8mr", "parent_id": "t1_cfiro5g", "permalink": "/r/Frozen/comments/1ya8mr/when_people_ask_why_im_so_obsessed_over_frozen/cfirp6a/", "score": 4, "stickied": false, "subreddit_id": "t5_2vpth", "author_name": "simien05", "author_id": "d9qj1", "subreddit_name": "frozen"}, {"body": "Or bones?", "created_utc": 1392770689.0, "distinguished": null, "edited": false, "id": "cfiskp9", "is_submitter": false, "link_id": "t3_1ya8mr", "parent_id": "t1_cfiro5g", "permalink": "/r/Frozen/comments/1ya8mr/when_people_ask_why_im_so_obsessed_over_frozen/cfiskp9/", "score": 4, "stickied": false, "subreddit_id": "t5_2vpth", "author_name": "Phaulty", "author_id": "5x95b", "subreddit_name": "frozen"}, {"body": "Too bad yours isn't Anna...", "created_utc": 1392786834.0, "distinguished": null, "edited": false, "id": "cfizzju", "is_submitter": false, "link_id": "t3_1ya8mr", "parent_id": "t1_cfiz2ab", "permalink": "/r/Frozen/comments/1ya8mr/when_people_ask_why_im_so_obsessed_over_frozen/cfizzju/", "score": 2, "stickied": false, "subreddit_id": "t5_2vpth", "author_name": "teffhk", "author_id": "dyxc8", "subreddit_name": "frozen"}, {"body": "Or bones", "created_utc": 1392771001.0, "distinguished": null, "edited": false, "id": "cfisq4n", "is_submitter": false, "link_id": "t3_1ya8mr", "parent_id": "t1_cfiskp9", "permalink": "/r/Frozen/comments/1ya8mr/when_people_ask_why_im_so_obsessed_over_frozen/cfisq4n/", "score": 4, "stickied": false, "subreddit_id": "t5_2vpth", "author_name": "Portgas", "author_id": "7kc75", "subreddit_name": "frozen"}, {"body": "...I'm sorry, but I can't just switch flairs and betray Hans like that.", "created_utc": 1392787031.0, "distinguished": null, "edited": false, "id": "cfj02ak", "is_submitter": false, "link_id": "t3_1ya8mr", "parent_id": "t1_cfizzju", "permalink": "/r/Frozen/comments/1ya8mr/when_people_ask_why_im_so_obsessed_over_frozen/cfj02ak/", "score": 7, "stickied": false, "subreddit_id": "t5_2vpth", "author_name": "AdultSupervision", "author_id": "ej121", "subreddit_name": "frozen"}, {"body": "He probably could.", "created_utc": 1392791419.0, "distinguished": null, "edited": false, "id": "cfj1k78", "is_submitter": false, "link_id": "t3_1ya8mr", "parent_id": "t1_cfj02ak", "permalink": "/r/Frozen/comments/1ya8mr/when_people_ask_why_im_so_obsessed_over_frozen/cfj1k78/", "score": 6, "stickied": false, "subreddit_id": "t5_2vpth", "author_name": "Herra_Ratatoskr", "author_id": "42kpq", "subreddit_name": "frozen"}]