{"clicked": false, "created_utc": 1392763161.0, "distinguished": null, "edited": false, "id": "1ya8mr", "is_video": false, "locked": false, "num_comments": 24, "over_18": false, "permalink": "/r/Frozen/comments/1ya8mr/when_people_ask_why_im_so_obsessed_over_frozen/", "score": 294, "selftext": "", "stickied": false, "subreddit_id": "t5_2vpth", "title": "When people ask why I'm so obsessed over Frozen", "url": "https://scontent-b-iad.xx.fbcdn.net/hphotos-prn2/t1/1800218_242720072575933_1317129748_n.png", "author_name": "minewastaken2", "author_id": "fafwa", "subreddit_name": "frozen", "upvote_ratio": 0.97}