[{"body": "5th one I imagine her stoned and just staring at her pretty glove for hours", "created_utc": 1392076946.0, "distinguished": null, "edited": false, "id": "cfc44j4", "is_submitter": false, "link_id": "t3_1xk96w", "parent_id": "t3_1xk96w", "permalink": "/r/Frozen/comments/1xk96w/the_many_faces_of_elsa/cfc44j4/", "score": 52, "stickied": false, "subreddit_id": "t5_2vpth", "author_name": "Voids", "author_id": "6dj3i", "subreddit_name": "frozen"}, {"body": "The fourth picture looks like she suddenly realized she left the oven on.", "created_utc": 1392075756.0, "distinguished": null, "edited": false, "id": "cfc3lcg", "is_submitter": false, "link_id": "t3_1xk96w", "parent_id": "t3_1xk96w", "permalink": "/r/Frozen/comments/1xk96w/the_many_faces_of_elsa/cfc3lcg/", "score": 25, "stickied": false, "subreddit_id": "t5_2vpth", "author_name": "Phaulty", "author_id": "5x95b", "subreddit_name": "frozen"}, {"body": "Ahh, the picture of sophisticated grace!", "created_utc": 1392082402.0, "distinguished": null, "edited": false, "id": "cfc6ipt", "is_submitter": false, "link_id": "t3_1xk96w", "parent_id": "t3_1xk96w", "permalink": "/r/Frozen/comments/1xk96w/the_many_faces_of_elsa/cfc6ipt/", "score": 23, "stickied": false, "subreddit_id": "t5_2vpth", "author_name": null, "author_id": null, "subreddit_name": "frozen"}, {"body": "I posted this before, but - [here's some more faces of Elsa during \"Let It Go\", with some commentary](http://www.naclhv.com/2014/02/elsas-facial-expressions-during-let-it.html) on the song's meaning.", "created_utc": 1392106984.0, "distinguished": null, "edited": false, "id": "cfcfj0k", "is_submitter": false, "link_id": "t3_1xk96w", "parent_id": "t3_1xk96w", "permalink": "/r/Frozen/comments/1xk96w/the_many_faces_of_elsa/cfcfj0k/", "score": 12, "stickied": false, "subreddit_id": "t5_2vpth", "author_name": "naclhv", "author_id": "enu9n", "subreddit_name": "frozen"}, {"body": "First face is the best. She's so happy and free right there", "created_utc": 1392075045.0, "distinguished": null, "edited": false, "id": "cfc39zg", "is_submitter": false, "link_id": "t3_1xk96w", "parent_id": "t3_1xk96w", "permalink": "/r/Frozen/comments/1xk96w/the_many_faces_of_elsa/cfc39zg/", "score": 5, "stickied": false, "subreddit_id": "t5_2vpth", "author_name": "Portgas", "author_id": "7kc75", "subreddit_name": "frozen"}, {"body": "The left one, second row. That's some funny stuff right there.", "created_utc": 1392083468.0, "distinguished": null, "edited": false, "id": "cfc701k", "is_submitter": false, "link_id": "t3_1xk96w", "parent_id": "t3_1xk96w", "permalink": "/r/Frozen/comments/1xk96w/the_many_faces_of_elsa/cfc701k/", "score": 4, "stickied": false, "subreddit_id": "t5_2vpth", "author_name": null, "author_id": null, "subreddit_name": "frozen"}, {"body": "These are the transitions between the key poses - it's just hard to make them look nice because sometimes they need to be exaggerated for the key poses to have some \"punch\" to it. ", "created_utc": 1392110426.0, "distinguished": null, "edited": false, "id": "cfcg56n", "is_submitter": false, "link_id": "t3_1xk96w", "parent_id": "t3_1xk96w", "permalink": "/r/Frozen/comments/1xk96w/the_many_faces_of_elsa/cfcg56n/", "score": 7, "stickied": false, "subreddit_id": "t5_2vpth", "author_name": "RougeCrown", "author_id": "8j9kk", "subreddit_name": "frozen"}, {"body": "Some are orgasm faces. YES I KNOW IT'S DISNEY... but... still...", "created_utc": 1392137525.0, "distinguished": null, "edited": false, "id": "cfcn7ot", "is_submitter": false, "link_id": "t3_1xk96w", "parent_id": "t3_1xk96w", "permalink": "/r/Frozen/comments/1xk96w/the_many_faces_of_elsa/cfcn7ot/", "score": 4, "stickied": false, "subreddit_id": "t5_2vpth", "author_name": "TheOneAndOnlyTainted", "author_id": "dhz5a", "subreddit_name": "frozen"}, {"body": "EVER!", "created_utc": 1392083467.0, "distinguished": null, "edited": false, "id": "cfc700w", "is_submitter": false, "link_id": "t3_1xk96w", "parent_id": "t3_1xk96w", "permalink": "/r/Frozen/comments/1xk96w/the_many_faces_of_elsa/cfc700w/", "score": 1, "stickied": false, "subreddit_id": "t5_2vpth", "author_name": "teffhk", "author_id": "dyxc8", "subreddit_name": "frozen"}, {"body": "The best has to be the middle left XD", "created_utc": 1392131848.0, "distinguished": null, "edited": false, "id": "cfckshc", "is_submitter": false, "link_id": "t3_1xk96w", "parent_id": "t3_1xk96w", "permalink": "/r/Frozen/comments/1xk96w/the_many_faces_of_elsa/cfckshc/", "score": 1, "stickied": false, "subreddit_id": "t5_2vpth", "author_name": null, "author_id": null, "subreddit_name": "frozen"}, {"body": "Top:\n\nLeft-\"Yes!\" \nCenter-\"Oh Yeah!\"\nRight-\"Hey I'm trying to agree to stuff here!\"\n\nMiddle:\n\nLeft-\"OMG, is that *insert something here*\nRight- \"What is this strange blue covering on my hand?\"\n\nBottom:\n*flirtatious* \"Could you go get that please?\" ", "created_utc": 1392178384.0, "distinguished": null, "edited": false, "id": "cfd6ig0", "is_submitter": false, "link_id": "t3_1xk96w", "parent_id": "t3_1xk96w", "permalink": "/r/Frozen/comments/1xk96w/the_many_faces_of_elsa/cfd6ig0/", "score": 1, "stickied": false, "subreddit_id": "t5_2vpth", "author_name": "thewookie5", "author_id": "exaxw", "subreddit_name": "frozen"}, {"body": "In order from left to right, top to bottom:\nI farted.  \n\nI STOLE ALL THE TACOS!\n\nChallenge accepted\n\nNO, YOU TAKE THE POTATO\n\nHoly shit I have a hand\n\nI don't need swag.  I am swag", "created_utc": 1392168810.0, "distinguished": null, "edited": false, "id": "cfd25t3", "is_submitter": false, "link_id": "t3_1xk96w", "parent_id": "t3_1xk96w", "permalink": "/r/Frozen/comments/1xk96w/the_many_faces_of_elsa/cfd25t3/", "score": 1, "stickied": false, "subreddit_id": "t5_2vpth", "author_name": "Anemoi523", "author_id": "5tb0u", "subreddit_name": "frozen"}, {"body": "Second row to the left...\"Time to fap.\"        \nSorry for posting on an old thread, but I had to.", "created_utc": 1392936935.0, "distinguished": null, "edited": false, "id": "cfkix9q", "is_submitter": false, "link_id": "t3_1xk96w", "parent_id": "t3_1xk96w", "permalink": "/r/Frozen/comments/1xk96w/the_many_faces_of_elsa/cfkix9q/", "score": 0, "stickied": false, "subreddit_id": "t5_2vpth", "author_name": "jereddit", "author_id": "5v70b", "subreddit_name": "frozen"}, {"body": "I see a x-post to /r/trees in the furture.", "created_utc": 1392077700.0, "distinguished": null, "edited": false, "id": "cfc4gbc", "is_submitter": false, "link_id": "t3_1xk96w", "parent_id": "t1_cfc44j4", "permalink": "/r/Frozen/comments/1xk96w/the_many_faces_of_elsa/cfc4gbc/", "score": 12, "stickied": false, "subreddit_id": "t5_2vpth", "author_name": "Phaulty", "author_id": "5x95b", "subreddit_name": "frozen"}, {"body": "[Oh no my pizza's in there!](http://25.media.tumblr.com/b2b2aa6375d79e484bea1ae6c13d67dc/tumblr_mxffgkrbNV1s1hsu3o1_500.gif)", "created_utc": 1392075878.0, "distinguished": null, "edited": false, "id": "cfc3ncd", "is_submitter": true, "link_id": "t3_1xk96w", "parent_id": "t1_cfc3lcg", "permalink": "/r/Frozen/comments/1xk96w/the_many_faces_of_elsa/cfc3ncd/", "score": 48, "stickied": false, "subreddit_id": "t5_2vpth", "author_name": "the_communist", "author_id": "6epab", "subreddit_name": "frozen"}, {"body": "she is still the fairest of all...", "created_utc": 1392163109.0, "distinguished": null, "edited": false, "id": "cfczjcz", "is_submitter": false, "link_id": "t3_1xk96w", "parent_id": "t1_cfc4gbc", "permalink": "/r/Frozen/comments/1xk96w/the_many_faces_of_elsa/cfczjcz/", "score": 2, "stickied": false, "subreddit_id": "t5_2vpth", "author_name": "simien05", "author_id": "d9qj1", "subreddit_name": "frozen"}, {"body": "That is amazing.", "created_utc": 1392119100.0, "distinguished": null, "edited": false, "id": "cfchg4k", "is_submitter": false, "link_id": "t3_1xk96w", "parent_id": "t1_cfc3ncd", "permalink": "/r/Frozen/comments/1xk96w/the_many_faces_of_elsa/cfchg4k/", "score": 8, "stickied": false, "subreddit_id": "t5_2vpth", "author_name": null, "author_id": null, "subreddit_name": "frozen"}]