{"clicked": false, "created_utc": 1392074981.0, "distinguished": null, "edited": false, "id": "1xk96w", "is_video": false, "locked": false, "num_comments": 17, "over_18": false, "permalink": "/r/Frozen/comments/1xk96w/the_many_faces_of_elsa/", "score": 412, "selftext": "", "stickied": false, "subreddit_id": "t5_2vpth", "title": "The many faces of Elsa", "url": "http://media-cache-ak0.pinimg.com/originals/d2/a0/90/d2a0908f780b7783e77c44f116616b07.jpg", "author_name": "the_communist", "author_id": "6epab", "subreddit_name": "frozen", "upvote_ratio": 0.98}