[{"body": "That's some ridiculous detail on the hair. Kudos OP", "created_utc": 1393655396.0, "distinguished": null, "edited": false, "id": "cfrkpn3", "is_submitter": false, "link_id": "t3_1z8flg", "parent_id": "t3_1z8flg", "permalink": "/r/Frozen/comments/1z8flg/firey_elsa_colored_pencil_drawing/cfrkpn3/", "score": 7, "stickied": false, "subreddit_id": "t5_2vpth", "author_name": "fratticus_maximus", "author_id": "807uj", "subreddit_name": "frozen"}, {"body": "[deleted]", "created_utc": 1393647077.0, "distinguished": null, "edited": false, "id": "cfri750", "is_submitter": false, "link_id": "t3_1z8flg", "parent_id": "t3_1z8flg", "permalink": "/r/Frozen/comments/1z8flg/firey_elsa_colored_pencil_drawing/cfri750/", "score": 3, "stickied": false, "subreddit_id": "t5_2vpth", "author_name": null, "author_id": null, "subreddit_name": "frozen"}, {"body": "[deleted]", "created_utc": 1393646680.0, "distinguished": null, "edited": false, "id": "cfri22e", "is_submitter": false, "link_id": "t3_1z8flg", "parent_id": "t3_1z8flg", "permalink": "/r/Frozen/comments/1z8flg/firey_elsa_colored_pencil_drawing/cfri22e/", "score": 4, "stickied": false, "subreddit_id": "t5_2vpth", "author_name": null, "author_id": null, "subreddit_name": "frozen"}, {"body": "... I hate talented people.\nEdit; typo", "created_utc": 1401894332.0, "distinguished": null, "edited": 1402227510.0, "id": "chyy72w", "is_submitter": false, "link_id": "t3_1z8flg", "parent_id": "t3_1z8flg", "permalink": "/r/Frozen/comments/1z8flg/firey_elsa_colored_pencil_drawing/chyy72w/", "score": 1, "stickied": false, "subreddit_id": "t5_2vpth", "author_name": "rdlikesbooks", "author_id": "g3r59", "subreddit_name": "frozen"}, {"body": "Well I couldn't really do a desktop background since it didn't have the best dimensions, but I did the next best thing; A phone background. Since I'm not OP I had to edit the photo a bit, hope that's okay.\n\n[640x960](http://imgur.com/oLzJp2B)\n\n[640x960 pencils removed](http://imgur.com/oKmNfgR)\n\nIf you want me to try something else or have any other suggestions I'll try my best to help.", "created_utc": 1393660607.0, "distinguished": null, "edited": false, "id": "cfrluqw", "is_submitter": false, "link_id": "t3_1z8flg", "parent_id": "t1_cfri750", "permalink": "/r/Frozen/comments/1z8flg/firey_elsa_colored_pencil_drawing/cfrluqw/", "score": 3, "stickied": false, "subreddit_id": "t5_2vpth", "author_name": "whoiwanttobe1", "author_id": "cvhy8", "subreddit_name": "frozen"}, {"body": "Talk to the artist on deviantart, your best bet.\n\nIf anything happens, I can make an edit with that face on a blank white background", "created_utc": 1393660497.0, "distinguished": null, "edited": false, "id": "cfrltyv", "is_submitter": false, "link_id": "t3_1z8flg", "parent_id": "t1_cfri750", "permalink": "/r/Frozen/comments/1z8flg/firey_elsa_colored_pencil_drawing/cfrltyv/", "score": 2, "stickied": false, "subreddit_id": "t5_2vpth", "author_name": "loopuleasa", "author_id": "4josc", "subreddit_name": "frozen"}, {"body": "I think the original Elsa is cooler, but that's just my view on it", "created_utc": 1393660460.0, "distinguished": null, "edited": false, "id": "cfrltpy", "is_submitter": false, "link_id": "t3_1z8flg", "parent_id": "t1_cfri22e", "permalink": "/r/Frozen/comments/1z8flg/firey_elsa_colored_pencil_drawing/cfrltpy/", "score": 7, "stickied": false, "subreddit_id": "t5_2vpth", "author_name": "loopuleasa", "author_id": "4josc", "subreddit_name": "frozen"}, {"body": "You don't say? ", "created_utc": 1393655355.0, "distinguished": null, "edited": false, "id": "cfrkp97", "is_submitter": false, "link_id": "t3_1z8flg", "parent_id": "t1_cfri22e", "permalink": "/r/Frozen/comments/1z8flg/firey_elsa_colored_pencil_drawing/cfrkp97/", "score": 2, "stickied": false, "subreddit_id": "t5_2vpth", "author_name": "fratticus_maximus", "author_id": "807uj", "subreddit_name": "frozen"}, {"body": "\"Cooler\"? I agree.", "created_utc": 1393684530.0, "distinguished": null, "edited": false, "id": "cfrpph7", "is_submitter": false, "link_id": "t3_1z8flg", "parent_id": "t1_cfrltpy", "permalink": "/r/Frozen/comments/1z8flg/firey_elsa_colored_pencil_drawing/cfrpph7/", "score": 4, "stickied": false, "subreddit_id": "t5_2vpth", "author_name": "jayjay200", "author_id": "c0kdx", "subreddit_name": "frozen"}]