{"clicked": false, "created_utc": 1393641635.0, "distinguished": null, "edited": false, "id": "1z8flg", "is_video": false, "locked": false, "num_comments": 7, "over_18": false, "permalink": "/r/Frozen/comments/1z8flg/firey_elsa_colored_pencil_drawing/", "score": 238, "selftext": "", "stickied": false, "subreddit_id": "t5_2vpth", "title": "Firey Elsa Colored Pencil Drawing", "url": "http://www.deviantart.com/art/Elsa-Color-Pencil-Drawing-437236837", "author_name": "bpc908", "author_id": "5g5ry", "subreddit_name": "frozen", "upvote_ratio": 0.99}