[{"body": "Can I say something crazy - will you marry me?!", "created_utc": 1393231982.0, "distinguished": null, "edited": false, "id": "cfn9u4x", "is_submitter": false, "link_id": "t3_1ys256", "parent_id": "t3_1ys256", "permalink": "/r/Frozen/comments/1ys256/so_i_gave_annas_coronation_hair_a_go_thoughts/cfn9u4x/", "score": 30, "stickied": false, "subreddit_id": "t5_2vpth", "author_name": "lazybutter", "author_id": "73zbx", "subreddit_name": "frozen"}, {"body": "that's good.\nit's impossible to get the exact same copy of anna's hairstyle because \n1. Frozen is an animated fiction\n2. Anna has 400,000 strands of hair which is impossible for a human being to have", "created_utc": 1393229610.0, "distinguished": null, "edited": false, "id": "cfn9cpp", "is_submitter": false, "link_id": "t3_1ys256", "parent_id": "t3_1ys256", "permalink": "/r/Frozen/comments/1ys256/so_i_gave_annas_coronation_hair_a_go_thoughts/cfn9cpp/", "score": 33, "stickied": false, "subreddit_id": "t5_2vpth", "author_name": "Invisibleufo", "author_id": "f7eay", "subreddit_name": "frozen"}, {"body": "sorry for poor quality. the hairdo took me 2 hours to do so maybe when i get the energy, i'll do it again and take better pictures with another camera.", "created_utc": 1393228412.0, "distinguished": null, "edited": false, "id": "cfn92w0", "is_submitter": true, "link_id": "t3_1ys256", "parent_id": "t3_1ys256", "permalink": "/r/Frozen/comments/1ys256/so_i_gave_annas_coronation_hair_a_go_thoughts/cfn92w0/", "score": 15, "stickied": false, "subreddit_id": "t5_2vpth", "author_name": "dmw94", "author_id": "8s04j", "subreddit_name": "frozen"}, {"body": "Nicely done! This is probably the closest we can get, should make a tutorial video and post to YouTube, cos you are glorious too! Wait, what?\n\nEdited: damn, i mean \"gorgeous\" lol", "created_utc": 1393233325.0, "distinguished": null, "edited": 1393262459.0, "id": "cfna2tu", "is_submitter": false, "link_id": "t3_1ys256", "parent_id": "t3_1ys256", "permalink": "/r/Frozen/comments/1ys256/so_i_gave_annas_coronation_hair_a_go_thoughts/cfna2tu/", "score": 7, "stickied": false, "subreddit_id": "t5_2vpth", "author_name": "teffhk", "author_id": "dyxc8", "subreddit_name": "frozen"}, {"body": "You make me wish I had long hair again.", "created_utc": 1393228480.0, "distinguished": null, "edited": false, "id": "cfn93fx", "is_submitter": false, "link_id": "t3_1ys256", "parent_id": "t3_1ys256", "permalink": "/r/Frozen/comments/1ys256/so_i_gave_annas_coronation_hair_a_go_thoughts/cfn93fx/", "score": 5, "stickied": false, "subreddit_id": "t5_2vpth", "author_name": "snakeeatereileen", "author_id": "ff7zj", "subreddit_name": "frozen"}, {"body": "Looks great!", "created_utc": 1393230078.0, "distinguished": null, "edited": false, "id": "cfn9gfc", "is_submitter": false, "link_id": "t3_1ys256", "parent_id": "t3_1ys256", "permalink": "/r/Frozen/comments/1ys256/so_i_gave_annas_coronation_hair_a_go_thoughts/cfn9gfc/", "score": 4, "stickied": false, "subreddit_id": "t5_2vpth", "author_name": "JamesAQuintero", "author_id": "7gthv", "subreddit_name": "frozen"}, {"body": "Wow! Excellent job! ", "created_utc": 1393231208.0, "distinguished": null, "edited": false, "id": "cfn9ouc", "is_submitter": false, "link_id": "t3_1ys256", "parent_id": "t3_1ys256", "permalink": "/r/Frozen/comments/1ys256/so_i_gave_annas_coronation_hair_a_go_thoughts/cfn9ouc/", "score": 4, "stickied": false, "subreddit_id": "t5_2vpth", "author_name": "foreverofbff", "author_id": "8qpmn", "subreddit_name": "frozen"}, {"body": "Did you go out later with your hair done like that?", "created_utc": 1393245004.0, "distinguished": null, "edited": false, "id": "cfnc0vp", "is_submitter": false, "link_id": "t3_1ys256", "parent_id": "t3_1ys256", "permalink": "/r/Frozen/comments/1ys256/so_i_gave_annas_coronation_hair_a_go_thoughts/cfnc0vp/", "score": 3, "stickied": false, "subreddit_id": "t5_2vpth", "author_name": "tphan", "author_id": "apo99", "subreddit_name": "frozen"}, {"body": "This is the best thing I've seen all day.", "created_utc": 1393249757.0, "distinguished": null, "edited": false, "id": "cfnd556", "is_submitter": false, "link_id": "t3_1ys256", "parent_id": "t3_1ys256", "permalink": "/r/Frozen/comments/1ys256/so_i_gave_annas_coronation_hair_a_go_thoughts/cfnd556/", "score": 3, "stickied": false, "subreddit_id": "t5_2vpth", "author_name": null, "author_id": null, "subreddit_name": "frozen"}, {"body": "Really well done! have an upvote!", "created_utc": 1393253603.0, "distinguished": null, "edited": false, "id": "cfneb33", "is_submitter": false, "link_id": "t3_1ys256", "parent_id": "t3_1ys256", "permalink": "/r/Frozen/comments/1ys256/so_i_gave_annas_coronation_hair_a_go_thoughts/cfneb33/", "score": 2, "stickied": false, "subreddit_id": "t5_2vpth", "author_name": null, "author_id": null, "subreddit_name": "frozen"}, {"body": "Beautiful!!!! I wish my hair were thick enough to be able to recreate this look. Have you thought about cosplaying her coronation gown? :D", "created_utc": 1393253812.0, "distinguished": null, "edited": false, "id": "cfnedm2", "is_submitter": false, "link_id": "t3_1ys256", "parent_id": "t3_1ys256", "permalink": "/r/Frozen/comments/1ys256/so_i_gave_annas_coronation_hair_a_go_thoughts/cfnedm2/", "score": 2, "stickied": false, "subreddit_id": "t5_2vpth", "author_name": "rawrbug", "author_id": "6rudw", "subreddit_name": "frozen"}, {"body": "You even kinda look like Kristen Bell. ", "created_utc": 1393256037.0, "distinguished": null, "edited": false, "id": "cfnf6k9", "is_submitter": false, "link_id": "t3_1ys256", "parent_id": "t3_1ys256", "permalink": "/r/Frozen/comments/1ys256/so_i_gave_annas_coronation_hair_a_go_thoughts/cfnf6k9/", "score": 2, "stickied": false, "subreddit_id": "t5_2vpth", "author_name": null, "author_id": null, "subreddit_name": "frozen"}, {"body": "This is a good rendition of Anna's coronation's hairstyle. The ribbon in the back was a nice touch being faithful to the movie. ", "created_utc": 1393258808.0, "distinguished": null, "edited": false, "id": "cfngaz1", "is_submitter": false, "link_id": "t3_1ys256", "parent_id": "t3_1ys256", "permalink": "/r/Frozen/comments/1ys256/so_i_gave_annas_coronation_hair_a_go_thoughts/cfngaz1/", "score": 2, "stickied": false, "subreddit_id": "t5_2vpth", "author_name": "Parsimony3", "author_id": "dhnoj", "subreddit_name": "frozen"}, {"body": "You should post this to /r/fancyfollicles too! ", "created_utc": 1393263901.0, "distinguished": null, "edited": false, "id": "cfnimu9", "is_submitter": false, "link_id": "t3_1ys256", "parent_id": "t3_1ys256", "permalink": "/r/Frozen/comments/1ys256/so_i_gave_annas_coronation_hair_a_go_thoughts/cfnimu9/", "score": 2, "stickied": false, "subreddit_id": "t5_2vpth", "author_name": "finlax", "author_id": "fcutr", "subreddit_name": "frozen"}, {"body": "Now do Oaken's!", "created_utc": 1393258803.0, "distinguished": null, "edited": false, "id": "cfngawl", "is_submitter": false, "link_id": "t3_1ys256", "parent_id": "t3_1ys256", "permalink": "/r/Frozen/comments/1ys256/so_i_gave_annas_coronation_hair_a_go_thoughts/cfngawl/", "score": 1, "stickied": false, "subreddit_id": "t5_2vpth", "author_name": null, "author_id": null, "subreddit_name": "frozen"}, {"body": "When I get married in probably a decade (hopefully a little less) I NEED my hair to look like this.", "created_utc": 1393267550.0, "distinguished": null, "edited": false, "id": "cfnkff7", "is_submitter": false, "link_id": "t3_1ys256", "parent_id": "t3_1ys256", "permalink": "/r/Frozen/comments/1ys256/so_i_gave_annas_coronation_hair_a_go_thoughts/cfnkff7/", "score": 1, "stickied": false, "subreddit_id": "t5_2vpth", "author_name": "breyette", "author_id": "6m5t5", "subreddit_name": "frozen"}, {"body": ">Cornoration  \n\nFTFY  \n  \nedit: Oh come on it was funny. \"My sister's... Cornoration... \"", "created_utc": 1393297537.0, "distinguished": null, "edited": 1393386201.0, "id": "cfnyz49", "is_submitter": false, "link_id": "t3_1ys256", "parent_id": "t3_1ys256", "permalink": "/r/Frozen/comments/1ys256/so_i_gave_annas_coronation_hair_a_go_thoughts/cfnyz49/", "score": -2, "stickied": false, "subreddit_id": "t5_2vpth", "author_name": "ItsGotToMakeSense", "author_id": "4ydeu", "subreddit_name": "frozen"}, {"body": "Do you, OP, take this guy to be your troll-fully wedded..", "created_utc": 1393234658.0, "distinguished": null, "edited": false, "id": "cfnaayf", "is_submitter": false, "link_id": "t3_1ys256", "parent_id": "t1_cfn9u4x", "permalink": "/r/Frozen/comments/1ys256/so_i_gave_annas_coronation_hair_a_go_thoughts/cfnaayf/", "score": 19, "stickied": false, "subreddit_id": "t5_2vpth", "author_name": "teffhk", "author_id": "dyxc8", "subreddit_name": "frozen"}, {"body": "Can I say something crazier?! Yes! ", "created_utc": 1393269684.0, "distinguished": null, "edited": false, "id": "cfnlhqz", "is_submitter": false, "link_id": "t3_1ys256", "parent_id": "t1_cfn9u4x", "permalink": "/r/Frozen/comments/1ys256/so_i_gave_annas_coronation_hair_a_go_thoughts/cfnlhqz/", "score": 1, "stickied": false, "subreddit_id": "t5_2vpth", "author_name": null, "author_id": null, "subreddit_name": "frozen"}, {"body": "I think she is going to say something even crazier!", "created_utc": 1393233597.0, "distinguished": null, "edited": false, "id": "cfna4iw", "is_submitter": false, "link_id": "t3_1ys256", "parent_id": "t1_cfn9u4x", "permalink": "/r/Frozen/comments/1ys256/so_i_gave_annas_coronation_hair_a_go_thoughts/cfna4iw/", "score": 1, "stickied": false, "subreddit_id": "t5_2vpth", "author_name": "foxbond", "author_id": "a2416", "subreddit_name": "frozen"}, {"body": "I believe the quote is that Elsa's model has 400k strands.  I don't know if that's true for Anna, but I suspect it isn't.", "created_utc": 1393254084.0, "distinguished": null, "edited": false, "id": "cfneh1s", "is_submitter": false, "link_id": "t3_1ys256", "parent_id": "t1_cfn9cpp", "permalink": "/r/Frozen/comments/1ys256/so_i_gave_annas_coronation_hair_a_go_thoughts/cfneh1s/", "score": 10, "stickied": false, "subreddit_id": "t5_2vpth", "author_name": "AndIfWeFall", "author_id": "f0b0t", "subreddit_name": "frozen"}, {"body": "I am not sure about the hair strand count. Might be a myth.", "created_utc": 1393255805.0, "distinguished": null, "edited": false, "id": "cfnf3d8", "is_submitter": false, "link_id": "t3_1ys256", "parent_id": "t1_cfn9cpp", "permalink": "/r/Frozen/comments/1ys256/so_i_gave_annas_coronation_hair_a_go_thoughts/cfnf3d8/", "score": 3, "stickied": false, "subreddit_id": "t5_2vpth", "author_name": "loopuleasa", "author_id": "4josc", "subreddit_name": "frozen"}, {"body": "Anna has 140,000.", "created_utc": 1394944284.0, "distinguished": null, "edited": false, "id": "cg3qksh", "is_submitter": false, "link_id": "t3_1ys256", "parent_id": "t1_cfn9cpp", "permalink": "/r/Frozen/comments/1ys256/so_i_gave_annas_coronation_hair_a_go_thoughts/cg3qksh/", "score": 1, "stickied": false, "subreddit_id": "t5_2vpth", "author_name": null, "author_id": null, "subreddit_name": "frozen"}, {"body": "It turned out great, that looks awfully complicated.\n\nAs for accuracy, it's as close as you can get to Anna's.\n\nNow we demand [fitting clothes](http://i.imgur.com/OdfhRZo.png).", "created_utc": 1393256066.0, "distinguished": null, "edited": false, "id": "cfnf6yl", "is_submitter": false, "link_id": "t3_1ys256", "parent_id": "t1_cfn92w0", "permalink": "/r/Frozen/comments/1ys256/so_i_gave_annas_coronation_hair_a_go_thoughts/cfnf6yl/", "score": 4, "stickied": false, "subreddit_id": "t5_2vpth", "author_name": "loopuleasa", "author_id": "4josc", "subreddit_name": "frozen"}, {"body": "If you do it again please do tutorial pictures! My hair is both long and thick and I'm relatively  good with my hair but I'm not sure how to go about this but I would love to! ", "created_utc": 1393294404.0, "distinguished": null, "edited": false, "id": "cfnxi1q", "is_submitter": false, "link_id": "t3_1ys256", "parent_id": "t1_cfn92w0", "permalink": "/r/Frozen/comments/1ys256/so_i_gave_annas_coronation_hair_a_go_thoughts/cfnxi1q/", "score": 1, "stickied": false, "subreddit_id": "t5_2vpth", "author_name": "Giraffeses", "author_id": "78gwe", "subreddit_name": "frozen"}, {"body": "LET IT GROW~", "created_utc": 1393260203.0, "distinguished": null, "edited": false, "id": "cfngwxg", "is_submitter": true, "link_id": "t3_1ys256", "parent_id": "t1_cfn93fx", "permalink": "/r/Frozen/comments/1ys256/so_i_gave_annas_coronation_hair_a_go_thoughts/cfngwxg/", "score": 28, "stickied": false, "subreddit_id": "t5_2vpth", "author_name": "dmw94", "author_id": "8s04j", "subreddit_name": "frozen"}, {"body": "i went to work like that(hence why im in a super glamorous uniform).\nonly 2 people recognized me ):", "created_utc": 1393259423.0, "distinguished": null, "edited": false, "id": "cfngkib", "is_submitter": true, "link_id": "t3_1ys256", "parent_id": "t1_cfnc0vp", "permalink": "/r/Frozen/comments/1ys256/so_i_gave_annas_coronation_hair_a_go_thoughts/cfngkib/", "score": 6, "stickied": false, "subreddit_id": "t5_2vpth", "author_name": "dmw94", "author_id": "8s04j", "subreddit_name": "frozen"}, {"body": "yoohoo", "created_utc": 1393259497.0, "distinguished": null, "edited": false, "id": "cfnglnn", "is_submitter": true, "link_id": "t3_1ys256", "parent_id": "t1_cfngawl", "permalink": "/r/Frozen/comments/1ys256/so_i_gave_annas_coronation_hair_a_go_thoughts/cfnglnn/", "score": 2, "stickied": false, "subreddit_id": "t5_2vpth", "author_name": "dmw94", "author_id": "8s04j", "subreddit_name": "frozen"}, {"body": "Wait, what?", "created_utc": 1393255355.0, "distinguished": null, "edited": false, "id": "cfnexaj", "is_submitter": false, "link_id": "t3_1ys256", "parent_id": "t1_cfnaayf", "permalink": "/r/Frozen/comments/1ys256/so_i_gave_annas_coronation_hair_a_go_thoughts/cfnexaj/", "score": 11, "stickied": false, "subreddit_id": "t5_2vpth", "author_name": "Swoove", "author_id": "7w825", "subreddit_name": "frozen"}, {"body": "you took my line, man....", "created_utc": 1393297953.0, "distinguished": null, "edited": false, "id": "cfnz6h3", "is_submitter": true, "link_id": "t3_1ys256", "parent_id": "t1_cfnlhqz", "permalink": "/r/Frozen/comments/1ys256/so_i_gave_annas_coronation_hair_a_go_thoughts/cfnz6h3/", "score": 9, "stickied": false, "subreddit_id": "t5_2vpth", "author_name": "dmw94", "author_id": "8s04j", "subreddit_name": "frozen"}, {"body": "Correct, and that was only during the let it go sequence.", "created_utc": 1393290618.0, "distinguished": null, "edited": false, "id": "cfnvp61", "is_submitter": false, "link_id": "t3_1ys256", "parent_id": "t1_cfneh1s", "permalink": "/r/Frozen/comments/1ys256/so_i_gave_annas_coronation_hair_a_go_thoughts/cfnvp61/", "score": 3, "stickied": false, "subreddit_id": "t5_2vpth", "author_name": "Darkside_Hero", "author_id": "6wquo", "subreddit_name": "frozen"}, {"body": "I wish I could give you gold for that!", "created_utc": 1393294032.0, "distinguished": null, "edited": false, "id": "cfnxbnh", "is_submitter": false, "link_id": "t3_1ys256", "parent_id": "t1_cfngwxg", "permalink": "/r/Frozen/comments/1ys256/so_i_gave_annas_coronation_hair_a_go_thoughts/cfnxbnh/", "score": 2, "stickied": false, "subreddit_id": "t5_2vpth", "author_name": "Giraffeses", "author_id": "78gwe", "subreddit_name": "frozen"}, {"body": "You'll never be sadddd!", "created_utc": 1393269068.0, "distinguished": null, "edited": false, "id": "cfnl6sm", "is_submitter": false, "link_id": "t3_1ys256", "parent_id": "t1_cfngwxg", "permalink": "/r/Frozen/comments/1ys256/so_i_gave_annas_coronation_hair_a_go_thoughts/cfnl6sm/", "score": 1, "stickied": false, "subreddit_id": "t5_2vpth", "author_name": "gohbee", "author_id": "acvqj", "subreddit_name": "frozen"}, {"body": "Actually, scrap that. Weselton's hair would be a better idea :]", "created_utc": 1393260224.0, "distinguished": null, "edited": false, "id": "cfngx8w", "is_submitter": false, "link_id": "t3_1ys256", "parent_id": "t1_cfnglnn", "permalink": "/r/Frozen/comments/1ys256/so_i_gave_annas_coronation_hair_a_go_thoughts/cfngx8w/", "score": 1, "stickied": false, "subreddit_id": "t5_2vpth", "author_name": null, "author_id": null, "subreddit_name": "frozen"}, {"body": "They're getting married! ", "created_utc": 1393255581.0, "distinguished": null, "edited": false, "id": "cfnf0br", "is_submitter": false, "link_id": "t3_1ys256", "parent_id": "t1_cfnexaj", "permalink": "/r/Frozen/comments/1ys256/so_i_gave_annas_coronation_hair_a_go_thoughts/cfnf0br/", "score": 9, "stickied": false, "subreddit_id": "t5_2vpth", "author_name": "teffhk", "author_id": "dyxc8", "subreddit_name": "frozen"}, {"body": "Until you notice the split ends... ugh haha", "created_utc": 1393272504.0, "distinguished": null, "edited": false, "id": "cfnmvz6", "is_submitter": false, "link_id": "t3_1ys256", "parent_id": "t1_cfnl6sm", "permalink": "/r/Frozen/comments/1ys256/so_i_gave_annas_coronation_hair_a_go_thoughts/cfnmvz6/", "score": 2, "stickied": false, "subreddit_id": "t5_2vpth", "author_name": "Kimmberlias", "author_id": "9lica", "subreddit_name": "frozen"}]