{"clicked": false, "created_utc": 1393228349.0, "distinguished": null, "edited": false, "id": "1ys256", "is_video": false, "locked": false, "num_comments": 36, "over_18": false, "permalink": "/r/Frozen/comments/1ys256/so_i_gave_annas_coronation_hair_a_go_thoughts/", "score": 298, "selftext": "", "stickied": false, "subreddit_id": "t5_2vpth", "title": "So, i gave anna's coronation hair a go. Thoughts?", "url": "http://imgur.com/a/RoK9T", "author_name": "dmw94", "author_id": "8s04j", "subreddit_name": "frozen", "upvote_ratio": 0.98}