[{"body": "I'm not sure if I agree with your definition of\"wrong\".", "created_utc": 1393734254.0, "distinguished": null, "edited": false, "id": "cfs7mj1", "is_submitter": false, "link_id": "t3_1zbiq7", "parent_id": "t3_1zbiq7", "permalink": "/r/Frozen/comments/1zbiq7/i_captured_her_at_the_wrong_time_oo/cfs7mj1/", "score": 32, "stickied": false, "subreddit_id": "t5_2vpth", "author_name": "Herra_Ratatoskr", "author_id": "42kpq", "subreddit_name": "frozen"}, {"body": "\"This icicle is gonna impale you in the most inappropriate of places...\"", "created_utc": 1393734938.0, "distinguished": null, "edited": false, "id": "cfs7vao", "is_submitter": false, "link_id": "t3_1zbiq7", "parent_id": "t3_1zbiq7", "permalink": "/r/Frozen/comments/1zbiq7/i_captured_her_at_the_wrong_time_oo/cfs7vao/", "score": 30, "stickied": false, "subreddit_id": "t5_2vpth", "author_name": "Eriflee", "author_id": "8n6qs", "subreddit_name": "frozen"}, {"body": "Those would be the sexy eyes.", "created_utc": 1393736474.0, "distinguished": null, "edited": false, "id": "cfs8ejv", "is_submitter": false, "link_id": "t3_1zbiq7", "parent_id": "t3_1zbiq7", "permalink": "/r/Frozen/comments/1zbiq7/i_captured_her_at_the_wrong_time_oo/cfs8ejv/", "score": 15, "stickied": false, "subreddit_id": "t5_2vpth", "author_name": "Ysara", "author_id": "6yr3q", "subreddit_name": "frozen"}, {"body": "You mean the *rightest* time. Whoa mama.", "created_utc": 1393741597.0, "distinguished": null, "edited": false, "id": "cfsa0yl", "is_submitter": false, "link_id": "t3_1zbiq7", "parent_id": "t3_1zbiq7", "permalink": "/r/Frozen/comments/1zbiq7/i_captured_her_at_the_wrong_time_oo/cfsa0yl/", "score": 12, "stickied": false, "subreddit_id": "t5_2vpth", "author_name": null, "author_id": null, "subreddit_name": "frozen"}, {"body": "Her eyes peer deeply into your soul, ^exposing ^your ^deepest ^darkest ^secrets....", "created_utc": 1393734751.0, "distinguished": null, "edited": false, "id": "cfs7sx4", "is_submitter": false, "link_id": "t3_1zbiq7", "parent_id": "t3_1zbiq7", "permalink": "/r/Frozen/comments/1zbiq7/i_captured_her_at_the_wrong_time_oo/cfs7sx4/", "score": 8, "stickied": false, "subreddit_id": "t5_2vpth", "author_name": "eliasjack342", "author_id": "f4nrj", "subreddit_name": "frozen"}, {"body": "Here comes the smolder.", "created_utc": 1393771891.0, "distinguished": null, "edited": false, "id": "cfsfoc3", "is_submitter": false, "link_id": "t3_1zbiq7", "parent_id": "t3_1zbiq7", "permalink": "/r/Frozen/comments/1zbiq7/i_captured_her_at_the_wrong_time_oo/cfsfoc3/", "score": 6, "stickied": false, "subreddit_id": "t5_2vpth", "author_name": null, "author_id": null, "subreddit_name": "frozen"}, {"body": "Why is she so damn sexy??? WHY???", "created_utc": 1393742645.0, "distinguished": null, "edited": false, "id": "cfsabe7", "is_submitter": false, "link_id": "t3_1zbiq7", "parent_id": "t3_1zbiq7", "permalink": "/r/Frozen/comments/1zbiq7/i_captured_her_at_the_wrong_time_oo/cfsabe7/", "score": 5, "stickied": false, "subreddit_id": "t5_2vpth", "author_name": null, "author_id": null, "subreddit_name": "frozen"}, {"body": ":O", "created_utc": 1393768295.0, "distinguished": null, "edited": false, "id": "cfsev9u", "is_submitter": false, "link_id": "t3_1zbiq7", "parent_id": "t3_1zbiq7", "permalink": "/r/Frozen/comments/1zbiq7/i_captured_her_at_the_wrong_time_oo/cfsev9u/", "score": 4, "stickied": false, "subreddit_id": "t5_2vpth", "author_name": "jayjay200", "author_id": "c0kdx", "subreddit_name": "frozen"}, {"body": "[Reminds me of Ariel](http://i.imgur.com/NYXeQu5.jpg)", "created_utc": 1393756094.0, "distinguished": null, "edited": false, "id": "cfscy3o", "is_submitter": false, "link_id": "t3_1zbiq7", "parent_id": "t3_1zbiq7", "permalink": "/r/Frozen/comments/1zbiq7/i_captured_her_at_the_wrong_time_oo/cfscy3o/", "score": 3, "stickied": false, "subreddit_id": "t5_2vpth", "author_name": "theinternetaddict", "author_id": "asevy", "subreddit_name": "frozen"}, {"body": "if she had her mouth closed, she would have looked so sexy", "created_utc": 1393748981.0, "distinguished": null, "edited": false, "id": "cfsbs4q", "is_submitter": false, "link_id": "t3_1zbiq7", "parent_id": "t3_1zbiq7", "permalink": "/r/Frozen/comments/1zbiq7/i_captured_her_at_the_wrong_time_oo/cfsbs4q/", "score": 2, "stickied": false, "subreddit_id": "t5_2vpth", "author_name": "Invisibleufo", "author_id": "f7eay", "subreddit_name": "frozen"}, {"body": "I believe that is called a Lannister Glare...", "created_utc": 1393773019.0, "distinguished": null, "edited": false, "id": "cfsfz4d", "is_submitter": false, "link_id": "t3_1zbiq7", "parent_id": "t3_1zbiq7", "permalink": "/r/Frozen/comments/1zbiq7/i_captured_her_at_the_wrong_time_oo/cfsfz4d/", "score": 2, "stickied": false, "subreddit_id": "t5_2vpth", "author_name": "Guild_Navigator", "author_id": "6v5xw", "subreddit_name": "frozen"}, {"body": "How very Kubrick.", "created_utc": 1393781165.0, "distinguished": null, "edited": false, "id": "cfsiqos", "is_submitter": false, "link_id": "t3_1zbiq7", "parent_id": "t3_1zbiq7", "permalink": "/r/Frozen/comments/1zbiq7/i_captured_her_at_the_wrong_time_oo/cfsiqos/", "score": 2, "stickied": false, "subreddit_id": "t5_2vpth", "author_name": "Romeo-Blue", "author_id": "cr4e0", "subreddit_name": "frozen"}, {"body": "Lol she derped!", "created_utc": 1394020605.0, "distinguished": null, "edited": false, "id": "cfuwcj5", "is_submitter": false, "link_id": "t3_1zbiq7", "parent_id": "t3_1zbiq7", "permalink": "/r/Frozen/comments/1zbiq7/i_captured_her_at_the_wrong_time_oo/cfuwcj5/", "score": 1, "stickied": false, "subreddit_id": "t5_2vpth", "author_name": "duetmasaki", "author_id": "6urrl", "subreddit_name": "frozen"}, {"body": "OH NO.\nI...paused...at that second too... Do I call the Air Force?", "created_utc": 1400899088.0, "distinguished": null, "edited": false, "id": "chpr6er", "is_submitter": false, "link_id": "t3_1zbiq7", "parent_id": "t3_1zbiq7", "permalink": "/r/Frozen/comments/1zbiq7/i_captured_her_at_the_wrong_time_oo/chpr6er/", "score": 1, "stickied": false, "subreddit_id": "t5_2vpth", "author_name": "SteamySlugma", "author_id": "d47ik", "subreddit_name": "frozen"}, {"body": "Elsa no pls", "created_utc": 1393738477.0, "distinguished": null, "edited": false, "id": "cfs92s9", "is_submitter": false, "link_id": "t3_1zbiq7", "parent_id": "t1_cfs7vao", "permalink": "/r/Frozen/comments/1zbiq7/i_captured_her_at_the_wrong_time_oo/cfs92s9/", "score": 15, "stickied": false, "subreddit_id": "t5_2vpth", "author_name": "AlvorWarBear", "author_id": "cqb5o", "subreddit_name": "frozen"}, {"body": "I Would...not be completely opposed to that.", "created_utc": 1393739186.0, "distinguished": null, "edited": false, "id": "cfs9au5", "is_submitter": false, "link_id": "t3_1zbiq7", "parent_id": "t1_cfs7vao", "permalink": "/r/Frozen/comments/1zbiq7/i_captured_her_at_the_wrong_time_oo/cfs9au5/", "score": 12, "stickied": false, "subreddit_id": "t5_2vpth", "author_name": "AdultSupervision", "author_id": "ej121", "subreddit_name": "frozen"}, {"body": "This comment gives me an icy feeling inside...", "created_utc": 1393739936.0, "distinguished": null, "edited": false, "id": "cfs9jc0", "is_submitter": false, "link_id": "t3_1zbiq7", "parent_id": "t1_cfs7vao", "permalink": "/r/Frozen/comments/1zbiq7/i_captured_her_at_the_wrong_time_oo/cfs9jc0/", "score": 4, "stickied": false, "subreddit_id": "t5_2vpth", "author_name": "lq13", "author_id": "fblf7", "subreddit_name": "frozen"}, {"body": ">exposing your deepest darkest secrets....\n\n^She ^can ^expose ^me ^all ^night ^long ....I'm sorry, I'll show myself out.", "created_utc": 1393739621.0, "distinguished": null, "edited": false, "id": "cfs9frz", "is_submitter": false, "link_id": "t3_1zbiq7", "parent_id": "t1_cfs7sx4", "permalink": "/r/Frozen/comments/1zbiq7/i_captured_her_at_the_wrong_time_oo/cfs9frz/", "score": 17, "stickied": false, "subreddit_id": "t5_2vpth", "author_name": "AdultSupervision", "author_id": "ej121", "subreddit_name": "frozen"}, {"body": "Elsa yes pls. ", "created_utc": 1393738734.0, "distinguished": null, "edited": false, "id": "cfs95s0", "is_submitter": false, "link_id": "t3_1zbiq7", "parent_id": "t1_cfs92s9", "permalink": "/r/Frozen/comments/1zbiq7/i_captured_her_at_the_wrong_time_oo/cfs95s0/", "score": 32, "stickied": false, "subreddit_id": "t5_2vpth", "author_name": "JiForce", "author_id": "5fwj2", "subreddit_name": "frozen"}, {"body": "But...  \n[Sideburns...!](http://25.media.tumblr.com/30fdd4e72476d60cad80ab29dbb2dae2/tumblr_n0wgpviVjn1rfnvvxo4_1280.jpg)", "created_utc": 1393740224.0, "distinguished": null, "edited": false, "id": "cfs9mgi", "is_submitter": false, "link_id": "t3_1zbiq7", "parent_id": "t1_cfs95s0", "permalink": "/r/Frozen/comments/1zbiq7/i_captured_her_at_the_wrong_time_oo/cfs9mgi/", "score": 7, "stickied": false, "subreddit_id": "t5_2vpth", "author_name": "AlvorWarBear", "author_id": "cqb5o", "subreddit_name": "frozen"}, {"body": "we know JiForce likes some kinky stuff", "created_utc": 1393740609.0, "distinguished": null, "edited": false, "id": "cfs9ql5", "is_submitter": false, "link_id": "t3_1zbiq7", "parent_id": "t1_cfs95s0", "permalink": "/r/Frozen/comments/1zbiq7/i_captured_her_at_the_wrong_time_oo/cfs9ql5/", "score": 7, "stickied": false, "subreddit_id": "t5_2vpth", "author_name": "baconbroth", "author_id": "cidv2", "subreddit_name": "frozen"}, {"body": "There's always room for more on the partytrain. ", "created_utc": 1393748357.0, "distinguished": null, "edited": false, "id": "cfsbnqq", "is_submitter": false, "link_id": "t3_1zbiq7", "parent_id": "t1_cfs9mgi", "permalink": "/r/Frozen/comments/1zbiq7/i_captured_her_at_the_wrong_time_oo/cfsbnqq/", "score": 1, "stickied": false, "subreddit_id": "t5_2vpth", "author_name": "JiForce", "author_id": "5fwj2", "subreddit_name": "frozen"}, {"body": "The... cold never bothered me anyway? ", "created_utc": 1393745177.0, "distinguished": null, "edited": false, "id": "cfsayh3", "is_submitter": false, "link_id": "t3_1zbiq7", "parent_id": "t1_cfs9ql5", "permalink": "/r/Frozen/comments/1zbiq7/i_captured_her_at_the_wrong_time_oo/cfsayh3/", "score": 12, "stickied": false, "subreddit_id": "t5_2vpth", "author_name": "JiForce", "author_id": "5fwj2", "subreddit_name": "frozen"}, {"body": "Let It Go on my face ^i'm^so^sorry", "created_utc": 1393859854.0, "distinguished": null, "edited": false, "id": "cft8dvt", "is_submitter": false, "link_id": "t3_1zbiq7", "parent_id": "t1_cfsayh3", "permalink": "/r/Frozen/comments/1zbiq7/i_captured_her_at_the_wrong_time_oo/cft8dvt/", "score": 2, "stickied": false, "subreddit_id": "t5_2vpth", "author_name": "FuckYourPoachedEggs", "author_id": "ehahu", "subreddit_name": "frozen"}]