{"clicked": false, "created_utc": 1393731933.0, "distinguished": null, "edited": false, "id": "1zbiq7", "is_video": false, "locked": false, "num_comments": 24, "over_18": false, "permalink": "/r/Frozen/comments/1zbiq7/i_captured_her_at_the_wrong_time_oo/", "score": 126, "selftext": "", "stickied": false, "subreddit_id": "t5_2vpth", "title": "I captured her at the wrong time o.O", "url": "http://imgur.com/8tVni0c", "author_name": "zarzer", "author_id": "ao5qj", "subreddit_name": "frozen", "upvote_ratio": 0.91}