[{"body": "[This is me right now.](http://stream1.gifsoup.com/view/760779/carlton-dance-o.gif)", "created_utc": 1393820695.0, "distinguished": null, "edited": 1393821122.0, "id": "cfszbjp", "is_submitter": false, "link_id": "t3_1zen88", "parent_id": "t3_1zen88", "permalink": "/r/Frozen/comments/1zen88/let_it_go_won_best_original_song/cfszbjp/", "score": 16, "stickied": false, "subreddit_id": "t5_2vpth", "author_name": "ChillinFallin", "author_id": "737fv", "subreddit_name": "frozen"}, {"body": "Elsa got her Oscar. Does that mean she'll thaw the country now?", "created_utc": 1393820490.0, "distinguished": null, "edited": false, "id": "cfsz8lx", "is_submitter": false, "link_id": "t3_1zen88", "parent_id": "t3_1zen88", "permalink": "/r/Frozen/comments/1zen88/let_it_go_won_best_original_song/cfsz8lx/", "score": 22, "stickied": false, "subreddit_id": "t5_2vpth", "author_name": "cgr100", "author_id": "9sqwj", "subreddit_name": "frozen"}, {"body": "But seriously,that was an awesome acceptance speech. Wow,you can tell that's a happy family. :)", "created_utc": 1393821376.0, "distinguished": null, "edited": false, "id": "cfszldz", "is_submitter": false, "link_id": "t3_1zen88", "parent_id": "t3_1zen88", "permalink": "/r/Frozen/comments/1zen88/let_it_go_won_best_original_song/cfszldz/", "score": 9, "stickied": false, "subreddit_id": "t5_2vpth", "author_name": "Guild_Navigator", "author_id": "6v5xw", "subreddit_name": "frozen"}, {"body": "Fuck yes! So does this mean we can finally stop watching the Oscars?", "created_utc": 1393820341.0, "distinguished": null, "edited": false, "id": "cfsz6fx", "is_submitter": false, "link_id": "t3_1zen88", "parent_id": "t3_1zen88", "permalink": "/r/Frozen/comments/1zen88/let_it_go_won_best_original_song/cfsz6fx/", "score": 13, "stickied": false, "subreddit_id": "t5_2vpth", "author_name": "vinjhup", "author_id": "69a8m", "subreddit_name": "frozen"}, {"body": "haven't seen the movie, but still congrats guys!", "created_utc": 1393823423.0, "distinguished": null, "edited": false, "id": "cft0d4h", "is_submitter": false, "link_id": "t3_1zen88", "parent_id": "t3_1zen88", "permalink": "/r/Frozen/comments/1zen88/let_it_go_won_best_original_song/cft0d4h/", "score": 4, "stickied": false, "subreddit_id": "t5_2vpth", "author_name": "bellibones", "author_id": "7vql2", "subreddit_name": "frozen"}, {"body": "WOOT ", "created_utc": 1393820403.0, "distinguished": null, "edited": false, "id": "cfsz7cd", "is_submitter": false, "link_id": "t3_1zen88", "parent_id": "t3_1zen88", "permalink": "/r/Frozen/comments/1zen88/let_it_go_won_best_original_song/cfsz7cd/", "score": 4, "stickied": false, "subreddit_id": "t5_2vpth", "author_name": "FinallyGivenIn", "author_id": "cmtny", "subreddit_name": "frozen"}, {"body": "No,that is ME...naked! WOOO!", "created_utc": 1393821296.0, "distinguished": null, "edited": false, "id": "cfszk82", "is_submitter": false, "link_id": "t3_1zen88", "parent_id": "t1_cfszbjp", "permalink": "/r/Frozen/comments/1zen88/let_it_go_won_best_original_song/cfszk82/", "score": 1, "stickied": false, "subreddit_id": "t5_2vpth", "author_name": "Guild_Navigator", "author_id": "6v5xw", "subreddit_name": "frozen"}, {"body": "Time to go listen to The Great Thaw for the 45th time! [Literally](http://i.imgur.com/gWv6kQw.png)", "created_utc": 1393821052.0, "distinguished": null, "edited": false, "id": "cfszgo1", "is_submitter": false, "link_id": "t3_1zen88", "parent_id": "t1_cfsz8lx", "permalink": "/r/Frozen/comments/1zen88/let_it_go_won_best_original_song/cfszgo1/", "score": 9, "stickied": false, "subreddit_id": "t5_2vpth", "author_name": "shmameron", "author_id": "9h46k", "subreddit_name": "frozen"}, {"body": "No! It means we celebrate by watching the movie again!!", "created_utc": 1393820456.0, "distinguished": null, "edited": false, "id": "cfsz83u", "is_submitter": false, "link_id": "t3_1zen88", "parent_id": "t1_cfsz6fx", "permalink": "/r/Frozen/comments/1zen88/let_it_go_won_best_original_song/cfsz83u/", "score": 19, "stickied": false, "subreddit_id": "t5_2vpth", "author_name": "ifpeoplecouldtalk", "author_id": "5g74h", "subreddit_name": "frozen"}, {"body": "WHAT ARE YOU WAITING FOR?", "created_utc": 1393846491.0, "distinguished": null, "edited": false, "id": "cft59gx", "is_submitter": false, "link_id": "t3_1zen88", "parent_id": "t1_cft0d4h", "permalink": "/r/Frozen/comments/1zen88/let_it_go_won_best_original_song/cft59gx/", "score": 7, "stickied": false, "subreddit_id": "t5_2vpth", "author_name": null, "author_id": null, "subreddit_name": "frozen"}, {"body": "Then go and watch it! ", "created_utc": 1393846382.0, "distinguished": null, "edited": false, "id": "cft58vv", "is_submitter": false, "link_id": "t3_1zen88", "parent_id": "t1_cft0d4h", "permalink": "/r/Frozen/comments/1zen88/let_it_go_won_best_original_song/cft58vv/", "score": 4, "stickied": false, "subreddit_id": "t5_2vpth", "author_name": null, "author_id": null, "subreddit_name": "frozen"}, {"body": "I'm so happy mine doesn't track the times I've listened. The entire soundtrack has been running constantly. They're just so good!", "created_utc": 1393821449.0, "distinguished": null, "edited": false, "id": "cfszmel", "is_submitter": false, "link_id": "t3_1zen88", "parent_id": "t1_cfszgo1", "permalink": "/r/Frozen/comments/1zen88/let_it_go_won_best_original_song/cfszmel/", "score": 7, "stickied": false, "subreddit_id": "t5_2vpth", "author_name": "1-Canada-1", "author_id": "cdnqu", "subreddit_name": "frozen"}, {"body": "Well I mean I have a test tomorrow...fuck it, this is more important.", "created_utc": 1393820519.0, "distinguished": null, "edited": false, "id": "cfsz91a", "is_submitter": false, "link_id": "t3_1zen88", "parent_id": "t1_cfsz83u", "permalink": "/r/Frozen/comments/1zen88/let_it_go_won_best_original_song/cfsz91a/", "score": 13, "stickied": false, "subreddit_id": "t5_2vpth", "author_name": "vinjhup", "author_id": "69a8m", "subreddit_name": "frozen"}, {"body": "That screenshot doesn't have it, but I've played Let It Go exactly 100 times on there.  If I included the times I've watched the video, the multi-language version, and the covers of it, I've probably listened to the song well over 200 times.", "created_utc": 1393821680.0, "distinguished": null, "edited": false, "id": "cfszpvq", "is_submitter": false, "link_id": "t3_1zen88", "parent_id": "t1_cfszmel", "permalink": "/r/Frozen/comments/1zen88/let_it_go_won_best_original_song/cfszpvq/", "score": 5, "stickied": false, "subreddit_id": "t5_2vpth", "author_name": "shmameron", "author_id": "9h46k", "subreddit_name": "frozen"}, {"body": "Fuck it all, fuck it all! I won't study this anymore!", "created_utc": 1393820943.0, "distinguished": null, "edited": false, "id": "cfszf68", "is_submitter": false, "link_id": "t3_1zen88", "parent_id": "t1_cfsz91a", "permalink": "/r/Frozen/comments/1zen88/let_it_go_won_best_original_song/cfszf68/", "score": 15, "stickied": false, "subreddit_id": "t5_2vpth", "author_name": "Thaneofthunder", "author_id": "evyma", "subreddit_name": "frozen"}, {"body": "Same here, haven't studied for my test at all.\n\n\n\nWorth it.", "created_utc": 1393821521.0, "distinguished": null, "edited": false, "id": "cfszngx", "is_submitter": false, "link_id": "t3_1zen88", "parent_id": "t1_cfsz91a", "permalink": "/r/Frozen/comments/1zen88/let_it_go_won_best_original_song/cfszngx/", "score": 4, "stickied": false, "subreddit_id": "t5_2vpth", "author_name": "unix_epoch", "author_id": "a6bl7", "subreddit_name": "frozen"}, {"body": "Haha! I'd believe it. Mine's probably up there as well.", "created_utc": 1393821746.0, "distinguished": null, "edited": false, "id": "cfszqst", "is_submitter": false, "link_id": "t3_1zen88", "parent_id": "t1_cfszpvq", "permalink": "/r/Frozen/comments/1zen88/let_it_go_won_best_original_song/cfszqst/", "score": 3, "stickied": false, "subreddit_id": "t5_2vpth", "author_name": "1-Canada-1", "author_id": "cdnqu", "subreddit_name": "frozen"}, {"body": "Fuck it all, fuck it all! That perfect score is gone!", "created_utc": 1393821167.0, "distinguished": null, "edited": false, "id": "cfszibx", "is_submitter": false, "link_id": "t3_1zen88", "parent_id": "t1_cfszf68", "permalink": "/r/Frozen/comments/1zen88/let_it_go_won_best_original_song/cfszibx/", "score": 20, "stickied": false, "subreddit_id": "t5_2vpth", "author_name": "The_Inverted", "author_id": "b6owo", "subreddit_name": "frozen"}, {"body": "HERE I STAND WITHOUT AN A! ", "created_utc": 1393822792.0, "distinguished": null, "edited": false, "id": "cft04vh", "is_submitter": false, "link_id": "t3_1zen88", "parent_id": "t1_cfszibx", "permalink": "/r/Frozen/comments/1zen88/let_it_go_won_best_original_song/cft04vh/", "score": 15, "stickied": false, "subreddit_id": "t5_2vpth", "author_name": "TheGifGoddess", "author_id": "9v50n", "subreddit_name": "frozen"}, {"body": "Let my folks rage OOOOOOOOOOOOOOOOOONN!!", "created_utc": 1393826101.0, "distinguished": null, "edited": false, "id": "cft1ad0", "is_submitter": false, "link_id": "t3_1zen88", "parent_id": "t1_cft04vh", "permalink": "/r/Frozen/comments/1zen88/let_it_go_won_best_original_song/cft1ad0/", "score": 13, "stickied": false, "subreddit_id": "t5_2vpth", "author_name": "Rakan-Han", "author_id": "8co91", "subreddit_name": "frozen"}, {"body": "Those grades never bothered me anyway. ", "created_utc": 1393831427.0, "distinguished": null, "edited": false, "id": "cft2skk", "is_submitter": false, "link_id": "t3_1zen88", "parent_id": "t1_cft1ad0", "permalink": "/r/Frozen/comments/1zen88/let_it_go_won_best_original_song/cft2skk/", "score": 15, "stickied": false, "subreddit_id": "t5_2vpth", "author_name": "UmerHasIt", "author_id": "b28ht", "subreddit_name": "frozen"}, {"body": "/clap", "created_utc": 1393836124.0, "distinguished": null, "edited": false, "id": "cft3r9x", "is_submitter": false, "link_id": "t3_1zen88", "parent_id": "t1_cft2skk", "permalink": "/r/Frozen/comments/1zen88/let_it_go_won_best_original_song/cft3r9x/", "score": 5, "stickied": false, "subreddit_id": "t5_2vpth", "author_name": "montas", "author_id": "5tl23", "subreddit_name": "frozen"}, {"body": "> \"We tried to find the modern day equivalent of what had just happened to Elsa and then plug ourselves into those emotions. So as Kristen and I were working on 'Let It Go,' we pictured Elsa as this straight-A student who had somehow just flunked her first test. And as a direct result of that, the pieces of her life now start falling apart. She's now not going to get into the college of her choice and then land that dream job.\"\n\n-- Robert Lopez", "created_utc": 1393843515.0, "distinguished": null, "edited": false, "id": "cft4un9", "is_submitter": false, "link_id": "t3_1zen88", "parent_id": "t1_cft3r9x", "permalink": "/r/Frozen/comments/1zen88/let_it_go_won_best_original_song/cft4un9/", "score": 3, "stickied": false, "subreddit_id": "t5_2vpth", "author_name": "Gigablah", "author_id": "4ab4q", "subreddit_name": "frozen"}]