[{"body": "Do you know what would be the greatest thing ever? Rapunzel and Anna duet.", "created_utc": 1391857192.0, "distinguished": null, "edited": false, "id": "cfa43p7", "is_submitter": false, "link_id": "t3_1xc2xu", "parent_id": "t3_1xc2xu", "permalink": "/r/Frozen/comments/1xc2xu/what_rapunzel_was_thinking_during_her_cameo/cfa43p7/", "score": 36, "stickied": false, "subreddit_id": "t5_2vpth", "author_name": "Portgas", "author_id": "7kc75", "subreddit_name": "frozen"}, {"body": "Whoa, I didn't know it showed her face. I thought it was just the one shot from behind.", "created_utc": 1391844688.0, "distinguished": null, "edited": false, "id": "cfa1zo7", "is_submitter": false, "link_id": "t3_1xc2xu", "parent_id": "t3_1xc2xu", "permalink": "/r/Frozen/comments/1xc2xu/what_rapunzel_was_thinking_during_her_cameo/cfa1zo7/", "score": 22, "stickied": false, "subreddit_id": "t5_2vpth", "author_name": "shmameron", "author_id": "9h46k", "subreddit_name": "frozen"}, {"body": "Heh,good one.", "created_utc": 1391860018.0, "distinguished": null, "edited": false, "id": "cfa4h3g", "is_submitter": false, "link_id": "t3_1xc2xu", "parent_id": "t3_1xc2xu", "permalink": "/r/Frozen/comments/1xc2xu/what_rapunzel_was_thinking_during_her_cameo/cfa4h3g/", "score": 8, "stickied": false, "subreddit_id": "t5_2vpth", "author_name": "Guild_Navigator", "author_id": "6v5xw", "subreddit_name": "frozen"}, {"body": "Does Rapunzel look like Kei Nagase from AC5 to anyone else?", "created_utc": 1391897364.0, "distinguished": null, "edited": false, "id": "cfagjo3", "is_submitter": false, "link_id": "t3_1xc2xu", "parent_id": "t3_1xc2xu", "permalink": "/r/Frozen/comments/1xc2xu/what_rapunzel_was_thinking_during_her_cameo/cfagjo3/", "score": 4, "stickied": false, "subreddit_id": "t5_2vpth", "author_name": "ADF01FALKEN", "author_id": "8hfgh", "subreddit_name": "frozen"}, {"body": "It takes a Disney Princess to know another Disney Princess's musical number.", "created_utc": 1394203496.0, "distinguished": null, "edited": false, "id": "cfwpo5r", "is_submitter": false, "link_id": "t3_1xc2xu", "parent_id": "t3_1xc2xu", "permalink": "/r/Frozen/comments/1xc2xu/what_rapunzel_was_thinking_during_her_cameo/cfwpo5r/", "score": 3, "stickied": false, "subreddit_id": "t5_2vpth", "author_name": "PureSmoulder", "author_id": "flhty", "subreddit_name": "frozen"}, {"body": "that'd be a nice twist.\n\nThe day you get a happy ending is the day the music that until then surrounded your life disappears :P", "created_utc": 1391875119.0, "distinguished": null, "edited": false, "id": "cfa7vru", "is_submitter": false, "link_id": "t3_1xc2xu", "parent_id": "t3_1xc2xu", "permalink": "/r/Frozen/comments/1xc2xu/what_rapunzel_was_thinking_during_her_cameo/cfa7vru/", "score": 5, "stickied": false, "subreddit_id": "t5_2vpth", "author_name": "Gyddanar", "author_id": "839wf", "subreddit_name": "frozen"}, {"body": "I'll be waiting for this. Maybe it's a good idea to get this in a Disney Short like Entangled forever?", "created_utc": 1391880070.0, "distinguished": null, "edited": false, "id": "cfa9o0t", "is_submitter": false, "link_id": "t3_1xc2xu", "parent_id": "t1_cfa43p7", "permalink": "/r/Frozen/comments/1xc2xu/what_rapunzel_was_thinking_during_her_cameo/cfa9o0t/", "score": 13, "stickied": false, "subreddit_id": "t5_2vpth", "author_name": "Greeny95", "author_id": "di7py", "subreddit_name": "frozen"}, {"body": "Mandy Moore and Kristin Bell <3", "created_utc": 1391906310.0, "distinguished": null, "edited": false, "id": "cfajysm", "is_submitter": false, "link_id": "t3_1xc2xu", "parent_id": "t1_cfa43p7", "permalink": "/r/Frozen/comments/1xc2xu/what_rapunzel_was_thinking_during_her_cameo/cfajysm/", "score": 6, "stickied": false, "subreddit_id": "t5_2vpth", "author_name": "baconbroth", "author_id": "cidv2", "subreddit_name": "frozen"}, {"body": "Or some kinda holiday special :)", "created_utc": 1391880541.0, "distinguished": null, "edited": false, "id": "cfa9ula", "is_submitter": false, "link_id": "t3_1xc2xu", "parent_id": "t1_cfa9o0t", "permalink": "/r/Frozen/comments/1xc2xu/what_rapunzel_was_thinking_during_her_cameo/cfa9ula/", "score": 11, "stickied": false, "subreddit_id": "t5_2vpth", "author_name": "Portgas", "author_id": "7kc75", "subreddit_name": "frozen"}]