{"clicked": false, "created_utc": 1391836102.0, "distinguished": null, "edited": false, "id": "1xc2xu", "is_video": false, "locked": false, "num_comments": 9, "over_18": false, "permalink": "/r/Frozen/comments/1xc2xu/what_rapunzel_was_thinking_during_her_cameo/", "score": 299, "selftext": "", "stickied": false, "subreddit_id": "t5_2vpth", "title": "What Rapunzel was thinking during her cameo", "url": "http://media-cache-ak0.pinimg.com/originals/52/e4/39/52e439bd62fdb14f1ed05087b9d7b3ab.jpg", "author_name": "the_communist", "author_id": "6epab", "subreddit_name": "frozen", "upvote_ratio": 0.99}