[{"body": "[This](http://seventh-demigod.tumblr.com/post/73731842072/im-sorry-i-just-had-to-edit-the-original-caption)", "created_utc": 1390230654.0, "distinguished": null, "edited": false, "id": "ceu7rjh", "is_submitter": false, "link_id": "t3_1vo2s5", "parent_id": "t3_1vo2s5", "permalink": "/r/Frozen/comments/1vo2s5/ninja_elsa_comic/ceu7rjh/", "score": 16, "stickied": false, "subreddit_id": "t5_2vpth", "author_name": null, "author_id": null, "subreddit_name": "frozen"}, {"body": "oh the feel! D:", "created_utc": 1390231910.0, "distinguished": null, "edited": false, "id": "ceu86vj", "is_submitter": false, "link_id": "t3_1vo2s5", "parent_id": "t3_1vo2s5", "permalink": "/r/Frozen/comments/1vo2s5/ninja_elsa_comic/ceu86vj/", "score": 10, "stickied": false, "subreddit_id": "t5_2vpth", "author_name": "ANakedHobo", "author_id": "ds718", "subreddit_name": "frozen"}, {"body": "Auuuugh, the feels are so strong!", "created_utc": 1390238331.0, "distinguished": null, "edited": false, "id": "ceuat38", "is_submitter": false, "link_id": "t3_1vo2s5", "parent_id": "t3_1vo2s5", "permalink": "/r/Frozen/comments/1vo2s5/ninja_elsa_comic/ceuat38/", "score": 6, "stickied": false, "subreddit_id": "t5_2vpth", "author_name": "sharkuppercut", "author_id": "8r5oj", "subreddit_name": "frozen"}, {"body": ".\u00b7\u00b4\u00af`(>\u2582<)\u00b4\u00af`\u00b7.\n\nOh Elsa!", "created_utc": 1390264340.0, "distinguished": null, "edited": 1390264849.0, "id": "ceumy3r", "is_submitter": false, "link_id": "t3_1vo2s5", "parent_id": "t3_1vo2s5", "permalink": "/r/Frozen/comments/1vo2s5/ninja_elsa_comic/ceumy3r/", "score": 3, "stickied": false, "subreddit_id": "t5_2vpth", "author_name": "Ms_I", "author_id": "eu0qj", "subreddit_name": "frozen"}, {"body": "I am not ready for this.... ", "created_utc": 1391201954.0, "distinguished": null, "edited": false, "id": "cf3vge6", "is_submitter": false, "link_id": "t3_1vo2s5", "parent_id": "t3_1vo2s5", "permalink": "/r/Frozen/comments/1vo2s5/ninja_elsa_comic/cf3vge6/", "score": 2, "stickied": false, "subreddit_id": "t5_2vpth", "author_name": "simien05", "author_id": "d9qj1", "subreddit_name": "frozen"}, {"body": "[deleted]  \n\n  > This comment has been overwritten by [this open source script](https://greasyfork.org/en/scripts/10380-reddit-overwrite) to protect this user&apos;s privacy.  The purpose of this script is to help protect users from doxing, stalking, and harassment. It also helps prevent mods from profiling and censoring.  \n\n  > If you would like to protect yourself, add the Chrome extension [TamperMonkey](https://chrome.google.com/webstore/detail/tampermonkey/dhdgffkkebhmkfjojejmpbldmpobfkfo), or the Firefox extension [GreaseMonkey](https://addons.mozilla.org/en-us/firefox/addon/greasemonkey/) and click Install This Script on [the script](https://greasyfork.org/en/scripts/10380-reddit-overwrite) page.  Then to delete your comments, simply click on your username on Reddit, go to the comments tab, scroll down as far as possible (hint: use [RES](http://www.redditenhancementsuite.com/)), and hit the new OVERWRITE button at the top.", "created_utc": 1390251570.0, "distinguished": null, "edited": 1472296425.0, "id": "ceuh3ym", "is_submitter": false, "link_id": "t3_1vo2s5", "parent_id": "t3_1vo2s5", "permalink": "/r/Frozen/comments/1vo2s5/ninja_elsa_comic/ceuh3ym/", "score": 1, "stickied": false, "subreddit_id": "t5_2vpth", "author_name": null, "author_id": null, "subreddit_name": "frozen"}]