{"clicked": false, "created_utc": 1390222711.0, "distinguished": null, "edited": false, "id": "1vo2s5", "is_video": false, "locked": false, "num_comments": 6, "over_18": false, "permalink": "/r/Frozen/comments/1vo2s5/ninja_elsa_comic/", "score": 135, "selftext": "", "stickied": false, "subreddit_id": "t5_2vpth", "title": "Ninja Elsa (comic)", "url": "http://theladylillibet.tumblr.com/post/73937539974/ninjaelsanna-the-amazingspiderwoman", "author_name": "Eren_Jeager", "author_id": "db1dv", "subreddit_name": "frozen", "upvote_ratio": 0.99}