[{"body": "I imagine Kristen Bell was watching Idina the same way Anna is", "created_utc": 1393886628.0, "distinguished": null, "edited": false, "id": "cftl05h", "is_submitter": false, "link_id": "t3_1zh0xs", "parent_id": "t3_1zh0xs", "permalink": "/r/Frozen/comments/1zh0xs/elsa_and_anna_at_the_oscars_by_aka/cftl05h/", "score": 11, "stickied": false, "subreddit_id": "t5_2vpth", "author_name": "Betasheets", "author_id": "bkqah", "subreddit_name": "frozen"}, {"body": "I'm relived to see that she got over being introduced as \"Queen Dellran of Arelsie\" so quickly.", "created_utc": 1393891603.0, "distinguished": null, "edited": false, "id": "cftnaeq", "is_submitter": false, "link_id": "t3_1zh0xs", "parent_id": "t3_1zh0xs", "permalink": "/r/Frozen/comments/1zh0xs/elsa_and_anna_at_the_oscars_by_aka/cftnaeq/", "score": 8, "stickied": false, "subreddit_id": "t5_2vpth", "author_name": "inkandpixelclub", "author_id": "4udc1", "subreddit_name": "frozen"}, {"body": "A-Ka seems to be having a lot of fun with the Frozen oscar fanart. :)", "created_utc": 1393885335.0, "distinguished": null, "edited": false, "id": "cftkdza", "is_submitter": true, "link_id": "t3_1zh0xs", "parent_id": "t3_1zh0xs", "permalink": "/r/Frozen/comments/1zh0xs/elsa_and_anna_at_the_oscars_by_aka/cftkdza/", "score": 9, "stickied": false, "subreddit_id": "t5_2vpth", "author_name": "damocles2501", "author_id": "d3wqx", "subreddit_name": "frozen"}, {"body": "Basically [this](http://theladyelsa.tumblr.com/post/78412524725/literally-sobbing-because-look-how-happy-kristen).", "created_utc": 1393888658.0, "distinguished": null, "edited": false, "id": "cftlym7", "is_submitter": false, "link_id": "t3_1zh0xs", "parent_id": "t3_1zh0xs", "permalink": "/r/Frozen/comments/1zh0xs/elsa_and_anna_at_the_oscars_by_aka/cftlym7/", "score": 2, "stickied": false, "subreddit_id": "t5_2vpth", "author_name": "midnightbokeh", "author_id": "fbovj", "subreddit_name": "frozen"}, {"body": "OMG,STAPH IT! Too many LOLs!  :)\n\n(sigh) Might as well enjoy these good times. ", "created_utc": 1393895606.0, "distinguished": null, "edited": false, "id": "cftp3b0", "is_submitter": false, "link_id": "t3_1zh0xs", "parent_id": "t3_1zh0xs", "permalink": "/r/Frozen/comments/1zh0xs/elsa_and_anna_at_the_oscars_by_aka/cftp3b0/", "score": 1, "stickied": false, "subreddit_id": "t5_2vpth", "author_name": "Guild_Navigator", "author_id": "6v5xw", "subreddit_name": "frozen"}, {"body": "This should help: http://kpfun.tumblr.com/post/78490062776/anna-kristen-admiring-her-sister-friend-elsa-idina", "created_utc": 1393899546.0, "distinguished": null, "edited": false, "id": "cftqxg3", "is_submitter": false, "link_id": "t3_1zh0xs", "parent_id": "t1_cftl05h", "permalink": "/r/Frozen/comments/1zh0xs/elsa_and_anna_at_the_oscars_by_aka/cftqxg3/", "score": 9, "stickied": false, "subreddit_id": "t5_2vpth", "author_name": "MrPandamania", "author_id": "71cu5", "subreddit_name": "frozen"}, {"body": "So are we getting a KristenxIdina fanfic or what?", "created_utc": 1393901645.0, "distinguished": null, "edited": 1393914996.0, "id": "cftrx40", "is_submitter": false, "link_id": "t3_1zh0xs", "parent_id": "t1_cftl05h", "permalink": "/r/Frozen/comments/1zh0xs/elsa_and_anna_at_the_oscars_by_aka/cftrx40/", "score": 2, "stickied": false, "subreddit_id": "t5_2vpth", "author_name": null, "author_id": null, "subreddit_name": "frozen"}, {"body": "I'm totally okay with that. ", "created_utc": 1393887027.0, "distinguished": null, "edited": false, "id": "cftl72p", "is_submitter": false, "link_id": "t3_1zh0xs", "parent_id": "t1_cftkdza", "permalink": "/r/Frozen/comments/1zh0xs/elsa_and_anna_at_the_oscars_by_aka/cftl72p/", "score": 12, "stickied": false, "subreddit_id": "t5_2vpth", "author_name": "Chimon", "author_id": "640oy", "subreddit_name": "frozen"}, {"body": "Just Idina. No n after the i. ", "created_utc": 1393914130.0, "distinguished": null, "edited": false, "id": "cftx45o", "is_submitter": false, "link_id": "t3_1zh0xs", "parent_id": "t1_cftrx40", "permalink": "/r/Frozen/comments/1zh0xs/elsa_and_anna_at_the_oscars_by_aka/cftx45o/", "score": 1, "stickied": false, "subreddit_id": "t5_2vpth", "author_name": "bacera", "author_id": "9326v", "subreddit_name": "frozen"}, {"body": "^Oh^God^yes^pls^need^right^now.", "created_utc": 1393917518.0, "distinguished": null, "edited": false, "id": "cfty1bh", "is_submitter": false, "link_id": "t3_1zh0xs", "parent_id": "t1_cftrx40", "permalink": "/r/Frozen/comments/1zh0xs/elsa_and_anna_at_the_oscars_by_aka/cfty1bh/", "score": 1, "stickied": false, "subreddit_id": "t5_2vpth", "author_name": "AdultSupervision", "author_id": "ej121", "subreddit_name": "frozen"}, {"body": "same here!", "created_utc": 1393887448.0, "distinguished": null, "edited": false, "id": "cftlec8", "is_submitter": false, "link_id": "t3_1zh0xs", "parent_id": "t1_cftl72p", "permalink": "/r/Frozen/comments/1zh0xs/elsa_and_anna_at_the_oscars_by_aka/cftlec8/", "score": 2, "stickied": false, "subreddit_id": "t5_2vpth", "author_name": "simien05", "author_id": "d9qj1", "subreddit_name": "frozen"}, {"body": "I think he means indina Jones \nHehehe", "created_utc": 1393914842.0, "distinguished": null, "edited": false, "id": "cftxbww", "is_submitter": false, "link_id": "t3_1zh0xs", "parent_id": "t1_cftx45o", "permalink": "/r/Frozen/comments/1zh0xs/elsa_and_anna_at_the_oscars_by_aka/cftxbww/", "score": 1, "stickied": false, "subreddit_id": "t5_2vpth", "author_name": "simien05", "author_id": "d9qj1", "subreddit_name": "frozen"}, {"body": "Me too!", "created_utc": 1393897579.0, "distinguished": null, "edited": false, "id": "cftq0nd", "is_submitter": false, "link_id": "t3_1zh0xs", "parent_id": "t1_cftlec8", "permalink": "/r/Frozen/comments/1zh0xs/elsa_and_anna_at_the_oscars_by_aka/cftq0nd/", "score": 3, "stickied": false, "subreddit_id": "t5_2vpth", "author_name": "teffhk", "author_id": "dyxc8", "subreddit_name": "frozen"}]