{"clicked": false, "created_utc": 1393885315.0, "distinguished": null, "edited": false, "id": "1zh0xs", "is_video": false, "locked": false, "num_comments": 13, "over_18": false, "permalink": "/r/Frozen/comments/1zh0xs/elsa_and_anna_at_the_oscars_by_aka/", "score": 127, "selftext": "", "stickied": false, "subreddit_id": "t5_2vpth", "title": "Elsa and Anna at the Oscars by A-Ka", "url": "http://akapost.tumblr.com/post/78454489343/this-is-what-i-see-when-i-watch-oscar-2014", "author_name": "damocles2501", "author_id": "d3wqx", "subreddit_name": "frozen", "upvote_ratio": 0.98}