[{"body": "I like [this](http://25.media.tumblr.com/1d7ac38ebf3684dd4351c0e806f73b03/tumblr_mxtjliwL2b1t3cgsko3_250.gif) one [better](http://25.media.tumblr.com/d3ea3d8ef8da4cf1e15cc1310c13fbac/tumblr_mxtjliwL2b1t3cgsko4_250.gif).", "created_utc": 1392687032.0, "distinguished": null, "edited": false, "id": "cfhxphu", "is_submitter": false, "link_id": "t3_1y6prv", "parent_id": "t3_1y6prv", "permalink": "/r/Frozen/comments/1y6prv/simple_things/cfhxphu/", "score": 7, "stickied": false, "subreddit_id": "t5_2vpth", "author_name": "MelodyMaker", "author_id": "8kqfs", "subreddit_name": "frozen"}, {"body": "[Source](http://www.pixiv.net/member_illust.php?mode=medium&illust_id=41676042)", "created_utc": 1392677765.0, "distinguished": null, "edited": false, "id": "cfhtlgx", "is_submitter": true, "link_id": "t3_1y6prv", "parent_id": "t3_1y6prv", "permalink": "/r/Frozen/comments/1y6prv/simple_things/cfhtlgx/", "score": 4, "stickied": false, "subreddit_id": "t5_2vpth", "author_name": "Portgas", "author_id": "7kc75", "subreddit_name": "frozen"}, {"body": "This makes me sad.", "created_utc": 1392679813.0, "distinguished": null, "edited": false, "id": "cfhujkm", "is_submitter": false, "link_id": "t3_1y6prv", "parent_id": "t3_1y6prv", "permalink": "/r/Frozen/comments/1y6prv/simple_things/cfhujkm/", "score": 4, "stickied": false, "subreddit_id": "t5_2vpth", "author_name": "JamesAQuintero", "author_id": "7gthv", "subreddit_name": "frozen"}, {"body": "This is nice!", "created_utc": 1392684638.0, "distinguished": null, "edited": false, "id": "cfhwo3s", "is_submitter": false, "link_id": "t3_1y6prv", "parent_id": "t3_1y6prv", "permalink": "/r/Frozen/comments/1y6prv/simple_things/cfhwo3s/", "score": 2, "stickied": false, "subreddit_id": "t5_2vpth", "author_name": "Tyranid457", "author_id": "6z08b", "subreddit_name": "frozen"}, {"body": "[Full sized image](http://i.imgur.com/VNShSjY.png), for anyone without a Pixiv account.", "created_utc": 1392692680.0, "distinguished": null, "edited": false, "id": "cfi08qh", "is_submitter": false, "link_id": "t3_1y6prv", "parent_id": "t3_1y6prv", "permalink": "/r/Frozen/comments/1y6prv/simple_things/cfi08qh/", "score": 2, "stickied": false, "subreddit_id": "t5_2vpth", "author_name": "Eren_Jeager", "author_id": "db1dv", "subreddit_name": "frozen"}, {"body": "I can't help but feel that this would be more daw if it was a younger Elsa.", "created_utc": 1392698034.0, "distinguished": null, "edited": false, "id": "cfi2kyc", "is_submitter": false, "link_id": "t3_1y6prv", "parent_id": "t3_1y6prv", "permalink": "/r/Frozen/comments/1y6prv/simple_things/cfi2kyc/", "score": 2, "stickied": false, "subreddit_id": "t5_2vpth", "author_name": "RKitch2112", "author_id": "etl3g", "subreddit_name": "frozen"}, {"body": "Where was that scene with Elsa and Anna from? I don't remember it being in the movie.", "created_utc": 1392720147.0, "distinguished": null, "edited": false, "id": "cfi88lw", "is_submitter": false, "link_id": "t3_1y6prv", "parent_id": "t1_cfhxphu", "permalink": "/r/Frozen/comments/1y6prv/simple_things/cfi88lw/", "score": 2, "stickied": false, "subreddit_id": "t5_2vpth", "author_name": null, "author_id": null, "subreddit_name": "frozen"}, {"body": "I always wondered. Where is that from?", "created_utc": 1395347538.0, "distinguished": null, "edited": false, "id": "cg7opsx", "is_submitter": false, "link_id": "t3_1y6prv", "parent_id": "t1_cfhxphu", "permalink": "/r/Frozen/comments/1y6prv/simple_things/cg7opsx/", "score": 1, "stickied": false, "subreddit_id": "t5_2vpth", "author_name": "Garytang8597", "author_id": "fq3l2", "subreddit_name": "frozen"}, {"body": "Because it wasn't. [Source.](https://www.youtube.com/watch?v=yP1UfqaGqYY)", "created_utc": 1392734009.0, "distinguished": null, "edited": false, "id": "cfib8va", "is_submitter": false, "link_id": "t3_1y6prv", "parent_id": "t1_cfi88lw", "permalink": "/r/Frozen/comments/1y6prv/simple_things/cfib8va/", "score": 3, "stickied": false, "subreddit_id": "t5_2vpth", "author_name": "MelodyMaker", "author_id": "8kqfs", "subreddit_name": "frozen"}]