[{"body": "To be fair though Anna and Hans had a more developed relationship than those two did. This guy falls in love like three times in this movie, it's amazing he isn't married already.", "created_utc": 1392424726.0, "distinguished": null, "edited": false, "id": "cffme6e", "is_submitter": false, "link_id": "t3_1xxoql", "parent_id": "t3_1xxoql", "permalink": "/r/Frozen/comments/1xxoql/aw_cold_snap/cffme6e/", "score": 22, "stickied": false, "subreddit_id": "t5_2vpth", "author_name": "VorDresden", "author_id": "8mebr", "subreddit_name": "frozen"}, {"body": "That reference to the original story! Wow.", "created_utc": 1392419650.0, "distinguished": null, "edited": false, "id": "cffkffq", "is_submitter": false, "link_id": "t3_1xxoql", "parent_id": "t3_1xxoql", "permalink": "/r/Frozen/comments/1xxoql/aw_cold_snap/cffkffq/", "score": 22, "stickied": false, "subreddit_id": "t5_2vpth", "author_name": "naclhv", "author_id": "enu9n", "subreddit_name": "frozen"}, {"body": "All I could see was that 5 percent battery life", "created_utc": 1392428920.0, "distinguished": null, "edited": false, "id": "cffnxdu", "is_submitter": false, "link_id": "t3_1xxoql", "parent_id": "t3_1xxoql", "permalink": "/r/Frozen/comments/1xxoql/aw_cold_snap/cffnxdu/", "score": 14, "stickied": false, "subreddit_id": "t5_2vpth", "author_name": "radio_jake", "author_id": "cxx4x", "subreddit_name": "frozen"}, {"body": "In the original fairy tale he doesn't fall in love with Ariel. He is in love with another girl. She then commits suicide, by drowning ironically, instead of killing him, which the sea witch says she must do in order to come back home. \n\nAs if that isn't bad enough, mermaids do not have souls and she must work for 300 years before entrance to heaven.\n\nBut then, IT GETS WORSE every time a child cries an extra year is added.", "created_utc": 1392453099.0, "distinguished": null, "edited": false, "id": "cffv17s", "is_submitter": false, "link_id": "t3_1xxoql", "parent_id": "t1_cffme6e", "permalink": "/r/Frozen/comments/1xxoql/aw_cold_snap/cffv17s/", "score": 17, "stickied": false, "subreddit_id": "t5_2vpth", "author_name": "dontblink123", "author_id": "97qcj", "subreddit_name": "frozen"}, {"body": "My cat ate my charger. ;_;", "created_utc": 1392432444.0, "distinguished": null, "edited": false, "id": "cffp5ki", "is_submitter": true, "link_id": "t3_1xxoql", "parent_id": "t1_cffnxdu", "permalink": "/r/Frozen/comments/1xxoql/aw_cold_snap/cffp5ki/", "score": 11, "stickied": false, "subreddit_id": "t5_2vpth", "author_name": "askingxalice", "author_id": "dtcex", "subreddit_name": "frozen"}, {"body": "My dad took my copy of the little mermaid when I was 5, so my mom ran into the library and accidentally grabbed the live action version depicting the original story. I was so horrified and confused.", "created_utc": 1392492106.0, "distinguished": null, "edited": false, "id": "cfg4kf3", "is_submitter": false, "link_id": "t3_1xxoql", "parent_id": "t1_cffv17s", "permalink": "/r/Frozen/comments/1xxoql/aw_cold_snap/cfg4kf3/", "score": 9, "stickied": false, "subreddit_id": "t5_2vpth", "author_name": null, "author_id": null, "subreddit_name": "frozen"}, {"body": "Living on the edge there OP. Chargers are cheap.", "created_utc": 1392446137.0, "distinguished": null, "edited": false, "id": "cfftib8", "is_submitter": false, "link_id": "t3_1xxoql", "parent_id": "t1_cffp5ki", "permalink": "/r/Frozen/comments/1xxoql/aw_cold_snap/cfftib8/", "score": 8, "stickied": false, "subreddit_id": "t5_2vpth", "author_name": null, "author_id": null, "subreddit_name": "frozen"}, {"body": "You poor soul...", "created_utc": 1392666059.0, "distinguished": null, "edited": false, "id": "cfhnx5c", "is_submitter": false, "link_id": "t3_1xxoql", "parent_id": "t1_cfg4kf3", "permalink": "/r/Frozen/comments/1xxoql/aw_cold_snap/cfhnx5c/", "score": 2, "stickied": false, "subreddit_id": "t5_2vpth", "author_name": "Akaharu", "author_id": "atgr3", "subreddit_name": "frozen"}, {"body": "My cat also ate all my monies.", "created_utc": 1392446651.0, "distinguished": null, "edited": false, "id": "cfftn6o", "is_submitter": true, "link_id": "t3_1xxoql", "parent_id": "t1_cfftib8", "permalink": "/r/Frozen/comments/1xxoql/aw_cold_snap/cfftn6o/", "score": 12, "stickied": false, "subreddit_id": "t5_2vpth", "author_name": "askingxalice", "author_id": "dtcex", "subreddit_name": "frozen"}, {"body": "Yes, my poor unfortunate soul...", "created_utc": 1392666477.0, "distinguished": null, "edited": false, "id": "cfho43o", "is_submitter": false, "link_id": "t3_1xxoql", "parent_id": "t1_cfhnx5c", "permalink": "/r/Frozen/comments/1xxoql/aw_cold_snap/cfho43o/", "score": 8, "stickied": false, "subreddit_id": "t5_2vpth", "author_name": null, "author_id": null, "subreddit_name": "frozen"}, {"body": "Time to eat the cat. It's got it coming.", "created_utc": 1392456021.0, "distinguished": null, "edited": false, "id": "cffvjbn", "is_submitter": false, "link_id": "t3_1xxoql", "parent_id": "t1_cfftn6o", "permalink": "/r/Frozen/comments/1xxoql/aw_cold_snap/cffvjbn/", "score": 12, "stickied": false, "subreddit_id": "t5_2vpth", "author_name": "naclhv", "author_id": "enu9n", "subreddit_name": "frozen"}, {"body": ":(", "created_utc": 1392447718.0, "distinguished": null, "edited": false, "id": "cfftwpp", "is_submitter": false, "link_id": "t3_1xxoql", "parent_id": "t1_cfftn6o", "permalink": "/r/Frozen/comments/1xxoql/aw_cold_snap/cfftwpp/", "score": 2, "stickied": false, "subreddit_id": "t5_2vpth", "author_name": null, "author_id": null, "subreddit_name": "frozen"}]