[{"body": "Wow, amazing transformation. Faces are spot-on too.", "created_utc": 1392679411.0, "distinguished": null, "edited": false, "id": "cfhucui", "is_submitter": false, "link_id": "t3_1y5zax", "parent_id": "t3_1y5zax", "permalink": "/r/Frozen/comments/1y5zax/let_it_go_in_a_picture/cfhucui/", "score": 3, "stickied": false, "subreddit_id": "t5_2vpth", "author_name": "TheKing0fLimbs", "author_id": "d03e0", "subreddit_name": "frozen"}, {"body": "Wait.. what? Two face?", "created_utc": 1392680977.0, "distinguished": null, "edited": false, "id": "cfhv2ln", "is_submitter": false, "link_id": "t3_1y5zax", "parent_id": "t3_1y5zax", "permalink": "/r/Frozen/comments/1y5zax/let_it_go_in_a_picture/cfhv2ln/", "score": 1, "stickied": false, "subreddit_id": "t5_2vpth", "author_name": "teffhk", "author_id": "dyxc8", "subreddit_name": "frozen"}, {"body": "Nahhh now she looks like Skrillex :p", "created_utc": 1392711855.0, "distinguished": null, "edited": false, "id": "cfi6sl5", "is_submitter": false, "link_id": "t3_1y5zax", "parent_id": "t3_1y5zax", "permalink": "/r/Frozen/comments/1y5zax/let_it_go_in_a_picture/cfi6sl5/", "score": 1, "stickied": false, "subreddit_id": "t5_2vpth", "author_name": "ANakedHobo", "author_id": "ds718", "subreddit_name": "frozen"}, {"body": "wow! superb beautiful!", "created_utc": 1392718952.0, "distinguished": null, "edited": false, "id": "cfi81ky", "is_submitter": false, "link_id": "t3_1y5zax", "parent_id": "t3_1y5zax", "permalink": "/r/Frozen/comments/1y5zax/let_it_go_in_a_picture/cfi81ky/", "score": 1, "stickied": false, "subreddit_id": "t5_2vpth", "author_name": "Eldis_", "author_id": "e2dmq", "subreddit_name": "frozen"}]