{"clicked": false, "created_utc": 1392663076.0, "distinguished": null, "edited": false, "id": "1y5zax", "is_video": false, "locked": false, "num_comments": 4, "over_18": false, "permalink": "/r/Frozen/comments/1y5zax/let_it_go_in_a_picture/", "score": 176, "selftext": "", "stickied": false, "subreddit_id": "t5_2vpth", "title": "\"Let It Go\" in a picture", "url": "http://eddieholly.deviantart.com/art/Frozen-Elsa-434004132", "author_name": "everettdc", "author_id": "a64bz", "subreddit_name": "frozen", "upvote_ratio": 0.98}