[{"body": "[deleted]", "created_utc": 1390009010.0, "distinguished": null, "edited": false, "id": "cesdlwl", "is_submitter": false, "link_id": "t3_1vhi87", "parent_id": "t3_1vhi87", "permalink": "/r/Frozen/comments/1vhi87/actually_were_not/cesdlwl/", "score": 13, "stickied": false, "subreddit_id": "t5_2vpth", "author_name": null, "author_id": null, "subreddit_name": "frozen"}, {"body": "haha, i was expecting a gif from that scene or something and this really made me laugh! I love these spidey memes", "created_utc": 1390006909.0, "distinguished": null, "edited": false, "id": "cesct14", "is_submitter": false, "link_id": "t3_1vhi87", "parent_id": "t3_1vhi87", "permalink": "/r/Frozen/comments/1vhi87/actually_were_not/cesct14/", "score": 9, "stickied": false, "subreddit_id": "t5_2vpth", "author_name": "ilovemrmiyagi", "author_id": "6vnvy", "subreddit_name": "frozen"}, {"body": "I can't wait for this to become a common reaction gif", "created_utc": 1390012391.0, "distinguished": null, "edited": false, "id": "cesev7y", "is_submitter": false, "link_id": "t3_1vhi87", "parent_id": "t1_cesdlwl", "permalink": "/r/Frozen/comments/1vhi87/actually_were_not/cesev7y/", "score": 12, "stickied": false, "subreddit_id": "t5_2vpth", "author_name": "Arlnoff", "author_id": "75aii", "subreddit_name": "frozen"}, {"body": "What did i miss? what did [deleted] say?", "created_utc": 1390812586.0, "distinguished": null, "edited": false, "id": "cezy0cc", "is_submitter": false, "link_id": "t3_1vhi87", "parent_id": "t1_cesev7y", "permalink": "/r/Frozen/comments/1vhi87/actually_were_not/cezy0cc/", "score": 5, "stickied": false, "subreddit_id": "t5_2vpth", "author_name": "The1andonlygogoman64", "author_id": "dgjve", "subreddit_name": "frozen"}, {"body": "Crap I forgot. That's disappointing.", "created_utc": 1390878142.0, "distinguished": null, "edited": false, "id": "cf0mccb", "is_submitter": false, "link_id": "t3_1vhi87", "parent_id": "t1_cezy0cc", "permalink": "/r/Frozen/comments/1vhi87/actually_were_not/cf0mccb/", "score": 5, "stickied": false, "subreddit_id": "t5_2vpth", "author_name": "Arlnoff", "author_id": "75aii", "subreddit_name": "frozen"}]