{"clicked": false, "created_utc": 1390001824.0, "distinguished": null, "edited": false, "id": "1vhi87", "is_video": false, "locked": false, "num_comments": 4, "over_18": false, "permalink": "/r/Frozen/comments/1vhi87/actually_were_not/", "score": 170, "selftext": "\"What do you mean we're not?\"\n\n\"I get the feeling you don't know...\"\n\n[\"What do I not know?!\"](http://imgur.com/N2FQVyL)", "stickied": false, "subreddit_id": "t5_2vpth", "title": "\"Actually we're not...\"", "url": null, "author_name": "chozenone54", "author_id": "8fo7t", "subreddit_name": "frozen", "upvote_ratio": 0.98}