[{"body": "I wish I had enough hair to do something like that. And a vagina to make it socially acceptable.", "created_utc": 1390714820.0, "distinguished": null, "edited": false, "id": "cez2xjz", "is_submitter": false, "link_id": "t3_1w55q5", "parent_id": "t3_1w55q5", "permalink": "/r/Frozen/comments/1w55q5/elsas_hairstyle_xpost_rfancyfollies/cez2xjz/", "score": 75, "stickied": false, "subreddit_id": "t5_2vpth", "author_name": "BeePeeSee", "author_id": "5ywfe", "subreddit_name": "frozen"}, {"body": "Dayum that's pretty god damn good! That looks awesome :D", "created_utc": 1390688334.0, "distinguished": null, "edited": false, "id": "ceysvp4", "is_submitter": false, "link_id": "t3_1w55q5", "parent_id": "t3_1w55q5", "permalink": "/r/Frozen/comments/1w55q5/elsas_hairstyle_xpost_rfancyfollies/ceysvp4/", "score": 14, "stickied": false, "subreddit_id": "t5_2vpth", "author_name": "Ckydder", "author_id": "7ykzu", "subreddit_name": "frozen"}, {"body": "The subreddit is actually /r/fancyfollicles for those interested.", "created_utc": 1390689081.0, "distinguished": null, "edited": false, "id": "ceyt6b7", "is_submitter": false, "link_id": "t3_1w55q5", "parent_id": "t3_1w55q5", "permalink": "/r/Frozen/comments/1w55q5/elsas_hairstyle_xpost_rfancyfollies/ceyt6b7/", "score": 13, "stickied": false, "subreddit_id": "t5_2vpth", "author_name": "shmameron", "author_id": "9h46k", "subreddit_name": "frozen"}, {"body": "This is amazing :D", "created_utc": 1390705315.0, "distinguished": null, "edited": false, "id": "ceyzhqr", "is_submitter": false, "link_id": "t3_1w55q5", "parent_id": "t3_1w55q5", "permalink": "/r/Frozen/comments/1w55q5/elsas_hairstyle_xpost_rfancyfollies/ceyzhqr/", "score": 5, "stickied": false, "subreddit_id": "t5_2vpth", "author_name": "laracrofting", "author_id": "em0wp", "subreddit_name": "frozen"}, {"body": "Stuff like this usually looks a bit awkward but this turned out really well", "created_utc": 1390737348.0, "distinguished": null, "edited": false, "id": "cez7iez", "is_submitter": false, "link_id": "t3_1w55q5", "parent_id": "t3_1w55q5", "permalink": "/r/Frozen/comments/1w55q5/elsas_hairstyle_xpost_rfancyfollies/cez7iez/", "score": 3, "stickied": false, "subreddit_id": "t5_2vpth", "author_name": "AimlessVanity", "author_id": "botzl", "subreddit_name": "frozen"}, {"body": "You'd be the prettiest dude in all the land. ", "created_utc": 1390718783.0, "distinguished": null, "edited": false, "id": "cez4530", "is_submitter": false, "link_id": "t3_1w55q5", "parent_id": "t1_cez2xjz", "permalink": "/r/Frozen/comments/1w55q5/elsas_hairstyle_xpost_rfancyfollies/cez4530/", "score": 36, "stickied": false, "subreddit_id": "t5_2vpth", "author_name": "JiForce", "author_id": "5fwj2", "subreddit_name": "frozen"}]