{"clicked": false, "created_utc": 1390685347.0, "distinguished": null, "edited": false, "id": "1w55q5", "is_video": false, "locked": false, "num_comments": 6, "over_18": false, "permalink": "/r/Frozen/comments/1w55q5/elsas_hairstyle_xpost_rfancyfollies/", "score": 376, "selftext": "", "stickied": false, "subreddit_id": "t5_2vpth", "title": "Elsa's Hairstyle (x-post r/FancyFollies)", "url": "http://media-cache-ec0.pinimg.com/736x/96/fc/1c/96fc1cfdbc66afac8dd975cf24393cff.jpg", "author_name": "loopuleasa", "author_id": "4josc", "subreddit_name": "frozen", "upvote_ratio": 0.99}