[{"body": "Idina looked so beautiful at the Oscars and so was Kristen. I think if Kristen was focused during Idina's performance, this would've been her reaction. I recall how proud she was when she gave her friend a standing ovation after her performance. \nThis kinda resembles the coronation scene.\n\nSometimes when I look at Idina, I would see her as Elsa, who is so majestic, beautiful and extremely talented.", "created_utc": 1393892116.0, "distinguished": null, "edited": false, "id": "cftniht", "is_submitter": true, "link_id": "t3_1zhcwl", "parent_id": "t3_1zhcwl", "permalink": "/r/Frozen/comments/1zhcwl/annakristen_admiring_her_sisterfriend_elsaidina/cftniht/", "score": 13, "stickied": false, "subreddit_id": "t5_2vpth", "author_name": "Princess-Kat", "author_id": "fb62a", "subreddit_name": "frozen"}, {"body": "crazy how much they are similar (i know, i know)", "created_utc": 1393913820.0, "distinguished": null, "edited": false, "id": "cftx0rm", "is_submitter": false, "link_id": "t3_1zhcwl", "parent_id": "t3_1zhcwl", "permalink": "/r/Frozen/comments/1zhcwl/annakristen_admiring_her_sisterfriend_elsaidina/cftx0rm/", "score": 2, "stickied": false, "subreddit_id": "t5_2vpth", "author_name": "UpvoteBecauseIcan", "author_id": "bpim5", "subreddit_name": "frozen"}]