{"clicked": false, "created_utc": 1393892112.0, "distinguished": null, "edited": false, "id": "1zhcwl", "is_video": false, "locked": false, "num_comments": 2, "over_18": false, "permalink": "/r/Frozen/comments/1zhcwl/annakristen_admiring_her_sisterfriend_elsaidina/", "score": 143, "selftext": "", "stickied": false, "subreddit_id": "t5_2vpth", "title": "Anna/Kristen admiring her sister/friend Elsa/Idina", "url": "http://kpfun.tumblr.com/post/78490062776/anna-kristen-admiring-her-sister-friend-elsa-idina", "author_name": "Princess-Kat", "author_id": "fb62a", "subreddit_name": "frozen", "upvote_ratio": 0.99}