[{"body": "\"Do the magic, Reddit!\"", "created_utc": 1392021009.0, "distinguished": null, "edited": false, "id": "cfbkifn", "is_submitter": false, "link_id": "t3_1xi6l2", "parent_id": "t3_1xi6l2", "permalink": "/r/Frozen/comments/1xi6l2/young_elsa_upvote/cfbkifn/", "score": 26, "stickied": false, "subreddit_id": "t5_2vpth", "author_name": "JiForce", "author_id": "5fwj2", "subreddit_name": "frozen"}, {"body": "Should've made it explode and make it rain mini-upvotes, ending after anna says \"this is amaziiing!\" \n\n...but this is good too :)\n\n [warning scope](#s \"your spoiler text\")", "created_utc": 1392028824.0, "distinguished": null, "edited": 1392053417.0, "id": "cfblt86", "is_submitter": false, "link_id": "t3_1xi6l2", "parent_id": "t3_1xi6l2", "permalink": "/r/Frozen/comments/1xi6l2/young_elsa_upvote/cfblt86/", "score": 22, "stickied": false, "subreddit_id": "t5_2vpth", "author_name": "Rakan-Han", "author_id": "8co91", "subreddit_name": "frozen"}, {"body": "this is perfect", "created_utc": 1392021062.0, "distinguished": null, "edited": false, "id": "cfbkisq", "is_submitter": false, "link_id": "t3_1xi6l2", "parent_id": "t3_1xi6l2", "permalink": "/r/Frozen/comments/1xi6l2/young_elsa_upvote/cfbkisq/", "score": 7, "stickied": false, "subreddit_id": "t5_2vpth", "author_name": "ilovezam", "author_id": "b3siu", "subreddit_name": "frozen"}, {"body": "I would love to see a version with Anna when she throws a downvote to marshmallow and he goes berserk.", "created_utc": 1392088847.0, "distinguished": null, "edited": false, "id": "cfc9fv3", "is_submitter": false, "link_id": "t3_1xi6l2", "parent_id": "t3_1xi6l2", "permalink": "/r/Frozen/comments/1xi6l2/young_elsa_upvote/cfc9fv3/", "score": 6, "stickied": false, "subreddit_id": "t5_2vpth", "author_name": "Gengars", "author_id": "63sdp", "subreddit_name": "frozen"}, {"body": "we need a young anna upvote!", "created_utc": 1392079659.0, "distinguished": null, "edited": false, "id": "cfc5bkb", "is_submitter": false, "link_id": "t3_1xi6l2", "parent_id": "t3_1xi6l2", "permalink": "/r/Frozen/comments/1xi6l2/young_elsa_upvote/cfc5bkb/", "score": 1, "stickied": false, "subreddit_id": "t5_2vpth", "author_name": "bobfong360", "author_id": "f3uux", "subreddit_name": "frozen"}, {"body": "Do a downvote gif at the scene where Elsa hits Anna with the snowball", "created_utc": 1392140590.0, "distinguished": null, "edited": false, "id": "cfconbm", "is_submitter": false, "link_id": "t3_1xi6l2", "parent_id": "t3_1xi6l2", "permalink": "/r/Frozen/comments/1xi6l2/young_elsa_upvote/cfconbm/", "score": 1, "stickied": false, "subreddit_id": "t5_2vpth", "author_name": "Fafafee", "author_id": "dlvi4", "subreddit_name": "frozen"}, {"body": "that was my idea initially but after I saw the giant upvote form it just  kinda looked really right.\n\nmaybe I'll make a version with exploding mini upvotes though...", "created_utc": 1392041058.0, "distinguished": null, "edited": false, "id": "cfbo5qz", "is_submitter": true, "link_id": "t3_1xi6l2", "parent_id": "t1_cfblt86", "permalink": "/r/Frozen/comments/1xi6l2/young_elsa_upvote/cfbo5qz/", "score": 9, "stickied": false, "subreddit_id": "t5_2vpth", "author_name": "DYWTBASM", "author_id": "f5y9o", "subreddit_name": "frozen"}, {"body": "> This is amazing!\n\nftfy ", "created_utc": 1392026604.0, "distinguished": null, "edited": false, "id": "cfblgze", "is_submitter": false, "link_id": "t3_1xi6l2", "parent_id": "t1_cfbkisq", "permalink": "/r/Frozen/comments/1xi6l2/young_elsa_upvote/cfblgze/", "score": 14, "stickied": false, "subreddit_id": "t5_2vpth", "author_name": "ares623", "author_id": "3mbae", "subreddit_name": "frozen"}, {"body": "I've actually been thinking about doing that but don't know how much people wanted it.", "created_utc": 1392130807.0, "distinguished": null, "edited": false, "id": "cfckefn", "is_submitter": true, "link_id": "t3_1xi6l2", "parent_id": "t1_cfc9fv3", "permalink": "/r/Frozen/comments/1xi6l2/young_elsa_upvote/cfckefn/", "score": 1, "stickied": false, "subreddit_id": "t5_2vpth", "author_name": "DYWTBASM", "author_id": "f5y9o", "subreddit_name": "frozen"}, {"body": "there's not many opportunities to get a young anna upvote unfortunately, I can think of one but it'd look kinda forced... or maybe not I dunno I might do it.", "created_utc": 1392131749.0, "distinguished": null, "edited": false, "id": "cfckr44", "is_submitter": true, "link_id": "t3_1xi6l2", "parent_id": "t1_cfc5bkb", "permalink": "/r/Frozen/comments/1xi6l2/young_elsa_upvote/cfckr44/", "score": 1, "stickied": false, "subreddit_id": "t5_2vpth", "author_name": "DYWTBASM", "author_id": "f5y9o", "subreddit_name": "frozen"}, {"body": "You could make a giant upvote explode into a bunch of mini-upvotes.", "created_utc": 1392066608.0, "distinguished": null, "edited": false, "id": "cfbz8ry", "is_submitter": false, "link_id": "t3_1xi6l2", "parent_id": "t1_cfbo5qz", "permalink": "/r/Frozen/comments/1xi6l2/young_elsa_upvote/cfbz8ry/", "score": 5, "stickied": false, "subreddit_id": "t5_2vpth", "author_name": "Dark_Pinoy", "author_id": "5xsin", "subreddit_name": "frozen"}, {"body": "> maybe I'll make a version with exploding mini upvotes though\n\nplease do", "created_utc": 1392168079.0, "distinguished": null, "edited": false, "id": "cfd1trx", "is_submitter": false, "link_id": "t3_1xi6l2", "parent_id": "t1_cfbo5qz", "permalink": "/r/Frozen/comments/1xi6l2/young_elsa_upvote/cfd1trx/", "score": 1, "stickied": false, "subreddit_id": "t5_2vpth", "author_name": "Asalas77", "author_id": "4x0pv", "subreddit_name": "frozen"}, {"body": "here, [have an upvote](http://i.imgur.com/nhi89U1.gif)", "created_utc": 1392042308.0, "distinguished": null, "edited": false, "id": "cfboi4t", "is_submitter": false, "link_id": "t3_1xi6l2", "parent_id": "t1_cfblgze", "permalink": "/r/Frozen/comments/1xi6l2/young_elsa_upvote/cfboi4t/", "score": 3, "stickied": false, "subreddit_id": "t5_2vpth", "author_name": null, "author_id": null, "subreddit_name": "frozen"}, {"body": "With everyone on a Frozen craze,  I'm sure some people will enjoy it...   \n\nOmg how about when Anna drags Kristoff to and she pulls the blindfold off to reveal a nice upvote annnd Sven does his studly walk next to it :x \n", "created_utc": 1392141866.0, "distinguished": null, "edited": false, "id": "cfcp9j3", "is_submitter": false, "link_id": "t3_1xi6l2", "parent_id": "t1_cfckefn", "permalink": "/r/Frozen/comments/1xi6l2/young_elsa_upvote/cfcp9j3/", "score": 1, "stickied": false, "subreddit_id": "t5_2vpth", "author_name": "Gengars", "author_id": "63sdp", "subreddit_name": "frozen"}, {"body": "I was wondering how long that would take.", "created_utc": 1392042855.0, "distinguished": null, "edited": false, "id": "cfbonv2", "is_submitter": false, "link_id": "t3_1xi6l2", "parent_id": "t1_cfboi4t", "permalink": "/r/Frozen/comments/1xi6l2/young_elsa_upvote/cfbonv2/", "score": 3, "stickied": false, "subreddit_id": "t5_2vpth", "author_name": "Phaulty", "author_id": "5x95b", "subreddit_name": "frozen"}, {"body": "[also, THIS](http://www.reddit.com/r/IAmA/comments/1xj4n5/hi_reddit_we_made_frozen_ask_us_anything/cfbsrso?context=3)\n\nI used it", "created_utc": 1392054730.0, "distinguished": null, "edited": false, "id": "cfbtet6", "is_submitter": false, "link_id": "t3_1xi6l2", "parent_id": "t1_cfbonv2", "permalink": "/r/Frozen/comments/1xi6l2/young_elsa_upvote/cfbtet6/", "score": 3, "stickied": false, "subreddit_id": "t5_2vpth", "author_name": null, "author_id": null, "subreddit_name": "frozen"}, {"body": "I have some novelty accounts, [looks like they will do the magic](http://i.imgur.com/nhi89U1.gif)", "created_utc": 1392042942.0, "distinguished": null, "edited": false, "id": "cfbootc", "is_submitter": false, "link_id": "t3_1xi6l2", "parent_id": "t1_cfbonv2", "permalink": "/r/Frozen/comments/1xi6l2/young_elsa_upvote/cfbootc/", "score": 2, "stickied": false, "subreddit_id": "t5_2vpth", "author_name": null, "author_id": null, "subreddit_name": "frozen"}, {"body": "Our Leader", "created_utc": 1392042955.0, "distinguished": null, "edited": false, "id": "cfbooyp", "is_submitter": false, "link_id": "t3_1xi6l2", "parent_id": "t1_cfbootc", "permalink": "/r/Frozen/comments/1xi6l2/young_elsa_upvote/cfbooyp/", "score": 1, "stickied": false, "subreddit_id": "t5_2vpth", "author_name": "PERIODBLOODBANME", "author_id": "d7rfl", "subreddit_name": "frozen"}, {"body": "Our lord, better than gaben, better than the rest", "created_utc": 1392042990.0, "distinguished": null, "edited": false, "id": "cfbopcc", "is_submitter": false, "link_id": "t3_1xi6l2", "parent_id": "t1_cfbootc", "permalink": "/r/Frozen/comments/1xi6l2/young_elsa_upvote/cfbopcc/", "score": 1, "stickied": false, "subreddit_id": "t5_2vpth", "author_name": "skippedgamercfn1", "author_id": "cxssb", "subreddit_name": "frozen"}, {"body": "Cat.", "created_utc": 1392043006.0, "distinguished": null, "edited": false, "id": "cfbopii", "is_submitter": false, "link_id": "t3_1xi6l2", "parent_id": "t1_cfbootc", "permalink": "/r/Frozen/comments/1xi6l2/young_elsa_upvote/cfbopii/", "score": 1, "stickied": false, "subreddit_id": "t5_2vpth", "author_name": "IncorrectSub", "author_id": "ehmqw", "subreddit_name": "frozen"}, {"body": "Thank you, bretheren", "created_utc": 1392054653.0, "distinguished": null, "edited": false, "id": "cfbtdc8", "is_submitter": false, "link_id": "t3_1xi6l2", "parent_id": "t1_cfbopcc", "permalink": "/r/Frozen/comments/1xi6l2/young_elsa_upvote/cfbtdc8/", "score": 1, "stickied": false, "subreddit_id": "t5_2vpth", "author_name": null, "author_id": null, "subreddit_name": "frozen"}]