[{"body": "why is she so adorable ", "created_utc": 1393991225.0, "distinguished": null, "edited": false, "id": "cfup4pi", "is_submitter": false, "link_id": "t3_1zlbme", "parent_id": "t3_1zlbme", "permalink": "/r/Frozen/comments/1zlbme/ladies_and_gents_kristen_bell_the_goof/cfup4pi/", "score": 42, "stickied": false, "subreddit_id": "t5_2vpth", "author_name": null, "author_id": null, "subreddit_name": "frozen"}, {"body": "Kristen Bell has always been one of my favorites ever. I absolutely adore this woman. I've seen everything she's in, half the time (like Veronica Mars) I can't really tell you what's going on, but I watch it because she's in it. She's absolutely great. \n\nWhen I watched Frozen I had no idea she was in it until I heard Anna speak and recognized her voice immediately. Matter of fact Anna has a lot of features that feel like they came from Kristen. The first time I saw Frozen I didn't have any idea what it was beside a Disney cartoon with an underwhelming trailer. \n\nTotally fell in love with both Frozen and Kristen all over again. Idina's beautiful voice was a huge huge part as well.", "created_utc": 1394002896.0, "distinguished": null, "edited": false, "id": "cfut8yz", "is_submitter": false, "link_id": "t3_1zlbme", "parent_id": "t3_1zlbme", "permalink": "/r/Frozen/comments/1zlbme/ladies_and_gents_kristen_bell_the_goof/cfut8yz/", "score": 18, "stickied": false, "subreddit_id": "t5_2vpth", "author_name": "ChillinFallin", "author_id": "737fv", "subreddit_name": "frozen"}, {"body": "I have been reduced to a puddle.", "created_utc": 1393994935.0, "distinguished": null, "edited": false, "id": "cfuqo9s", "is_submitter": false, "link_id": "t3_1zlbme", "parent_id": "t3_1zlbme", "permalink": "/r/Frozen/comments/1zlbme/ladies_and_gents_kristen_bell_the_goof/cfuqo9s/", "score": 14, "stickied": false, "subreddit_id": "t5_2vpth", "author_name": "Sparkvoltage", "author_id": "6iw4q", "subreddit_name": "frozen"}, {"body": "Cute.", "created_utc": 1393989008.0, "distinguished": null, "edited": false, "id": "cfuo43b", "is_submitter": false, "link_id": "t3_1zlbme", "parent_id": "t3_1zlbme", "permalink": "/r/Frozen/comments/1zlbme/ladies_and_gents_kristen_bell_the_goof/cfuo43b/", "score": 12, "stickied": false, "subreddit_id": "t5_2vpth", "author_name": "HamTake", "author_id": "al6pn", "subreddit_name": "frozen"}, {"body": "so adorable my heart just exploded", "created_utc": 1393992431.0, "distinguished": null, "edited": false, "id": "cfupnda", "is_submitter": false, "link_id": "t3_1zlbme", "parent_id": "t3_1zlbme", "permalink": "/r/Frozen/comments/1zlbme/ladies_and_gents_kristen_bell_the_goof/cfupnda/", "score": 10, "stickied": false, "subreddit_id": "t5_2vpth", "author_name": "YodgeDurango", "author_id": "ezfbr", "subreddit_name": "frozen"}, {"body": "*She's perfect!*", "created_utc": 1393995992.0, "distinguished": null, "edited": false, "id": "cfur2qo", "is_submitter": false, "link_id": "t3_1zlbme", "parent_id": "t3_1zlbme", "permalink": "/r/Frozen/comments/1zlbme/ladies_and_gents_kristen_bell_the_goof/cfur2qo/", "score": 10, "stickied": false, "subreddit_id": "t5_2vpth", "author_name": "teffhk", "author_id": "dyxc8", "subreddit_name": "frozen"}, {"body": "She knocked one time extra. It's suppose to be quarter note, quarter note, sixteenth note, eighth note times 1.5, and quarter note.", "created_utc": 1393995896.0, "distinguished": null, "edited": false, "id": "cfur1h4", "is_submitter": false, "link_id": "t3_1zlbme", "parent_id": "t3_1zlbme", "permalink": "/r/Frozen/comments/1zlbme/ladies_and_gents_kristen_bell_the_goof/cfur1h4/", "score": 19, "stickied": false, "subreddit_id": "t5_2vpth", "author_name": "fratticus_maximus", "author_id": "807uj", "subreddit_name": "frozen"}, {"body": ":)", "created_utc": 1393999225.0, "distinguished": null, "edited": false, "id": "cfus6r7", "is_submitter": false, "link_id": "t3_1zlbme", "parent_id": "t3_1zlbme", "permalink": "/r/Frozen/comments/1zlbme/ladies_and_gents_kristen_bell_the_goof/cfus6r7/", "score": 3, "stickied": false, "subreddit_id": "t5_2vpth", "author_name": "Guild_Navigator", "author_id": "6v5xw", "subreddit_name": "frozen"}, {"body": "This just makes me love Kristen more and more!", "created_utc": 1394001857.0, "distinguished": null, "edited": false, "id": "cfusyya", "is_submitter": false, "link_id": "t3_1zlbme", "parent_id": "t3_1zlbme", "permalink": "/r/Frozen/comments/1zlbme/ladies_and_gents_kristen_bell_the_goof/cfusyya/", "score": 3, "stickied": false, "subreddit_id": "t5_2vpth", "author_name": "SailorNova", "author_id": "aiysu", "subreddit_name": "frozen"}, {"body": "That's adorbs!", "created_utc": 1394002397.0, "distinguished": null, "edited": false, "id": "cfut4a3", "is_submitter": false, "link_id": "t3_1zlbme", "parent_id": "t3_1zlbme", "permalink": "/r/Frozen/comments/1zlbme/ladies_and_gents_kristen_bell_the_goof/cfut4a3/", "score": 3, "stickied": false, "subreddit_id": "t5_2vpth", "author_name": "Chimon", "author_id": "640oy", "subreddit_name": "frozen"}, {"body": "That's not the right knock :c", "created_utc": 1393989416.0, "distinguished": null, "edited": false, "id": "cfuoat4", "is_submitter": false, "link_id": "t3_1zlbme", "parent_id": "t3_1zlbme", "permalink": "/r/Frozen/comments/1zlbme/ladies_and_gents_kristen_bell_the_goof/cfuoat4/", "score": 6, "stickied": false, "subreddit_id": "t5_2vpth", "author_name": "HikariOni", "author_id": "75nqx", "subreddit_name": "frozen"}, {"body": "Kristen. <333", "created_utc": 1394027327.0, "distinguished": null, "edited": false, "id": "cfuxrnz", "is_submitter": false, "link_id": "t3_1zlbme", "parent_id": "t3_1zlbme", "permalink": "/r/Frozen/comments/1zlbme/ladies_and_gents_kristen_bell_the_goof/cfuxrnz/", "score": 2, "stickied": false, "subreddit_id": "t5_2vpth", "author_name": "XLightThief", "author_id": "5o80b", "subreddit_name": "frozen"}, {"body": "Hmm? Nothing\n\n*melts*", "created_utc": 1394037582.0, "distinguished": null, "edited": 1394038003.0, "id": "cfv1nyk", "is_submitter": false, "link_id": "t3_1zlbme", "parent_id": "t3_1zlbme", "permalink": "/r/Frozen/comments/1zlbme/ladies_and_gents_kristen_bell_the_goof/cfv1nyk/", "score": 1, "stickied": false, "subreddit_id": "t5_2vpth", "author_name": null, "author_id": null, "subreddit_name": "frozen"}, {"body": "Kawaii~", "created_utc": 1393989360.0, "distinguished": null, "edited": false, "id": "cfuo9xy", "is_submitter": false, "link_id": "t3_1zlbme", "parent_id": "t3_1zlbme", "permalink": "/r/Frozen/comments/1zlbme/ladies_and_gents_kristen_bell_the_goof/cfuo9xy/", "score": 0, "stickied": false, "subreddit_id": "t5_2vpth", "author_name": "Eriflee", "author_id": "8n6qs", "subreddit_name": "frozen"}, {"body": "BECAUSE SHE'S ANNA.", "created_utc": 1394001560.0, "distinguished": null, "edited": false, "id": "cfusvzw", "is_submitter": false, "link_id": "t3_1zlbme", "parent_id": "t1_cfup4pi", "permalink": "/r/Frozen/comments/1zlbme/ladies_and_gents_kristen_bell_the_goof/cfusvzw/", "score": 23, "stickied": false, "subreddit_id": "t5_2vpth", "author_name": "AdultSupervision", "author_id": "ej121", "subreddit_name": "frozen"}, {"body": "[deleted]", "created_utc": 1394021379.0, "distinguished": null, "edited": false, "id": "cfuwh59", "is_submitter": false, "link_id": "t3_1zlbme", "parent_id": "t1_cfut8yz", "permalink": "/r/Frozen/comments/1zlbme/ladies_and_gents_kristen_bell_the_goof/cfuwh59/", "score": 16, "stickied": false, "subreddit_id": "t5_2vpth", "author_name": null, "author_id": null, "subreddit_name": "frozen"}, {"body": "You mean a happy snowman!!", "created_utc": 1393995942.0, "distinguished": null, "edited": false, "id": "cfur23h", "is_submitter": false, "link_id": "t3_1zlbme", "parent_id": "t1_cfuqo9s", "permalink": "/r/Frozen/comments/1zlbme/ladies_and_gents_kristen_bell_the_goof/cfur23h/", "score": 33, "stickied": false, "subreddit_id": "t5_2vpth", "author_name": "fratticus_maximus", "author_id": "807uj", "subreddit_name": "frozen"}, {"body": "I don't know, but I do know that it's knock knock knock-knock knock, so she did knock one time extra. Kinda irks me.", "created_utc": 1394000956.0, "distinguished": null, "edited": false, "id": "cfuspv8", "is_submitter": false, "link_id": "t3_1zlbme", "parent_id": "t1_cfur1h4", "permalink": "/r/Frozen/comments/1zlbme/ladies_and_gents_kristen_bell_the_goof/cfuspv8/", "score": 12, "stickied": false, "subreddit_id": "t5_2vpth", "author_name": "HikariOni", "author_id": "75nqx", "subreddit_name": "frozen"}, {"body": "Sorry brah, but the third note is distinctly before the beat.  It's quarter, dotted eighth, sixteenth, quarter, quarter.", "created_utc": 1394000795.0, "distinguished": null, "edited": false, "id": "cfuso6x", "is_submitter": false, "link_id": "t3_1zlbme", "parent_id": "t1_cfur1h4", "permalink": "/r/Frozen/comments/1zlbme/ladies_and_gents_kristen_bell_the_goof/cfuso6x/", "score": 8, "stickied": false, "subreddit_id": "t5_2vpth", "author_name": "Elsanna", "author_id": "f5jzk", "subreddit_name": "frozen"}, {"body": "I have no Idea what you're talking about, but my ear also told me she went one knock too many!", "created_utc": 1394010337.0, "distinguished": null, "edited": false, "id": "cfuus90", "is_submitter": false, "link_id": "t3_1zlbme", "parent_id": "t1_cfur1h4", "permalink": "/r/Frozen/comments/1zlbme/ladies_and_gents_kristen_bell_the_goof/cfuus90/", "score": 7, "stickied": false, "subreddit_id": "t5_2vpth", "author_name": "Rakan-Han", "author_id": "8co91", "subreddit_name": "frozen"}, {"body": "most adorable 33 year old i'll ever see", "created_utc": 1394002476.0, "distinguished": null, "edited": false, "id": "cfut513", "is_submitter": false, "link_id": "t3_1zlbme", "parent_id": "t1_cfusvzw", "permalink": "/r/Frozen/comments/1zlbme/ladies_and_gents_kristen_bell_the_goof/cfut513/", "score": 12, "stickied": false, "subreddit_id": "t5_2vpth", "author_name": null, "author_id": null, "subreddit_name": "frozen"}, {"body": "Yes that one. Off the top of my head also when the butler pushes Anna to stand closer to Elsa after she was crowned and Elsa goes: Hi. The way Anna reacts and goes: Hi me? and the few seconds that follow are 100% Kristen. Another one is when she says to Kristoph: Excuse me, HE's a prince. \n\nThere are a few more but I'm getting a brain fart right now. ", "created_utc": 1394034500.0, "distinguished": null, "edited": 1394040696.0, "id": "cfv0aoi", "is_submitter": false, "link_id": "t3_1zlbme", "parent_id": "t1_cfuwh59", "permalink": "/r/Frozen/comments/1zlbme/ladies_and_gents_kristen_bell_the_goof/cfv0aoi/", "score": 9, "stickied": false, "subreddit_id": "t5_2vpth", "author_name": "ChillinFallin", "author_id": "737fv", "subreddit_name": "frozen"}, {"body": "Olord stop! The cuteness!! ", "created_utc": 1394031629.0, "distinguished": null, "edited": false, "id": "cfuz5em", "is_submitter": false, "link_id": "t3_1zlbme", "parent_id": "t1_cfuwh59", "permalink": "/r/Frozen/comments/1zlbme/ladies_and_gents_kristen_bell_the_goof/cfuz5em/", "score": 4, "stickied": false, "subreddit_id": "t5_2vpth", "author_name": "edashotcousin", "author_id": "bux1i", "subreddit_name": "frozen"}, {"body": "You might be right but when I put it through guitar tab to check, it sounded a little rushed at the beginning.", "created_utc": 1394034496.0, "distinguished": null, "edited": 1394035002.0, "id": "cfv0am7", "is_submitter": false, "link_id": "t3_1zlbme", "parent_id": "t1_cfuso6x", "permalink": "/r/Frozen/comments/1zlbme/ladies_and_gents_kristen_bell_the_goof/cfv0am7/", "score": 2, "stickied": false, "subreddit_id": "t5_2vpth", "author_name": "fratticus_maximus", "author_id": "807uj", "subreddit_name": "frozen"}, {"body": "Music notation indicating the length of her knocks.", "created_utc": 1394034397.0, "distinguished": null, "edited": false, "id": "cfv0903", "is_submitter": false, "link_id": "t3_1zlbme", "parent_id": "t1_cfuus90", "permalink": "/r/Frozen/comments/1zlbme/ladies_and_gents_kristen_bell_the_goof/cfv0903/", "score": 2, "stickied": false, "subreddit_id": "t5_2vpth", "author_name": "fratticus_maximus", "author_id": "807uj", "subreddit_name": "frozen"}, {"body": "Sloth", "created_utc": 1394003102.0, "distinguished": null, "edited": false, "id": "cfutavh", "is_submitter": false, "link_id": "t3_1zlbme", "parent_id": "t1_cfut513", "permalink": "/r/Frozen/comments/1zlbme/ladies_and_gents_kristen_bell_the_goof/cfutavh/", "score": 16, "stickied": false, "subreddit_id": "t5_2vpth", "author_name": "Animal31", "author_id": "7h3il", "subreddit_name": "frozen"}, {"body": "And the lip bites.", "created_utc": 1394045375.0, "distinguished": null, "edited": false, "id": "cfv5ej6", "is_submitter": false, "link_id": "t3_1zlbme", "parent_id": "t1_cfv0aoi", "permalink": "/r/Frozen/comments/1zlbme/ladies_and_gents_kristen_bell_the_goof/cfv5ej6/", "score": 5, "stickied": false, "subreddit_id": "t5_2vpth", "author_name": "williewillus", "author_id": "9rr54", "subreddit_name": "frozen"}, {"body": "You both are making \"shave and a haircut\" way more complicated than it needs to be. Just say that.\n\nFor the uninitiated, go watch Who Framed Roger Rabbit.", "created_utc": 1394048279.0, "distinguished": null, "edited": false, "id": "cfv6tyq", "is_submitter": false, "link_id": "t3_1zlbme", "parent_id": "t1_cfv0am7", "permalink": "/r/Frozen/comments/1zlbme/ladies_and_gents_kristen_bell_the_goof/cfv6tyq/", "score": 2, "stickied": false, "subreddit_id": "t5_2vpth", "author_name": "FriedrichNitschke", "author_id": "8mafs", "subreddit_name": "frozen"}, {"body": "Most definitely yes. ", "created_utc": 1394051778.0, "distinguished": null, "edited": false, "id": "cfv8lkx", "is_submitter": false, "link_id": "t3_1zlbme", "parent_id": "t1_cfv5ej6", "permalink": "/r/Frozen/comments/1zlbme/ladies_and_gents_kristen_bell_the_goof/cfv8lkx/", "score": 3, "stickied": false, "subreddit_id": "t5_2vpth", "author_name": "ChillinFallin", "author_id": "737fv", "subreddit_name": "frozen"}]