{"clicked": false, "created_utc": 1393988289.0, "distinguished": null, "edited": false, "id": "1zlbme", "is_video": false, "locked": false, "num_comments": 28, "over_18": false, "permalink": "/r/Frozen/comments/1zlbme/ladies_and_gents_kristen_bell_the_goof/", "score": 216, "selftext": "", "stickied": false, "subreddit_id": "t5_2vpth", "title": "Ladies and Gents, Kristen Bell, the goof. :)", "url": "https://vine.co/v/MAgHmLYpF9q", "author_name": "damocles2501", "author_id": "d3wqx", "subreddit_name": "frozen", "upvote_ratio": 0.98}