[{"body": "http://www.youtube.com/watch?v=FCjJwZY5fP8 ", "created_utc": 1392253776.0, "distinguished": null, "edited": false, "id": "cfdxosv", "is_submitter": false, "link_id": "t3_1xr1ak", "parent_id": "t3_1xr1ak", "permalink": "/r/Frozen/comments/1xr1ak/cool_as_ice/cfdxosv/", "score": 8, "stickied": false, "subreddit_id": "t5_2vpth", "author_name": "Voids", "author_id": "6dj3i", "subreddit_name": "frozen"}, {"body": "\"Okay now ladies! \nI wanna see y'all on ya baddest behavior...\nLEND ME SOME SUGAR! I AM YOUR NEIGHBOR!\"", "created_utc": 1392269129.0, "distinguished": null, "edited": false, "id": "cfe4aw6", "is_submitter": false, "link_id": "t3_1xr1ak", "parent_id": "t3_1xr1ak", "permalink": "/r/Frozen/comments/1xr1ak/cool_as_ice/cfe4aw6/", "score": 5, "stickied": false, "subreddit_id": "t5_2vpth", "author_name": "MilanoMongoose", "author_id": "cse66", "subreddit_name": "frozen"}, {"body": "HAHAHAHA! I love it!", "created_utc": 1392250713.0, "distinguished": null, "edited": false, "id": "cfdwctd", "is_submitter": false, "link_id": "t3_1xr1ak", "parent_id": "t3_1xr1ak", "permalink": "/r/Frozen/comments/1xr1ak/cool_as_ice/cfdwctd/", "score": 3, "stickied": false, "subreddit_id": "t5_2vpth", "author_name": "KaptainK27", "author_id": "f0vwg", "subreddit_name": "frozen"}, {"body": "ICE COLD.\n\nI only know the lyrics to this song because of the acoustic version on Scrubs..", "created_utc": 1392310707.0, "distinguished": null, "edited": false, "id": "cfef5te", "is_submitter": false, "link_id": "t3_1xr1ak", "parent_id": "t3_1xr1ak", "permalink": "/r/Frozen/comments/1xr1ak/cool_as_ice/cfef5te/", "score": 1, "stickied": false, "subreddit_id": "t5_2vpth", "author_name": "The-Beckles", "author_id": "46qgf", "subreddit_name": "frozen"}]