[{"body": "[Tsk tsk.](http://www.reddit.com/r/Frozen/comments/1vnfhu/what_hans_was_actually_thinking_during_love_is_an/) \n\n[You should credit the original artist.](http://shutupshea.tumblr.com/post/73847579599/hans-a-summary-the-sequel-partial-credit-to) ;)", "created_utc": 1390982871.0, "distinguished": null, "edited": 1390992380.0, "id": "cf1occj", "is_submitter": false, "link_id": "t3_1wg3nr", "parent_id": "t3_1wg3nr", "permalink": "/r/Frozen/comments/1wg3nr/umright_sandwiches/cf1occj/", "score": 14, "stickied": false, "subreddit_id": "t5_2vpth", "author_name": "JiForce", "author_id": "5fwj2", "subreddit_name": "frozen"}, {"body": "now that's more like it\n", "created_utc": 1390984181.0, "distinguished": null, "edited": false, "id": "cf1oln5", "is_submitter": false, "link_id": "t3_1wg3nr", "parent_id": "t3_1wg3nr", "permalink": "/r/Frozen/comments/1wg3nr/umright_sandwiches/cf1oln5/", "score": 5, "stickied": false, "subreddit_id": "t5_2vpth", "author_name": "wildr0se", "author_id": "asn8j", "subreddit_name": "frozen"}, {"body": "[deleted]", "created_utc": 1391057161.0, "distinguished": null, "edited": false, "id": "cf2gj1o", "is_submitter": false, "link_id": "t3_1wg3nr", "parent_id": "t3_1wg3nr", "permalink": "/r/Frozen/comments/1wg3nr/umright_sandwiches/cf2gj1o/", "score": 1, "stickied": false, "subreddit_id": "t5_2vpth", "author_name": null, "author_id": null, "subreddit_name": "frozen"}, {"body": "Ohh that's the original artist? My bad.", "created_utc": 1390983499.0, "distinguished": null, "edited": false, "id": "cf1ogxv", "is_submitter": true, "link_id": "t3_1wg3nr", "parent_id": "t1_cf1occj", "permalink": "/r/Frozen/comments/1wg3nr/umright_sandwiches/cf1ogxv/", "score": 8, "stickied": false, "subreddit_id": "t5_2vpth", "author_name": "thelostshadow1", "author_id": "aecsw", "subreddit_name": "frozen"}, {"body": "Uh...Should I be concerned? ", "created_utc": 1391058108.0, "distinguished": null, "edited": false, "id": "cf2gxvt", "is_submitter": true, "link_id": "t3_1wg3nr", "parent_id": "t1_cf2gj1o", "permalink": "/r/Frozen/comments/1wg3nr/umright_sandwiches/cf2gxvt/", "score": 2, "stickied": false, "subreddit_id": "t5_2vpth", "author_name": "thelostshadow1", "author_id": "aecsw", "subreddit_name": "frozen"}, {"body": "Sorry about the tone. Reddit shenanigans've been leaving me kinda cranky lately. ", "created_utc": 1390984071.0, "distinguished": null, "edited": false, "id": "cf1okwl", "is_submitter": false, "link_id": "t3_1wg3nr", "parent_id": "t1_cf1ogxv", "permalink": "/r/Frozen/comments/1wg3nr/umright_sandwiches/cf1okwl/", "score": 9, "stickied": false, "subreddit_id": "t5_2vpth", "author_name": "JiForce", "author_id": "5fwj2", "subreddit_name": "frozen"}, {"body": "Don't worry about it, it's all good.", "created_utc": 1391021924.0, "distinguished": null, "edited": false, "id": "cf1zlig", "is_submitter": true, "link_id": "t3_1wg3nr", "parent_id": "t1_cf1okwl", "permalink": "/r/Frozen/comments/1wg3nr/umright_sandwiches/cf1zlig/", "score": 1, "stickied": false, "subreddit_id": "t5_2vpth", "author_name": "thelostshadow1", "author_id": "aecsw", "subreddit_name": "frozen"}]