[{"body": "I did post it a week or so ago, but it's buried now so worth a repost :)\n\nAbsolutely amazing book. \n\nMost if all the frozen books are all just retellings of the story. This one tells more of their younger lives.  \nAs well, shows more of the sisterly love, and friendship. \n\n As well, it's illustrated by the beautiful artwork of Brittney Lee\n\nMy other thread got like 10 people to buy the book, reposting hopefully will get that many more!", "created_utc": 1392437725.0, "distinguished": null, "edited": false, "id": "cffqyft", "is_submitter": false, "link_id": "t3_1xyc7l", "parent_id": "t3_1xyc7l", "permalink": "/r/Frozen/comments/1xyc7l/frozen_book_a_sister_more_like_me_surprised_i/cffqyft/", "score": 52, "stickied": false, "subreddit_id": "t5_2vpth", "author_name": "gdkitty", "author_id": "8payt", "subreddit_name": "frozen"}, {"body": "Okay, so I'm going to be \"That Guy\" now.\n\nIf you've enjoyed this work, please consider buying it. Here's a [link to amazon.com](http://www.amazon.com/Frozen-Sister-More-Like-Me/dp/1423170148/ref=sr_1_1?s=books&ie=UTF8&qid=1392451622&sr=1-1&keywords=a+sister+more+like+me). Since this is a scan of the entire book, I feel that we have an obligation to consider buying it, to the same degree as if we were holding the book in our hands at a physical bookstore. I myself will be visiting a local physical store, and hold the book in my hand to read it, and give it a real chance to convince me to buy it.\n\nIn general, I feel that we shouldn't post entire copyrighted works in our subreddit. I mean, this is intellectual property that we're all fans of, and the reason that we're all gathered here. If we don't respect that intellectual property, who will?", "created_utc": 1392451868.0, "distinguished": null, "edited": false, "id": "cffusvx", "is_submitter": false, "link_id": "t3_1xyc7l", "parent_id": "t3_1xyc7l", "permalink": "/r/Frozen/comments/1xyc7l/frozen_book_a_sister_more_like_me_surprised_i/cffusvx/", "score": 43, "stickied": false, "subreddit_id": "t5_2vpth", "author_name": "naclhv", "author_id": "enu9n", "subreddit_name": "frozen"}, {"body": "I ordered it for my daughter a few days ago from the book depository (free shipping worldwide!) but I hadn't seen the whole thing before. Very nice!", "created_utc": 1392434971.0, "distinguished": null, "edited": false, "id": "cffq0fj", "is_submitter": false, "link_id": "t3_1xyc7l", "parent_id": "t3_1xyc7l", "permalink": "/r/Frozen/comments/1xyc7l/frozen_book_a_sister_more_like_me_surprised_i/cffq0fj/", "score": 13, "stickied": false, "subreddit_id": "t5_2vpth", "author_name": "JackSeoul", "author_id": "3352x", "subreddit_name": "frozen"}, {"body": "ADORABLE.  I teach preschool, and all my kids are as obsessed with Frozen as I am.  This would be a great book to get to read to them!  *goes off to order*", "created_utc": 1392436957.0, "distinguished": null, "edited": false, "id": "cffqogq", "is_submitter": false, "link_id": "t3_1xyc7l", "parent_id": "t3_1xyc7l", "permalink": "/r/Frozen/comments/1xyc7l/frozen_book_a_sister_more_like_me_surprised_i/cffqogq/", "score": 8, "stickied": false, "subreddit_id": "t5_2vpth", "author_name": "prezcat", "author_id": "9ain0", "subreddit_name": "frozen"}, {"body": "Er, I've posted this in the comments section quite a few times in the past few weeks. Just didn't feel it was \"appropriate\" to submit the full scan of a book as a link in the subreddit- artist royalties and all that- so I held off on it. \n\nEdit: Also, since the link is out in the open now, we should give original credit for the Imgur album of the book to the good people of /co/frz/. Pretty sure one of them did the scanning. ", "created_utc": 1392448392.0, "distinguished": null, "edited": 1392451330.0, "id": "cffu2jo", "is_submitter": false, "link_id": "t3_1xyc7l", "parent_id": "t3_1xyc7l", "permalink": "/r/Frozen/comments/1xyc7l/frozen_book_a_sister_more_like_me_surprised_i/cffu2jo/", "score": 4, "stickied": false, "subreddit_id": "t5_2vpth", "author_name": "JiForce", "author_id": "5fwj2", "subreddit_name": "frozen"}, {"body": "I want to buy it for MY sister!  We're 28 and 30 now, we're polar opposites and hated each other growing up.  Sort of.  I wanted nothing but a sister like in the movies; someone who had my back and taught me things.  What I got was a girl who didn't want a sister in the first place.  I've got stories from family members thinking how cute it was that she'd take my food away, sit on me or pick on me from the day I was brought home (being a parent now, I don't see how mine ignored someone depriving food and suffocating/sitting on an infant).  The older we got the more it just became akin to a narcissistic situation with no parental mediation; good grades meant no rules in our house.  I was not the scholar.  My mother had more trouble punishing her than just ignoring it and teaching me to tolerate it.\n\nWhat I did have though was a great deal of determination.  I got to be matured quicker, my parents talked to me like an adult.  Once I got to college I blossomed.  I didn't have the stigma of a winner and loser anymore, it was just me, my dreams and my friends.  \n\nEventually my sister and I got very drunk and talked out our issues.  I found out why I got so much flack from her. She said she was jealous of me, what I did to her family.  Every bit of me.  My looks, my drive, my eyes being greener even.  She was envious from the get go and I never could have conceived it till that point.  She doesn't even remember the years of constant abuse, or chose not to, it's not important.  Eventually, I let go of it too.  Forgiveness is an exhilarating feeling, all that crap you carry that someone else gave you just gone!  I grew into what I wanted my way and I never had to compromise my values to do it---in fact, if not for my sister, I'd have never tried to be who I was.  Now we have a sisterhood that kid-me would have never believed.  Haven't asked her if she's seen frozen yet, but I'm going to bet she's going to love it.", "created_utc": 1392477459.0, "distinguished": null, "edited": false, "id": "cffzctz", "is_submitter": false, "link_id": "t3_1xyc7l", "parent_id": "t3_1xyc7l", "permalink": "/r/Frozen/comments/1xyc7l/frozen_book_a_sister_more_like_me_surprised_i/cffzctz/", "score": 3, "stickied": false, "subreddit_id": "t5_2vpth", "author_name": "am_animator", "author_id": "7589u", "subreddit_name": "frozen"}, {"body": "Thank you! Thank you so much! I haven't seen this in full before.. Love to get a physical copy as well", "created_utc": 1392434789.0, "distinguished": null, "edited": false, "id": "cffpy4l", "is_submitter": false, "link_id": "t3_1xyc7l", "parent_id": "t3_1xyc7l", "permalink": "/r/Frozen/comments/1xyc7l/frozen_book_a_sister_more_like_me_surprised_i/cffpy4l/", "score": 2, "stickied": false, "subreddit_id": "t5_2vpth", "author_name": "teffhk", "author_id": "dyxc8", "subreddit_name": "frozen"}, {"body": "The illustrations are excellent.", "created_utc": 1392438187.0, "distinguished": null, "edited": false, "id": "cffr46k", "is_submitter": false, "link_id": "t3_1xyc7l", "parent_id": "t3_1xyc7l", "permalink": "/r/Frozen/comments/1xyc7l/frozen_book_a_sister_more_like_me_surprised_i/cffr46k/", "score": 2, "stickied": false, "subreddit_id": "t5_2vpth", "author_name": "Dear_to_the_heart", "author_id": "7z3p7", "subreddit_name": "frozen"}, {"body": "Awesome scans!", "created_utc": 1392436779.0, "distinguished": null, "edited": false, "id": "cffqmbj", "is_submitter": false, "link_id": "t3_1xyc7l", "parent_id": "t3_1xyc7l", "permalink": "/r/Frozen/comments/1xyc7l/frozen_book_a_sister_more_like_me_surprised_i/cffqmbj/", "score": 1, "stickied": false, "subreddit_id": "t5_2vpth", "author_name": null, "author_id": null, "subreddit_name": "frozen"}, {"body": "I might need to get this for my sister.  :D  Thanks for sharing!", "created_utc": 1392438379.0, "distinguished": null, "edited": false, "id": "cffr6iz", "is_submitter": false, "link_id": "t3_1xyc7l", "parent_id": "t3_1xyc7l", "permalink": "/r/Frozen/comments/1xyc7l/frozen_book_a_sister_more_like_me_surprised_i/cffr6iz/", "score": 1, "stickied": false, "subreddit_id": "t5_2vpth", "author_name": "Derevko", "author_id": "a248g", "subreddit_name": "frozen"}, {"body": "Holy shit, give that guy a raise.\n\nThat art style and word play was truly heart warming.", "created_utc": 1392458883.0, "distinguished": null, "edited": false, "id": "cffvz4u", "is_submitter": false, "link_id": "t3_1xyc7l", "parent_id": "t3_1xyc7l", "permalink": "/r/Frozen/comments/1xyc7l/frozen_book_a_sister_more_like_me_surprised_i/cffvz4u/", "score": 1, "stickied": false, "subreddit_id": "t5_2vpth", "author_name": "loopuleasa", "author_id": "4josc", "subreddit_name": "frozen"}, {"body": "My older sister's birthday is today and I got her this book because it is very much else. I'm terrified, she's going to only glance at it, haye it because ots a kids book, and never read it and find out why its special", "created_utc": 1392477739.0, "distinguished": null, "edited": false, "id": "cffzg28", "is_submitter": false, "link_id": "t3_1xyc7l", "parent_id": "t3_1xyc7l", "permalink": "/r/Frozen/comments/1xyc7l/frozen_book_a_sister_more_like_me_surprised_i/cffzg28/", "score": 1, "stickied": false, "subreddit_id": "t5_2vpth", "author_name": "askingxalice", "author_id": "dtcex", "subreddit_name": "frozen"}, {"body": "I love this book! I bought it for Elsa and Anna to read together at birthday parties because I thought it was perfect since each character has their own lines.\n\nThe kids weren't as thrilled and kept asking us \"where is the Frozen part?\" lol oh well. It's still a gorgeous book and a very sweet story! ", "created_utc": 1392492529.0, "distinguished": null, "edited": false, "id": "cfg4qer", "is_submitter": false, "link_id": "t3_1xyc7l", "parent_id": "t3_1xyc7l", "permalink": "/r/Frozen/comments/1xyc7l/frozen_book_a_sister_more_like_me_surprised_i/cfg4qer/", "score": 1, "stickied": false, "subreddit_id": "t5_2vpth", "author_name": "GumdropSugarPlum", "author_id": "6aabu", "subreddit_name": "frozen"}, {"body": "I'm still on the hunt for this book!!\n\nWhere can I find it?", "created_utc": 1392496433.0, "distinguished": null, "edited": false, "id": "cfg67xa", "is_submitter": false, "link_id": "t3_1xyc7l", "parent_id": "t3_1xyc7l", "permalink": "/r/Frozen/comments/1xyc7l/frozen_book_a_sister_more_like_me_surprised_i/cfg67xa/", "score": 1, "stickied": false, "subreddit_id": "t5_2vpth", "author_name": "Zephusa", "author_id": "cq16a", "subreddit_name": "frozen"}, {"body": "Very adorable!", "created_utc": 1392511025.0, "distinguished": null, "edited": false, "id": "cfgbruh", "is_submitter": false, "link_id": "t3_1xyc7l", "parent_id": "t3_1xyc7l", "permalink": "/r/Frozen/comments/1xyc7l/frozen_book_a_sister_more_like_me_surprised_i/cfgbruh/", "score": 1, "stickied": false, "subreddit_id": "t5_2vpth", "author_name": "radeeli", "author_id": "c28ne", "subreddit_name": "frozen"}, {"body": "I love this!!", "created_utc": 1398078145.0, "distinguished": null, "edited": false, "id": "cgy0dgl", "is_submitter": false, "link_id": "t3_1xyc7l", "parent_id": "t3_1xyc7l", "permalink": "/r/Frozen/comments/1xyc7l/frozen_book_a_sister_more_like_me_surprised_i/cgy0dgl/", "score": 1, "stickied": false, "subreddit_id": "t5_2vpth", "author_name": "Lasagnahead", "author_id": "e5wfp", "subreddit_name": "frozen"}, {"body": "http://i.imgur.com/3xpPMAG.jpg\n\nJesus\n\nCHRIST\n\nis that a kind of depressing image :(", "created_utc": 1392479334.0, "distinguished": null, "edited": false, "id": "cffzxkx", "is_submitter": false, "link_id": "t3_1xyc7l", "parent_id": "t3_1xyc7l", "permalink": "/r/Frozen/comments/1xyc7l/frozen_book_a_sister_more_like_me_surprised_i/cffzxkx/", "score": 0, "stickied": false, "subreddit_id": "t5_2vpth", "author_name": null, "author_id": null, "subreddit_name": "frozen"}, {"body": "Is it just me or is that a very Elsanna-supportive book for an official product? Especially that ending. ", "created_utc": 1392449980.0, "distinguished": null, "edited": false, "id": "cffuf51", "is_submitter": false, "link_id": "t3_1xyc7l", "parent_id": "t3_1xyc7l", "permalink": "/r/Frozen/comments/1xyc7l/frozen_book_a_sister_more_like_me_surprised_i/cffuf51/", "score": -2, "stickied": false, "subreddit_id": "t5_2vpth", "author_name": null, "author_id": null, "subreddit_name": "frozen"}, {"body": "This is ALWAYS worth a repost!", "created_utc": 1392492805.0, "distinguished": null, "edited": false, "id": "cfg4u78", "is_submitter": false, "link_id": "t3_1xyc7l", "parent_id": "t1_cffqyft", "permalink": "/r/Frozen/comments/1xyc7l/frozen_book_a_sister_more_like_me_surprised_i/cfg4u78/", "score": 8, "stickied": false, "subreddit_id": "t5_2vpth", "author_name": "RKitch2112", "author_id": "etl3g", "subreddit_name": "frozen"}, {"body": ">In general, I feel that we shouldn't post entire copyrighted works in our subreddit.\n\nThanks for posting this reminder- I feel the same.\n\nHonestly, I've posted this link a couple of times in various comment threads for people who've expressed interest in wanting to see more of the book (sometimes I throw up a relevant page or two in discussion threads that speculate about the sisters' childhoods and stuff). \n\nHowever, it's always been with the *strong* recommendation that if people enjoyed the read, they should pick up a physical copy if workable, due to artist/writer royalties and all of that. Submitting this link to the subreddit as a post was something I'd avoided doing for precisely this reason. (also because the chances of this album getting \"blown out\" are now *exponentially* higher than they were pre-submission, so it'll probably get taken down at some point. Which is unfortunate, because this is the highest quality scan I've seen readily available online, and it's also not even *ours*. Pretty sure it's /frz/'s album.)", "created_utc": 1392454158.0, "distinguished": null, "edited": false, "id": "cffv83f", "is_submitter": false, "link_id": "t3_1xyc7l", "parent_id": "t1_cffusvx", "permalink": "/r/Frozen/comments/1xyc7l/frozen_book_a_sister_more_like_me_surprised_i/cffv83f/", "score": 15, "stickied": false, "subreddit_id": "t5_2vpth", "author_name": "JiForce", "author_id": "5fwj2", "subreddit_name": "frozen"}, {"body": "Free shipping worldwide? Wow, could you send me the link? Thanks! ", "created_utc": 1392435143.0, "distinguished": null, "edited": false, "id": "cffq2ia", "is_submitter": false, "link_id": "t3_1xyc7l", "parent_id": "t1_cffq0fj", "permalink": "/r/Frozen/comments/1xyc7l/frozen_book_a_sister_more_like_me_surprised_i/cffq2ia/", "score": 5, "stickied": false, "subreddit_id": "t5_2vpth", "author_name": "teffhk", "author_id": "dyxc8", "subreddit_name": "frozen"}, {"body": "Do it :)\n\nMy sister in law is a kindergarten teacher and is doing the same after reading mine. ", "created_utc": 1392437816.0, "distinguished": null, "edited": false, "id": "cffqzjn", "is_submitter": false, "link_id": "t3_1xyc7l", "parent_id": "t1_cffqogq", "permalink": "/r/Frozen/comments/1xyc7l/frozen_book_a_sister_more_like_me_surprised_i/cffqzjn/", "score": 7, "stickied": false, "subreddit_id": "t5_2vpth", "author_name": "gdkitty", "author_id": "8payt", "subreddit_name": "frozen"}, {"body": "These scans were linked on /r/art and I followed it over to here to look for a comment like this. Frozen makes me cry every time because of the relationship I had growing up with my sister. My sister and I rarely ever played together, even though I wanted to badly, and it was very evident that I annoyed her and even that she resented me at times because I had a better relationship with our parents and grandmother who lived with us. Everything mean and cutting she said would sit with me (and to be honest still does today). I always wanted to be like her, I played the same sports, I took the same classes, did the same extracurriculars, but she wanted nothing to do with me. We had a bit of a detente when she was in college, but things got worse after that. We had a very similar big, break down, sobbing, talk and a lot of things were resolved, but we still have our issues at times. I desperately want my sister to watch Frozen, but feel like she'd be offended at the association with a literal ice princess.\n\n**tl;dr I cried reading this book because of sister issues like yours.**", "created_utc": 1392485926.0, "distinguished": null, "edited": false, "id": "cfg27e9", "is_submitter": false, "link_id": "t3_1xyc7l", "parent_id": "t1_cffzctz", "permalink": "/r/Frozen/comments/1xyc7l/frozen_book_a_sister_more_like_me_surprised_i/cfg27e9/", "score": 2, "stickied": false, "subreddit_id": "t5_2vpth", "author_name": "JMaple", "author_id": "4ttoy", "subreddit_name": "frozen"}, {"body": "What a great story.  I'm glad you and your sister were able reconcile. :)\n\nDefinitely worth her seeing if she can. \n\nWhile I understand that not everyone will want to buy this book physically, I would at least show her this digital version :)", "created_utc": 1392479218.0, "distinguished": null, "edited": false, "id": "cffzwbq", "is_submitter": false, "link_id": "t3_1xyc7l", "parent_id": "t1_cffzctz", "permalink": "/r/Frozen/comments/1xyc7l/frozen_book_a_sister_more_like_me_surprised_i/cffzwbq/", "score": 1, "stickied": false, "subreddit_id": "t5_2vpth", "author_name": "gdkitty", "author_id": "8payt", "subreddit_name": "frozen"}, {"body": "Look up Brittney lee. \n\nHer blogspot has tons of concept art for frozen and other beautiful works by her. \n\nThe frozen art book has a lot of her work too (but that's a whole other issue getting ahd of that)", "created_utc": 1392439396.0, "distinguished": null, "edited": false, "id": "cffripu", "is_submitter": false, "link_id": "t3_1xyc7l", "parent_id": "t1_cffr46k", "permalink": "/r/Frozen/comments/1xyc7l/frozen_book_a_sister_more_like_me_surprised_i/cffripu/", "score": 2, "stickied": false, "subreddit_id": "t5_2vpth", "author_name": "gdkitty", "author_id": "8payt", "subreddit_name": "frozen"}, {"body": "Girl for the art at least. Brittney lee. ", "created_utc": 1392465946.0, "distinguished": null, "edited": false, "id": "cffwy8b", "is_submitter": false, "link_id": "t3_1xyc7l", "parent_id": "t1_cffvz4u", "permalink": "/r/Frozen/comments/1xyc7l/frozen_book_a_sister_more_like_me_surprised_i/cffwy8b/", "score": 1, "stickied": false, "subreddit_id": "t5_2vpth", "author_name": "gdkitty", "author_id": "8payt", "subreddit_name": "frozen"}, {"body": "TBH, everywhere they sell mainstream books. Amazon, Barnes and Noble, etc. ", "created_utc": 1392550428.0, "distinguished": null, "edited": false, "id": "cfgmqk8", "is_submitter": false, "link_id": "t3_1xyc7l", "parent_id": "t1_cfg67xa", "permalink": "/r/Frozen/comments/1xyc7l/frozen_book_a_sister_more_like_me_surprised_i/cfgmqk8/", "score": 1, "stickied": false, "subreddit_id": "t5_2vpth", "author_name": "JiForce", "author_id": "5fwj2", "subreddit_name": "frozen"}, {"body": "didn't see that at all bro", "created_utc": 1392882235.0, "distinguished": null, "edited": false, "id": "cfjzp88", "is_submitter": false, "link_id": "t3_1xyc7l", "parent_id": "t1_cffzxkx", "permalink": "/r/Frozen/comments/1xyc7l/frozen_book_a_sister_more_like_me_surprised_i/cfjzp88/", "score": 2, "stickied": false, "subreddit_id": "t5_2vpth", "author_name": "SaltyAreola", "author_id": "6c208", "subreddit_name": "frozen"}, {"body": "Seems pretty vanilla- I personally don't see the Elsanna in it. ._.", "created_utc": 1392455173.0, "distinguished": null, "edited": false, "id": "cffveer", "is_submitter": false, "link_id": "t3_1xyc7l", "parent_id": "t1_cffuf51", "permalink": "/r/Frozen/comments/1xyc7l/frozen_book_a_sister_more_like_me_surprised_i/cffveer/", "score": 2, "stickied": false, "subreddit_id": "t5_2vpth", "author_name": "JiForce", "author_id": "5fwj2", "subreddit_name": "frozen"}, {"body": "Filial elsanna ", "created_utc": 1395230018.0, "distinguished": null, "edited": false, "id": "cg6ezth", "is_submitter": false, "link_id": "t3_1xyc7l", "parent_id": "t1_cffuf51", "permalink": "/r/Frozen/comments/1xyc7l/frozen_book_a_sister_more_like_me_surprised_i/cg6ezth/", "score": 1, "stickied": false, "subreddit_id": "t5_2vpth", "author_name": "Garytang8597", "author_id": "fq3l2", "subreddit_name": "frozen"}, {"body": "I feel the same and I highlight everytime someone posts links to the movie etc.  \nI actually saw the book posted by you, read it, and decided to buy 3 copies. (2 as presents, 1 for me)  \nWe really shouldn't let this sub become some pool for illegal sharing.\n", "created_utc": 1392457044.0, "distinguished": null, "edited": false, "id": "cffvp95", "is_submitter": false, "link_id": "t3_1xyc7l", "parent_id": "t1_cffv83f", "permalink": "/r/Frozen/comments/1xyc7l/frozen_book_a_sister_more_like_me_surprised_i/cffvp95/", "score": 6, "stickied": false, "subreddit_id": "t5_2vpth", "author_name": "Nolos", "author_id": "dqt7e", "subreddit_name": "frozen"}, {"body": "http://www.bookdepository.com/Disney-Frozen-Sister-More-Like-Me-Barbara-Jean-Hicks/9781423170143\n", "created_utc": 1392435295.0, "distinguished": null, "edited": false, "id": "cffq4ar", "is_submitter": false, "link_id": "t3_1xyc7l", "parent_id": "t1_cffq2ia", "permalink": "/r/Frozen/comments/1xyc7l/frozen_book_a_sister_more_like_me_surprised_i/cffq4ar/", "score": 10, "stickied": false, "subreddit_id": "t5_2vpth", "author_name": "JackSeoul", "author_id": "3352x", "subreddit_name": "frozen"}, {"body": "Oh sweetie, I'll be your big sister any day!  I'm sorry.  That is just terrible.  Crying soo helps though! \n\nI feel sort of on the fence between the characters, I associate with both in different phases of my growing up.  About the time that I was 10 we got a new little sister, by then my treatment was ingrained and I wasn't aware enough to realize I began perpetuating the behavior to my little sister...Until I was reprimanded for it; my little sisters father wasn't as easygoing as my mom.  I didn't even know why I was mean to her, I loved my little sister, somehow I'd have a thought of doing something and it'd be happening before I'd be rationalizing it as good or bad.  But being called out for it made me realize that I was doing harm.  I felt awful for treating my little sister like how I'd been.  It didn't help that my elder sister coddled, slept with, taught and loved our sister in ways that I dreamed she would have to me.  I ended up withdrawing more because I felt like I was messed up and the sister dynamic was already perfect for her to grow.  So I kept to myself mostly stewing in the whole \"you don't fit here\" thing.  My little sister harbors no resentment though, but I still feel bad about it.  \n\nIt really gets better, I promise.  I eventually found a sister figure that was more meant for me; some friends are too good to not be family.  Shes' gone now, but she filled that spot I always wanted for a sister.  Really helped me find my stride.  Even if you never find that bond you're looking for with your blood-sister, I promise someone will fill the spot eventually.  \n\n", "created_utc": 1392489525.0, "distinguished": null, "edited": false, "id": "cfg3k84", "is_submitter": false, "link_id": "t3_1xyc7l", "parent_id": "t1_cfg27e9", "permalink": "/r/Frozen/comments/1xyc7l/frozen_book_a_sister_more_like_me_surprised_i/cfg3k84/", "score": 1, "stickied": false, "subreddit_id": "t5_2vpth", "author_name": "am_animator", "author_id": "7589u", "subreddit_name": "frozen"}, {"body": "[Boop.](http://britsketch.blogspot.com/) A link to her Blogspot!", "created_utc": 1392454849.0, "distinguished": null, "edited": false, "id": "cffvcf6", "is_submitter": false, "link_id": "t3_1xyc7l", "parent_id": "t1_cffripu", "permalink": "/r/Frozen/comments/1xyc7l/frozen_book_a_sister_more_like_me_surprised_i/cffvcf6/", "score": 3, "stickied": false, "subreddit_id": "t5_2vpth", "author_name": "JiForce", "author_id": "5fwj2", "subreddit_name": "frozen"}, {"body": "I agree. \nWhile not female myself, I do see a big sisterly bond with the wife and her sister. \nThe truly love each other and are very close, but nothing more. \nSame with the book\n\nI think Brittney is very good at expressing emotion In the pictures, and that could come across maybe as the wrong emotion. ", "created_utc": 1392466272.0, "distinguished": null, "edited": false, "id": "cffwztj", "is_submitter": false, "link_id": "t3_1xyc7l", "parent_id": "t1_cffveer", "permalink": "/r/Frozen/comments/1xyc7l/frozen_book_a_sister_more_like_me_surprised_i/cffwztj/", "score": 2, "stickied": false, "subreddit_id": "t5_2vpth", "author_name": "gdkitty", "author_id": "8payt", "subreddit_name": "frozen"}, {"body": "I dunno, most of Elsanna art is pretty vanilla anyway! Just that ending looking longingly into each other's eyes, and calling themselves a \"We\". Maybe cause I'm an only child and I've never had a sibling to get really close to. Or any family member for that matter.", "created_utc": 1392481274.0, "distinguished": null, "edited": false, "id": "cfg0k1i", "is_submitter": false, "link_id": "t3_1xyc7l", "parent_id": "t1_cffveer", "permalink": "/r/Frozen/comments/1xyc7l/frozen_book_a_sister_more_like_me_surprised_i/cfg0k1i/", "score": 2, "stickied": false, "subreddit_id": "t5_2vpth", "author_name": null, "author_id": null, "subreddit_name": "frozen"}, {"body": "I guess *someone*, that we might all know, might see some Elsanna in that.", "created_utc": 1392466264.0, "distinguished": null, "edited": false, "id": "cffwzrz", "is_submitter": false, "link_id": "t3_1xyc7l", "parent_id": "t1_cffveer", "permalink": "/r/Frozen/comments/1xyc7l/frozen_book_a_sister_more_like_me_surprised_i/cffwzrz/", "score": 1, "stickied": false, "subreddit_id": "t5_2vpth", "author_name": "Nolos", "author_id": "dqt7e", "subreddit_name": "frozen"}, {"body": "I'm wondering, if as a general \"rule\" only post up to 1/2 sort of thing? Enough to sample and then they can decide to buy or not?\n\nI have these images, but I also own the book. \n\nI have a digital download of the art book.. ONLY because it's next to impossible to buy without paying 500% markup.  But I fully intend to buy the first chance I can. ", "created_utc": 1392484076.0, "distinguished": null, "edited": false, "id": "cfg1jdc", "is_submitter": false, "link_id": "t3_1xyc7l", "parent_id": "t1_cffvp95", "permalink": "/r/Frozen/comments/1xyc7l/frozen_book_a_sister_more_like_me_surprised_i/cfg1jdc/", "score": 4, "stickied": false, "subreddit_id": "t5_2vpth", "author_name": "gdkitty", "author_id": "8payt", "subreddit_name": "frozen"}, {"body": "Thanks a lot! Have a nice weekend sir, and your family too :-D ", "created_utc": 1392435513.0, "distinguished": null, "edited": false, "id": "cffq6v8", "is_submitter": false, "link_id": "t3_1xyc7l", "parent_id": "t1_cffq4ar", "permalink": "/r/Frozen/comments/1xyc7l/frozen_book_a_sister_more_like_me_surprised_i/cffq6v8/", "score": 3, "stickied": false, "subreddit_id": "t5_2vpth", "author_name": "teffhk", "author_id": "dyxc8", "subreddit_name": "frozen"}, {"body": "Was crossing my fingers that maybe they had the art book in stock, but no luck :(", "created_utc": 1392439594.0, "distinguished": null, "edited": false, "id": "cffrl3r", "is_submitter": false, "link_id": "t3_1xyc7l", "parent_id": "t1_cffq4ar", "permalink": "/r/Frozen/comments/1xyc7l/frozen_book_a_sister_more_like_me_surprised_i/cffrl3r/", "score": 3, "stickied": false, "subreddit_id": "t5_2vpth", "author_name": "gdkitty", "author_id": "8payt", "subreddit_name": "frozen"}, {"body": "Thanks as always jiforce :). \n\nWas on mobile and not always easy to grab links", "created_utc": 1392465403.0, "distinguished": null, "edited": false, "id": "cffwvlj", "is_submitter": false, "link_id": "t3_1xyc7l", "parent_id": "t1_cffvcf6", "permalink": "/r/Frozen/comments/1xyc7l/frozen_book_a_sister_more_like_me_surprised_i/cffwvlj/", "score": 1, "stickied": false, "subreddit_id": "t5_2vpth", "author_name": "gdkitty", "author_id": "8payt", "subreddit_name": "frozen"}, {"body": "Personally, I've just been posting around 2 or sometimes 3 images at most, since it's usually enough to capture the relevant art and quotes. Any more gets kind of gratuitous IMO.", "created_utc": 1392550317.0, "distinguished": null, "edited": false, "id": "cfgmpzy", "is_submitter": false, "link_id": "t3_1xyc7l", "parent_id": "t1_cfg1jdc", "permalink": "/r/Frozen/comments/1xyc7l/frozen_book_a_sister_more_like_me_surprised_i/cfgmpzy/", "score": 2, "stickied": false, "subreddit_id": "t5_2vpth", "author_name": "JiForce", "author_id": "5fwj2", "subreddit_name": "frozen"}, {"body": "FYI it's currently in stock. $40 which is more than amazon but depending where you are, with shipping it might end up cheaper\n\nhttp://www.bookdepository.com/Art-Frozen-Charles-Solomon/9781452117164", "created_utc": 1392867361.0, "distinguished": null, "edited": false, "id": "cfjudng", "is_submitter": false, "link_id": "t3_1xyc7l", "parent_id": "t1_cffrl3r", "permalink": "/r/Frozen/comments/1xyc7l/frozen_book_a_sister_more_like_me_surprised_i/cfjudng/", "score": 1, "stickied": false, "subreddit_id": "t5_2vpth", "author_name": "JackSeoul", "author_id": "3352x", "subreddit_name": "frozen"}, {"body": "Anytime my friend. Always happy to help others discover awesome new content. ", "created_utc": 1392469806.0, "distinguished": null, "edited": false, "id": "cffxk69", "is_submitter": false, "link_id": "t3_1xyc7l", "parent_id": "t1_cffwvlj", "permalink": "/r/Frozen/comments/1xyc7l/frozen_book_a_sister_more_like_me_surprised_i/cffxk69/", "score": 1, "stickied": false, "subreddit_id": "t5_2vpth", "author_name": "JiForce", "author_id": "5fwj2", "subreddit_name": "frozen"}, {"body": "Wasn't last week when I originally posted :p\n\nSeems like places are starting to get it back in stock. \n\nManaged to find a local art/comic store here with it. \n\nWill keep that site in mind for other purchases tho. ", "created_utc": 1392869684.0, "distinguished": null, "edited": false, "id": "cfjvezq", "is_submitter": false, "link_id": "t3_1xyc7l", "parent_id": "t1_cfjudng", "permalink": "/r/Frozen/comments/1xyc7l/frozen_book_a_sister_more_like_me_surprised_i/cfjvezq/", "score": 1, "stickied": false, "subreddit_id": "t5_2vpth", "author_name": "gdkitty", "author_id": "8payt", "subreddit_name": "frozen"}]