{"clicked": false, "created_utc": 1392433027.0, "distinguished": null, "edited": false, "id": "1xyc7l", "is_video": false, "locked": false, "num_comments": 45, "over_18": false, "permalink": "/r/Frozen/comments/1xyc7l/frozen_book_a_sister_more_like_me_surprised_i/", "score": 351, "selftext": "", "stickied": false, "subreddit_id": "t5_2vpth", "title": "Frozen Book: A Sister More Like Me (Surprised I haven't seen this in here, maybe I missed it?)", "url": "http://imgur.com/a/R7snZ", "author_name": "xKMarcus", "author_id": "cn6vf", "subreddit_name": "frozen", "upvote_ratio": 0.97}