[{"body": "Her head is insanely disproportionate.", "created_utc": 1393116882.0, "distinguished": null, "edited": false, "id": "cfm6vbz", "is_submitter": false, "link_id": "t3_1ynqak", "parent_id": "t3_1ynqak", "permalink": "/r/Frozen/comments/1ynqak/long_live_the_queen/cfm6vbz/", "score": 22, "stickied": false, "subreddit_id": "t5_2vpth", "author_name": "HikariOni", "author_id": "75nqx", "subreddit_name": "frozen"}, {"body": "Haha why is the head so small in proportion to the body? Has Elsa been lifting heavy?\n\n", "created_utc": 1393113456.0, "distinguished": null, "edited": false, "id": "cfm5kio", "is_submitter": false, "link_id": "t3_1ynqak", "parent_id": "t3_1ynqak", "permalink": "/r/Frozen/comments/1ynqak/long_live_the_queen/cfm5kio/", "score": 26, "stickied": false, "subreddit_id": "t5_2vpth", "author_name": null, "author_id": null, "subreddit_name": "frozen"}, {"body": "11/10 would hang portrait of in study.", "created_utc": 1393113110.0, "distinguished": null, "edited": false, "id": "cfm5fy0", "is_submitter": false, "link_id": "t3_1ynqak", "parent_id": "t3_1ynqak", "permalink": "/r/Frozen/comments/1ynqak/long_live_the_queen/cfm5fy0/", "score": 10, "stickied": false, "subreddit_id": "t5_2vpth", "author_name": "poktanju", "author_id": "4z4uc", "subreddit_name": "frozen"}, {"body": "Unknown source.", "created_utc": 1393110321.0, "distinguished": null, "edited": false, "id": "cfm4euu", "is_submitter": true, "link_id": "t3_1ynqak", "parent_id": "t3_1ynqak", "permalink": "/r/Frozen/comments/1ynqak/long_live_the_queen/cfm4euu/", "score": 4, "stickied": false, "subreddit_id": "t5_2vpth", "author_name": "loopuleasa", "author_id": "4josc", "subreddit_name": "frozen"}, {"body": "Those are probably the longest thighs I've ever seen. ", "created_utc": 1393137918.0, "distinguished": null, "edited": false, "id": "cfme5iy", "is_submitter": false, "link_id": "t3_1ynqak", "parent_id": "t3_1ynqak", "permalink": "/r/Frozen/comments/1ynqak/long_live_the_queen/cfme5iy/", "score": 6, "stickied": false, "subreddit_id": "t5_2vpth", "author_name": "dita_von_cheese", "author_id": "d1ktc", "subreddit_name": "frozen"}, {"body": "So graceful.", "created_utc": 1393112477.0, "distinguished": null, "edited": false, "id": "cfm57ku", "is_submitter": false, "link_id": "t3_1ynqak", "parent_id": "t3_1ynqak", "permalink": "/r/Frozen/comments/1ynqak/long_live_the_queen/cfm57ku/", "score": 3, "stickied": false, "subreddit_id": "t5_2vpth", "author_name": "Recidivis", "author_id": "8pkti", "subreddit_name": "frozen"}, {"body": "(bends the knee)", "created_utc": 1393121900.0, "distinguished": null, "edited": false, "id": "cfm8q6j", "is_submitter": false, "link_id": "t3_1ynqak", "parent_id": "t3_1ynqak", "permalink": "/r/Frozen/comments/1ynqak/long_live_the_queen/cfm8q6j/", "score": 3, "stickied": false, "subreddit_id": "t5_2vpth", "author_name": "Guild_Navigator", "author_id": "6v5xw", "subreddit_name": "frozen"}, {"body": "All hail the queen!", "created_utc": 1393124393.0, "distinguished": null, "edited": false, "id": "cfm9mf1", "is_submitter": false, "link_id": "t3_1ynqak", "parent_id": "t3_1ynqak", "permalink": "/r/Frozen/comments/1ynqak/long_live_the_queen/cfm9mf1/", "score": 3, "stickied": false, "subreddit_id": "t5_2vpth", "author_name": "teffhk", "author_id": "dyxc8", "subreddit_name": "frozen"}, {"body": "*5000 Knights of Arendelle shout in unison* \"Long live the Queen!\" ", "created_utc": 1393126254.0, "distinguished": null, "edited": false, "id": "cfma9mz", "is_submitter": false, "link_id": "t3_1ynqak", "parent_id": "t3_1ynqak", "permalink": "/r/Frozen/comments/1ynqak/long_live_the_queen/cfma9mz/", "score": 2, "stickied": false, "subreddit_id": "t5_2vpth", "author_name": "osxtephen", "author_id": "3selk", "subreddit_name": "frozen"}, {"body": "So is it in the original. Head size is a good way of controlling a character's apparent age. These body proportions are good for the purpose. Here we see an athletic and distinguished Elsa.", "created_utc": 1393144577.0, "distinguished": null, "edited": false, "id": "cfmfpnv", "is_submitter": false, "link_id": "t3_1ynqak", "parent_id": "t1_cfm6vbz", "permalink": "/r/Frozen/comments/1ynqak/long_live_the_queen/cfmfpnv/", "score": 1, "stickied": false, "subreddit_id": "t5_2vpth", "author_name": "Eonir", "author_id": "3lvi6", "subreddit_name": "frozen"}, {"body": "also, her knees are definitely not in the right place. nor is her chest well proportioned either. cool idea for a drawing, but 7/10 because of how well it's colored and shaded.", "created_utc": 1393134978.0, "distinguished": null, "edited": false, "id": "cfmda8j", "is_submitter": false, "link_id": "t3_1ynqak", "parent_id": "t1_cfm5kio", "permalink": "/r/Frozen/comments/1ynqak/long_live_the_queen/cfmda8j/", "score": 10, "stickied": false, "subreddit_id": "t5_2vpth", "author_name": null, "author_id": null, "subreddit_name": "frozen"}, {"body": "Dammit! You ruined it for me you bastard!", "created_utc": 1393123576.0, "distinguished": null, "edited": false, "id": "cfm9bs3", "is_submitter": false, "link_id": "t3_1ynqak", "parent_id": "t1_cfm5kio", "permalink": "/r/Frozen/comments/1ynqak/long_live_the_queen/cfm9bs3/", "score": 7, "stickied": false, "subreddit_id": "t5_2vpth", "author_name": "AdultSupervision", "author_id": "ej121", "subreddit_name": "frozen"}, {"body": "it looks that way because of the cape.", "created_utc": 1393128605.0, "distinguished": null, "edited": false, "id": "cfmb43d", "is_submitter": false, "link_id": "t3_1ynqak", "parent_id": "t1_cfm5kio", "permalink": "/r/Frozen/comments/1ynqak/long_live_the_queen/cfmb43d/", "score": 2, "stickied": false, "subreddit_id": "t5_2vpth", "author_name": "Darkside_Hero", "author_id": "6wquo", "subreddit_name": "frozen"}, {"body": "[Here you go!](http://www.pixiv.com/works/41797411)", "created_utc": 1393111380.0, "distinguished": null, "edited": false, "id": "cfm4t0o", "is_submitter": false, "link_id": "t3_1ynqak", "parent_id": "t1_cfm4euu", "permalink": "/r/Frozen/comments/1ynqak/long_live_the_queen/cfm4t0o/", "score": 10, "stickied": false, "subreddit_id": "t5_2vpth", "author_name": "Eren_Jeager", "author_id": "db1dv", "subreddit_name": "frozen"}, {"body": "The rest of her proportions are pretty whack too; her knees are way too low for where they should be, although I can kind of forgive the hand size and write it off as an attempt at perspective.", "created_utc": 1393146078.0, "distinguished": null, "edited": false, "id": "cfmfzkz", "is_submitter": false, "link_id": "t3_1ynqak", "parent_id": "t1_cfmfpnv", "permalink": "/r/Frozen/comments/1ynqak/long_live_the_queen/cfmfzkz/", "score": 4, "stickied": false, "subreddit_id": "t5_2vpth", "author_name": "Schize", "author_id": "62wib", "subreddit_name": "frozen"}, {"body": "The source-finding master strikes again. ", "created_utc": 1393127440.0, "distinguished": null, "edited": false, "id": "cfmaoun", "is_submitter": false, "link_id": "t3_1ynqak", "parent_id": "t1_cfm4t0o", "permalink": "/r/Frozen/comments/1ynqak/long_live_the_queen/cfmaoun/", "score": 4, "stickied": false, "subreddit_id": "t5_2vpth", "author_name": "JiForce", "author_id": "5fwj2", "subreddit_name": "frozen"}]