[{"body": "Holy crap that's a badly degraded gif of animated gifs....   It doesn't do it justice... [here you go, take the full effect](http://jarmelts.tumblr.com/post/73417454001/some-things-never-change)", "created_utc": 1392964804.0, "distinguished": null, "edited": false, "id": "cfkue9y", "is_submitter": false, "link_id": "t3_1yid06", "parent_id": "t3_1yid06", "permalink": "/r/Frozen/comments/1yid06/some_things_never_change/cfkue9y/", "score": 57, "stickied": false, "subreddit_id": "t5_2vpth", "author_name": "damocles2501", "author_id": "d3wqx", "subreddit_name": "frozen"}, {"body": "Oh my god stop making me love them more\n\nEDIT: On second thought, carry on.", "created_utc": 1392964350.0, "distinguished": null, "edited": 1392964541.0, "id": "cfku9ev", "is_submitter": false, "link_id": "t3_1yid06", "parent_id": "t3_1yid06", "permalink": "/r/Frozen/comments/1yid06/some_things_never_change/cfku9ev/", "score": 33, "stickied": false, "subreddit_id": "t5_2vpth", "author_name": "WinTheDay808", "author_id": "72pdp", "subreddit_name": "frozen"}, {"body": "10 points to team Anna.", "created_utc": 1392963872.0, "distinguished": null, "edited": false, "id": "cfku4bw", "is_submitter": false, "link_id": "t3_1yid06", "parent_id": "t3_1yid06", "permalink": "/r/Frozen/comments/1yid06/some_things_never_change/cfku4bw/", "score": 17, "stickied": false, "subreddit_id": "t5_2vpth", "author_name": "ares623", "author_id": "3mbae", "subreddit_name": "frozen"}, {"body": "Anna is so freaking cute", "created_utc": 1392970581.0, "distinguished": null, "edited": false, "id": "cfkvsqf", "is_submitter": false, "link_id": "t3_1yid06", "parent_id": "t3_1yid06", "permalink": "/r/Frozen/comments/1yid06/some_things_never_change/cfkvsqf/", "score": 8, "stickied": false, "subreddit_id": "t5_2vpth", "author_name": "MINECRAFT_BIOLOGIST", "author_id": "98egh", "subreddit_name": "frozen"}, {"body": "False. Elsa is right handed now.", "created_utc": 1392976467.0, "distinguished": null, "edited": false, "id": "cfkwu1a", "is_submitter": false, "link_id": "t3_1yid06", "parent_id": "t3_1yid06", "permalink": "/r/Frozen/comments/1yid06/some_things_never_change/cfkwu1a/", "score": 7, "stickied": false, "subreddit_id": "t5_2vpth", "author_name": "RiceNedditor", "author_id": "71yuk", "subreddit_name": "frozen"}, {"body": "Jesus, how many times was this image screencapped? There are so many ^jpeg artifacts in there you could give it its own collection in a museum. \n\nAdorable nonetheless. ", "created_utc": 1392964762.0, "distinguished": null, "edited": false, "id": "cfkudtv", "is_submitter": false, "link_id": "t3_1yid06", "parent_id": "t3_1yid06", "permalink": "/r/Frozen/comments/1yid06/some_things_never_change/cfkudtv/", "score": 16, "stickied": false, "subreddit_id": "t5_2vpth", "author_name": "JiForce", "author_id": "5fwj2", "subreddit_name": "frozen"}, {"body": "This is adorable!", "created_utc": 1392967093.0, "distinguished": null, "edited": false, "id": "cfkv0dm", "is_submitter": false, "link_id": "t3_1yid06", "parent_id": "t3_1yid06", "permalink": "/r/Frozen/comments/1yid06/some_things_never_change/cfkv0dm/", "score": 4, "stickied": false, "subreddit_id": "t5_2vpth", "author_name": "RKitch2112", "author_id": "etl3g", "subreddit_name": "frozen"}, {"body": "I love how they carry things like this during the film.", "created_utc": 1392981324.0, "distinguished": null, "edited": false, "id": "cfkxl0d", "is_submitter": false, "link_id": "t3_1yid06", "parent_id": "t3_1yid06", "permalink": "/r/Frozen/comments/1yid06/some_things_never_change/cfkxl0d/", "score": 3, "stickied": false, "subreddit_id": "t5_2vpth", "author_name": "AmberHeartsDisney", "author_id": "4dyh8", "subreddit_name": "frozen"}, {"body": "I noticed Elsa's laughing habit before but didn't notice Anna's face-squishing! haha", "created_utc": 1392988235.0, "distinguished": null, "edited": false, "id": "cfkyw69", "is_submitter": false, "link_id": "t3_1yid06", "parent_id": "t3_1yid06", "permalink": "/r/Frozen/comments/1yid06/some_things_never_change/cfkyw69/", "score": 3, "stickied": false, "subreddit_id": "t5_2vpth", "author_name": "FelixBlue", "author_id": "fca2h", "subreddit_name": "frozen"}, {"body": "They just get EVEN CUTER OH MY GOD", "created_utc": 1393007111.0, "distinguished": null, "edited": false, "id": "cfl6aah", "is_submitter": false, "link_id": "t3_1yid06", "parent_id": "t3_1yid06", "permalink": "/r/Frozen/comments/1yid06/some_things_never_change/cfl6aah/", "score": 2, "stickied": false, "subreddit_id": "t5_2vpth", "author_name": "jereddit", "author_id": "5v70b", "subreddit_name": "frozen"}, {"body": "sweet", "created_utc": 1393042784.0, "distinguished": null, "edited": false, "id": "cfllf9b", "is_submitter": false, "link_id": "t3_1yid06", "parent_id": "t3_1yid06", "permalink": "/r/Frozen/comments/1yid06/some_things_never_change/cfllf9b/", "score": 1, "stickied": false, "subreddit_id": "t5_2vpth", "author_name": "themd", "author_id": "4jynf", "subreddit_name": "frozen"}, {"body": "Thanks!", "created_utc": 1392965500.0, "distinguished": null, "edited": false, "id": "cfkulad", "is_submitter": false, "link_id": "t3_1yid06", "parent_id": "t1_cfkue9y", "permalink": "/r/Frozen/comments/1yid06/some_things_never_change/cfkulad/", "score": 6, "stickied": false, "subreddit_id": "t5_2vpth", "author_name": "Dokbokki", "author_id": "68i7r", "subreddit_name": "frozen"}, {"body": "I can never find the original image... Thanks", "created_utc": 1392967132.0, "distinguished": null, "edited": false, "id": "cfkv0qf", "is_submitter": true, "link_id": "t3_1yid06", "parent_id": "t1_cfkue9y", "permalink": "/r/Frozen/comments/1yid06/some_things_never_change/cfkv0qf/", "score": 5, "stickied": false, "subreddit_id": "t5_2vpth", "author_name": "minewastaken2", "author_id": "fafwa", "subreddit_name": "frozen"}, {"body": "This is [absolutely adorable!](http://img.pandawhale.com/99336-Olaf-dancing-gif-Disney-Frozen-FdqT.gif)", "created_utc": 1396386687.0, "distinguished": null, "edited": false, "id": "cghmo02", "is_submitter": false, "link_id": "t3_1yid06", "parent_id": "t1_cfkue9y", "permalink": "/r/Frozen/comments/1yid06/some_things_never_change/cghmo02/", "score": 3, "stickied": false, "subreddit_id": "t5_2vpth", "author_name": "Mrs_Damon", "author_id": "82dcx", "subreddit_name": "frozen"}, {"body": "there are no teams, only adoring fans who love em' all", "created_utc": 1392978757.0, "distinguished": null, "edited": false, "id": "cfkx7be", "is_submitter": false, "link_id": "t3_1yid06", "parent_id": "t1_cfku4bw", "permalink": "/r/Frozen/comments/1yid06/some_things_never_change/cfkx7be/", "score": 16, "stickied": false, "subreddit_id": "t5_2vpth", "author_name": "Punziee", "author_id": "faet8", "subreddit_name": "frozen"}, {"body": "Why not Both?!", "created_utc": 1392982564.0, "distinguished": null, "edited": false, "id": "cfkxs5m", "is_submitter": false, "link_id": "t3_1yid06", "parent_id": "t1_cfku4bw", "permalink": "/r/Frozen/comments/1yid06/some_things_never_change/cfkxs5m/", "score": 11, "stickied": false, "subreddit_id": "t5_2vpth", "author_name": "TheKing0fLimbs", "author_id": "d03e0", "subreddit_name": "frozen"}]