{"clicked": false, "created_utc": 1392957753.0, "distinguished": null, "edited": false, "id": "1yid06", "is_video": false, "locked": false, "num_comments": 16, "over_18": false, "permalink": "/r/Frozen/comments/1yid06/some_things_never_change/", "score": 555, "selftext": "", "stickied": false, "subreddit_id": "t5_2vpth", "title": "Some things never change", "url": "http://31.media.tumblr.com/fddac08797a790acf51d8f2223720a2e/tumblr_n041smYOLY1shv12bo1_1280.jpg", "author_name": "minewastaken2", "author_id": "fafwa", "subreddit_name": "frozen", "upvote_ratio": 0.98}