[{"body": "You gotta wonder.. hes already 'planning' at this point.. how much of it is like \"Bitch you just hit me... play it cool... just keep going\"", "created_utc": 1392738689.0, "distinguished": null, "edited": false, "id": "cficygg", "is_submitter": false, "link_id": "t3_1y8wf4", "parent_id": "t3_1y8wf4", "permalink": "/r/Frozen/comments/1y8wf4/i_think_everyone_is_forgetting_about_the_first/cficygg/", "score": 25, "stickied": false, "subreddit_id": "t5_2vpth", "author_name": "gdkitty", "author_id": "8payt", "subreddit_name": "frozen"}, {"body": "bitch slap", "created_utc": 1392737366.0, "distinguished": null, "edited": false, "id": "cficfj8", "is_submitter": false, "link_id": "t3_1y8wf4", "parent_id": "t3_1y8wf4", "permalink": "/r/Frozen/comments/1y8wf4/i_think_everyone_is_forgetting_about_the_first/cficfj8/", "score": 11, "stickied": false, "subreddit_id": "t5_2vpth", "author_name": "Portgas", "author_id": "7kc75", "subreddit_name": "frozen"}, {"body": "Han's face took this hit a lot better than the punch at the end.", "created_utc": 1392793096.0, "distinguished": null, "edited": false, "id": "cfj21n1", "is_submitter": false, "link_id": "t3_1y8wf4", "parent_id": "t3_1y8wf4", "permalink": "/r/Frozen/comments/1y8wf4/i_think_everyone_is_forgetting_about_the_first/cfj21n1/", "score": 1, "stickied": false, "subreddit_id": "t5_2vpth", "author_name": "baconbroth", "author_id": "cidv2", "subreddit_name": "frozen"}, {"body": "Go listen to the [scriptnotes](http://johnaugust.com/2014/frozen-with-jennifer-lee) interview they did with Jennifer Lee, beware it's long though as they go through the whole movie and the creative process of it.  She mentions that she believes that Hans would have been plotting from the moment he met Anna.", "created_utc": 1392762078.0, "distinguished": null, "edited": false, "id": "cfiogqo", "is_submitter": false, "link_id": "t3_1y8wf4", "parent_id": "t1_cficygg", "permalink": "/r/Frozen/comments/1y8wf4/i_think_everyone_is_forgetting_about_the_first/cfiogqo/", "score": 8, "stickied": false, "subreddit_id": "t5_2vpth", "author_name": "damocles2501", "author_id": "d3wqx", "subreddit_name": "frozen"}, {"body": "THIS is why I love this sub...! ", "created_utc": 1392797163.0, "distinguished": null, "edited": false, "id": "cfj31wh", "is_submitter": false, "link_id": "t3_1y8wf4", "parent_id": "t1_cfiogqo", "permalink": "/r/Frozen/comments/1y8wf4/i_think_everyone_is_forgetting_about_the_first/cfj31wh/", "score": 5, "stickied": false, "subreddit_id": "t5_2vpth", "author_name": "STEALTHHUNTER88", "author_id": "faodj", "subreddit_name": "frozen"}]