{"clicked": false, "created_utc": 1392737275.0, "distinguished": null, "edited": false, "id": "1y8wf4", "is_video": false, "locked": false, "num_comments": 5, "over_18": false, "permalink": "/r/Frozen/comments/1y8wf4/i_think_everyone_is_forgetting_about_the_first/", "score": 137, "selftext": "", "stickied": false, "subreddit_id": "t5_2vpth", "title": "I think everyone is forgetting about the first time Anna hit Hans", "url": "http://imgur.com/4MmLJjh", "author_name": "chegs81", "author_id": "9qle4", "subreddit_name": "frozen", "upvote_ratio": 0.99}