[{"body": "Those legs... ", "created_utc": 1394125578.0, "distinguished": null, "edited": false, "id": "cfvy20u", "is_submitter": false, "link_id": "t3_1zq3gf", "parent_id": "t3_1zq3gf", "permalink": "/r/Frozen/comments/1zq3gf/throne_of_the_frozen_queen/cfvy20u/", "score": 27, "stickied": false, "subreddit_id": "t5_2vpth", "author_name": "Bike_stole_my_nigga", "author_id": "7xpbm", "subreddit_name": "frozen"}, {"body": "I really liked that in the movie Elsa didn't have a frozen throne. Still, great art.", "created_utc": 1394120058.0, "distinguished": null, "edited": false, "id": "cfvvm9w", "is_submitter": false, "link_id": "t3_1zq3gf", "parent_id": "t3_1zq3gf", "permalink": "/r/Frozen/comments/1zq3gf/throne_of_the_frozen_queen/cfvvm9w/", "score": 18, "stickied": false, "subreddit_id": "t5_2vpth", "author_name": "Portgas", "author_id": "7kc75", "subreddit_name": "frozen"}, {"body": "[Source](http://www.pixiv.net/member_illust.php?mode=medium&illust_id=41990227)", "created_utc": 1394119893.0, "distinguished": null, "edited": false, "id": "cfvvjvo", "is_submitter": true, "link_id": "t3_1zq3gf", "parent_id": "t3_1zq3gf", "permalink": "/r/Frozen/comments/1zq3gf/throne_of_the_frozen_queen/cfvvjvo/", "score": 7, "stickied": false, "subreddit_id": "t5_2vpth", "author_name": "teffhk", "author_id": "dyxc8", "subreddit_name": "frozen"}, {"body": "Totally OOC but so awesome.", "created_utc": 1394125276.0, "distinguished": null, "edited": false, "id": "cfvxx3x", "is_submitter": false, "link_id": "t3_1zq3gf", "parent_id": "t3_1zq3gf", "permalink": "/r/Frozen/comments/1zq3gf/throne_of_the_frozen_queen/cfvxx3x/", "score": 9, "stickied": false, "subreddit_id": "t5_2vpth", "author_name": "MotherCanada", "author_id": "4qccj", "subreddit_name": "frozen"}, {"body": "You know I always wondered what she would eat, drink, and where should would use the restroom.", "created_utc": 1394127334.0, "distinguished": null, "edited": false, "id": "cfvyvwr", "is_submitter": false, "link_id": "t3_1zq3gf", "parent_id": "t3_1zq3gf", "permalink": "/r/Frozen/comments/1zq3gf/throne_of_the_frozen_queen/cfvyvwr/", "score": 4, "stickied": false, "subreddit_id": "t5_2vpth", "author_name": "fratticus_maximus", "author_id": "807uj", "subreddit_name": "frozen"}, {"body": "Alright, this is about to become my cellphone background.", "created_utc": 1394129042.0, "distinguished": null, "edited": false, "id": "cfvzozr", "is_submitter": false, "link_id": "t3_1zq3gf", "parent_id": "t3_1zq3gf", "permalink": "/r/Frozen/comments/1zq3gf/throne_of_the_frozen_queen/cfvzozr/", "score": 4, "stickied": false, "subreddit_id": "t5_2vpth", "author_name": "Nosferatu616", "author_id": "4lbsg", "subreddit_name": "frozen"}, {"body": "Marshmallow is wearing the crown. Hahaha! Nice touch.", "created_utc": 1394134524.0, "distinguished": null, "edited": false, "id": "cfw2byn", "is_submitter": false, "link_id": "t3_1zq3gf", "parent_id": "t3_1zq3gf", "permalink": "/r/Frozen/comments/1zq3gf/throne_of_the_frozen_queen/cfw2byn/", "score": 2, "stickied": false, "subreddit_id": "t5_2vpth", "author_name": null, "author_id": null, "subreddit_name": "frozen"}, {"body": "This piece is absolutely gorgeous. It captures Elsa's beauty, fantastic personality, and darker side all in one stunning image.", "created_utc": 1394135290.0, "distinguished": null, "edited": false, "id": "cfw2pdh", "is_submitter": false, "link_id": "t3_1zq3gf", "parent_id": "t3_1zq3gf", "permalink": "/r/Frozen/comments/1zq3gf/throne_of_the_frozen_queen/cfw2pdh/", "score": 3, "stickied": false, "subreddit_id": "t5_2vpth", "author_name": null, "author_id": null, "subreddit_name": "frozen"}, {"body": "This is gorgeous", "created_utc": 1394129300.0, "distinguished": null, "edited": false, "id": "cfvztgj", "is_submitter": false, "link_id": "t3_1zq3gf", "parent_id": "t3_1zq3gf", "permalink": "/r/Frozen/comments/1zq3gf/throne_of_the_frozen_queen/cfvztgj/", "score": 2, "stickied": false, "subreddit_id": "t5_2vpth", "author_name": "spinnerclotho", "author_id": "4o6ve", "subreddit_name": "frozen"}, {"body": "Is...is that Marshmellow in the background?", "created_utc": 1394166989.0, "distinguished": null, "edited": false, "id": "cfwh7u0", "is_submitter": false, "link_id": "t3_1zq3gf", "parent_id": "t3_1zq3gf", "permalink": "/r/Frozen/comments/1zq3gf/throne_of_the_frozen_queen/cfwh7u0/", "score": 1, "stickied": false, "subreddit_id": "t5_2vpth", "author_name": "fratticus_maximus", "author_id": "807uj", "subreddit_name": "frozen"}, {"body": "To infinity, and beyond.", "created_utc": 1394144391.0, "distinguished": null, "edited": false, "id": "cfw77bs", "is_submitter": false, "link_id": "t3_1zq3gf", "parent_id": "t1_cfvy20u", "permalink": "/r/Frozen/comments/1zq3gf/throne_of_the_frozen_queen/cfw77bs/", "score": 8, "stickied": false, "subreddit_id": "t5_2vpth", "author_name": "TareXmd", "author_id": "5iplk", "subreddit_name": "frozen"}, {"body": "She's a clever one. Men would be more than willing to kneel before her.", "created_utc": 1394156662.0, "distinguished": null, "edited": false, "id": "cfwcqyt", "is_submitter": false, "link_id": "t3_1zq3gf", "parent_id": "t1_cfvy20u", "permalink": "/r/Frozen/comments/1zq3gf/throne_of_the_frozen_queen/cfwcqyt/", "score": 4, "stickied": false, "subreddit_id": "t5_2vpth", "author_name": "Eriflee", "author_id": "8n6qs", "subreddit_name": "frozen"}, {"body": "Elsa doesn't want to rule anything, she just want to be alone and free~", "created_utc": 1394120851.0, "distinguished": null, "edited": false, "id": "cfvvy24", "is_submitter": true, "link_id": "t3_1zq3gf", "parent_id": "t1_cfvvm9w", "permalink": "/r/Frozen/comments/1zq3gf/throne_of_the_frozen_queen/cfvvy24/", "score": 29, "stickied": false, "subreddit_id": "t5_2vpth", "author_name": "teffhk", "author_id": "dyxc8", "subreddit_name": "frozen"}, {"body": "Too many Warcraft jokes, surely.", "created_utc": 1394126524.0, "distinguished": null, "edited": false, "id": "cfvyi1l", "is_submitter": false, "link_id": "t3_1zq3gf", "parent_id": "t1_cfvvm9w", "permalink": "/r/Frozen/comments/1zq3gf/throne_of_the_frozen_queen/cfvyi1l/", "score": 5, "stickied": false, "subreddit_id": "t5_2vpth", "author_name": "synthion", "author_id": "60lta", "subreddit_name": "frozen"}, {"body": "It fits with the deleted scene Evil Elsa though.", "created_utc": 1394135301.0, "distinguished": null, "edited": false, "id": "cfw2ple", "is_submitter": false, "link_id": "t3_1zq3gf", "parent_id": "t1_cfvxx3x", "permalink": "/r/Frozen/comments/1zq3gf/throne_of_the_frozen_queen/cfw2ple/", "score": 3, "stickied": false, "subreddit_id": "t5_2vpth", "author_name": "poktanju", "author_id": "4z4uc", "subreddit_name": "frozen"}, {"body": "An Ice toilet would be pretty fucking uncomfortable.", "created_utc": 1394164654.0, "distinguished": null, "edited": false, "id": "cfwg9dh", "is_submitter": false, "link_id": "t3_1zq3gf", "parent_id": "t1_cfvyvwr", "permalink": "/r/Frozen/comments/1zq3gf/throne_of_the_frozen_queen/cfwg9dh/", "score": 2, "stickied": false, "subreddit_id": "t5_2vpth", "author_name": "AdultSupervision", "author_id": "ej121", "subreddit_name": "frozen"}, {"body": "I think \"her legs\" deserve their own category. ", "created_utc": 1394167053.0, "distinguished": null, "edited": false, "id": "cfwh8qs", "is_submitter": false, "link_id": "t3_1zq3gf", "parent_id": "t1_cfw2pdh", "permalink": "/r/Frozen/comments/1zq3gf/throne_of_the_frozen_queen/cfwh8qs/", "score": 8, "stickied": false, "subreddit_id": "t5_2vpth", "author_name": "fratticus_maximus", "author_id": "807uj", "subreddit_name": "frozen"}, {"body": "All kneel the Queen!", "created_utc": 1394172561.0, "distinguished": null, "edited": false, "id": "cfwj671", "is_submitter": true, "link_id": "t3_1zq3gf", "parent_id": "t1_cfwcqyt", "permalink": "/r/Frozen/comments/1zq3gf/throne_of_the_frozen_queen/cfwj671/", "score": 1, "stickied": false, "subreddit_id": "t5_2vpth", "author_name": "teffhk", "author_id": "dyxc8", "subreddit_name": "frozen"}, {"body": "And stand forever in the palace without sitting on heels? Man that would hurt so much....", "created_utc": 1394124525.0, "distinguished": null, "edited": false, "id": "cfvxkli", "is_submitter": false, "link_id": "t3_1zq3gf", "parent_id": "t1_cfvvy24", "permalink": "/r/Frozen/comments/1zq3gf/throne_of_the_frozen_queen/cfvxkli/", "score": 6, "stickied": false, "subreddit_id": "t5_2vpth", "author_name": "IamVAcer", "author_id": "d3tyl", "subreddit_name": "frozen"}, {"body": "The Lich Queen. ", "created_utc": 1394127262.0, "distinguished": null, "edited": false, "id": "cfvyuq4", "is_submitter": false, "link_id": "t3_1zq3gf", "parent_id": "t1_cfvyi1l", "permalink": "/r/Frozen/comments/1zq3gf/throne_of_the_frozen_queen/cfvyuq4/", "score": 1, "stickied": false, "subreddit_id": "t5_2vpth", "author_name": "fratticus_maximus", "author_id": "807uj", "subreddit_name": "frozen"}, {"body": "I thought the cold didn't bother her.", "created_utc": 1394203886.0, "distinguished": null, "edited": false, "id": "cfwptb6", "is_submitter": false, "link_id": "t3_1zq3gf", "parent_id": "t1_cfwg9dh", "permalink": "/r/Frozen/comments/1zq3gf/throne_of_the_frozen_queen/cfwptb6/", "score": 2, "stickied": false, "subreddit_id": "t5_2vpth", "author_name": null, "author_id": null, "subreddit_name": "frozen"}, {"body": "LOL, I can't argue with that. She has amazing legs.", "created_utc": 1394167160.0, "distinguished": null, "edited": false, "id": "cfwha6p", "is_submitter": false, "link_id": "t3_1zq3gf", "parent_id": "t1_cfwh8qs", "permalink": "/r/Frozen/comments/1zq3gf/throne_of_the_frozen_queen/cfwha6p/", "score": 1, "stickied": false, "subreddit_id": "t5_2vpth", "author_name": null, "author_id": null, "subreddit_name": "frozen"}, {"body": "Would be funny to see her after a day in the palace gradually realizing that going without food wasn't such a great idea after all.", "created_utc": 1394179874.0, "distinguished": null, "edited": false, "id": "cfwl0ao", "is_submitter": false, "link_id": "t3_1zq3gf", "parent_id": "t1_cfvxkli", "permalink": "/r/Frozen/comments/1zq3gf/throne_of_the_frozen_queen/cfwl0ao/", "score": 2, "stickied": false, "subreddit_id": "t5_2vpth", "author_name": "Gigablah", "author_id": "4ab4q", "subreddit_name": "frozen"}, {"body": "One can wonder how a girl diets on ice", "created_utc": 1394186936.0, "distinguished": null, "edited": false, "id": "cfwm6li", "is_submitter": false, "link_id": "t3_1zq3gf", "parent_id": "t1_cfwl0ao", "permalink": "/r/Frozen/comments/1zq3gf/throne_of_the_frozen_queen/cfwm6li/", "score": 1, "stickied": false, "subreddit_id": "t5_2vpth", "author_name": "IamVAcer", "author_id": "d3tyl", "subreddit_name": "frozen"}]