{"clicked": false, "created_utc": 1394119842.0, "distinguished": null, "edited": false, "id": "1zq3gf", "is_video": false, "locked": false, "num_comments": 25, "over_18": false, "permalink": "/r/Frozen/comments/1zq3gf/throne_of_the_frozen_queen/", "score": 268, "selftext": "", "stickied": false, "subreddit_id": "t5_2vpth", "title": "Throne of the Frozen Queen", "url": "http://i.imgur.com/86vDcoh.jpg", "author_name": "teffhk", "author_id": "dyxc8", "subreddit_name": "frozen", "upvote_ratio": 0.99}