[{"body": "Seriously, how do people still find these things? It makes me feel stupid and blind...", "created_utc": 1393185418.0, "distinguished": null, "edited": false, "id": "cfmr26l", "is_submitter": false, "link_id": "t3_1ypyf4", "parent_id": "t3_1ypyf4", "permalink": "/r/Frozen/comments/1ypyf4/all_them_feels/cfmr26l/", "score": 77, "stickied": false, "subreddit_id": "t5_2vpth", "author_name": null, "author_id": null, "subreddit_name": "frozen"}, {"body": "I think it might be a mistake... Anna had the two dolls later in the scene.", "created_utc": 1393186713.0, "distinguished": null, "edited": false, "id": "cfmrmht", "is_submitter": false, "link_id": "t3_1ypyf4", "parent_id": "t3_1ypyf4", "permalink": "/r/Frozen/comments/1ypyf4/all_them_feels/cfmrmht/", "score": 28, "stickied": false, "subreddit_id": "t5_2vpth", "author_name": "TeleVue", "author_id": "f5kuq", "subreddit_name": "frozen"}, {"body": "All the little details are absolutely amazing.", "created_utc": 1393185977.0, "distinguished": null, "edited": false, "id": "cfmraxz", "is_submitter": false, "link_id": "t3_1ypyf4", "parent_id": "t3_1ypyf4", "permalink": "/r/Frozen/comments/1ypyf4/all_them_feels/cfmraxz/", "score": 9, "stickied": false, "subreddit_id": "t5_2vpth", "author_name": null, "author_id": null, "subreddit_name": "frozen"}, {"body": "http://imgur.com/gallery/w8fIA\n\nThis seems relevant. Great catch to whoever found this and thanks for sharing!", "created_utc": 1393182325.0, "distinguished": null, "edited": false, "id": "cfmppr5", "is_submitter": false, "link_id": "t3_1ypyf4", "parent_id": "t3_1ypyf4", "permalink": "/r/Frozen/comments/1ypyf4/all_them_feels/cfmppr5/", "score": 21, "stickied": false, "subreddit_id": "t5_2vpth", "author_name": "YourAverageAnon", "author_id": "fbi3z", "subreddit_name": "frozen"}, {"body": "~We used to be best buddies, and now we're not. I wish you would tell me why!~ T.T", "created_utc": 1393204233.0, "distinguished": null, "edited": false, "id": "cfmz9xz", "is_submitter": false, "link_id": "t3_1ypyf4", "parent_id": "t3_1ypyf4", "permalink": "/r/Frozen/comments/1ypyf4/all_them_feels/cfmz9xz/", "score": 6, "stickied": false, "subreddit_id": "t5_2vpth", "author_name": "teffhk", "author_id": "dyxc8", "subreddit_name": "frozen"}, {"body": "What scene was this shared bedroom in the movie ? I don't remember that room at all", "created_utc": 1393196186.0, "distinguished": null, "edited": false, "id": "cfmvrpr", "is_submitter": false, "link_id": "t3_1ypyf4", "parent_id": "t3_1ypyf4", "permalink": "/r/Frozen/comments/1ypyf4/all_them_feels/cfmvrpr/", "score": 5, "stickied": false, "subreddit_id": "t5_2vpth", "author_name": "IHateDumbUsernames", "author_id": "ekgo4", "subreddit_name": "frozen"}, {"body": "This actually made me tear up.", "created_utc": 1393186947.0, "distinguished": null, "edited": false, "id": "cfmrq7z", "is_submitter": false, "link_id": "t3_1ypyf4", "parent_id": "t3_1ypyf4", "permalink": "/r/Frozen/comments/1ypyf4/all_them_feels/cfmrq7z/", "score": 3, "stickied": false, "subreddit_id": "t5_2vpth", "author_name": "Carramell", "author_id": "5wq4y", "subreddit_name": "frozen"}, {"body": "Frozen why you do this to me", "created_utc": 1393190227.0, "distinguished": null, "edited": false, "id": "cfmt51f", "is_submitter": false, "link_id": "t3_1ypyf4", "parent_id": "t3_1ypyf4", "permalink": "/r/Frozen/comments/1ypyf4/all_them_feels/cfmt51f/", "score": 3, "stickied": false, "subreddit_id": "t5_2vpth", "author_name": "FelixBlue", "author_id": "fca2h", "subreddit_name": "frozen"}, {"body": "Okay soon someone's gonna have to make a compliation of all the small details in the movie. It amazes me how there's still many little details out there", "created_utc": 1393191850.0, "distinguished": null, "edited": false, "id": "cfmtui9", "is_submitter": false, "link_id": "t3_1ypyf4", "parent_id": "t3_1ypyf4", "permalink": "/r/Frozen/comments/1ypyf4/all_them_feels/cfmtui9/", "score": 3, "stickied": false, "subreddit_id": "t5_2vpth", "author_name": "TheKing0fLimbs", "author_id": "d03e0", "subreddit_name": "frozen"}, {"body": "it's too much! damn it, Disney, you magnificent bastards!", "created_utc": 1393186794.0, "distinguished": null, "edited": false, "id": "cfmrnsp", "is_submitter": false, "link_id": "t3_1ypyf4", "parent_id": "t3_1ypyf4", "permalink": "/r/Frozen/comments/1ypyf4/all_them_feels/cfmrnsp/", "score": 2, "stickied": false, "subreddit_id": "t5_2vpth", "author_name": "MyNameIsBobH111", "author_id": "c6xq5", "subreddit_name": "frozen"}, {"body": "Mah feels! *cries*", "created_utc": 1393191658.0, "distinguished": null, "edited": false, "id": "cfmtrel", "is_submitter": false, "link_id": "t3_1ypyf4", "parent_id": "t3_1ypyf4", "permalink": "/r/Frozen/comments/1ypyf4/all_them_feels/cfmtrel/", "score": 2, "stickied": false, "subreddit_id": "t5_2vpth", "author_name": "lq13", "author_id": "fblf7", "subreddit_name": "frozen"}, {"body": "my feels are dead", "created_utc": 1393215095.0, "distinguished": null, "edited": false, "id": "cfn4fuk", "is_submitter": false, "link_id": "t3_1ypyf4", "parent_id": "t3_1ypyf4", "permalink": "/r/Frozen/comments/1ypyf4/all_them_feels/cfn4fuk/", "score": 2, "stickied": false, "subreddit_id": "t5_2vpth", "author_name": "BigTeho", "author_id": "ff4o8", "subreddit_name": "frozen"}, {"body": "Why must you hurt me in this way?", "created_utc": 1393216288.0, "distinguished": null, "edited": false, "id": "cfn4zce", "is_submitter": false, "link_id": "t3_1ypyf4", "parent_id": "t3_1ypyf4", "permalink": "/r/Frozen/comments/1ypyf4/all_them_feels/cfn4zce/", "score": 2, "stickied": false, "subreddit_id": "t5_2vpth", "author_name": "Zephusa", "author_id": "cq16a", "subreddit_name": "frozen"}, {"body": "I don't understand, where did the shot of the room come from? Did I miss the first few seconds of the movie? I don't remember seeing this...", "created_utc": 1393224900.0, "distinguished": null, "edited": false, "id": "cfn85ts", "is_submitter": false, "link_id": "t3_1ypyf4", "parent_id": "t3_1ypyf4", "permalink": "/r/Frozen/comments/1ypyf4/all_them_feels/cfn85ts/", "score": 1, "stickied": false, "subreddit_id": "t5_2vpth", "author_name": "bejouled", "author_id": "8uww5", "subreddit_name": "frozen"}, {"body": "Hnnnng\n", "created_utc": 1395346081.0, "distinguished": null, "edited": false, "id": "cg7nyoz", "is_submitter": false, "link_id": "t3_1ypyf4", "parent_id": "t3_1ypyf4", "permalink": "/r/Frozen/comments/1ypyf4/all_them_feels/cg7nyoz/", "score": 1, "stickied": false, "subreddit_id": "t5_2vpth", "author_name": "Garytang8597", "author_id": "fq3l2", "subreddit_name": "frozen"}, {"body": "Just when you think there's nothing else left to find, something like this comes along, it makes me wonder what else there is still yet to be found.", "created_utc": 1393187246.0, "distinguished": null, "edited": false, "id": "cfmrush", "is_submitter": false, "link_id": "t3_1ypyf4", "parent_id": "t1_cfmr26l", "permalink": "/r/Frozen/comments/1ypyf4/all_them_feels/cfmrush/", "score": 32, "stickied": false, "subreddit_id": "t5_2vpth", "author_name": "Phaulty", "author_id": "5x95b", "subreddit_name": "frozen"}, {"body": "the amount of detail in this movie is astounding", "created_utc": 1393195926.0, "distinguished": null, "edited": false, "id": "cfmvncm", "is_submitter": false, "link_id": "t3_1ypyf4", "parent_id": "t1_cfmr26l", "permalink": "/r/Frozen/comments/1ypyf4/all_them_feels/cfmvncm/", "score": 26, "stickied": false, "subreddit_id": "t5_2vpth", "author_name": "baconbroth", "author_id": "cidv2", "subreddit_name": "frozen"}, {"body": "Ya, Anna does have both dolls during \"Do you want to build a snowman?\", but I like to think that Elsa took it ;)", "created_utc": 1393187009.0, "distinguished": null, "edited": false, "id": "cfmrr6u", "is_submitter": false, "link_id": "t3_1ypyf4", "parent_id": "t1_cfmrmht", "permalink": "/r/Frozen/comments/1ypyf4/all_them_feels/cfmrr6u/", "score": 17, "stickied": false, "subreddit_id": "t5_2vpth", "author_name": "YourAverageAnon", "author_id": "fbi3z", "subreddit_name": "frozen"}, {"body": "It looks like in both pictures there is another Anna doll laying a foot or so away from the Elsa doll, showing two Anna dolls in the firsypicture.", "created_utc": 1393198000.0, "distinguished": null, "edited": false, "id": "cfmwkql", "is_submitter": false, "link_id": "t3_1ypyf4", "parent_id": "t1_cfmrmht", "permalink": "/r/Frozen/comments/1ypyf4/all_them_feels/cfmwkql/", "score": 8, "stickied": false, "subreddit_id": "t5_2vpth", "author_name": "MrDustibear", "author_id": "7su27", "subreddit_name": "frozen"}, {"body": "I can't figure out what that is from, can you help?", "created_utc": 1393192453.0, "distinguished": null, "edited": false, "id": "cfmu42o", "is_submitter": false, "link_id": "t3_1ypyf4", "parent_id": "t1_cfmppr5", "permalink": "/r/Frozen/comments/1ypyf4/all_them_feels/cfmu42o/", "score": 6, "stickied": false, "subreddit_id": "t5_2vpth", "author_name": null, "author_id": null, "subreddit_name": "frozen"}, {"body": "> ings? It makes me feel stupid and blind...\n\nAll I can think about when seeing this gif is the King scene from Tangled...\n\n", "created_utc": 1393206984.0, "distinguished": null, "edited": false, "id": "cfn0ix3", "is_submitter": false, "link_id": "t3_1ypyf4", "parent_id": "t1_cfmppr5", "permalink": "/r/Frozen/comments/1ypyf4/all_them_feels/cfn0ix3/", "score": 3, "stickied": false, "subreddit_id": "t5_2vpth", "author_name": "foan", "author_id": "6ppql", "subreddit_name": "frozen"}, {"body": "Right after the first troll scene and right before Do You Wanna Build A Snowman, I'm pretty sure.", "created_utc": 1393218979.0, "distinguished": null, "edited": false, "id": "cfn6472", "is_submitter": false, "link_id": "t3_1ypyf4", "parent_id": "t1_cfmvrpr", "permalink": "/r/Frozen/comments/1ypyf4/all_them_feels/cfn6472/", "score": 3, "stickied": false, "subreddit_id": "t5_2vpth", "author_name": "Swoove", "author_id": "7w825", "subreddit_name": "frozen"}, {"body": "It's during Do You Want to Build a Snowman, when they show Elsa moving out. ", "created_utc": 1393251846.0, "distinguished": null, "edited": false, "id": "cfndqka", "is_submitter": false, "link_id": "t3_1ypyf4", "parent_id": "t1_cfn85ts", "permalink": "/r/Frozen/comments/1ypyf4/all_them_feels/cfndqka/", "score": 1, "stickied": false, "subreddit_id": "t5_2vpth", "author_name": "iamsofreakinbored", "author_id": "667le", "subreddit_name": "frozen"}, {"body": "I notice in the shot above too that the fireplace is very clearly on Anna's side of the room.  Elsa wouldn't need to be near it.", "created_utc": 1393256176.0, "distinguished": null, "edited": false, "id": "cfnf8gm", "is_submitter": false, "link_id": "t3_1ypyf4", "parent_id": "t1_cfmvncm", "permalink": "/r/Frozen/comments/1ypyf4/all_them_feels/cfnf8gm/", "score": 19, "stickied": false, "subreddit_id": "t5_2vpth", "author_name": "WileECyrus", "author_id": "43u86", "subreddit_name": "frozen"}, {"body": "Maybe Elsa wanted to take it out but left it behind, and once she realized she didn't have it she asked the staff to get it for her.", "created_utc": 1393189346.0, "distinguished": null, "edited": false, "id": "cfmsr44", "is_submitter": false, "link_id": "t3_1ypyf4", "parent_id": "t1_cfmrr6u", "permalink": "/r/Frozen/comments/1ypyf4/all_them_feels/cfmsr44/", "score": 5, "stickied": false, "subreddit_id": "t5_2vpth", "author_name": null, "author_id": null, "subreddit_name": "frozen"}, {"body": "Spirited Away.", "created_utc": 1393193328.0, "distinguished": null, "edited": false, "id": "cfmui1b", "is_submitter": false, "link_id": "t3_1ypyf4", "parent_id": "t1_cfmu42o", "permalink": "/r/Frozen/comments/1ypyf4/all_them_feels/cfmui1b/", "score": 12, "stickied": false, "subreddit_id": "t5_2vpth", "author_name": "ryukman1", "author_id": "77v68", "subreddit_name": "frozen"}, {"body": "But didn't Do You Want to Build a Snowman start with Anna knocking on Elsa's door, thereby indicating that she had already moved out? Or did this shot happen when the King and Queen were talking about what they would do to keep their daughters safe (like limiting the staff)?", "created_utc": 1393259794.0, "distinguished": null, "edited": false, "id": "cfngqct", "is_submitter": false, "link_id": "t3_1ypyf4", "parent_id": "t1_cfndqka", "permalink": "/r/Frozen/comments/1ypyf4/all_them_feels/cfngqct/", "score": 2, "stickied": false, "subreddit_id": "t5_2vpth", "author_name": "bejouled", "author_id": "8uww5", "subreddit_name": "frozen"}, {"body": "Thx", "created_utc": 1393194007.0, "distinguished": null, "edited": false, "id": "cfmuspn", "is_submitter": false, "link_id": "t3_1ypyf4", "parent_id": "t1_cfmui1b", "permalink": "/r/Frozen/comments/1ypyf4/all_them_feels/cfmuspn/", "score": 3, "stickied": false, "subreddit_id": "t5_2vpth", "author_name": null, "author_id": null, "subreddit_name": "frozen"}, {"body": "Oh right! It was while the King was talking. Sooo, it was before Do You To Build a Snowman haha. Sorry, my bad :)", "created_utc": 1393311904.0, "distinguished": null, "edited": false, "id": "cfo4ons", "is_submitter": false, "link_id": "t3_1ypyf4", "parent_id": "t1_cfngqct", "permalink": "/r/Frozen/comments/1ypyf4/all_them_feels/cfo4ons/", "score": 2, "stickied": false, "subreddit_id": "t5_2vpth", "author_name": "iamsofreakinbored", "author_id": "667le", "subreddit_name": "frozen"}]