[{"body": "I just love the jumpy way Elsa runs.", "created_utc": 1392860148.0, "distinguished": null, "edited": false, "id": "cfjr0w0", "is_submitter": false, "link_id": "t3_1ydnbr", "parent_id": "t3_1ydnbr", "permalink": "/r/Frozen/comments/1ydnbr/you_cant_win_at_her_own_game/cfjr0w0/", "score": 9, "stickied": false, "subreddit_id": "t5_2vpth", "author_name": "Wintress", "author_id": "esuim", "subreddit_name": "frozen"}, {"body": "cute", "created_utc": 1392847126.0, "distinguished": null, "edited": false, "id": "cfjkpfc", "is_submitter": false, "link_id": "t3_1ydnbr", "parent_id": "t3_1ydnbr", "permalink": "/r/Frozen/comments/1ydnbr/you_cant_win_at_her_own_game/cfjkpfc/", "score": 4, "stickied": false, "subreddit_id": "t5_2vpth", "author_name": null, "author_id": null, "subreddit_name": "frozen"}, {"body": "i dunno a snowball thrown like that to the face might hurt :) of course depends how compacted it is... poor elsa", "created_utc": 1392847653.0, "distinguished": null, "edited": false, "id": "cfjkzjr", "is_submitter": false, "link_id": "t3_1ydnbr", "parent_id": "t3_1ydnbr", "permalink": "/r/Frozen/comments/1ydnbr/you_cant_win_at_her_own_game/cfjkzjr/", "score": 5, "stickied": false, "subreddit_id": "t5_2vpth", "author_name": "bobfong360", "author_id": "f3uux", "subreddit_name": "frozen"}, {"body": "I love this so much.", "created_utc": 1392872646.0, "distinguished": null, "edited": false, "id": "cfjwnx8", "is_submitter": false, "link_id": "t3_1ydnbr", "parent_id": "t3_1ydnbr", "permalink": "/r/Frozen/comments/1ydnbr/you_cant_win_at_her_own_game/cfjwnx8/", "score": 3, "stickied": false, "subreddit_id": "t5_2vpth", "author_name": "XLightThief", "author_id": "5o80b", "subreddit_name": "frozen"}, {"body": "[deleted]", "created_utc": 1392863395.0, "distinguished": null, "edited": false, "id": "cfjsjq6", "is_submitter": false, "link_id": "t3_1ydnbr", "parent_id": "t3_1ydnbr", "permalink": "/r/Frozen/comments/1ydnbr/you_cant_win_at_her_own_game/cfjsjq6/", "score": 3, "stickied": false, "subreddit_id": "t5_2vpth", "author_name": null, "author_id": null, "subreddit_name": "frozen"}, {"body": "Elsa runs well for a girl in heels.", "created_utc": 1392914470.0, "distinguished": null, "edited": false, "id": "cfk7pqm", "is_submitter": false, "link_id": "t3_1ydnbr", "parent_id": "t3_1ydnbr", "permalink": "/r/Frozen/comments/1ydnbr/you_cant_win_at_her_own_game/cfk7pqm/", "score": 1, "stickied": false, "subreddit_id": "t5_2vpth", "author_name": "Ysara", "author_id": "6yr3q", "subreddit_name": "frozen"}, {"body": "Woah, calm down there, Ms. Feisty Pants... ", "created_utc": 1392916744.0, "distinguished": null, "edited": false, "id": "cfk8sdg", "is_submitter": false, "link_id": "t3_1ydnbr", "parent_id": "t3_1ydnbr", "permalink": "/r/Frozen/comments/1ydnbr/you_cant_win_at_her_own_game/cfk8sdg/", "score": 1, "stickied": false, "subreddit_id": "t5_2vpth", "author_name": "Kalmanation", "author_id": "a70ib", "subreddit_name": "frozen"}, {"body": "I was gonna say, she's kind of booking it for being in heels!", "created_utc": 1392861272.0, "distinguished": null, "edited": false, "id": "cfjrk0u", "is_submitter": false, "link_id": "t3_1ydnbr", "parent_id": "t1_cfjr0w0", "permalink": "/r/Frozen/comments/1ydnbr/you_cant_win_at_her_own_game/cfjrk0u/", "score": 4, "stickied": false, "subreddit_id": "t5_2vpth", "author_name": "RidiculousPartner", "author_id": "b1nj0", "subreddit_name": "frozen"}, {"body": "Oh my god that's all I can see now.", "created_utc": 1392880902.0, "distinguished": null, "edited": false, "id": "cfjzdoi", "is_submitter": false, "link_id": "t3_1ydnbr", "parent_id": "t1_cfjr0w0", "permalink": "/r/Frozen/comments/1ydnbr/you_cant_win_at_her_own_game/cfjzdoi/", "score": 1, "stickied": false, "subreddit_id": "t5_2vpth", "author_name": null, "author_id": null, "subreddit_name": "frozen"}, {"body": "I'm sure she's fine with flat ground... She takes ice steps two at a time in the movie when Hans and crew show up.", "created_utc": 1392868499.0, "distinguished": null, "edited": false, "id": "cfjuw5l", "is_submitter": false, "link_id": "t3_1ydnbr", "parent_id": "t1_cfjrk0u", "permalink": "/r/Frozen/comments/1ydnbr/you_cant_win_at_her_own_game/cfjuw5l/", "score": 6, "stickied": false, "subreddit_id": "t5_2vpth", "author_name": "damocles2501", "author_id": "d3wqx", "subreddit_name": "frozen"}, {"body": "What a rookie, I take stairs three to four at a time.", "created_utc": 1392878603.0, "distinguished": null, "edited": false, "id": "cfjyre5", "is_submitter": false, "link_id": "t3_1ydnbr", "parent_id": "t1_cfjuw5l", "permalink": "/r/Frozen/comments/1ydnbr/you_cant_win_at_her_own_game/cfjyre5/", "score": 0, "stickied": false, "subreddit_id": "t5_2vpth", "author_name": "icefire4114", "author_id": "a6z6f", "subreddit_name": "frozen"}]