{"clicked": false, "created_utc": 1392845633.0, "distinguished": null, "edited": false, "id": "1ydnbr", "is_video": false, "locked": false, "num_comments": 10, "over_18": false, "permalink": "/r/Frozen/comments/1ydnbr/you_cant_win_at_her_own_game/", "score": 135, "selftext": "", "stickied": false, "subreddit_id": "t5_2vpth", "title": "You can't win at her own game", "url": "http://imgur.com/a/WAMqU", "author_name": "loopuleasa", "author_id": "4josc", "subreddit_name": "frozen", "upvote_ratio": 0.96}