[{"body": "I always knew she is \"special\"", "created_utc": 1392249604.0, "distinguished": null, "edited": false, "id": "cfdvv6s", "is_submitter": false, "link_id": "t3_1xr3k3", "parent_id": "t3_1xr3k3", "permalink": "/r/Frozen/comments/1xr3k3/i_dont_even_know_why/cfdvv6s/", "score": 15, "stickied": false, "subreddit_id": "t5_2vpth", "author_name": "simien05", "author_id": "d9qj1", "subreddit_name": "frozen"}, {"body": "For some reason i find it incredibly funny", "created_utc": 1392249141.0, "distinguished": null, "edited": false, "id": "cfdvnmg", "is_submitter": false, "link_id": "t3_1xr3k3", "parent_id": "t3_1xr3k3", "permalink": "/r/Frozen/comments/1xr3k3/i_dont_even_know_why/cfdvnmg/", "score": 20, "stickied": false, "subreddit_id": "t5_2vpth", "author_name": "Portgas", "author_id": "7kc75", "subreddit_name": "frozen"}, {"body": "Got headshot with an ice blast, trolls erased her memory, isolated for 13 years, got struck in the heart with an ice blast, fell 200 feet, got her heart broken, and froze to death. \n\nYup, that's bound to do some brain damage or psychological trauma. ", "created_utc": 1392281855.0, "distinguished": null, "edited": false, "id": "cfe7otj", "is_submitter": false, "link_id": "t3_1xr3k3", "parent_id": "t3_1xr3k3", "permalink": "/r/Frozen/comments/1xr3k3/i_dont_even_know_why/cfe7otj/", "score": 10, "stickied": false, "subreddit_id": "t5_2vpth", "author_name": "ares623", "author_id": "3mbae", "subreddit_name": "frozen"}, {"body": "Not even the lip bite can distract from that.", "created_utc": 1392252212.0, "distinguished": null, "edited": false, "id": "cfdx0lq", "is_submitter": false, "link_id": "t3_1xr3k3", "parent_id": "t3_1xr3k3", "permalink": "/r/Frozen/comments/1xr3k3/i_dont_even_know_why/cfdx0lq/", "score": 7, "stickied": false, "subreddit_id": "t5_2vpth", "author_name": "Phaulty", "author_id": "5x95b", "subreddit_name": "frozen"}, {"body": "gah.. that one just freeks me out", "created_utc": 1392248524.0, "distinguished": null, "edited": false, "id": "cfdvdn6", "is_submitter": false, "link_id": "t3_1xr3k3", "parent_id": "t3_1xr3k3", "permalink": "/r/Frozen/comments/1xr3k3/i_dont_even_know_why/cfdvdn6/", "score": 13, "stickied": false, "subreddit_id": "t5_2vpth", "author_name": "gdkitty", "author_id": "8payt", "subreddit_name": "frozen"}, {"body": "Does anyone have the original .gif? I've been looking for it everywhere. The one I'm looking for is a few seconds longer than this one too. ", "created_utc": 1392318768.0, "distinguished": null, "edited": false, "id": "cfej003", "is_submitter": false, "link_id": "t3_1xr3k3", "parent_id": "t3_1xr3k3", "permalink": "/r/Frozen/comments/1xr3k3/i_dont_even_know_why/cfej003/", "score": 2, "stickied": false, "subreddit_id": "t5_2vpth", "author_name": "tdt0005", "author_id": "66uex", "subreddit_name": "frozen"}, {"body": "1. On a scale from 1 to \"can't-open-a-door\"-idiocy, where do you see yourself?\n2. Is your idiocy self-inflicted or were you born like this?\u00a8\n3. I like your picture. And your name. ", "created_utc": 1392278882.0, "distinguished": null, "edited": false, "id": "cfe73k7", "is_submitter": false, "link_id": "t3_1xr3k3", "parent_id": "t3_1xr3k3", "permalink": "/r/Frozen/comments/1xr3k3/i_dont_even_know_why/cfe73k7/", "score": 5, "stickied": false, "subreddit_id": "t5_2vpth", "author_name": "OniWeird", "author_id": "9eg6p", "subreddit_name": "frozen"}, {"body": "Wat", "created_utc": 1392249241.0, "distinguished": null, "edited": false, "id": "cfdvp7s", "is_submitter": false, "link_id": "t3_1xr3k3", "parent_id": "t3_1xr3k3", "permalink": "/r/Frozen/comments/1xr3k3/i_dont_even_know_why/cfdvp7s/", "score": 1, "stickied": false, "subreddit_id": "t5_2vpth", "author_name": "KaptainK27", "author_id": "f0vwg", "subreddit_name": "frozen"}, {"body": "Dafuq....", "created_utc": 1392253935.0, "distinguished": null, "edited": false, "id": "cfdxr88", "is_submitter": false, "link_id": "t3_1xr3k3", "parent_id": "t3_1xr3k3", "permalink": "/r/Frozen/comments/1xr3k3/i_dont_even_know_why/cfdxr88/", "score": 1, "stickied": false, "subreddit_id": "t5_2vpth", "author_name": "IamVAcer", "author_id": "d3tyl", "subreddit_name": "frozen"}, {"body": "y u do dis to me :(", "created_utc": 1392268599.0, "distinguished": null, "edited": false, "id": "cfe43q2", "is_submitter": false, "link_id": "t3_1xr3k3", "parent_id": "t3_1xr3k3", "permalink": "/r/Frozen/comments/1xr3k3/i_dont_even_know_why/cfe43q2/", "score": 1, "stickied": false, "subreddit_id": "t5_2vpth", "author_name": "Dokbokki", "author_id": "68i7r", "subreddit_name": "frozen"}, {"body": "there was some lingering damage from being frozen... the kingdom just doesn't talk about it.", "created_utc": 1392249728.0, "distinguished": null, "edited": false, "id": "cfdvx88", "is_submitter": false, "link_id": "t3_1xr3k3", "parent_id": "t1_cfdvv6s", "permalink": "/r/Frozen/comments/1xr3k3/i_dont_even_know_why/cfdvx88/", "score": 27, "stickied": false, "subreddit_id": "t5_2vpth", "author_name": "gdkitty", "author_id": "8payt", "subreddit_name": "frozen"}, {"body": ">Born, or cursed with it?\n\n  \n\n>...Yes.", "created_utc": 1392269031.0, "distinguished": null, "edited": false, "id": "cfe49j9", "is_submitter": false, "link_id": "t3_1xr3k3", "parent_id": "t1_cfdvv6s", "permalink": "/r/Frozen/comments/1xr3k3/i_dont_even_know_why/cfe49j9/", "score": 8, "stickied": false, "subreddit_id": "t5_2vpth", "author_name": "cuteintern", "author_id": "4zttg", "subreddit_name": "frozen"}, {"body": "http://25.media.tumblr.com/046d341dbb9c9c01396728801a5baf26/tumblr_n0p2g2Yu9T1rolct3o1_500.gif", "created_utc": 1392277353.0, "distinguished": null, "edited": false, "id": "cfe6rg6", "is_submitter": false, "link_id": "t3_1xr3k3", "parent_id": "t1_cfdvnmg", "permalink": "/r/Frozen/comments/1xr3k3/i_dont_even_know_why/cfe6rg6/", "score": 22, "stickied": false, "subreddit_id": "t5_2vpth", "author_name": "JamesAQuintero", "author_id": "7gthv", "subreddit_name": "frozen"}, {"body": "And terrifying. I didn't know I could laugh while cringing.", "created_utc": 1392269296.0, "distinguished": null, "edited": false, "id": "cfe4d50", "is_submitter": false, "link_id": "t3_1xr3k3", "parent_id": "t1_cfdvnmg", "permalink": "/r/Frozen/comments/1xr3k3/i_dont_even_know_why/cfe4d50/", "score": 6, "stickied": false, "subreddit_id": "t5_2vpth", "author_name": "Herra_Ratatoskr", "author_id": "42kpq", "subreddit_name": "frozen"}, {"body": "Damn, you just made her side of the story extra sad.", "created_utc": 1392290614.0, "distinguished": null, "edited": false, "id": "cfe92zp", "is_submitter": true, "link_id": "t3_1xr3k3", "parent_id": "t1_cfe7otj", "permalink": "/r/Frozen/comments/1xr3k3/i_dont_even_know_why/cfe92zp/", "score": 5, "stickied": false, "subreddit_id": "t5_2vpth", "author_name": null, "author_id": null, "subreddit_name": "frozen"}, {"body": "Theres still a lip bite?", "created_utc": 1392272508.0, "distinguished": null, "edited": false, "id": "cfe5hkt", "is_submitter": false, "link_id": "t3_1xr3k3", "parent_id": "t1_cfdx0lq", "permalink": "/r/Frozen/comments/1xr3k3/i_dont_even_know_why/cfe5hkt/", "score": 3, "stickied": false, "subreddit_id": "t5_2vpth", "author_name": "tdbbode", "author_id": "73rpi", "subreddit_name": "frozen"}, {"body": "I think you mean this one? http://static3.wikia.nocookie.net/__cb20140201165229/ididntdoit/images/1/14/96781-Anna-excited-gif-Imgur-Frozen-j9Hv.gif", "created_utc": 1392318839.0, "distinguished": null, "edited": false, "id": "cfej18a", "is_submitter": true, "link_id": "t3_1xr3k3", "parent_id": "t1_cfej003", "permalink": "/r/Frozen/comments/1xr3k3/i_dont_even_know_why/cfej18a/", "score": 3, "stickied": false, "subreddit_id": "t5_2vpth", "author_name": null, "author_id": null, "subreddit_name": "frozen"}, {"body": "1. I'm not sure if 1 is supposed to mean more idiocy or less?\n\n2. Self-inflicted, totes.\n\n3. Cheers!", "created_utc": 1392290771.0, "distinguished": null, "edited": false, "id": "cfe93wc", "is_submitter": true, "link_id": "t3_1xr3k3", "parent_id": "t1_cfe73k7", "permalink": "/r/Frozen/comments/1xr3k3/i_dont_even_know_why/cfe93wc/", "score": 3, "stickied": false, "subreddit_id": "t5_2vpth", "author_name": null, "author_id": null, "subreddit_name": "frozen"}, {"body": "Probably cursed, by the trolls after Elsa shot her brain", "created_utc": 1392270410.0, "distinguished": null, "edited": false, "id": "cfe4ru7", "is_submitter": false, "link_id": "t3_1xr3k3", "parent_id": "t1_cfe49j9", "permalink": "/r/Frozen/comments/1xr3k3/i_dont_even_know_why/cfe4ru7/", "score": 2, "stickied": false, "subreddit_id": "t5_2vpth", "author_name": "IamVAcer", "author_id": "d3tyl", "subreddit_name": "frozen"}, {"body": "amazing", "created_utc": 1392286375.0, "distinguished": null, "edited": false, "id": "cfe8g3c", "is_submitter": false, "link_id": "t3_1xr3k3", "parent_id": "t1_cfe6rg6", "permalink": "/r/Frozen/comments/1xr3k3/i_dont_even_know_why/cfe8g3c/", "score": 9, "stickied": false, "subreddit_id": "t5_2vpth", "author_name": "Portgas", "author_id": "7kc75", "subreddit_name": "frozen"}, {"body": "I just laughed out loud and people are looking at me strange.", "created_utc": 1392290669.0, "distinguished": null, "edited": false, "id": "cfe93am", "is_submitter": true, "link_id": "t3_1xr3k3", "parent_id": "t1_cfe6rg6", "permalink": "/r/Frozen/comments/1xr3k3/i_dont_even_know_why/cfe93am/", "score": 8, "stickied": false, "subreddit_id": "t5_2vpth", "author_name": null, "author_id": null, "subreddit_name": "frozen"}, {"body": "That would be the one. Thank you!", "created_utc": 1392320400.0, "distinguished": null, "edited": false, "id": "cfejsit", "is_submitter": false, "link_id": "t3_1xr3k3", "parent_id": "t1_cfej18a", "permalink": "/r/Frozen/comments/1xr3k3/i_dont_even_know_why/cfejsit/", "score": 2, "stickied": false, "subreddit_id": "t5_2vpth", "author_name": "tdt0005", "author_id": "66uex", "subreddit_name": "frozen"}]