[{"body": "[deleted]", "created_utc": 1393942978.0, "distinguished": null, "edited": false, "id": "cfu2vll", "is_submitter": false, "link_id": "t3_1ziqrf", "parent_id": "t3_1ziqrf", "permalink": "/r/Frozen/comments/1ziqrf/ive_been_through_this_ride_before_and_i_must_warn/cfu2vll/", "score": 39, "stickied": false, "subreddit_id": "t5_2vpth", "author_name": null, "author_id": null, "subreddit_name": "frozen"}, {"body": "No.. no it doesn't.", "created_utc": 1393931883.0, "distinguished": null, "edited": false, "id": "cfu0j1v", "is_submitter": false, "link_id": "t3_1ziqrf", "parent_id": "t3_1ziqrf", "permalink": "/r/Frozen/comments/1ziqrf/ive_been_through_this_ride_before_and_i_must_warn/cfu0j1v/", "score": 23, "stickied": false, "subreddit_id": "t5_2vpth", "author_name": "damocles2501", "author_id": "d3wqx", "subreddit_name": "frozen"}, {"body": "> \"We're small, but we have some fanart and fanfics.\"\n\nThat's how I like it. I actually don't want this sub to get too big. Fandoms tend to fall all over the place when they get to be too big. That being said, I don't expect it to since Frozen is only a single movie at the moment.", "created_utc": 1393938181.0, "distinguished": null, "edited": false, "id": "cfu1n2j", "is_submitter": false, "link_id": "t3_1ziqrf", "parent_id": "t3_1ziqrf", "permalink": "/r/Frozen/comments/1ziqrf/ive_been_through_this_ride_before_and_i_must_warn/cfu1n2j/", "score": 21, "stickied": false, "subreddit_id": "t5_2vpth", "author_name": null, "author_id": null, "subreddit_name": "frozen"}, {"body": "Serious question now, how do I actually move on ? It's perhaps the best movie I've ever seen, but I really would like to stop thinking about it...", "created_utc": 1393944842.0, "distinguished": null, "edited": false, "id": "cfu3hui", "is_submitter": false, "link_id": "t3_1ziqrf", "parent_id": "t3_1ziqrf", "permalink": "/r/Frozen/comments/1ziqrf/ive_been_through_this_ride_before_and_i_must_warn/cfu3hui/", "score": 5, "stickied": false, "subreddit_id": "t5_2vpth", "author_name": "Supres", "author_id": "fhx8b", "subreddit_name": "frozen"}, {"body": "It never ends. Thankfully the Frozen fandom is awesome and not crazy. (Side eyeing some Tumblr fandoms right now...)", "created_utc": 1393949485.0, "distinguished": null, "edited": false, "id": "cfu59aa", "is_submitter": false, "link_id": "t3_1ziqrf", "parent_id": "t3_1ziqrf", "permalink": "/r/Frozen/comments/1ziqrf/ive_been_through_this_ride_before_and_i_must_warn/cfu59aa/", "score": 6, "stickied": false, "subreddit_id": "t5_2vpth", "author_name": "drunkcersei", "author_id": "8xy4g", "subreddit_name": "frozen"}, {"body": "Tiptoe thru the tulips...", "created_utc": 1394059601.0, "distinguished": null, "edited": false, "id": "cfvclqa", "is_submitter": false, "link_id": "t3_1ziqrf", "parent_id": "t3_1ziqrf", "permalink": "/r/Frozen/comments/1ziqrf/ive_been_through_this_ride_before_and_i_must_warn/cfvclqa/", "score": 2, "stickied": false, "subreddit_id": "t5_2vpth", "author_name": "Guild_Navigator", "author_id": "6v5xw", "subreddit_name": "frozen"}, {"body": "well that's fucking disturbing.", "created_utc": 1393935612.0, "distinguished": null, "edited": false, "id": "cfu14z5", "is_submitter": false, "link_id": "t3_1ziqrf", "parent_id": "t3_1ziqrf", "permalink": "/r/Frozen/comments/1ziqrf/ive_been_through_this_ride_before_and_i_must_warn/cfu14z5/", "score": -3, "stickied": false, "subreddit_id": "t5_2vpth", "author_name": "NotSayingJustSaying", "author_id": "4cvjk", "subreddit_name": "frozen"}, {"body": "I've seen some plants do that to insects", "created_utc": 1393943075.0, "distinguished": null, "edited": false, "id": "cfu2wqd", "is_submitter": true, "link_id": "t3_1ziqrf", "parent_id": "t1_cfu2vll", "permalink": "/r/Frozen/comments/1ziqrf/ive_been_through_this_ride_before_and_i_must_warn/cfu2wqd/", "score": 9, "stickied": false, "subreddit_id": "t5_2vpth", "author_name": "loopuleasa", "author_id": "4josc", "subreddit_name": "frozen"}, {"body": "Joke's on you, I've already left my life in /r/mylittlepony.", "created_utc": 1395008265.0, "distinguished": null, "edited": false, "id": "cg49n6v", "is_submitter": false, "link_id": "t3_1ziqrf", "parent_id": "t1_cfu2vll", "permalink": "/r/Frozen/comments/1ziqrf/ive_been_through_this_ride_before_and_i_must_warn/cg49n6v/", "score": 2, "stickied": false, "subreddit_id": "t5_2vpth", "author_name": "Garrosh", "author_id": "4j12b", "subreddit_name": "frozen"}, {"body": "And, honestly, i don't want it to", "created_utc": 1393932147.0, "distinguished": null, "edited": false, "id": "cfu0kk4", "is_submitter": false, "link_id": "t3_1ziqrf", "parent_id": "t1_cfu0j1v", "permalink": "/r/Frozen/comments/1ziqrf/ive_been_through_this_ride_before_and_i_must_warn/cfu0kk4/", "score": 28, "stickied": false, "subreddit_id": "t5_2vpth", "author_name": "Portgas", "author_id": "7kc75", "subreddit_name": "frozen"}, {"body": "> at the moment", "created_utc": 1393940097.0, "distinguished": null, "edited": false, "id": "cfu22yf", "is_submitter": false, "link_id": "t3_1ziqrf", "parent_id": "t1_cfu1n2j", "permalink": "/r/Frozen/comments/1ziqrf/ive_been_through_this_ride_before_and_i_must_warn/cfu22yf/", "score": 6, "stickied": false, "subreddit_id": "t5_2vpth", "author_name": null, "author_id": null, "subreddit_name": "frozen"}, {"body": "There are big fandoms that can maintain stability after a while.\n\nStuff like /r/mylittlepony and other show subs can stay strong with good moderation and mentality ", "created_utc": 1393942972.0, "distinguished": null, "edited": false, "id": "cfu2vjh", "is_submitter": true, "link_id": "t3_1ziqrf", "parent_id": "t1_cfu1n2j", "permalink": "/r/Frozen/comments/1ziqrf/ive_been_through_this_ride_before_and_i_must_warn/cfu2vjh/", "score": 9, "stickied": false, "subreddit_id": "t5_2vpth", "author_name": "loopuleasa", "author_id": "4josc", "subreddit_name": "frozen"}, {"body": "Just take it casually, and consume some Frozen related content from here and then. That's how most fandoms work. People just keep coming back to get their fix.\n\nJust don't overdo it and have fun I say", "created_utc": 1393948972.0, "distinguished": null, "edited": false, "id": "cfu51o2", "is_submitter": true, "link_id": "t3_1ziqrf", "parent_id": "t1_cfu3hui", "permalink": "/r/Frozen/comments/1ziqrf/ive_been_through_this_ride_before_and_i_must_warn/cfu51o2/", "score": 8, "stickied": false, "subreddit_id": "t5_2vpth", "author_name": "loopuleasa", "author_id": "4josc", "subreddit_name": "frozen"}, {"body": "I just find another fandom to get sucked into for 6 months...wait...fuck.", "created_utc": 1393952374.0, "distinguished": null, "edited": false, "id": "cfu6igg", "is_submitter": false, "link_id": "t3_1ziqrf", "parent_id": "t1_cfu3hui", "permalink": "/r/Frozen/comments/1ziqrf/ive_been_through_this_ride_before_and_i_must_warn/cfu6igg/", "score": 4, "stickied": false, "subreddit_id": "t5_2vpth", "author_name": null, "author_id": null, "subreddit_name": "frozen"}, {"body": "All fandoms are equally crazy, depending where you look.\n\nIf you've been deep enough on the Frozen tumblrverse or the chans you would understand that this fandom isn't an exception.", "created_utc": 1393951794.0, "distinguished": null, "edited": false, "id": "cfu697a", "is_submitter": true, "link_id": "t3_1ziqrf", "parent_id": "t1_cfu59aa", "permalink": "/r/Frozen/comments/1ziqrf/ive_been_through_this_ride_before_and_i_must_warn/cfu697a/", "score": 8, "stickied": false, "subreddit_id": "t5_2vpth", "author_name": "loopuleasa", "author_id": "4josc", "subreddit_name": "frozen"}, {"body": "/r/annamasterrace", "created_utc": 1393961711.0, "distinguished": null, "edited": false, "id": "cfub10r", "is_submitter": false, "link_id": "t3_1ziqrf", "parent_id": "t1_cfu59aa", "permalink": "/r/Frozen/comments/1ziqrf/ive_been_through_this_ride_before_and_i_must_warn/cfub10r/", "score": 5, "stickied": false, "subreddit_id": "t5_2vpth", "author_name": null, "author_id": null, "subreddit_name": "frozen"}, {"body": "    Rogue agent detected.\n\n    Initializing cleansing procedure.\n\n    Stability must be preserved.", "created_utc": 1393943020.0, "distinguished": null, "edited": false, "id": "cfu2w33", "is_submitter": true, "link_id": "t3_1ziqrf", "parent_id": "t1_cfu14z5", "permalink": "/r/Frozen/comments/1ziqrf/ive_been_through_this_ride_before_and_i_must_warn/cfu2w33/", "score": 26, "stickied": false, "subreddit_id": "t5_2vpth", "author_name": "loopuleasa", "author_id": "4josc", "subreddit_name": "frozen"}, {"body": "why? one of us, one of us!", "created_utc": 1393937401.0, "distinguished": null, "edited": false, "id": "cfu1haq", "is_submitter": false, "link_id": "t3_1ziqrf", "parent_id": "t1_cfu14z5", "permalink": "/r/Frozen/comments/1ziqrf/ive_been_through_this_ride_before_and_i_must_warn/cfu1haq/", "score": 13, "stickied": false, "subreddit_id": "t5_2vpth", "author_name": "teffhk", "author_id": "dyxc8", "subreddit_name": "frozen"}, {"body": "You haven't been in a fandom before have you?", "created_utc": 1393948632.0, "distinguished": null, "edited": false, "id": "cfu4wv5", "is_submitter": false, "link_id": "t3_1ziqrf", "parent_id": "t1_cfu14z5", "permalink": "/r/Frozen/comments/1ziqrf/ive_been_through_this_ride_before_and_i_must_warn/cfu4wv5/", "score": 9, "stickied": false, "subreddit_id": "t5_2vpth", "author_name": null, "author_id": null, "subreddit_name": "frozen"}, {"body": "The fact that you said it fucking disturbing is.... Fucking disturbing.. ", "created_utc": 1393945147.0, "distinguished": null, "edited": false, "id": "cfu3llc", "is_submitter": false, "link_id": "t3_1ziqrf", "parent_id": "t1_cfu14z5", "permalink": "/r/Frozen/comments/1ziqrf/ive_been_through_this_ride_before_and_i_must_warn/cfu3llc/", "score": 7, "stickied": false, "subreddit_id": "t5_2vpth", "author_name": "simien05", "author_id": "d9qj1", "subreddit_name": "frozen"}, {"body": "[deleted]", "created_utc": 1393943519.0, "distinguished": null, "edited": false, "id": "cfu31wo", "is_submitter": false, "link_id": "t3_1ziqrf", "parent_id": "t1_cfu2wqd", "permalink": "/r/Frozen/comments/1ziqrf/ive_been_through_this_ride_before_and_i_must_warn/cfu31wo/", "score": 14, "stickied": false, "subreddit_id": "t5_2vpth", "author_name": null, "author_id": null, "subreddit_name": "frozen"}, {"body": "We need to go... DEEPER", "created_utc": 1393937783.0, "distinguished": null, "edited": false, "id": "cfu1k4t", "is_submitter": false, "link_id": "t3_1ziqrf", "parent_id": "t1_cfu0kk4", "permalink": "/r/Frozen/comments/1ziqrf/ive_been_through_this_ride_before_and_i_must_warn/cfu1k4t/", "score": 12, "stickied": false, "subreddit_id": "t5_2vpth", "author_name": "teffhk", "author_id": "dyxc8", "subreddit_name": "frozen"}, {"body": "The MLP fandom got too big for me. It sort of lost its magic. That, or my fascination with it died. Also, MLP is currently on its fourth season and still going strong, so it's no surprise that the fandom is still alive. Frozen on the other hand would probably need another movie to last a while, and that'd probably just be a boost for another few years. Not that that's necessarily a bad thing. I like enjoying it while it's still around and would definitely be open to making its life last as long as we can make it.", "created_utc": 1393957714.0, "distinguished": null, "edited": false, "id": "cfu91ow", "is_submitter": false, "link_id": "t3_1ziqrf", "parent_id": "t1_cfu2vjh", "permalink": "/r/Frozen/comments/1ziqrf/ive_been_through_this_ride_before_and_i_must_warn/cfu91ow/", "score": 10, "stickied": false, "subreddit_id": "t5_2vpth", "author_name": null, "author_id": null, "subreddit_name": "frozen"}, {"body": "I do admit, I try to stay out of the crazy. \r\r\rThe SuperWhoLock bullshit is what I was mainly referencing. Also the Hannibal fandom can be realllllllly creepy. ", "created_utc": 1393952988.0, "distinguished": null, "edited": false, "id": "cfu6sd3", "is_submitter": false, "link_id": "t3_1ziqrf", "parent_id": "t1_cfu697a", "permalink": "/r/Frozen/comments/1ziqrf/ive_been_through_this_ride_before_and_i_must_warn/cfu6sd3/", "score": 4, "stickied": false, "subreddit_id": "t5_2vpth", "author_name": "drunkcersei", "author_id": "8xy4g", "subreddit_name": "frozen"}, {"body": "Hah, good catch", "created_utc": 1393943852.0, "distinguished": null, "edited": false, "id": "cfu35xf", "is_submitter": true, "link_id": "t3_1ziqrf", "parent_id": "t1_cfu31wo", "permalink": "/r/Frozen/comments/1ziqrf/ive_been_through_this_ride_before_and_i_must_warn/cfu35xf/", "score": 6, "stickied": false, "subreddit_id": "t5_2vpth", "author_name": "loopuleasa", "author_id": "4josc", "subreddit_name": "frozen"}, {"body": "insert music", "created_utc": 1393970863.0, "distinguished": null, "edited": false, "id": "cfufm7m", "is_submitter": false, "link_id": "t3_1ziqrf", "parent_id": "t1_cfu31wo", "permalink": "/r/Frozen/comments/1ziqrf/ive_been_through_this_ride_before_and_i_must_warn/cfufm7m/", "score": 3, "stickied": false, "subreddit_id": "t5_2vpth", "author_name": "thewookie5", "author_id": "exaxw", "subreddit_name": "frozen"}, {"body": "*I'm never going back*", "created_utc": 1393940153.0, "distinguished": null, "edited": false, "id": "cfu23hi", "is_submitter": false, "link_id": "t3_1ziqrf", "parent_id": "t1_cfu1k4t", "permalink": "/r/Frozen/comments/1ziqrf/ive_been_through_this_ride_before_and_i_must_warn/cfu23hi/", "score": 18, "stickied": false, "subreddit_id": "t5_2vpth", "author_name": null, "author_id": null, "subreddit_name": "frozen"}, {"body": "Have you been keeping up with MLP? Season 3 was admittedly not too great, but season 4 has been phenomenal so far (it's personally already my favorite season, even though there're still 10 episodes left). Also, if you're not a fan of the mane sub getting too big, there's always the /r/MLPLounge, which has some pretty cool people.  ", "created_utc": 1393964918.0, "distinguished": null, "edited": false, "id": "cfuclp2", "is_submitter": false, "link_id": "t3_1ziqrf", "parent_id": "t1_cfu91ow", "permalink": "/r/Frozen/comments/1ziqrf/ive_been_through_this_ride_before_and_i_must_warn/cfuclp2/", "score": 4, "stickied": false, "subreddit_id": "t5_2vpth", "author_name": "Aetheer", "author_id": "6gknw", "subreddit_name": "frozen"}, {"body": "Yeah i agree about the MLP thing. \n\nThat's why i tend to stay out of that fandom and just enjoy the show.", "created_utc": 1393965436.0, "distinguished": null, "edited": false, "id": "cfucup6", "is_submitter": false, "link_id": "t3_1ziqrf", "parent_id": "t1_cfu91ow", "permalink": "/r/Frozen/comments/1ziqrf/ive_been_through_this_ride_before_and_i_must_warn/cfucup6/", "score": 2, "stickied": false, "subreddit_id": "t5_2vpth", "author_name": "SukaPahpah", "author_id": "67svq", "subreddit_name": "frozen"}, {"body": "Good *fly*catch, that is.", "created_utc": 1393981238.0, "distinguished": null, "edited": false, "id": "cfukjqv", "is_submitter": false, "link_id": "t3_1ziqrf", "parent_id": "t1_cfu35xf", "permalink": "/r/Frozen/comments/1ziqrf/ive_been_through_this_ride_before_and_i_must_warn/cfukjqv/", "score": 3, "stickied": false, "subreddit_id": "t5_2vpth", "author_name": "Emperor_Quintana", "author_id": "6bwnv", "subreddit_name": "frozen"}, {"body": "[As you wish!](http://www.youtube.com/watch?v=h0G1Ucw5HDg)\n\nAah the classics.", "created_utc": 1393973950.0, "distinguished": null, "edited": false, "id": "cfuh74u", "is_submitter": false, "link_id": "t3_1ziqrf", "parent_id": "t1_cfufm7m", "permalink": "/r/Frozen/comments/1ziqrf/ive_been_through_this_ride_before_and_i_must_warn/cfuh74u/", "score": 3, "stickied": false, "subreddit_id": "t5_2vpth", "author_name": "TheLittleGoodWolf", "author_id": "b74z9", "subreddit_name": "frozen"}, {"body": "And here I stand! And here I stay!", "created_utc": 1393940354.0, "distinguished": null, "edited": false, "id": "cfu25ca", "is_submitter": false, "link_id": "t3_1ziqrf", "parent_id": "t1_cfu23hi", "permalink": "/r/Frozen/comments/1ziqrf/ive_been_through_this_ride_before_and_i_must_warn/cfu25ca/", "score": 15, "stickied": false, "subreddit_id": "t5_2vpth", "author_name": "Random-Webtoon-Fan", "author_id": "da36r", "subreddit_name": "frozen"}, {"body": "Is it? Like you, I didn't really like Season 3. There were really only two or three episodes that retained some of that \"Lauren Faust\" feel that I got from the first two seasons. The last episode of Season 4 that I watched was the bat-pony episode, and that one *really* turned me off. I might go back and see how the show's doing though, just to make a good decision as to whether or not I want to keep going with it. I don't think I'll ever enjoy it as much as I enjoyed the first two seasons though.", "created_utc": 1393969322.0, "distinguished": null, "edited": false, "id": "cfuesl4", "is_submitter": false, "link_id": "t3_1ziqrf", "parent_id": "t1_cfuclp2", "permalink": "/r/Frozen/comments/1ziqrf/ive_been_through_this_ride_before_and_i_must_warn/cfuesl4/", "score": 4, "stickied": false, "subreddit_id": "t5_2vpth", "author_name": null, "author_id": null, "subreddit_name": "frozen"}, {"body": "The past is in the past !", "created_utc": 1393942737.0, "distinguished": null, "edited": false, "id": "cfu2svi", "is_submitter": false, "link_id": "t3_1ziqrf", "parent_id": "t1_cfu25ca", "permalink": "/r/Frozen/comments/1ziqrf/ive_been_through_this_ride_before_and_i_must_warn/cfu2svi/", "score": 11, "stickied": false, "subreddit_id": "t5_2vpth", "author_name": "masterchiefs", "author_id": "9zt4t", "subreddit_name": "frozen"}, {"body": "Season 4 is very good. I would put it on par with Season 2 as one of the best seasons with the episode quality and the music has been pretty top notch. I wouldn't let a couple of bad episodes steer you away from the series because every season has had a couple of bad episodes in them.", "created_utc": 1393981834.0, "distinguished": null, "edited": false, "id": "cfukt9r", "is_submitter": false, "link_id": "t3_1ziqrf", "parent_id": "t1_cfuesl4", "permalink": "/r/Frozen/comments/1ziqrf/ive_been_through_this_ride_before_and_i_must_warn/cfukt9r/", "score": 2, "stickied": false, "subreddit_id": "t5_2vpth", "author_name": "vinjhup", "author_id": "69a8m", "subreddit_name": "frozen"}, {"body": "Hmm, I thought a lot of the episodes before that one were pretty awesome (especially the \"Power Ponies\" one). Well, if you do go back and watch some more, I thought \"Pinkie Pride\", \"Filli Vanilli\", and \"Rarity Takes Manehatten\" were all exceptionally good.\n\nOr you could just be losing interest. Who knows? I thought that might happen to me when I first started watching (I got swept up in it pretty quickly), but it's still been delivering for me, and I still consider it to be my favorite show of all time.", "created_utc": 1393990836.0, "distinguished": null, "edited": false, "id": "cfuoydp", "is_submitter": false, "link_id": "t3_1ziqrf", "parent_id": "t1_cfuesl4", "permalink": "/r/Frozen/comments/1ziqrf/ive_been_through_this_ride_before_and_i_must_warn/cfuoydp/", "score": 1, "stickied": false, "subreddit_id": "t5_2vpth", "author_name": "Aetheer", "author_id": "6gknw", "subreddit_name": "frozen"}, {"body": "*Throw Crown............... like a boss", "created_utc": 1393944328.0, "distinguished": null, "edited": false, "id": "cfu3bpl", "is_submitter": false, "link_id": "t3_1ziqrf", "parent_id": "t1_cfu2svi", "permalink": "/r/Frozen/comments/1ziqrf/ive_been_through_this_ride_before_and_i_must_warn/cfu3bpl/", "score": 10, "stickied": false, "subreddit_id": "t5_2vpth", "author_name": "simien05", "author_id": "d9qj1", "subreddit_name": "frozen"}, {"body": "Fair enough. I'll go back and watch a few later this week and see what I think :)", "created_utc": 1393982837.0, "distinguished": null, "edited": false, "id": "cful9gg", "is_submitter": false, "link_id": "t3_1ziqrf", "parent_id": "t1_cfukt9r", "permalink": "/r/Frozen/comments/1ziqrf/ive_been_through_this_ride_before_and_i_must_warn/cful9gg/", "score": 3, "stickied": false, "subreddit_id": "t5_2vpth", "author_name": null, "author_id": null, "subreddit_name": "frozen"}, {"body": "How long ago did you start watching? I got into it a little after Season 2 started airing. I've even been to two conventions. Maybe I've been with the fandom longer? Either way, the main reason I stopped is because I feel like the newer episodes haven't been consistent with characters' personalities. (minor rant below) \n\nIn the first season, episodes may have focused on one or two characters but another character might have been passing by in one scene and they were still allowed to act like themselves. They had personality that existed outside of the episode's story. You could see it in their facial expressions. Ponies reacted to different scenarios in different ways. That made watching Dash and Pinkie's reactions so much fun. There could be a completely serious issue that someone would have to deal with and Pinkie would still be laughing, and Dash would still be irritated.\n\nIn newer episodes, everyone feels the same. They all act in the same ways unless they are the centers of the episode. Usually it's one pony that has an opinion that stands out, and then the other five agree with one another. \n\nIt feels like watching a show with two or three characters instead of six. Lauren did a fantastic job of making sure that each character was unique, had their own opinions, their own personalities, and were able to express themselves. Now it feels like watching stereotypical versions of the characters that I used to enjoy watching. Pinkie Pie's randomness used to be clever, and now it's just plain random. Rainbow Dash is now all over the place. It seems like each writer has a completely different idea as to what she should be like. Sometimes she's completely rude (but now in a tasteless way, unlike before where she was just no afraid to speak her mind) and sometimes she's more \"developed\" which just means that she isn't Rainbow Dash. Applejack has had plenty of episodes by now, and all of them were exactly the same. I still feel like I know nothing about her. Twilight has now become a pure marketing ploy, and I feel like the show has lost focus on her. I enjoyed watching her be introverted and absorbed in books and knowledge. Now she's just kind of... there. Rarity is really the only one that I can't complain about.\n\nEven the \"morals\" in newer episodes feel strapped on to the end like the writers were saying, \"Crap! Guys, we forgot to add a moral to the end!\"\n\n. . .\n\nSo yeah... If you read all that, I'm sorry. LOL\n\nI'll still check out the newer episodes though! I just felt like that needed to be said.", "created_utc": 1393993895.0, "distinguished": null, "edited": false, "id": "cfuq99k", "is_submitter": false, "link_id": "t3_1ziqrf", "parent_id": "t1_cfuoydp", "permalink": "/r/Frozen/comments/1ziqrf/ive_been_through_this_ride_before_and_i_must_warn/cfuq99k/", "score": 1, "stickied": false, "subreddit_id": "t5_2vpth", "author_name": null, "author_id": null, "subreddit_name": "frozen"}, {"body": "Just be wary of the latest episode. It doesn't make much a sense and it was obviously used as a tool to introduce a new line of toys.", "created_utc": 1393984659.0, "distinguished": null, "edited": false, "id": "cfum3dq", "is_submitter": false, "link_id": "t3_1ziqrf", "parent_id": "t1_cful9gg", "permalink": "/r/Frozen/comments/1ziqrf/ive_been_through_this_ride_before_and_i_must_warn/cfum3dq/", "score": 1, "stickied": false, "subreddit_id": "t5_2vpth", "author_name": "vinjhup", "author_id": "69a8m", "subreddit_name": "frozen"}, {"body": "I actually started watching about the same time as you (pretty sure the Hearth's Warming Eve episode was the newest episode when I got all caught up). And I guess the reason I've been consistently satisfied with the show is that I don't really think serious character development is necessary for a good episode. I think if an episode is funny and/or has that heart-warming sincerity that made me fall in love with the show, then I'm satisfied. Two of the episodes I recommended (Pinkie Pride and Rarity Takes Manehatten) are standout in their development of the titular characters (as well as being exceptional episodes in their own right). Filli Vanilli isn't really standout in its character development (and it was actually rightfully criticized for making Pinkie go out of character), but it's a cute Fluttershy episode with a catchy-ass song, so I still really enjoyed it.\n\nI don't know, I guess I'm just so invested in the show at this point that there really isn't much that could happen that would make me stop watching.", "created_utc": 1394068258.0, "distinguished": null, "edited": false, "id": "cfvghmf", "is_submitter": false, "link_id": "t3_1ziqrf", "parent_id": "t1_cfuq99k", "permalink": "/r/Frozen/comments/1ziqrf/ive_been_through_this_ride_before_and_i_must_warn/cfvghmf/", "score": 1, "stickied": false, "subreddit_id": "t5_2vpth", "author_name": "Aetheer", "author_id": "6gknw", "subreddit_name": "frozen"}, {"body": "Oh boy. I *love* those...\n\n'cough' Equestria Girls 'cough'", "created_utc": 1393986862.0, "distinguished": null, "edited": false, "id": "cfun4hs", "is_submitter": false, "link_id": "t3_1ziqrf", "parent_id": "t1_cfum3dq", "permalink": "/r/Frozen/comments/1ziqrf/ive_been_through_this_ride_before_and_i_must_warn/cfun4hs/", "score": 2, "stickied": false, "subreddit_id": "t5_2vpth", "author_name": null, "author_id": null, "subreddit_name": "frozen"}, {"body": "I guess that for me it was the opposite. I became so invested in the show that I started to become too nit-picky. Also, I have always loved most of the songs so I'll make sure to check out the episodes.", "created_utc": 1394074358.0, "distinguished": null, "edited": false, "id": "cfvj7ep", "is_submitter": false, "link_id": "t3_1ziqrf", "parent_id": "t1_cfvghmf", "permalink": "/r/Frozen/comments/1ziqrf/ive_been_through_this_ride_before_and_i_must_warn/cfvj7ep/", "score": 1, "stickied": false, "subreddit_id": "t5_2vpth", "author_name": null, "author_id": null, "subreddit_name": "frozen"}]