{"clicked": false, "created_utc": 1393930780.0, "distinguished": null, "edited": false, "id": "1ziqrf", "is_video": false, "locked": false, "num_comments": 41, "over_18": false, "permalink": "/r/Frozen/comments/1ziqrf/ive_been_through_this_ride_before_and_i_must_warn/", "score": 246, "selftext": "", "stickied": false, "subreddit_id": "t5_2vpth", "title": "I've been through this ride before, and I must warn you all that this never ends", "url": "http://imgur.com/gallery/ZqjIp", "author_name": "loopuleasa", "author_id": "4josc", "subreddit_name": "frozen", "upvote_ratio": 0.98}