[{"body": "I Like to think that Hans would have snuck into Elsa's wardrobe and done this on a daily basis, if he and Anna had actually gotten married.", "created_utc": 1391559735.0, "distinguished": null, "edited": false, "id": "cf77okw", "is_submitter": false, "link_id": "t3_1x0yvc", "parent_id": "t3_1x0yvc", "permalink": "/r/Frozen/comments/1x0yvc/conceal_dont_feel/cf77okw/", "score": 43, "stickied": false, "subreddit_id": "t5_2vpth", "author_name": "AdultSupervision", "author_id": "ej121", "subreddit_name": "frozen"}, {"body": "we are lucky the producer decided to cut this scene from the movie...otherwise...", "created_utc": 1391556238.0, "distinguished": null, "edited": false, "id": "cf763o1", "is_submitter": true, "link_id": "t3_1x0yvc", "parent_id": "t3_1x0yvc", "permalink": "/r/Frozen/comments/1x0yvc/conceal_dont_feel/cf763o1/", "score": 23, "stickied": false, "subreddit_id": "t5_2vpth", "author_name": "simien05", "author_id": "d9qj1", "subreddit_name": "frozen"}, {"body": "This is possibly one of the greatest things I've ever seen come out of frozen. I can't even handle it right now. I'm crying. ", "created_utc": 1391570018.0, "distinguished": null, "edited": false, "id": "cf7cc95", "is_submitter": false, "link_id": "t3_1x0yvc", "parent_id": "t3_1x0yvc", "permalink": "/r/Frozen/comments/1x0yvc/conceal_dont_feel/cf7cc95/", "score": 18, "stickied": false, "subreddit_id": "t5_2vpth", "author_name": null, "author_id": null, "subreddit_name": "frozen"}, {"body": "[deleted]", "created_utc": 1391569121.0, "distinguished": null, "edited": false, "id": "cf7by7e", "is_submitter": false, "link_id": "t3_1x0yvc", "parent_id": "t3_1x0yvc", "permalink": "/r/Frozen/comments/1x0yvc/conceal_dont_feel/cf7by7e/", "score": 11, "stickied": false, "subreddit_id": "t5_2vpth", "author_name": null, "author_id": null, "subreddit_name": "frozen"}, {"body": "This is the only funny thing to have ever come off tumblr.", "created_utc": 1391693414.0, "distinguished": null, "edited": false, "id": "cf8hjuf", "is_submitter": false, "link_id": "t3_1x0yvc", "parent_id": "t3_1x0yvc", "permalink": "/r/Frozen/comments/1x0yvc/conceal_dont_feel/cf8hjuf/", "score": 3, "stickied": false, "subreddit_id": "t5_2vpth", "author_name": "USxMARINE", "author_id": "6c4zx", "subreddit_name": "frozen"}, {"body": "[removed]", "created_utc": 1391578917.0, "distinguished": null, "edited": false, "id": "cf7g0i5", "is_submitter": false, "link_id": "t3_1x0yvc", "parent_id": "t1_cf77okw", "permalink": "/r/Frozen/comments/1x0yvc/conceal_dont_feel/cf7g0i5/", "score": 21, "stickied": false, "subreddit_id": "t5_2vpth", "author_name": null, "author_id": null, "subreddit_name": "frozen"}, {"body": "/r/dadjokes ", "created_utc": 1391610742.0, "distinguished": null, "edited": false, "id": "cf7mxjv", "is_submitter": false, "link_id": "t3_1x0yvc", "parent_id": "t1_cf7by7e", "permalink": "/r/Frozen/comments/1x0yvc/conceal_dont_feel/cf7mxjv/", "score": -6, "stickied": false, "subreddit_id": "t5_2vpth", "author_name": null, "author_id": null, "subreddit_name": "frozen"}, {"body": "or probably because Anna hasn't brushed her teeth for a while.. ", "created_utc": 1391580764.0, "distinguished": null, "edited": false, "id": "cf7gmqw", "is_submitter": true, "link_id": "t3_1x0yvc", "parent_id": "t1_cf7g0i5", "permalink": "/r/Frozen/comments/1x0yvc/conceal_dont_feel/cf7gmqw/", "score": 22, "stickied": false, "subreddit_id": "t5_2vpth", "author_name": "simien05", "author_id": "d9qj1", "subreddit_name": "frozen"}, {"body": "[removed]", "created_utc": 1391581905.0, "distinguished": null, "edited": 1391582201.0, "id": "cf7gzv1", "is_submitter": false, "link_id": "t3_1x0yvc", "parent_id": "t1_cf7gmqw", "permalink": "/r/Frozen/comments/1x0yvc/conceal_dont_feel/cf7gzv1/", "score": 9, "stickied": false, "subreddit_id": "t5_2vpth", "author_name": null, "author_id": null, "subreddit_name": "frozen"}, {"body": "Started smelling like Christoph...", "created_utc": 1391605712.0, "distinguished": null, "edited": false, "id": "cf7lk8q", "is_submitter": false, "link_id": "t3_1x0yvc", "parent_id": "t1_cf7gmqw", "permalink": "/r/Frozen/comments/1x0yvc/conceal_dont_feel/cf7lk8q/", "score": 5, "stickied": false, "subreddit_id": "t5_2vpth", "author_name": "am_animator", "author_id": "7589u", "subreddit_name": "frozen"}, {"body": "It's not just you...", "created_utc": 1391582613.0, "distinguished": null, "edited": false, "id": "cf7h7kj", "is_submitter": false, "link_id": "t3_1x0yvc", "parent_id": "t1_cf7gzv1", "permalink": "/r/Frozen/comments/1x0yvc/conceal_dont_feel/cf7h7kj/", "score": 12, "stickied": false, "subreddit_id": "t5_2vpth", "author_name": "AdultSupervision", "author_id": "ej121", "subreddit_name": "frozen"}, {"body": "Uh, no.  That's gross.", "created_utc": 1391583719.0, "distinguished": null, "edited": false, "id": "cf7hils", "is_submitter": false, "link_id": "t3_1x0yvc", "parent_id": "t1_cf7gzv1", "permalink": "/r/Frozen/comments/1x0yvc/conceal_dont_feel/cf7hils/", "score": 3, "stickied": false, "subreddit_id": "t5_2vpth", "author_name": "Commandolam", "author_id": "8kpeu", "subreddit_name": "frozen"}, {"body": "and Sven......and trolls... ", "created_utc": 1391622854.0, "distinguished": null, "edited": false, "id": "cf7s8jn", "is_submitter": true, "link_id": "t3_1x0yvc", "parent_id": "t1_cf7lk8q", "permalink": "/r/Frozen/comments/1x0yvc/conceal_dont_feel/cf7s8jn/", "score": 3, "stickied": false, "subreddit_id": "t5_2vpth", "author_name": "simien05", "author_id": "d9qj1", "subreddit_name": "frozen"}]