{"clicked": false, "created_utc": 1391554224.0, "distinguished": null, "edited": false, "id": "1x0yvc", "is_video": false, "locked": false, "num_comments": 14, "over_18": false, "permalink": "/r/Frozen/comments/1x0yvc/conceal_dont_feel/", "score": 385, "selftext": "", "stickied": false, "subreddit_id": "t5_2vpth", "title": "conceal, don't feel", "url": "http://mermaidminnies.tumblr.com/post/73972686754", "author_name": "simien05", "author_id": "d9qj1", "subreddit_name": "frozen", "upvote_ratio": 0.98}