[{"body": "Bonus gif\n\nhttp://i.imgur.com/eXBn0rR.gif", "created_utc": 1391292167.0, "distinguished": null, "edited": false, "id": "cf4n4b3", "is_submitter": true, "link_id": "t3_1wr9p6", "parent_id": "t3_1wr9p6", "permalink": "/r/Frozen/comments/1wr9p6/we_only_have_each_other/cf4n4b3/", "score": 16, "stickied": false, "subreddit_id": "t5_2vpth", "author_name": "loopuleasa", "author_id": "4josc", "subreddit_name": "frozen"}, {"body": "[deleted]", "created_utc": 1391293961.0, "distinguished": null, "edited": 1533534367.0, "id": "cf4ntlh", "is_submitter": false, "link_id": "t3_1wr9p6", "parent_id": "t3_1wr9p6", "permalink": "/r/Frozen/comments/1wr9p6/we_only_have_each_other/cf4ntlh/", "score": 7, "stickied": false, "subreddit_id": "t5_2vpth", "author_name": null, "author_id": null, "subreddit_name": "frozen"}, {"body": "I'd love to see this as a canvas painting. Such a lovely shot.", "created_utc": 1391298991.0, "distinguished": null, "edited": false, "id": "cf4psn3", "is_submitter": false, "link_id": "t3_1wr9p6", "parent_id": "t3_1wr9p6", "permalink": "/r/Frozen/comments/1wr9p6/we_only_have_each_other/cf4psn3/", "score": 4, "stickied": false, "subreddit_id": "t5_2vpth", "author_name": "Superjoshe", "author_id": "a5tb7", "subreddit_name": "frozen"}, {"body": "Lonely Kristoff...", "created_utc": 1391293696.0, "distinguished": null, "edited": false, "id": "cf4npxj", "is_submitter": false, "link_id": "t3_1wr9p6", "parent_id": "t1_cf4n4b3", "permalink": "/r/Frozen/comments/1wr9p6/we_only_have_each_other/cf4npxj/", "score": 10, "stickied": false, "subreddit_id": "t5_2vpth", "author_name": "jayjay200", "author_id": "c0kdx", "subreddit_name": "frozen"}, {"body": "What are we gonnaaa dooooooo?\n(can't believe i am doing this )", "created_utc": 1391309523.0, "distinguished": null, "edited": false, "id": "cf4tvzq", "is_submitter": false, "link_id": "t3_1wr9p6", "parent_id": "t1_cf4ntlh", "permalink": "/r/Frozen/comments/1wr9p6/we_only_have_each_other/cf4tvzq/", "score": 5, "stickied": false, "subreddit_id": "t5_2vpth", "author_name": "ANakedHobo", "author_id": "ds718", "subreddit_name": "frozen"}, {"body": "Shot is simply hearth melting", "created_utc": 1391299179.0, "distinguished": null, "edited": false, "id": "cf4pvds", "is_submitter": true, "link_id": "t3_1wr9p6", "parent_id": "t1_cf4psn3", "permalink": "/r/Frozen/comments/1wr9p6/we_only_have_each_other/cf4pvds/", "score": 4, "stickied": false, "subreddit_id": "t5_2vpth", "author_name": "loopuleasa", "author_id": "4josc", "subreddit_name": "frozen"}, {"body": "I Love how he doesn't move...at all.", "created_utc": 1391294260.0, "distinguished": null, "edited": false, "id": "cf4nxo0", "is_submitter": false, "link_id": "t3_1wr9p6", "parent_id": "t1_cf4npxj", "permalink": "/r/Frozen/comments/1wr9p6/we_only_have_each_other/cf4nxo0/", "score": 7, "stickied": false, "subreddit_id": "t5_2vpth", "author_name": "AdultSupervision", "author_id": "ej121", "subreddit_name": "frozen"}, {"body": "\"Tick tock. Tick tock.\" Wait, shit... ", "created_utc": 1391312720.0, "distinguished": null, "edited": false, "id": "cf4v309", "is_submitter": false, "link_id": "t3_1wr9p6", "parent_id": "t1_cf4tvzq", "permalink": "/r/Frozen/comments/1wr9p6/we_only_have_each_other/cf4v309/", "score": 10, "stickied": false, "subreddit_id": "t5_2vpth", "author_name": "ares623", "author_id": "3mbae", "subreddit_name": "frozen"}, {"body": "Some shots are worth melting for :)", "created_utc": 1391321015.0, "distinguished": null, "edited": false, "id": "cf4xzt6", "is_submitter": false, "link_id": "t3_1wr9p6", "parent_id": "t1_cf4pvds", "permalink": "/r/Frozen/comments/1wr9p6/we_only_have_each_other/cf4xzt6/", "score": 4, "stickied": false, "subreddit_id": "t5_2vpth", "author_name": "flaviageminia", "author_id": "8ug1t", "subreddit_name": "frozen"}, {"body": "Dang, that's one hot shot then. \nhttp://en.wikipedia.org/wiki/Hearth", "created_utc": 1391321665.0, "distinguished": null, "edited": false, "id": "cf4y6ww", "is_submitter": false, "link_id": "t3_1wr9p6", "parent_id": "t1_cf4pvds", "permalink": "/r/Frozen/comments/1wr9p6/we_only_have_each_other/cf4y6ww/", "score": 3, "stickied": false, "subreddit_id": "t5_2vpth", "author_name": "eliwu26", "author_id": "9wuyl", "subreddit_name": "frozen"}, {"body": "It's not his story at this point, he's just supposed to be content that Anna isn't dead.\n\nNote that it was choreographed with Anna facing him.  The very next cut is to her, still in the hug, beaming at Kristoff.  And he gets his kiss two scenes later.", "created_utc": 1391294607.0, "distinguished": null, "edited": false, "id": "cf4o2hp", "is_submitter": false, "link_id": "t3_1wr9p6", "parent_id": "t1_cf4nxo0", "permalink": "/r/Frozen/comments/1wr9p6/we_only_have_each_other/cf4o2hp/", "score": 12, "stickied": false, "subreddit_id": "t5_2vpth", "author_name": "AndIfWeFall", "author_id": "f0b0t", "subreddit_name": "frozen"}, {"body": "#####&#009;\n\n######&#009;\n\n####&#009;\n [**Hearth**](http://en.wikipedia.org/wiki/Hearth): \n\n---\n\n>\n\n>In historic and modern usage, a **hearth** /\u02c8h\u0251r\u03b8/ is a [brick](http://en.wikipedia.org/wiki/Brick)- or [stone](http://en.wikipedia.org/wiki/Rock_(geology\\))-lined [fireplace](http://en.wikipedia.org/wiki/Fireplace), with or without an [oven](http://en.wikipedia.org/wiki/Oven), used for [heating](http://en.wikipedia.org/wiki/Heating) and originally also used for [cooking](http://en.wikipedia.org/wiki/Cooking) food. For centuries, the hearth was such an integral part of a [home](http://en.wikipedia.org/wiki/Home), usually its central and most important feature, that the concept has been generalized to refer to a homeplace or household, as in the terms \"hearth and home\" and \"keep the home fires burning\".\n\n>In a [medieval](http://en.wikipedia.org/wiki/Middle_Ages) [hall](http://en.wikipedia.org/wiki/Hall_(concept\\)), the hearth commonly stood in the middle of the hall, with the smoke rising through the room to a vent in the roof. Later, such hearths were moved to the side of the room and provided with a [chimney](http://en.wikipedia.org/wiki/Chimney). In fireplace design, the hearth is the part of the fireplace where the fire burns, usually consisting of [masonry](http://en.wikipedia.org/wiki/Masonry) at floor level or higher, underneath the [fireplace mantel](http://en.wikipedia.org/wiki/Fireplace_mantel).\n\n>====\n\n>[**Image**](http://i.imgur.com/eiTYewt.jpg) [^(i)](http://commons.wikimedia.org/wiki/File:RFK-005-Feuerstelle-im-17-Jh.JPG) - *Hearth with cooking utensils*\n\n---\n\n^Interesting: [^Cornell ^University ^Library](http://en.wikipedia.org/wiki/Cornell_University_Library) ^| [^Hearth ^tax](http://en.wikipedia.org/wiki/Hearth_tax) ^| [^Sacred ^fire ^of ^Vesta](http://en.wikipedia.org/wiki/Sacred_fire_of_Vesta) ^| [^Open ^hearth ^furnace](http://en.wikipedia.org/wiki/Open_hearth_furnace) \n\n*^\\/u/eliwu26 ^can ^reply ^with ^'delete'. ^Will ^delete ^on ^comment ^score ^of ^-1 ^or ^less.* ^| [^(FAQs)](http://www.reddit.com/r/autowikibot/wiki/index) ^| [^Mods](http://www.reddit.com/r/autowikibot/wiki/modfaqs) ^| [^Magic ^Words](http://www.reddit.com/r/autowikibot/comments/1ux484/ask_wikibot/) ^| [^flag ^a ^glitch](http://www.reddit.com/message/compose?to=/r/autowikibot&subject=Glitched comment report&message=What seems wrong: (optional description goes here\\)%0A%0A---%0A%0AReply no. 40273:%0Ahttp://www.reddit.com/r/Frozen/comments/1wr9p6/we_only_have_each_other/cf4y6ww)", "created_utc": 1391321673.0, "distinguished": null, "edited": false, "id": "cf4y70g", "is_submitter": false, "link_id": "t3_1wr9p6", "parent_id": "t1_cf4y6ww", "permalink": "/r/Frozen/comments/1wr9p6/we_only_have_each_other/cf4y70g/", "score": 2, "stickied": false, "subreddit_id": "t5_2vpth", "author_name": "autowikibot", "author_id": "enhq4", "subreddit_name": "frozen"}, {"body": "I know, saw it twice. How about you?", "created_utc": 1391297759.0, "distinguished": null, "edited": false, "id": "cf4paz7", "is_submitter": false, "link_id": "t3_1wr9p6", "parent_id": "t1_cf4o2hp", "permalink": "/r/Frozen/comments/1wr9p6/we_only_have_each_other/cf4paz7/", "score": 5, "stickied": false, "subreddit_id": "t5_2vpth", "author_name": "jayjay200", "author_id": "c0kdx", "subreddit_name": "frozen"}, {"body": "Twice in the theaters.  But I'll admit to a few dozen passes through key scenes like the ending using the screener copy.", "created_utc": 1391318663.0, "distinguished": null, "edited": false, "id": "cf4x7jc", "is_submitter": false, "link_id": "t3_1wr9p6", "parent_id": "t1_cf4paz7", "permalink": "/r/Frozen/comments/1wr9p6/we_only_have_each_other/cf4x7jc/", "score": 2, "stickied": false, "subreddit_id": "t5_2vpth", "author_name": "AndIfWeFall", "author_id": "f0b0t", "subreddit_name": "frozen"}]