{"clicked": false, "created_utc": 1391292149.0, "distinguished": null, "edited": false, "id": "1wr9p6", "is_video": false, "locked": false, "num_comments": 13, "over_18": false, "permalink": "/r/Frozen/comments/1wr9p6/we_only_have_each_other/", "score": 123, "selftext": "", "stickied": false, "subreddit_id": "t5_2vpth", "title": "\"We only have each other\"", "url": "http://i.imgur.com/wXVUwtD.jpg", "author_name": "loopuleasa", "author_id": "4josc", "subreddit_name": "frozen", "upvote_ratio": 0.99}