[{"body": "\"Here I stand, in the security line! The waiting never bothered me anyway.\"", "created_utc": 1392738672.0, "distinguished": null, "edited": false, "id": "cficy7t", "is_submitter": false, "link_id": "t3_1y8qj4", "parent_id": "t3_1y8qj4", "permalink": "/r/Frozen/comments/1y8qj4/elsa_is_doing_a_world_tour_now/cficy7t/", "score": 19, "stickied": false, "subreddit_id": "t5_2vpth", "author_name": "KaptainK27", "author_id": "f0vwg", "subreddit_name": "frozen"}, {"body": "\"HERE I STAND...\" Yes. Yes you will. You will stand there for hours. Slowly going insane to the waiting, and waiting, and waiting...", "created_utc": 1392740645.0, "distinguished": null, "edited": false, "id": "cfids96", "is_submitter": false, "link_id": "t3_1y8qj4", "parent_id": "t3_1y8qj4", "permalink": "/r/Frozen/comments/1y8qj4/elsa_is_doing_a_world_tour_now/cfids96/", "score": 10, "stickied": false, "subreddit_id": "t5_2vpth", "author_name": "theKunz1", "author_id": "c3jji", "subreddit_name": "frozen"}, {"body": "[Full post here.]( http://gall.dcinside.com/board/view/?id=frozen&no=441975) It's mostly poking fun at how Korea treats foreign celebrities. ", "created_utc": 1392765719.0, "distinguished": null, "edited": false, "id": "cfiq9h4", "is_submitter": false, "link_id": "t3_1y8qj4", "parent_id": "t3_1y8qj4", "permalink": "/r/Frozen/comments/1y8qj4/elsa_is_doing_a_world_tour_now/cfiq9h4/", "score": 7, "stickied": false, "subreddit_id": "t5_2vpth", "author_name": "jakielim", "author_id": "9flvd", "subreddit_name": "frozen"}, {"body": "The text says \"the scene as \"Winter Kingdom\"'s main character 'Elsa' enters the country\"\n\n\"Winter Kingdom\" is Frozen's title in Korean.", "created_utc": 1392742156.0, "distinguished": null, "edited": false, "id": "cfiegqe", "is_submitter": false, "link_id": "t3_1y8qj4", "parent_id": "t3_1y8qj4", "permalink": "/r/Frozen/comments/1y8qj4/elsa_is_doing_a_world_tour_now/cfiegqe/", "score": 6, "stickied": false, "subreddit_id": "t5_2vpth", "author_name": "naclhv", "author_id": "enu9n", "subreddit_name": "frozen"}, {"body": ">\uaca8\uc6b8\uc655\uad6d \uc8fc\uc778\uacf5 '\uc5d8\uc0ac' \uc785\uad6d \ud604\uc7a5\n>The scene of 'Elsa', Protagonist of Frozen, entering Korea\n\nEveryone is so crazy about Frozen here in Korea.", "created_utc": 1392742510.0, "distinguished": null, "edited": false, "id": "cfiemn8", "is_submitter": false, "link_id": "t3_1y8qj4", "parent_id": "t3_1y8qj4", "permalink": "/r/Frozen/comments/1y8qj4/elsa_is_doing_a_world_tour_now/cfiemn8/", "score": 7, "stickied": false, "subreddit_id": "t5_2vpth", "author_name": "rudolf09", "author_id": "b7kiy", "subreddit_name": "frozen"}, {"body": "Why's she so short in Korea? I thought Scandinavians were supposed to be tall.", "created_utc": 1392746185.0, "distinguished": null, "edited": false, "id": "cfigbhl", "is_submitter": false, "link_id": "t3_1y8qj4", "parent_id": "t3_1y8qj4", "permalink": "/r/Frozen/comments/1y8qj4/elsa_is_doing_a_world_tour_now/cfigbhl/", "score": 3, "stickied": false, "subreddit_id": "t5_2vpth", "author_name": null, "author_id": null, "subreddit_name": "frozen"}, {"body": "Was this fan made or is it something that came out of Korean marketing/news?", "created_utc": 1392761273.0, "distinguished": null, "edited": false, "id": "cfio1z1", "is_submitter": false, "link_id": "t3_1y8qj4", "parent_id": "t3_1y8qj4", "permalink": "/r/Frozen/comments/1y8qj4/elsa_is_doing_a_world_tour_now/cfio1z1/", "score": 3, "stickied": false, "subreddit_id": "t5_2vpth", "author_name": "FeeshBones", "author_id": "4l3io", "subreddit_name": "frozen"}, {"body": "That's Korean by the way, probably Incheon International Airport. ", "created_utc": 1392741793.0, "distinguished": null, "edited": false, "id": "cfieapn", "is_submitter": false, "link_id": "t3_1y8qj4", "parent_id": "t3_1y8qj4", "permalink": "/r/Frozen/comments/1y8qj4/elsa_is_doing_a_world_tour_now/cfieapn/", "score": 2, "stickied": false, "subreddit_id": "t5_2vpth", "author_name": "IntergalacticTire", "author_id": "64dyw", "subreddit_name": "frozen"}, {"body": "It looks like she is saying \"surprise, surprise!\".", "created_utc": 1392743262.0, "distinguished": null, "edited": false, "id": "cfieyy4", "is_submitter": false, "link_id": "t3_1y8qj4", "parent_id": "t3_1y8qj4", "permalink": "/r/Frozen/comments/1y8qj4/elsa_is_doing_a_world_tour_now/cfieyy4/", "score": 2, "stickied": false, "subreddit_id": "t5_2vpth", "author_name": "BillySoupSilly", "author_id": "6x0dj", "subreddit_name": "frozen"}, {"body": "Meh. It diminishes Elsa and makes her seem ridiculous. Do not like.", "created_utc": 1392754793.0, "distinguished": null, "edited": false, "id": "cfikm8l", "is_submitter": false, "link_id": "t3_1y8qj4", "parent_id": "t3_1y8qj4", "permalink": "/r/Frozen/comments/1y8qj4/elsa_is_doing_a_world_tour_now/cfikm8l/", "score": -1, "stickied": false, "subreddit_id": "t5_2vpth", "author_name": "TareXmd", "author_id": "5iplk", "subreddit_name": "frozen"}, {"body": "that gives \"conceal, don't feel\" a different angle", "created_utc": 1392740287.0, "distinguished": null, "edited": false, "id": "cfidmpd", "is_submitter": false, "link_id": "t3_1y8qj4", "parent_id": "t1_cficy7t", "permalink": "/r/Frozen/comments/1y8qj4/elsa_is_doing_a_world_tour_now/cfidmpd/", "score": 18, "stickied": false, "subreddit_id": "t5_2vpth", "author_name": "Portgas", "author_id": "7kc75", "subreddit_name": "frozen"}, {"body": "That was pretty good. Thanks for posting it!\n\nSummary: Elsa tries kimchi (a traditional Korean dish notorious for being an acquired taste) and apparently hates it judging from her expression, does the \"Gangnam style\" dance, and eats with Korean soldiers.\n\nI gotta say, those pictures where she tries the kimchi are just awesome. So much for \"conceal, don't feel\"!", "created_utc": 1392766406.0, "distinguished": null, "edited": 1392797085.0, "id": "cfiql08", "is_submitter": false, "link_id": "t3_1y8qj4", "parent_id": "t1_cfiq9h4", "permalink": "/r/Frozen/comments/1y8qj4/elsa_is_doing_a_world_tour_now/cfiql08/", "score": 7, "stickied": false, "subreddit_id": "t5_2vpth", "author_name": "naclhv", "author_id": "enu9n", "subreddit_name": "frozen"}, {"body": "Of course they are!", "created_utc": 1392746224.0, "distinguished": null, "edited": false, "id": "cfigc68", "is_submitter": false, "link_id": "t3_1y8qj4", "parent_id": "t1_cfiemn8", "permalink": "/r/Frozen/comments/1y8qj4/elsa_is_doing_a_world_tour_now/cfigc68/", "score": 3, "stickied": false, "subreddit_id": "t5_2vpth", "author_name": "AdultSupervision", "author_id": "ej121", "subreddit_name": "frozen"}, {"body": "Fan made. [It's from DCInside's Frozen gallery.]( http://gall.dcinside.com/board/view/?id=frozen&no=441975) ", "created_utc": 1392765673.0, "distinguished": null, "edited": false, "id": "cfiq8pm", "is_submitter": false, "link_id": "t3_1y8qj4", "parent_id": "t1_cfio1z1", "permalink": "/r/Frozen/comments/1y8qj4/elsa_is_doing_a_world_tour_now/cfiq8pm/", "score": 3, "stickied": false, "subreddit_id": "t5_2vpth", "author_name": "jakielim", "author_id": "9flvd", "subreddit_name": "frozen"}, {"body": "*snap of a rubber glove from behind her*\n", "created_utc": 1392741825.0, "distinguished": null, "edited": false, "id": "cfieb8m", "is_submitter": false, "link_id": "t3_1y8qj4", "parent_id": "t1_cfidmpd", "permalink": "/r/Frozen/comments/1y8qj4/elsa_is_doing_a_world_tour_now/cfieb8m/", "score": 14, "stickied": false, "subreddit_id": "t5_2vpth", "author_name": "gdkitty", "author_id": "8payt", "subreddit_name": "frozen"}, {"body": "\"The frisking never bothered me anyway.\"", "created_utc": 1392793628.0, "distinguished": null, "edited": false, "id": "cfj272w", "is_submitter": false, "link_id": "t3_1y8qj4", "parent_id": "t1_cfidmpd", "permalink": "/r/Frozen/comments/1y8qj4/elsa_is_doing_a_world_tour_now/cfj272w/", "score": 3, "stickied": false, "subreddit_id": "t5_2vpth", "author_name": "CONCEITED_HIPSTER", "author_id": "a7tb2", "subreddit_name": "frozen"}, {"body": "And before that, a reporter asks her to try Spam with Kimchi. [This actually happened to Tom Hanks.]( http://rigvedawiki.net/r1/wiki.php/%EA%B9%80%EC%B9%98%EC%99%80%20%EB%93%9C%EC%85%94%EB%B3%B4%EC%84%B8%EC%9A%94) ", "created_utc": 1392766588.0, "distinguished": null, "edited": false, "id": "cfiqo4h", "is_submitter": false, "link_id": "t3_1y8qj4", "parent_id": "t1_cfiql08", "permalink": "/r/Frozen/comments/1y8qj4/elsa_is_doing_a_world_tour_now/cfiqo4h/", "score": 4, "stickied": false, "subreddit_id": "t5_2vpth", "author_name": "jakielim", "author_id": "9flvd", "subreddit_name": "frozen"}, {"body": "Could you explain why Elsa was crying while touching the iPad?", "created_utc": 1392773747.0, "distinguished": null, "edited": false, "id": "cfiu1jb", "is_submitter": false, "link_id": "t3_1y8qj4", "parent_id": "t1_cfiql08", "permalink": "/r/Frozen/comments/1y8qj4/elsa_is_doing_a_world_tour_now/cfiu1jb/", "score": 3, "stickied": false, "subreddit_id": "t5_2vpth", "author_name": "Eriflee", "author_id": "8n6qs", "subreddit_name": "frozen"}, {"body": "It's supposed to be her shedding 'tears of joy' while watching the broadcast. ", "created_utc": 1392774056.0, "distinguished": null, "edited": false, "id": "cfiu6vy", "is_submitter": false, "link_id": "t3_1y8qj4", "parent_id": "t1_cfiu1jb", "permalink": "/r/Frozen/comments/1y8qj4/elsa_is_doing_a_world_tour_now/cfiu6vy/", "score": 4, "stickied": false, "subreddit_id": "t5_2vpth", "author_name": "jakielim", "author_id": "9flvd", "subreddit_name": "frozen"}]