[{"body": "Using that as a smartphone wallpaper. Looking good.", "created_utc": 1392498658.0, "distinguished": null, "edited": false, "id": "cfg73fs", "is_submitter": false, "link_id": "t3_1xzqsg", "parent_id": "t3_1xzqsg", "permalink": "/r/Frozen/comments/1xzqsg/found_this_on_tombler_is_this_really_the_highest/cfg73fs/", "score": 5, "stickied": false, "subreddit_id": "t5_2vpth", "author_name": "Nolos", "author_id": "dqt7e", "subreddit_name": "frozen"}, {"body": "Well I found just her (not in a collage) in [these](http://media.virbcdn.com/cdn_images/resize_1024x1365/3b/5c1c6544dcd88d1f-Frozen_Elsa_finished.jpg) [pictures](http://thewallpaperszone.com/wp-content/uploads/2014/01/Frozen-Disney-Elsa-Dress-Picture-HD.jpg).", "created_utc": 1392505626.0, "distinguished": null, "edited": false, "id": "cfg9rwa", "is_submitter": false, "link_id": "t3_1xzqsg", "parent_id": "t3_1xzqsg", "permalink": "/r/Frozen/comments/1xzqsg/found_this_on_tombler_is_this_really_the_highest/cfg9rwa/", "score": 4, "stickied": false, "subreddit_id": "t5_2vpth", "author_name": "eleven6eleven", "author_id": "7r4u5", "subreddit_name": "frozen"}, {"body": "Probably because it's a collage and couldn't be resized much further) ", "created_utc": 1392485361.0, "distinguished": null, "edited": false, "id": "cfg1zts", "is_submitter": false, "link_id": "t3_1xzqsg", "parent_id": "t3_1xzqsg", "permalink": "/r/Frozen/comments/1xzqsg/found_this_on_tombler_is_this_really_the_highest/cfg1zts/", "score": 3, "stickied": false, "subreddit_id": "t5_2vpth", "author_name": "Portgas", "author_id": "7kc75", "subreddit_name": "frozen"}, {"body": "That's an awesome picture regardless of the size.", "created_utc": 1392493461.0, "distinguished": null, "edited": false, "id": "cfg537y", "is_submitter": false, "link_id": "t3_1xzqsg", "parent_id": "t3_1xzqsg", "permalink": "/r/Frozen/comments/1xzqsg/found_this_on_tombler_is_this_really_the_highest/cfg537y/", "score": 2, "stickied": false, "subreddit_id": "t5_2vpth", "author_name": "KaptainK27", "author_id": "f0vwg", "subreddit_name": "frozen"}, {"body": "Ah, the feels...", "created_utc": 1392491858.0, "distinguished": null, "edited": false, "id": "cfg4gxm", "is_submitter": false, "link_id": "t3_1xzqsg", "parent_id": "t3_1xzqsg", "permalink": "/r/Frozen/comments/1xzqsg/found_this_on_tombler_is_this_really_the_highest/cfg4gxm/", "score": 1, "stickied": false, "subreddit_id": "t5_2vpth", "author_name": "TheOneAndOnlyTainted", "author_id": "dhz5a", "subreddit_name": "frozen"}, {"body": "It's the lock screen on my S4 now which is weird, because with this resolution it seems like it'd look bad. S4 is full HD.", "created_utc": 1392498742.0, "distinguished": null, "edited": false, "id": "cfg74on", "is_submitter": false, "link_id": "t3_1xzqsg", "parent_id": "t1_cfg73fs", "permalink": "/r/Frozen/comments/1xzqsg/found_this_on_tombler_is_this_really_the_highest/cfg74on/", "score": 1, "stickied": false, "subreddit_id": "t5_2vpth", "author_name": null, "author_id": null, "subreddit_name": "frozen"}, {"body": "It looks like she needs a hug...  bgyvfrvgtbhyunhmjit\n\nDamn cock-blocking computer.", "created_utc": 1392509763.0, "distinguished": null, "edited": false, "id": "cfgbarq", "is_submitter": false, "link_id": "t3_1xzqsg", "parent_id": "t1_cfg9rwa", "permalink": "/r/Frozen/comments/1xzqsg/found_this_on_tombler_is_this_really_the_highest/cfgbarq/", "score": 1, "stickied": false, "subreddit_id": "t5_2vpth", "author_name": "Thaneofthunder", "author_id": "evyma", "subreddit_name": "frozen"}, {"body": "Why don't you take out that sexual frustration by writing a hot, sexy, sloppy fanfiction?", "created_utc": 1392605651.0, "distinguished": null, "edited": false, "id": "cfh5zxj", "is_submitter": false, "link_id": "t3_1xzqsg", "parent_id": "t1_cfgbarq", "permalink": "/r/Frozen/comments/1xzqsg/found_this_on_tombler_is_this_really_the_highest/cfh5zxj/", "score": 3, "stickied": false, "subreddit_id": "t5_2vpth", "author_name": "Bronywesen", "author_id": "6jg11", "subreddit_name": "frozen"}]