{"clicked": false, "created_utc": 1392485050.0, "distinguished": null, "edited": false, "id": "1xzqsg", "is_video": false, "locked": false, "num_comments": 8, "over_18": false, "permalink": "/r/Frozen/comments/1xzqsg/found_this_on_tombler_is_this_really_the_highest/", "score": 126, "selftext": "", "stickied": false, "subreddit_id": "t5_2vpth", "title": "Found this on tombler. Is this really the highest resolution this image exists in?! Who would create such a small thing?!", "url": "https://24.media.tumblr.com/723c1bf6f4152f43470ba256d2661533/tumblr_n11rhxxhgn1rn1k0vo1_500.jpg", "author_name": null, "author_id": null, "subreddit_name": "frozen", "upvote_ratio": 0.92}