[{"body": "Not sure I agree it \"changes the dynamic.\" It's essentially from an entirely different story! There's no plausible way it fits in to the actual movie, as they say in the video.", "created_utc": 1392841663.0, "distinguished": null, "edited": false, "id": "cfjhqwx", "is_submitter": false, "link_id": "t3_1yddf2", "parent_id": "t3_1yddf2", "permalink": "/r/Frozen/comments/1yddf2/frozen_deleted_scene_changes_the_dynamic_of_anna/cfjhqwx/", "score": 52, "stickied": false, "subreddit_id": "t5_2vpth", "author_name": "NotUnusualYet", "author_id": "5pezz", "subreddit_name": "frozen"}, {"body": "This made me laugh really hard. Harder than it should have.\n\n\"My hips are here, my hips are there! Oh, sorry young man, pardon my behind, I didn't mean to knock you down.\"\n\n", "created_utc": 1392850481.0, "distinguished": null, "edited": false, "id": "cfjmfpe", "is_submitter": false, "link_id": "t3_1yddf2", "parent_id": "t3_1yddf2", "permalink": "/r/Frozen/comments/1yddf2/frozen_deleted_scene_changes_the_dynamic_of_anna/cfjmfpe/", "score": 28, "stickied": false, "subreddit_id": "t5_2vpth", "author_name": "Ysara", "author_id": "6yr3q", "subreddit_name": "frozen"}, {"body": "I love this -- not as a part of the film, as it doesn't fit, but I can see this as their relationship after their reconciliation. ", "created_utc": 1392843151.0, "distinguished": null, "edited": false, "id": "cfjijir", "is_submitter": false, "link_id": "t3_1yddf2", "parent_id": "t3_1yddf2", "permalink": "/r/Frozen/comments/1yddf2/frozen_deleted_scene_changes_the_dynamic_of_anna/cfjijir/", "score": 29, "stickied": false, "subreddit_id": "t5_2vpth", "author_name": "AlixEcho", "author_id": "ajekd", "subreddit_name": "frozen"}, {"body": "Ironically, the deleted scene has been deleted.", "created_utc": 1392840353.0, "distinguished": null, "edited": false, "id": "cfjh1u9", "is_submitter": false, "link_id": "t3_1yddf2", "parent_id": "t3_1yddf2", "permalink": "/r/Frozen/comments/1yddf2/frozen_deleted_scene_changes_the_dynamic_of_anna/cfjh1u9/", "score": 17, "stickied": false, "subreddit_id": "t5_2vpth", "author_name": "Morakir", "author_id": "exnf9", "subreddit_name": "frozen"}, {"body": "That's a very different Elsa, wow. I'm trying to decide if it would have lessened the impact of the fight at the ball or made it more stark...", "created_utc": 1392841927.0, "distinguished": null, "edited": false, "id": "cfjhvux", "is_submitter": false, "link_id": "t3_1yddf2", "parent_id": "t3_1yddf2", "permalink": "/r/Frozen/comments/1yddf2/frozen_deleted_scene_changes_the_dynamic_of_anna/cfjhvux/", "score": 11, "stickied": false, "subreddit_id": "t5_2vpth", "author_name": "damocles2501", "author_id": "d3wqx", "subreddit_name": "frozen"}, {"body": "Can't wait to see all these deleted scenes on blu-ray. Still, amazing stuff.", "created_utc": 1392840834.0, "distinguished": null, "edited": false, "id": "cfjhaut", "is_submitter": false, "link_id": "t3_1yddf2", "parent_id": "t3_1yddf2", "permalink": "/r/Frozen/comments/1yddf2/frozen_deleted_scene_changes_the_dynamic_of_anna/cfjhaut/", "score": 10, "stickied": false, "subreddit_id": "t5_2vpth", "author_name": "Portgas", "author_id": "7kc75", "subreddit_name": "frozen"}, {"body": "It definitely doesn't fit with the movie (where it's implied they had very little real interaction), but it doesn't really change their dynamic in any real way, I don't think. ", "created_utc": 1392846514.0, "distinguished": null, "edited": false, "id": "cfjkd9l", "is_submitter": false, "link_id": "t3_1yddf2", "parent_id": "t3_1yddf2", "permalink": "/r/Frozen/comments/1yddf2/frozen_deleted_scene_changes_the_dynamic_of_anna/cfjkd9l/", "score": 6, "stickied": false, "subreddit_id": "t5_2vpth", "author_name": "Tyranid457", "author_id": "6z08b", "subreddit_name": "frozen"}, {"body": "This could've been a \"x years later\" bit, minus Elsa hiding her powers. I'm thankful they didn't leave it in, as it would change the dynamic between the two sisters. ", "created_utc": 1392842477.0, "distinguished": null, "edited": false, "id": "cfji6ii", "is_submitter": false, "link_id": "t3_1yddf2", "parent_id": "t3_1yddf2", "permalink": "/r/Frozen/comments/1yddf2/frozen_deleted_scene_changes_the_dynamic_of_anna/cfji6ii/", "score": 5, "stickied": false, "subreddit_id": "t5_2vpth", "author_name": "STEALTHHUNTER88", "author_id": "faodj", "subreddit_name": "frozen"}, {"body": "I really love this scene, but agree with it getting cut. I hope to see this sort of scene in a sequel or the Broadway show. Anna laughing about her big hips in that dress is freaking ADORABLE.", "created_utc": 1392874212.0, "distinguished": null, "edited": false, "id": "cfjxa5w", "is_submitter": false, "link_id": "t3_1yddf2", "parent_id": "t3_1yddf2", "permalink": "/r/Frozen/comments/1yddf2/frozen_deleted_scene_changes_the_dynamic_of_anna/cfjxa5w/", "score": 4, "stickied": false, "subreddit_id": "t5_2vpth", "author_name": "uhleckseee", "author_id": "5qbaf", "subreddit_name": "frozen"}, {"body": "Bah.. not available to view outside of the US :(\n", "created_utc": 1392841234.0, "distinguished": null, "edited": false, "id": "cfjhie2", "is_submitter": false, "link_id": "t3_1yddf2", "parent_id": "t3_1yddf2", "permalink": "/r/Frozen/comments/1yddf2/frozen_deleted_scene_changes_the_dynamic_of_anna/cfjhie2/", "score": 3, "stickied": false, "subreddit_id": "t5_2vpth", "author_name": "gdkitty", "author_id": "8payt", "subreddit_name": "frozen"}, {"body": "Just saw this on their the Frozen Facebook page, should be the same thing.\n\nhttp://www.mtv.com/news/articles/1722539/frozen-deleted-scene.jhtml\n\n**edit:** Original Link is working again, so, it's all good.", "created_utc": 1392840981.0, "distinguished": null, "edited": 1392844036.0, "id": "cfjhdnu", "is_submitter": false, "link_id": "t3_1yddf2", "parent_id": "t3_1yddf2", "permalink": "/r/Frozen/comments/1yddf2/frozen_deleted_scene_changes_the_dynamic_of_anna/cfjhdnu/", "score": 2, "stickied": false, "subreddit_id": "t5_2vpth", "author_name": "WanderingRurouni", "author_id": "bes49", "subreddit_name": "frozen"}, {"body": "Goddamn it,this made me giddy. Getting giddy is for Fridays only after Happy Hour. Way to ruin my mid-week! \n\n:D", "created_utc": 1392848881.0, "distinguished": null, "edited": false, "id": "cfjlm9j", "is_submitter": false, "link_id": "t3_1yddf2", "parent_id": "t3_1yddf2", "permalink": "/r/Frozen/comments/1yddf2/frozen_deleted_scene_changes_the_dynamic_of_anna/cfjlm9j/", "score": 2, "stickied": false, "subreddit_id": "t5_2vpth", "author_name": "Guild_Navigator", "author_id": "6v5xw", "subreddit_name": "frozen"}, {"body": "Can't wait for more deleted scenes to be released!", "created_utc": 1392850845.0, "distinguished": null, "edited": false, "id": "cfjmm9w", "is_submitter": false, "link_id": "t3_1yddf2", "parent_id": "t3_1yddf2", "permalink": "/r/Frozen/comments/1yddf2/frozen_deleted_scene_changes_the_dynamic_of_anna/cfjmm9w/", "score": 2, "stickied": false, "subreddit_id": "t5_2vpth", "author_name": "TeleVue", "author_id": "f5kuq", "subreddit_name": "frozen"}, {"body": "I absolutely love this scene. I agree with it getting cut from the movie, but I hope that we'll see something like it in the sequel or Broadway show. \"I can barely fit through the doorway!!\" Freaking ADORABLE.", "created_utc": 1392874360.0, "distinguished": null, "edited": false, "id": "cfjxc9o", "is_submitter": false, "link_id": "t3_1yddf2", "parent_id": "t3_1yddf2", "permalink": "/r/Frozen/comments/1yddf2/frozen_deleted_scene_changes_the_dynamic_of_anna/cfjxc9o/", "score": 2, "stickied": false, "subreddit_id": "t5_2vpth", "author_name": "uhleckseee", "author_id": "5qbaf", "subreddit_name": "frozen"}, {"body": "That's a completely different movie lol.", "created_utc": 1392868164.0, "distinguished": null, "edited": false, "id": "cfjuqno", "is_submitter": false, "link_id": "t3_1yddf2", "parent_id": "t3_1yddf2", "permalink": "/r/Frozen/comments/1yddf2/frozen_deleted_scene_changes_the_dynamic_of_anna/cfjuqno/", "score": 1, "stickied": false, "subreddit_id": "t5_2vpth", "author_name": "Darkside_Hero", "author_id": "6wquo", "subreddit_name": "frozen"}, {"body": "...So Disney made the movie more depressing. And because of that many people, not only kids, love this movie, as they can relate to some extent. I love it. I personally think happy-go-lucky kind of characters are hard to relate to...", "created_utc": 1392910162.0, "distinguished": null, "edited": false, "id": "cfk5uea", "is_submitter": false, "link_id": "t3_1yddf2", "parent_id": "t3_1yddf2", "permalink": "/r/Frozen/comments/1yddf2/frozen_deleted_scene_changes_the_dynamic_of_anna/cfk5uea/", "score": 1, "stickied": false, "subreddit_id": "t5_2vpth", "author_name": "FelixBlue", "author_id": "fca2h", "subreddit_name": "frozen"}, {"body": "Anyone can tell me where does the dress come from? OOOLALA\ufeff? XD", "created_utc": 1392910278.0, "distinguished": null, "edited": false, "id": "cfk5w58", "is_submitter": false, "link_id": "t3_1yddf2", "parent_id": "t3_1yddf2", "permalink": "/r/Frozen/comments/1yddf2/frozen_deleted_scene_changes_the_dynamic_of_anna/cfk5w58/", "score": 1, "stickied": false, "subreddit_id": "t5_2vpth", "author_name": "teffhk", "author_id": "dyxc8", "subreddit_name": "frozen"}, {"body": "Well... certainly it doesn't fit with the \"... ?! Hi me?\" bit at the ball, where it's clear Anna is shocked that Elsa is speaking directly to her.\n\nBut it's not alien to the characters either.  The core idea is that Anna wants a real relationship with her sister and is denied, and that's pretty much what's happening here.  This scene is just a more subtle, more \"real world\" way of showing the same dynamic.  Elsa likes her sister (I think I heard a giggle in there), but she's too afraid to actually engage with her.\n\nThe grown-up in me would probably have preferred a scene like this, honestly, if you look only at the character introductions.  But then you'd have the trouble of squaring their more subtle relationship with the Fairy Tale In Your Face ethic of the end of the film.", "created_utc": 1392843237.0, "distinguished": null, "edited": false, "id": "cfjil7e", "is_submitter": false, "link_id": "t3_1yddf2", "parent_id": "t1_cfjhqwx", "permalink": "/r/Frozen/comments/1yddf2/frozen_deleted_scene_changes_the_dynamic_of_anna/cfjil7e/", "score": 28, "stickied": false, "subreddit_id": "t5_2vpth", "author_name": "AndIfWeFall", "author_id": "f0b0t", "subreddit_name": "frozen"}, {"body": "My favourite line was: \n\n\"Where's my rose dress?\"\n\n\"It's still recovering from the last time you wore it.\" lol!", "created_utc": 1392852184.0, "distinguished": null, "edited": false, "id": "cfjna95", "is_submitter": false, "link_id": "t3_1yddf2", "parent_id": "t1_cfjmfpe", "permalink": "/r/Frozen/comments/1yddf2/frozen_deleted_scene_changes_the_dynamic_of_anna/cfjna95/", "score": 12, "stickied": false, "subreddit_id": "t5_2vpth", "author_name": "AlixEcho", "author_id": "ajekd", "subreddit_name": "frozen"}, {"body": "\"Ooh, I can barely fit through the door!!\"", "created_utc": 1392869042.0, "distinguished": null, "edited": false, "id": "cfjv4vs", "is_submitter": false, "link_id": "t3_1yddf2", "parent_id": "t1_cfjmfpe", "permalink": "/r/Frozen/comments/1yddf2/frozen_deleted_scene_changes_the_dynamic_of_anna/cfjv4vs/", "score": 4, "stickied": false, "subreddit_id": "t5_2vpth", "author_name": null, "author_id": null, "subreddit_name": "frozen"}, {"body": "I agree, it would have made the scene at the beginning of the ball when they are being introduced to everyone, seem unnatural all of a sudden. ", "created_utc": 1392849245.0, "distinguished": null, "edited": false, "id": "cfjlswb", "is_submitter": false, "link_id": "t3_1yddf2", "parent_id": "t1_cfjijir", "permalink": "/r/Frozen/comments/1yddf2/frozen_deleted_scene_changes_the_dynamic_of_anna/cfjlswb/", "score": 6, "stickied": false, "subreddit_id": "t5_2vpth", "author_name": "Phaulty", "author_id": "5x95b", "subreddit_name": "frozen"}, {"body": "I agree with this. Just change the comments about Coronation Day and it's good to go as a scene after the movie.\n\n\nAnna would go through Elsa's clothes. Even better would be if Anna decided to put on the Ice Dress. Haha.", "created_utc": 1392863616.0, "distinguished": null, "edited": false, "id": "cfjsnfb", "is_submitter": false, "link_id": "t3_1yddf2", "parent_id": "t1_cfjijir", "permalink": "/r/Frozen/comments/1yddf2/frozen_deleted_scene_changes_the_dynamic_of_anna/cfjsnfb/", "score": 4, "stickied": false, "subreddit_id": "t5_2vpth", "author_name": "drunkcersei", "author_id": "8xy4g", "subreddit_name": "frozen"}, {"body": "hahahahahahahhaa... i laughed so hard because of your comment. \n\nirony indeed... ", "created_utc": 1392840455.0, "distinguished": null, "edited": false, "id": "cfjh3o2", "is_submitter": false, "link_id": "t3_1yddf2", "parent_id": "t1_cfjh1u9", "permalink": "/r/Frozen/comments/1yddf2/frozen_deleted_scene_changes_the_dynamic_of_anna/cfjh3o2/", "score": 5, "stickied": false, "subreddit_id": "t5_2vpth", "author_name": "simien05", "author_id": "d9qj1", "subreddit_name": "frozen"}, {"body": "Should be fixed...Stupid MTV and their embed codes.", "created_utc": 1392841473.0, "distinguished": null, "edited": false, "id": "cfjhn1g", "is_submitter": false, "link_id": "t3_1yddf2", "parent_id": "t1_cfjh1u9", "permalink": "/r/Frozen/comments/1yddf2/frozen_deleted_scene_changes_the_dynamic_of_anna/cfjhn1g/", "score": 4, "stickied": false, "subreddit_id": "t5_2vpth", "author_name": null, "author_id": null, "subreddit_name": "frozen"}, {"body": "It's the reason they couldn't use  it and it was deleted. That kind of Elsa didn't match the isolation of the real one.", "created_utc": 1392846064.0, "distinguished": null, "edited": false, "id": "cfjk45r", "is_submitter": false, "link_id": "t3_1yddf2", "parent_id": "t1_cfjhvux", "permalink": "/r/Frozen/comments/1yddf2/frozen_deleted_scene_changes_the_dynamic_of_anna/cfjk45r/", "score": 13, "stickied": false, "subreddit_id": "t5_2vpth", "author_name": "loopuleasa", "author_id": "4josc", "subreddit_name": "frozen"}, {"body": "Someone please hurry up and repost the video somewhere...", "created_utc": 1392845286.0, "distinguished": null, "edited": false, "id": "cfjjois", "is_submitter": false, "link_id": "t3_1yddf2", "parent_id": "t1_cfjhie2", "permalink": "/r/Frozen/comments/1yddf2/frozen_deleted_scene_changes_the_dynamic_of_anna/cfjjois/", "score": 1, "stickied": false, "subreddit_id": "t5_2vpth", "author_name": null, "author_id": null, "subreddit_name": "frozen"}, {"body": "Stuff like \"A sister more like me\" which is official canon for the movie.. does show, they do have SOME limited interaction with each other..\nElsa does come out when the parents leave, etc..\nBut I think, movie wise.. they CHOOSE to pick just show the more isolation part... fits in better with the song, as well, makes the emotion just that much stronger for that part of the movie... making you feel for them, that much more.\nHaving another scene in there.. would have lessened that.", "created_utc": 1392843611.0, "distinguished": null, "edited": false, "id": "cfjisdi", "is_submitter": false, "link_id": "t3_1yddf2", "parent_id": "t1_cfjil7e", "permalink": "/r/Frozen/comments/1yddf2/frozen_deleted_scene_changes_the_dynamic_of_anna/cfjisdi/", "score": 17, "stickied": false, "subreddit_id": "t5_2vpth", "author_name": "gdkitty", "author_id": "8payt", "subreddit_name": "frozen"}, {"body": "I agree with your last point -- it is possible to drive the theme of separation through scenes like this one, with a few subtle details, but in this case, I think the film gained a lot more by being straightforward. To make this approach work, we would probably need to see a lot more of their relationship than we actually did... which would mean the rest of the film would have to changed to accommodate it, to fix the pacing. \n\nStill, it's lovely to see more of Anna and Elsa having fairly normal interactions.", "created_utc": 1392844231.0, "distinguished": null, "edited": false, "id": "cfjj46l", "is_submitter": false, "link_id": "t3_1yddf2", "parent_id": "t1_cfjil7e", "permalink": "/r/Frozen/comments/1yddf2/frozen_deleted_scene_changes_the_dynamic_of_anna/cfjj46l/", "score": 1, "stickied": false, "subreddit_id": "t5_2vpth", "author_name": "AlixEcho", "author_id": "ajekd", "subreddit_name": "frozen"}, {"body": "It just occurred to me that it doesn't fit with Do You Want to Build a Snowman, either (which makes sense, as it was a late addition). Maybe this was one of the earliest versions from when they decided to ditch the \"evil Elsa\" concept and before they figured out the central conflict between the sisters? They seem to get along fine, except for the fact that Elsa is hiding her powers.", "created_utc": 1392850617.0, "distinguished": null, "edited": false, "id": "cfjmi5v", "is_submitter": false, "link_id": "t3_1yddf2", "parent_id": "t1_cfjlswb", "permalink": "/r/Frozen/comments/1yddf2/frozen_deleted_scene_changes_the_dynamic_of_anna/cfjmi5v/", "score": 7, "stickied": false, "subreddit_id": "t5_2vpth", "author_name": "AlixEcho", "author_id": "ajekd", "subreddit_name": "frozen"}, {"body": "can anyone post direct link to video  after that?", "created_utc": 1392844498.0, "distinguished": null, "edited": false, "id": "cfjj9a4", "is_submitter": false, "link_id": "t3_1yddf2", "parent_id": "t1_cfjhn1g", "permalink": "/r/Frozen/comments/1yddf2/frozen_deleted_scene_changes_the_dynamic_of_anna/cfjj9a4/", "score": 1, "stickied": false, "subreddit_id": "t5_2vpth", "author_name": "loopuleasa", "author_id": "4josc", "subreddit_name": "frozen"}, {"body": "[Here you go aswell.](http://www.youtube.com/watch?v=Z3ZhgV22pVI)", "created_utc": 1392846419.0, "distinguished": null, "edited": false, "id": "cfjkbdp", "is_submitter": false, "link_id": "t3_1yddf2", "parent_id": "t1_cfjjois", "permalink": "/r/Frozen/comments/1yddf2/frozen_deleted_scene_changes_the_dynamic_of_anna/cfjkbdp/", "score": 3, "stickied": false, "subreddit_id": "t5_2vpth", "author_name": "Morakir", "author_id": "exnf9", "subreddit_name": "frozen"}, {"body": "Oh sure.  And I routinely cite stuff like ASMLM when people invoke the \"Elsa was locked in her room\" canard.  But nonetheless the film as shipped shows that Anna (1) isn't comfortable standing at her sister's side and (2) is distinctly surprised when Elsa speaks to her.  Her attitude when describing Elsa to Hans (\"Now, you'd hit my sister Elsa...\") likewise shows that she looks at Elsa as unapproachable.  So yes: surely they have spoken.  But they don't have a meaningful relationship.", "created_utc": 1392845277.0, "distinguished": null, "edited": false, "id": "cfjjocs", "is_submitter": false, "link_id": "t3_1yddf2", "parent_id": "t1_cfjisdi", "permalink": "/r/Frozen/comments/1yddf2/frozen_deleted_scene_changes_the_dynamic_of_anna/cfjjocs/", "score": 7, "stickied": false, "subreddit_id": "t5_2vpth", "author_name": "AndIfWeFall", "author_id": "f0b0t", "subreddit_name": "frozen"}, {"body": "[Here ya go.](http://www.youtube.com/watch?v=Z3ZhgV22pVI)", "created_utc": 1392846358.0, "distinguished": null, "edited": false, "id": "cfjka4o", "is_submitter": false, "link_id": "t3_1yddf2", "parent_id": "t1_cfjj9a4", "permalink": "/r/Frozen/comments/1yddf2/frozen_deleted_scene_changes_the_dynamic_of_anna/cfjka4o/", "score": 5, "stickied": false, "subreddit_id": "t5_2vpth", "author_name": "Morakir", "author_id": "exnf9", "subreddit_name": "frozen"}, {"body": "I believe they would have seen each other, etc.. but not so sure as much on the TALKING part (or if they did, would be BARE minimum)..\nJust basing it on the ASMLM pg 8, where is says Anna followed her around chattering like a bird, but Elsa never said a word back.", "created_utc": 1392856666.0, "distinguished": null, "edited": false, "id": "cfjpfoo", "is_submitter": false, "link_id": "t3_1yddf2", "parent_id": "t1_cfjjocs", "permalink": "/r/Frozen/comments/1yddf2/frozen_deleted_scene_changes_the_dynamic_of_anna/cfjpfoo/", "score": 1, "stickied": false, "subreddit_id": "t5_2vpth", "author_name": "gdkitty", "author_id": "8payt", "subreddit_name": "frozen"}, {"body": "ASMLM?  I am apparently not as caught up with everything that's going on as I thought... what does this mean, please?", "created_utc": 1392858500.0, "distinguished": null, "edited": false, "id": "cfjq9sj", "is_submitter": false, "link_id": "t3_1yddf2", "parent_id": "t1_cfjpfoo", "permalink": "/r/Frozen/comments/1yddf2/frozen_deleted_scene_changes_the_dynamic_of_anna/cfjq9sj/", "score": 5, "stickied": false, "subreddit_id": "t5_2vpth", "author_name": "firstRainbowRose", "author_id": "5rirf", "subreddit_name": "frozen"}, {"body": "If you go up a few posts, you'll see the BOOK I mentioned :)\n\nASMLM = A sister more like me.\n\nhttp://www.amazon.com/Frozen-Sister-More-Like-Me/dp/1423170148/ref=sr_1_1?ie=UTF8&qid=1392859044&sr=8-1&keywords=a+sister+more+like+me\n\nAn absolutely WONDERFUL book.  A great story for kids about sisterly love.\nConsidered Canon.\nAnd all the artwork is done by the artist Brittney Lee. (you see a lot of hers on a lot of merch, as well as she was one of the concept designers for elsa, amongst some other things)", "created_utc": 1392859140.0, "distinguished": null, "edited": false, "id": "cfjqk77", "is_submitter": false, "link_id": "t3_1yddf2", "parent_id": "t1_cfjq9sj", "permalink": "/r/Frozen/comments/1yddf2/frozen_deleted_scene_changes_the_dynamic_of_anna/cfjqk77/", "score": 6, "stickied": false, "subreddit_id": "t5_2vpth", "author_name": "gdkitty", "author_id": "8payt", "subreddit_name": "frozen"}, {"body": "Ah, thank you!  I saw that  book posted here a while back, but I didn't realize that's what it was referring to.  Thank you!\n", "created_utc": 1392860006.0, "distinguished": null, "edited": false, "id": "cfjqykb", "is_submitter": false, "link_id": "t3_1yddf2", "parent_id": "t1_cfjqk77", "permalink": "/r/Frozen/comments/1yddf2/frozen_deleted_scene_changes_the_dynamic_of_anna/cfjqykb/", "score": 3, "stickied": false, "subreddit_id": "t5_2vpth", "author_name": "firstRainbowRose", "author_id": "5rirf", "subreddit_name": "frozen"}]