{"clicked": false, "created_utc": 1392840216.0, "distinguished": null, "edited": false, "id": "1yddf2", "is_video": false, "locked": false, "num_comments": 37, "over_18": false, "permalink": "/r/Frozen/comments/1yddf2/frozen_deleted_scene_changes_the_dynamic_of_anna/", "score": 125, "selftext": "", "stickied": false, "subreddit_id": "t5_2vpth", "title": "\"Frozen\" Deleted Scene Changes the Dynamic of Anna and Elsa's Relationship", "url": "http://www.disneygeekery.com/2014/02/19/frozen-deleted-scene-changes-dynamic-anna-elsas-relationship/", "author_name": null, "author_id": null, "subreddit_name": "frozen", "upvote_ratio": 0.99}