[{"body": "You've never seen frozen too many times", "created_utc": 1393757236.0, "distinguished": null, "edited": false, "id": "cfsd3x1", "is_submitter": false, "link_id": "t3_1zc50r", "parent_id": "t3_1zc50r", "permalink": "/r/Frozen/comments/1zc50r/you_know_youve_seen_this_too_many_times_when/cfsd3x1/", "score": 60, "stickied": false, "subreddit_id": "t5_2vpth", "author_name": "clarked311", "author_id": "83hig", "subreddit_name": "frozen"}, {"body": "Can't wait till the hatedom discover this and promptly claim it spells the downfall of Western animation like they did with Elsa's hair.", "created_utc": 1393764593.0, "distinguished": null, "edited": false, "id": "cfse72v", "is_submitter": false, "link_id": "t3_1zc50r", "parent_id": "t3_1zc50r", "permalink": "/r/Frozen/comments/1zc50r/you_know_youve_seen_this_too_many_times_when/cfse72v/", "score": 25, "stickied": false, "subreddit_id": "t5_2vpth", "author_name": null, "author_id": null, "subreddit_name": "frozen"}, {"body": "Wow, Do you know if the Disney animators were aware of it? Was it intentional? If so, why? :o", "created_utc": 1393764342.0, "distinguished": null, "edited": false, "id": "cfse5m6", "is_submitter": false, "link_id": "t3_1zc50r", "parent_id": "t3_1zc50r", "permalink": "/r/Frozen/comments/1zc50r/you_know_youve_seen_this_too_many_times_when/cfse5m6/", "score": 3, "stickied": false, "subreddit_id": "t5_2vpth", "author_name": "FelixBlue", "author_id": "fca2h", "subreddit_name": "frozen"}, {"body": "Nice catch :)", "created_utc": 1393755685.0, "distinguished": null, "edited": false, "id": "cfscvxq", "is_submitter": false, "link_id": "t3_1zc50r", "parent_id": "t3_1zc50r", "permalink": "/r/Frozen/comments/1zc50r/you_know_youve_seen_this_too_many_times_when/cfscvxq/", "score": 5, "stickied": false, "subreddit_id": "t5_2vpth", "author_name": "Portgas", "author_id": "7kc75", "subreddit_name": "frozen"}, {"body": "I have a feeling this was intentional. Why would they reverse the image if not to put anna on the spot they want her to be? They would have been aware of that, i think. ", "created_utc": 1393785902.0, "distinguished": null, "edited": false, "id": "cfsknmn", "is_submitter": false, "link_id": "t3_1zc50r", "parent_id": "t3_1zc50r", "permalink": "/r/Frozen/comments/1zc50r/you_know_youve_seen_this_too_many_times_when/cfsknmn/", "score": 3, "stickied": false, "subreddit_id": "t5_2vpth", "author_name": "lazybutter", "author_id": "73zbx", "subreddit_name": "frozen"}, {"body": "I actually went to rewatch this part seeing if you meant the order of paintings was incorrect, then I looked back and I noticed the character are in reversed places. :D", "created_utc": 1393755831.0, "distinguished": null, "edited": false, "id": "cfscwq2", "is_submitter": false, "link_id": "t3_1zc50r", "parent_id": "t3_1zc50r", "permalink": "/r/Frozen/comments/1zc50r/you_know_youve_seen_this_too_many_times_when/cfscwq2/", "score": 4, "stickied": false, "subreddit_id": "t5_2vpth", "author_name": "MozzyZ", "author_id": "fhiuu", "subreddit_name": "frozen"}, {"body": "NIce found!!", "created_utc": 1393780255.0, "distinguished": null, "edited": false, "id": "cfsie8i", "is_submitter": false, "link_id": "t3_1zc50r", "parent_id": "t3_1zc50r", "permalink": "/r/Frozen/comments/1zc50r/you_know_youve_seen_this_too_many_times_when/cfsie8i/", "score": 1, "stickied": false, "subreddit_id": "t5_2vpth", "author_name": "teffhk", "author_id": "dyxc8", "subreddit_name": "frozen"}, {"body": "They made something like that? sauce pls!", "created_utc": 1393770802.0, "distinguished": null, "edited": false, "id": "cfsfem8", "is_submitter": false, "link_id": "t3_1zc50r", "parent_id": "t1_cfse72v", "permalink": "/r/Frozen/comments/1zc50r/you_know_youve_seen_this_too_many_times_when/cfsfem8/", "score": 7, "stickied": false, "subreddit_id": "t5_2vpth", "author_name": "Rakan-Han", "author_id": "8co91", "subreddit_name": "frozen"}, {"body": "Ok, to be fair, they put all this amazing detail into everything, and even have perfectly animated snow, and then they go and do that? It makes me frustrated. Don't get me wrong though, watching her take her hair down is my favorite part.", "created_utc": 1393773906.0, "distinguished": null, "edited": false, "id": "cfsg8ay", "is_submitter": false, "link_id": "t3_1zc50r", "parent_id": "t1_cfse72v", "permalink": "/r/Frozen/comments/1zc50r/you_know_youve_seen_this_too_many_times_when/cfsg8ay/", "score": 11, "stickied": false, "subreddit_id": "t5_2vpth", "author_name": "ManicOwl", "author_id": "99zrb", "subreddit_name": "frozen"}, {"body": "They probably decided Anna looked better on the right in the close up and didn't have time to re-do the first part for such a small detail.\n", "created_utc": 1393783118.0, "distinguished": null, "edited": false, "id": "cfsji9a", "is_submitter": true, "link_id": "t3_1zc50r", "parent_id": "t1_cfse5m6", "permalink": "/r/Frozen/comments/1zc50r/you_know_youve_seen_this_too_many_times_when/cfsji9a/", "score": 8, "stickied": false, "subreddit_id": "t5_2vpth", "author_name": "boomerangotan", "author_id": "3r350", "subreddit_name": "frozen"}, {"body": "Of course not, everyone makes mistakes. The two scenes would be several hours apart in real time, so they didn't notice. It's kinda crazy because usually in these types of CGI/animations there are so many more errors, bug and mistakes in cartoons than there are in this film. You can clearly tell they put a lot of effort, time^^^^and ^^^^money in the animations of Frozen.", "created_utc": 1393775694.0, "distinguished": null, "edited": false, "id": "cfsgsdd", "is_submitter": false, "link_id": "t3_1zc50r", "parent_id": "t1_cfse5m6", "permalink": "/r/Frozen/comments/1zc50r/you_know_youve_seen_this_too_many_times_when/cfsgsdd/", "score": 8, "stickied": false, "subreddit_id": "t5_2vpth", "author_name": "FreeXP", "author_id": "axgqv", "subreddit_name": "frozen"}, {"body": "[So this was the \"big error\" in question.](http://media.tumblr.com/e6db9d915972a04d592baca3e6730884/tumblr_mxeikjElqh1s3s22so3_250.gif) If you gaze at it with admiration for long enough, you can see the hair phasing through her shoulder. Some bright spark noticed it and it kinda spread like wildfire, prompting loads of angry and inarticulate responses claiming that this was the worst thing ever and Disney should be ashamed, as if prioritising visually appealing over realistic hasn't been a hallmark of animation for the past century.", "created_utc": 1393773821.0, "distinguished": null, "edited": false, "id": "cfsg7e1", "is_submitter": false, "link_id": "t3_1zc50r", "parent_id": "t1_cfsfem8", "permalink": "/r/Frozen/comments/1zc50r/you_know_youve_seen_this_too_many_times_when/cfsg7e1/", "score": 20, "stickied": false, "subreddit_id": "t5_2vpth", "author_name": null, "author_id": null, "subreddit_name": "frozen"}, {"body": "I mean, it really depends on what your view on how CGI animation should be treated is. There's far more of a drive or need for realism when working with 3D space, granted, but at the same time, a lot of the smoothness and flow of modern animation comes from [an ability to mess with appearance and physical space](http://en.wikipedia.org/wiki/Squash_and_stretch) that you can't get if you treat it realistically. I mean, no-one complains (or maybe they do idk) that Elsa has 4x as many hairs on her head as a normal human, or that [Hans goes completely cartoony and floppy when Anna punches him](http://i.imagepxl.com/kjJrT2u.gif), because the end result *looks good*. And the fact that Elsa's hair smoothly passes through her arm instead of what it would do in real life is a deliberate addition to the fantastic (in both senses of the word) appearance of that sequence.", "created_utc": 1393774800.0, "distinguished": null, "edited": 1393775175.0, "id": "cfsgi2c", "is_submitter": false, "link_id": "t3_1zc50r", "parent_id": "t1_cfsg8ay", "permalink": "/r/Frozen/comments/1zc50r/you_know_youve_seen_this_too_many_times_when/cfsgi2c/", "score": 9, "stickied": false, "subreddit_id": "t5_2vpth", "author_name": null, "author_id": null, "subreddit_name": "frozen"}, {"body": "Yeah, and rendering something this detailed takes perhaps days per still frame. Redoing just that little part could add weeks depending! I never noticed it in all my watch throughs so it's nothing big. ", "created_utc": 1393793645.0, "distinguished": null, "edited": false, "id": "cfsnxwh", "is_submitter": false, "link_id": "t3_1zc50r", "parent_id": "t1_cfsji9a", "permalink": "/r/Frozen/comments/1zc50r/you_know_youve_seen_this_too_many_times_when/cfsnxwh/", "score": 1, "stickied": false, "subreddit_id": "t5_2vpth", "author_name": "KiraMoo", "author_id": "6txhz", "subreddit_name": "frozen"}, {"body": ".... what, that's it? I already knew about that hair-passing-over-her-shoulder thing, but I never thought that it would *\"lead to the end of western animation\"*.\n\nThis disappoints me. I thought they made up some kind of neo, anti-hair religion or other crazy shit... over Elsa's hair.", "created_utc": 1393774558.0, "distinguished": null, "edited": false, "id": "cfsgfcw", "is_submitter": false, "link_id": "t3_1zc50r", "parent_id": "t1_cfsg7e1", "permalink": "/r/Frozen/comments/1zc50r/you_know_youve_seen_this_too_many_times_when/cfsgfcw/", "score": 11, "stickied": false, "subreddit_id": "t5_2vpth", "author_name": "Rakan-Han", "author_id": "8co91", "subreddit_name": "frozen"}, {"body": "[optimized gfy(html5 video) version of the gif](http://gfycat.com/AltruisticUnconsciousGecko)\n\n* Original Gif Size 1083K\n* Compressed Gfy Size 137K\n* Find out more about [gfycat/about](http://gfycat.com/about)", "created_utc": 1393773826.0, "distinguished": null, "edited": false, "id": "cfsg7g8", "is_submitter": false, "link_id": "t3_1zc50r", "parent_id": "t1_cfsg7e1", "permalink": "/r/Frozen/comments/1zc50r/you_know_youve_seen_this_too_many_times_when/cfsg7g8/", "score": 2, "stickied": false, "subreddit_id": "t5_2vpth", "author_name": null, "author_id": null, "subreddit_name": "frozen"}, {"body": "In other news, this gif has a place of honor next to tyrion_slaps_joffrey.gif. ", "created_utc": 1393813358.0, "distinguished": null, "edited": false, "id": "cfsw99x", "is_submitter": false, "link_id": "t3_1zc50r", "parent_id": "t1_cfsgi2c", "permalink": "/r/Frozen/comments/1zc50r/you_know_youve_seen_this_too_many_times_when/cfsw99x/", "score": 2, "stickied": false, "subreddit_id": "t5_2vpth", "author_name": "dita_von_cheese", "author_id": "d1ktc", "subreddit_name": "frozen"}, {"body": "Way too much hype over one small detail.\n\nCreepy as it is, it's not that important", "created_utc": 1393791270.0, "distinguished": null, "edited": false, "id": "cfsmxgq", "is_submitter": false, "link_id": "t3_1zc50r", "parent_id": "t1_cfsgfcw", "permalink": "/r/Frozen/comments/1zc50r/you_know_youve_seen_this_too_many_times_when/cfsmxgq/", "score": 3, "stickied": false, "subreddit_id": "t5_2vpth", "author_name": "Creeper4Bfast", "author_id": "dpq4d", "subreddit_name": "frozen"}]