{"clicked": false, "created_utc": 1393754811.0, "distinguished": null, "edited": false, "id": "1zc50r", "is_video": false, "locked": false, "num_comments": 18, "over_18": false, "permalink": "/r/Frozen/comments/1zc50r/you_know_youve_seen_this_too_many_times_when/", "score": 233, "selftext": "", "stickied": false, "subreddit_id": "t5_2vpth", "title": "You know you've seen this too many times when you've found a mistake that's not even listed on IMDB yet.", "url": "http://i.imgur.com/RxKZclz.jpg", "author_name": "boomerangotan", "author_id": "3r350", "subreddit_name": "frozen", "upvote_ratio": 0.98}