[{"body": "Oh God, everytime I see Anna's expression as she hugs Elsa, I get a warm fuzzy feeling!", "created_utc": 1393290877.0, "distinguished": null, "edited": false, "id": "cfnvtjh", "is_submitter": false, "link_id": "t3_1yu9nv", "parent_id": "t3_1yu9nv", "permalink": "/r/Frozen/comments/1yu9nv/you_never_truly_grow_up/cfnvtjh/", "score": 8, "stickied": false, "subreddit_id": "t5_2vpth", "author_name": "Eriflee", "author_id": "8n6qs", "subreddit_name": "frozen"}, {"body": "So true!", "created_utc": 1393288768.0, "distinguished": null, "edited": false, "id": "cfnuu4v", "is_submitter": false, "link_id": "t3_1yu9nv", "parent_id": "t3_1yu9nv", "permalink": "/r/Frozen/comments/1yu9nv/you_never_truly_grow_up/cfnuu4v/", "score": 4, "stickied": false, "subreddit_id": "t5_2vpth", "author_name": "jayjay200", "author_id": "c0kdx", "subreddit_name": "frozen"}, {"body": "Wow, never noticed Sven's slobber all over that carrot. Thats some extra taste right there.", "created_utc": 1393294090.0, "distinguished": null, "edited": false, "id": "cfnxcoy", "is_submitter": false, "link_id": "t3_1yu9nv", "parent_id": "t3_1yu9nv", "permalink": "/r/Frozen/comments/1yu9nv/you_never_truly_grow_up/cfnxcoy/", "score": 5, "stickied": false, "subreddit_id": "t5_2vpth", "author_name": "Awesome6781", "author_id": "747jh", "subreddit_name": "frozen"}]