{"clicked": false, "created_utc": 1393285330.0, "distinguished": null, "edited": false, "id": "1yu9nv", "is_video": false, "locked": false, "num_comments": 3, "over_18": false, "permalink": "/r/Frozen/comments/1yu9nv/you_never_truly_grow_up/", "score": 134, "selftext": "", "stickied": false, "subreddit_id": "t5_2vpth", "title": "You Never Truly Grow Up", "url": "http://disneynumber1fan.deviantart.com/art/You-never-truly-grow-up-Animation-436425358", "author_name": "JamesAQuintero", "author_id": "7gthv", "subreddit_name": "frozen", "upvote_ratio": 0.97}