[{"body": "Had very little luck finding online, any piano music for Let it Go.\n\nLots of the Demi levato version, but not the movie version.\n\nWent to the local store, and they were able to provide and print it for me :)\n\nSo, I thought I would share for those interested.\n\n", "created_utc": 1392080369.0, "distinguished": null, "edited": false, "id": "cfc5md6", "is_submitter": true, "link_id": "t3_1xkibd", "parent_id": "t3_1xkibd", "permalink": "/r/Frozen/comments/1xkibd/let_it_go_full_basic_piano_music/cfc5md6/", "score": 21, "stickied": false, "subreddit_id": "t5_2vpth", "author_name": "gdkitty", "author_id": "8payt", "subreddit_name": "frozen"}, {"body": "If anyone's interested, I also found a very accurate movie version  of the sheet music I'd be willing to share happily (yes, it's a bit more advanced than this one).\n\nSo here's the [PDF](https://docs.google.com/file/d/0B6tvWd5uM2eLdmM5MHRxU2FaRHM/edit?pli=1) and I've uploaded the midi file of the song [here](https://soundcloud.com/false_dmitri/let-it-go-advanced-piano).\n\nHave fun!\n\nEdit: changed the Soundcloud link so it should work now.", "created_utc": 1392094867.0, "distinguished": null, "edited": 1392174152.0, "id": "cfcc26c", "is_submitter": false, "link_id": "t3_1xkibd", "parent_id": "t3_1xkibd", "permalink": "/r/Frozen/comments/1xkibd/let_it_go_full_basic_piano_music/cfcc26c/", "score": 18, "stickied": false, "subreddit_id": "t5_2vpth", "author_name": "FalseDmitri", "author_id": "eyjtj", "subreddit_name": "frozen"}, {"body": "[Me when it comes to sheet music](https://i.chzbgr.com/maxW500/5308637184/hF3A27D20/)", "created_utc": 1392093971.0, "distinguished": null, "edited": false, "id": "cfcbp1a", "is_submitter": false, "link_id": "t3_1xkibd", "parent_id": "t3_1xkibd", "permalink": "/r/Frozen/comments/1xkibd/let_it_go_full_basic_piano_music/cfcbp1a/", "score": 11, "stickied": false, "subreddit_id": "t5_2vpth", "author_name": "Voids", "author_id": "6dj3i", "subreddit_name": "frozen"}, {"body": "Tyvm, love you OP", "created_utc": 1392081952.0, "distinguished": null, "edited": false, "id": "cfc6blb", "is_submitter": false, "link_id": "t3_1xkibd", "parent_id": "t3_1xkibd", "permalink": "/r/Frozen/comments/1xkibd/let_it_go_full_basic_piano_music/cfc6blb/", "score": 6, "stickied": false, "subreddit_id": "t5_2vpth", "author_name": "GrahamMc", "author_id": "6nyuh", "subreddit_name": "frozen"}, {"body": "I pre-ordered the sheet music, so more options on all songs when it finaly comes in!", "created_utc": 1392081924.0, "distinguished": null, "edited": false, "id": "cfc6b4m", "is_submitter": false, "link_id": "t3_1xkibd", "parent_id": "t3_1xkibd", "permalink": "/r/Frozen/comments/1xkibd/let_it_go_full_basic_piano_music/cfc6b4m/", "score": 4, "stickied": false, "subreddit_id": "t5_2vpth", "author_name": "joelicious5000", "author_id": "66op1", "subreddit_name": "frozen"}, {"body": "You my friend, are a savior. I have the sheet music book already preordered and I couldn't wait to get my hands on let it go. Thank You so much!", "created_utc": 1392084786.0, "distinguished": null, "edited": false, "id": "cfc7l1n", "is_submitter": false, "link_id": "t3_1xkibd", "parent_id": "t3_1xkibd", "permalink": "/r/Frozen/comments/1xkibd/let_it_go_full_basic_piano_music/cfc7l1n/", "score": 3, "stickied": false, "subreddit_id": "t5_2vpth", "author_name": "Clonetrooper1234", "author_id": "9w10z", "subreddit_name": "frozen"}, {"body": "Thanks! I had a dream about playing this song on the piano last night, but in the dream I was trying to play it by ear.", "created_utc": 1392094106.0, "distinguished": null, "edited": false, "id": "cfcbr0b", "is_submitter": false, "link_id": "t3_1xkibd", "parent_id": "t3_1xkibd", "permalink": "/r/Frozen/comments/1xkibd/let_it_go_full_basic_piano_music/cfcbr0b/", "score": 3, "stickied": false, "subreddit_id": "t5_2vpth", "author_name": "alaskandesign", "author_id": "44qmk", "subreddit_name": "frozen"}, {"body": "Oh my god thank you so much ily <3", "created_utc": 1392111967.0, "distinguished": null, "edited": false, "id": "cfcgdub", "is_submitter": false, "link_id": "t3_1xkibd", "parent_id": "t3_1xkibd", "permalink": "/r/Frozen/comments/1xkibd/let_it_go_full_basic_piano_music/cfcgdub/", "score": 3, "stickied": false, "subreddit_id": "t5_2vpth", "author_name": null, "author_id": null, "subreddit_name": "frozen"}, {"body": "Awesome, I've been dieing to try and play this but couldn't find any sheet music. Thanks!", "created_utc": 1392130178.0, "distinguished": null, "edited": false, "id": "cfck6a4", "is_submitter": false, "link_id": "t3_1xkibd", "parent_id": "t3_1xkibd", "permalink": "/r/Frozen/comments/1xkibd/let_it_go_full_basic_piano_music/cfck6a4/", "score": 1, "stickied": false, "subreddit_id": "t5_2vpth", "author_name": "Harken92", "author_id": "5xrn4", "subreddit_name": "frozen"}, {"body": "Gah!  I wish I had a piano!", "created_utc": 1392132253.0, "distinguished": null, "edited": false, "id": "cfcky3u", "is_submitter": false, "link_id": "t3_1xkibd", "parent_id": "t3_1xkibd", "permalink": "/r/Frozen/comments/1xkibd/let_it_go_full_basic_piano_music/cfcky3u/", "score": 1, "stickied": false, "subreddit_id": "t5_2vpth", "author_name": null, "author_id": null, "subreddit_name": "frozen"}, {"body": "sweeeet im about to learn this and make my cousins and sisters jealous....im 21....and im a guy...", "created_utc": 1392097378.0, "distinguished": null, "edited": false, "id": "cfcczty", "is_submitter": false, "link_id": "t3_1xkibd", "parent_id": "t3_1xkibd", "permalink": "/r/Frozen/comments/1xkibd/let_it_go_full_basic_piano_music/cfcczty/", "score": 1, "stickied": false, "subreddit_id": "t5_2vpth", "author_name": "michaelsong55", "author_id": "5w0bg", "subreddit_name": "frozen"}, {"body": "Full, advanced, very accurate piano sheet music:\n\n[Let It Go](http://www.reddit.com/r/disney/comments/1tgexv/disneys_frozen_let_it_go_free_advanced_piano/) - Piano\n\n[Do You Wanna Build a Snowman](http://www.reddit.com/r/piano/comments/1tgewq/disneys_frozen_let_it_go_free_advanced_piano/ceb3nfs) - Piano\n\n[Do You Wanna Build a Snowman](http://www.reddit.com/r/piano/comments/1u7zc6/disneys_frozen_do_you_wanna_build_a_snowman/) - Piano & Viola\n\nAll from /u/davidrussell323!", "created_utc": 1392112915.0, "distinguished": null, "edited": false, "id": "cfcgixc", "is_submitter": false, "link_id": "t3_1xkibd", "parent_id": "t1_cfc5md6", "permalink": "/r/Frozen/comments/1xkibd/let_it_go_full_basic_piano_music/cfcgixc/", "score": 11, "stickied": false, "subreddit_id": "t5_2vpth", "author_name": "bokurai", "author_id": "6z9u4", "subreddit_name": "frozen"}, {"body": "Thank you so much!", "created_utc": 1392097426.0, "distinguished": null, "edited": false, "id": "cfcd0gt", "is_submitter": false, "link_id": "t3_1xkibd", "parent_id": "t1_cfc5md6", "permalink": "/r/Frozen/comments/1xkibd/let_it_go_full_basic_piano_music/cfcd0gt/", "score": 2, "stickied": false, "subreddit_id": "t5_2vpth", "author_name": "LadyVenture", "author_id": "9utqo", "subreddit_name": "frozen"}, {"body": "Also, you can sign up for a free account on http://www.noteflight.com/ and find lots of sheet music here. I've found a few different versions of Let It Go.", "created_utc": 1392134006.0, "distinguished": null, "edited": false, "id": "cfclo11", "is_submitter": false, "link_id": "t3_1xkibd", "parent_id": "t1_cfc5md6", "permalink": "/r/Frozen/comments/1xkibd/let_it_go_full_basic_piano_music/cfclo11/", "score": 2, "stickied": false, "subreddit_id": "t5_2vpth", "author_name": "alaskandesign", "author_id": "44qmk", "subreddit_name": "frozen"}, {"body": "Thanks that's so nice of you! Was that the only song you got? :)", "created_utc": 1392120602.0, "distinguished": null, "edited": false, "id": "cfchpie", "is_submitter": false, "link_id": "t3_1xkibd", "parent_id": "t1_cfc5md6", "permalink": "/r/Frozen/comments/1xkibd/let_it_go_full_basic_piano_music/cfchpie/", "score": 1, "stickied": false, "subreddit_id": "t5_2vpth", "author_name": "DwendilSurespear", "author_id": "am14q", "subreddit_name": "frozen"}, {"body": "I'd be interested", "created_utc": 1392095609.0, "distinguished": null, "edited": false, "id": "cfcccin", "is_submitter": false, "link_id": "t3_1xkibd", "parent_id": "t1_cfcc26c", "permalink": "/r/Frozen/comments/1xkibd/let_it_go_full_basic_piano_music/cfcccin/", "score": 3, "stickied": false, "subreddit_id": "t5_2vpth", "author_name": "tallbeerlover", "author_id": "7x8x6", "subreddit_name": "frozen"}, {"body": "Yes please!", "created_utc": 1392098363.0, "distinguished": null, "edited": false, "id": "cfcdbvi", "is_submitter": false, "link_id": "t3_1xkibd", "parent_id": "t1_cfcc26c", "permalink": "/r/Frozen/comments/1xkibd/let_it_go_full_basic_piano_music/cfcdbvi/", "score": 1, "stickied": false, "subreddit_id": "t5_2vpth", "author_name": "martilyo", "author_id": "3m0l3", "subreddit_name": "frozen"}, {"body": "Ooh could you upload it please? :)", "created_utc": 1392102876.0, "distinguished": null, "edited": false, "id": "cfcemet", "is_submitter": false, "link_id": "t3_1xkibd", "parent_id": "t1_cfcc26c", "permalink": "/r/Frozen/comments/1xkibd/let_it_go_full_basic_piano_music/cfcemet/", "score": 1, "stickied": false, "subreddit_id": "t5_2vpth", "author_name": "phoenix-down", "author_id": "c8ycq", "subreddit_name": "frozen"}, {"body": "YES PLEASE", "created_utc": 1392110333.0, "distinguished": null, "edited": false, "id": "cfcg4nu", "is_submitter": false, "link_id": "t3_1xkibd", "parent_id": "t1_cfcc26c", "permalink": "/r/Frozen/comments/1xkibd/let_it_go_full_basic_piano_music/cfcg4nu/", "score": 1, "stickied": false, "subreddit_id": "t5_2vpth", "author_name": null, "author_id": null, "subreddit_name": "frozen"}, {"body": "I know that feel bro.  I played piano for like 6 years, but I've stopped for like 8 years now and I can't read sheet music for my life anymore.", "created_utc": 1392156445.0, "distinguished": null, "edited": false, "id": "cfcwm3o", "is_submitter": false, "link_id": "t3_1xkibd", "parent_id": "t1_cfcbp1a", "permalink": "/r/Frozen/comments/1xkibd/let_it_go_full_basic_piano_music/cfcwm3o/", "score": 2, "stickied": false, "subreddit_id": "t5_2vpth", "author_name": "baconbroth", "author_id": "cidv2", "subreddit_name": "frozen"}, {"body": "Your welcome :)", "created_utc": 1392082330.0, "distinguished": null, "edited": false, "id": "cfc6hm3", "is_submitter": true, "link_id": "t3_1xkibd", "parent_id": "t1_cfc6blb", "permalink": "/r/Frozen/comments/1xkibd/let_it_go_full_basic_piano_music/cfc6hm3/", "score": 5, "stickied": false, "subreddit_id": "t5_2vpth", "author_name": "gdkitty", "author_id": "8payt", "subreddit_name": "frozen"}, {"body": "Where I went, we were only able to find Let it Go. None of the other songs.. But even this one, was not listed under FROZEN was listed under Robert Lopez.... so if we had looked around more, might have found the others.\n\nIf you feel like sharing once you get it, we will all love you long time :)\n\n(there was lot of ORCHISTRAL stuff too)", "created_utc": 1392082314.0, "distinguished": null, "edited": false, "id": "cfc6hcd", "is_submitter": true, "link_id": "t3_1xkibd", "parent_id": "t1_cfc6b4m", "permalink": "/r/Frozen/comments/1xkibd/let_it_go_full_basic_piano_music/cfc6hcd/", "score": 5, "stickied": false, "subreddit_id": "t5_2vpth", "author_name": "gdkitty", "author_id": "8payt", "subreddit_name": "frozen"}, {"body": "No problem :)\n\nI would love to see more of the others if your willing to share at the time.\n\nNow.. to get the piano fixes so I can play :(", "created_utc": 1392085636.0, "distinguished": null, "edited": false, "id": "cfc7yo2", "is_submitter": true, "link_id": "t3_1xkibd", "parent_id": "t1_cfc7l1n", "permalink": "/r/Frozen/comments/1xkibd/let_it_go_full_basic_piano_music/cfc7yo2/", "score": 3, "stickied": false, "subreddit_id": "t5_2vpth", "author_name": "gdkitty", "author_id": "8payt", "subreddit_name": "frozen"}, {"body": "That's what I figure.. I am no Mozart or anything.. I don't expect to be playing concerts..\n\nBut to be able to sit down and play the main melody/voice part just anyways, will be enough for peoples ears to perk up :)", "created_utc": 1392126213.0, "distinguished": null, "edited": false, "id": "cfcixbf", "is_submitter": true, "link_id": "t3_1xkibd", "parent_id": "t1_cfcczty", "permalink": "/r/Frozen/comments/1xkibd/let_it_go_full_basic_piano_music/cfcixbf/", "score": 1, "stickied": false, "subreddit_id": "t5_2vpth", "author_name": "gdkitty", "author_id": "8payt", "subreddit_name": "frozen"}, {"body": "Thanks a bunch for these!\n\nI still need to get my piano FIXED if it can be... before I even start playing.\n\nOtherwise.. looking at alternatives.. Don't want to pay a lot for a keyboard.. but don't want to go cheap either..\nNeed to find a decent SOFTWARE based one.. (free would be nice).", "created_utc": 1392126689.0, "distinguished": null, "edited": false, "id": "cfcj1yy", "is_submitter": true, "link_id": "t3_1xkibd", "parent_id": "t1_cfcgixc", "permalink": "/r/Frozen/comments/1xkibd/let_it_go_full_basic_piano_music/cfcj1yy/", "score": 3, "stickied": false, "subreddit_id": "t5_2vpth", "author_name": "gdkitty", "author_id": "8payt", "subreddit_name": "frozen"}, {"body": "Wow, great find.  Some interesting stuff there :)\n", "created_utc": 1392136422.0, "distinguished": null, "edited": false, "id": "cfcmpgm", "is_submitter": true, "link_id": "t3_1xkibd", "parent_id": "t1_cfclo11", "permalink": "/r/Frozen/comments/1xkibd/let_it_go_full_basic_piano_music/cfcmpgm/", "score": 1, "stickied": false, "subreddit_id": "t5_2vpth", "author_name": "gdkitty", "author_id": "8payt", "subreddit_name": "frozen"}, {"body": "Unfortunately, yes.\n\nBUT, If you look on this thread.. the others have so graciously posted some of the OTHER more advanced stuff, for Let it Go and How to build a snowman! :)\n\nAnd possibly some more, as people get in the music they have ordered :)", "created_utc": 1392125787.0, "distinguished": null, "edited": false, "id": "cfcit97", "is_submitter": true, "link_id": "t3_1xkibd", "parent_id": "t1_cfchpie", "permalink": "/r/Frozen/comments/1xkibd/let_it_go_full_basic_piano_music/cfcit97/", "score": 5, "stickied": false, "subreddit_id": "t5_2vpth", "author_name": "gdkitty", "author_id": "8payt", "subreddit_name": "frozen"}, {"body": "Updated my comment above", "created_utc": 1392133022.0, "distinguished": null, "edited": false, "id": "cfcl9b1", "is_submitter": false, "link_id": "t3_1xkibd", "parent_id": "t1_cfcccin", "permalink": "/r/Frozen/comments/1xkibd/let_it_go_full_basic_piano_music/cfcl9b1/", "score": 2, "stickied": false, "subreddit_id": "t5_2vpth", "author_name": "FalseDmitri", "author_id": "eyjtj", "subreddit_name": "frozen"}, {"body": "Updated my comment above", "created_utc": 1392133031.0, "distinguished": null, "edited": false, "id": "cfcl9ga", "is_submitter": false, "link_id": "t3_1xkibd", "parent_id": "t1_cfcdbvi", "permalink": "/r/Frozen/comments/1xkibd/let_it_go_full_basic_piano_music/cfcl9ga/", "score": 2, "stickied": false, "subreddit_id": "t5_2vpth", "author_name": "FalseDmitri", "author_id": "eyjtj", "subreddit_name": "frozen"}, {"body": "Updated my comment above", "created_utc": 1392133052.0, "distinguished": null, "edited": false, "id": "cfcl9qw", "is_submitter": false, "link_id": "t3_1xkibd", "parent_id": "t1_cfcemet", "permalink": "/r/Frozen/comments/1xkibd/let_it_go_full_basic_piano_music/cfcl9qw/", "score": 1, "stickied": false, "subreddit_id": "t5_2vpth", "author_name": "FalseDmitri", "author_id": "eyjtj", "subreddit_name": "frozen"}, {"body": "Updated my comment above", "created_utc": 1392133039.0, "distinguished": null, "edited": false, "id": "cfcl9k8", "is_submitter": false, "link_id": "t3_1xkibd", "parent_id": "t1_cfcg4nu", "permalink": "/r/Frozen/comments/1xkibd/let_it_go_full_basic_piano_music/cfcl9k8/", "score": 1, "stickied": false, "subreddit_id": "t5_2vpth", "author_name": "FalseDmitri", "author_id": "eyjtj", "subreddit_name": "frozen"}, {"body": "I just never learned how. My first instrument was the guitar and I always went by tabs or by ear. Then like 5 years later when I started playing piano I had no experience with sheet music and tabs obviously don't work. So I just use Synthesia which is a great tool for the illiterate like myself ", "created_utc": 1392157819.0, "distinguished": null, "edited": false, "id": "cfcxace", "is_submitter": false, "link_id": "t3_1xkibd", "parent_id": "t1_cfcwm3o", "permalink": "/r/Frozen/comments/1xkibd/let_it_go_full_basic_piano_music/cfcxace/", "score": 3, "stickied": false, "subreddit_id": "t5_2vpth", "author_name": "Voids", "author_id": "6dj3i", "subreddit_name": "frozen"}, {"body": "im ALL about that orchestral shit", "created_utc": 1392083664.0, "distinguished": null, "edited": false, "id": "cfc73dg", "is_submitter": false, "link_id": "t3_1xkibd", "parent_id": "t1_cfc6hcd", "permalink": "/r/Frozen/comments/1xkibd/let_it_go_full_basic_piano_music/cfc73dg/", "score": 1, "stickied": false, "subreddit_id": "t5_2vpth", "author_name": "joelicious5000", "author_id": "66op1", "subreddit_name": "frozen"}, {"body": "Oh I'll definitely share them when I get the book, I'm hoping it comes in next week.", "created_utc": 1392085831.0, "distinguished": null, "edited": false, "id": "cfc821r", "is_submitter": false, "link_id": "t3_1xkibd", "parent_id": "t1_cfc7yo2", "permalink": "/r/Frozen/comments/1xkibd/let_it_go_full_basic_piano_music/cfc821r/", "score": 3, "stickied": false, "subreddit_id": "t5_2vpth", "author_name": "Clonetrooper1234", "author_id": "9w10z", "subreddit_name": "frozen"}, {"body": "I hear you can often get pianos on Craigslist for free. People give them away (provided you can come pick them up) because they buy them for their kids and the kids stop playing, so they just sit around taking up space and become another piece of furniture. Might be worth a look. Pawn shops also sometimes sell instruments. You could probably get a used keyboard somewhere for fairly cheap.", "created_utc": 1392146213.0, "distinguished": null, "edited": false, "id": "cfcrei5", "is_submitter": false, "link_id": "t3_1xkibd", "parent_id": "t1_cfcj1yy", "permalink": "/r/Frozen/comments/1xkibd/let_it_go_full_basic_piano_music/cfcrei5/", "score": 1, "stickied": false, "subreddit_id": "t5_2vpth", "author_name": "bokurai", "author_id": "6z9u4", "subreddit_name": "frozen"}, {"body": "Thanks no problem! The song I really love is Fixer Upper and I'd love the score to that, I guess we'll wait and see if it gets uploaded at some point :D", "created_utc": 1392147640.0, "distinguished": null, "edited": false, "id": "cfcs4ah", "is_submitter": false, "link_id": "t3_1xkibd", "parent_id": "t1_cfcit97", "permalink": "/r/Frozen/comments/1xkibd/let_it_go_full_basic_piano_music/cfcs4ah/", "score": 1, "stickied": false, "subreddit_id": "t5_2vpth", "author_name": "DwendilSurespear", "author_id": "am14q", "subreddit_name": "frozen"}, {"body": "Awesome! Thanks!", "created_utc": 1392134035.0, "distinguished": null, "edited": false, "id": "cfcloi3", "is_submitter": false, "link_id": "t3_1xkibd", "parent_id": "t1_cfcl9b1", "permalink": "/r/Frozen/comments/1xkibd/let_it_go_full_basic_piano_music/cfcloi3/", "score": 1, "stickied": false, "subreddit_id": "t5_2vpth", "author_name": "tallbeerlover", "author_id": "7x8x6", "subreddit_name": "frozen"}, {"body": "You, my friend, are awesome.", "created_utc": 1392282351.0, "distinguished": null, "edited": false, "id": "cfe7s35", "is_submitter": false, "link_id": "t3_1xkibd", "parent_id": "t1_cfcl9ga", "permalink": "/r/Frozen/comments/1xkibd/let_it_go_full_basic_piano_music/cfe7s35/", "score": 1, "stickied": false, "subreddit_id": "t5_2vpth", "author_name": "martilyo", "author_id": "3m0l3", "subreddit_name": "frozen"}, {"body": "I'm the opposite. I'm terrible at playing by ear, but really good at sight-reading sheet music. I envy you, because I always have to spend ages looking for sheet music and can't just figure out how to play things myself. The grass is always greener on the other side of the fence, I think. :)", "created_utc": 1392166091.0, "distinguished": null, "edited": false, "id": "cfd0wyu", "is_submitter": false, "link_id": "t3_1xkibd", "parent_id": "t1_cfcxace", "permalink": "/r/Frozen/comments/1xkibd/let_it_go_full_basic_piano_music/cfd0wyu/", "score": 1, "stickied": false, "subreddit_id": "t5_2vpth", "author_name": "bokurai", "author_id": "6z9u4", "subreddit_name": "frozen"}, {"body": "Yeah.. but for a single person who barely plays piano.. doesn't need the 10 different instruments, etc :)\nTHough I bet sounds GREAT when put together.", "created_utc": 1392083765.0, "distinguished": null, "edited": false, "id": "cfc750d", "is_submitter": true, "link_id": "t3_1xkibd", "parent_id": "t1_cfc73dg", "permalink": "/r/Frozen/comments/1xkibd/let_it_go_full_basic_piano_music/cfc750d/", "score": 3, "stickied": false, "subreddit_id": "t5_2vpth", "author_name": "gdkitty", "author_id": "8payt", "subreddit_name": "frozen"}, {"body": "I didn't even know there was a book, I may have to preorder it as a well!", "created_utc": 1392089839.0, "distinguished": null, "edited": false, "id": "cfc9wch", "is_submitter": false, "link_id": "t3_1xkibd", "parent_id": "t1_cfc821r", "permalink": "/r/Frozen/comments/1xkibd/let_it_go_full_basic_piano_music/cfc9wch/", "score": 2, "stickied": false, "subreddit_id": "t5_2vpth", "author_name": "shmameron", "author_id": "9h46k", "subreddit_name": "frozen"}, {"body": "Thanks a ton. :)\n\nMy wife used to play flute and is wanting to get it tuned so she can play some. \n\nMost of the piano stuff can be used for that. Even thinking some songs like 'do you want to build a snowman' the base/F clef parts could be played on piano, and the treble/G clef stuff on flute. ", "created_utc": 1392089946.0, "distinguished": null, "edited": false, "id": "cfc9y3x", "is_submitter": true, "link_id": "t3_1xkibd", "parent_id": "t1_cfc821r", "permalink": "/r/Frozen/comments/1xkibd/let_it_go_full_basic_piano_music/cfc9y3x/", "score": 2, "stickied": false, "subreddit_id": "t5_2vpth", "author_name": "gdkitty", "author_id": "8payt", "subreddit_name": "frozen"}, {"body": "Well, was talking with my uncle.. who had my parents upright.\nThey are actually wanting it out.. so we can have it back :) the one I grew up with playing :)\n\nTrick is now, I have to arrange to pick it up :P\nBeing a full upright.. wont just fit in the back of the SUV :P", "created_utc": 1392148055.0, "distinguished": null, "edited": false, "id": "cfcsbtc", "is_submitter": true, "link_id": "t3_1xkibd", "parent_id": "t1_cfcrei5", "permalink": "/r/Frozen/comments/1xkibd/let_it_go_full_basic_piano_music/cfcsbtc/", "score": 1, "stickied": false, "subreddit_id": "t5_2vpth", "author_name": "gdkitty", "author_id": "8payt", "subreddit_name": "frozen"}, {"body": "That's true. I can learn by ear fairly well on guitar because I'm used to it and know how to get the sounds I want. But since I'm a beginner at piano I can't do it, especially when learning classical pieces that have many strange chords that I wouldn't normally see playing guitar. I have to look at Synthesia and really just memorize the shapes and create patterns in my head so I can remember the chords. If I could read it would make things much simpler", "created_utc": 1392167199.0, "distinguished": null, "edited": false, "id": "cfd1fa0", "is_submitter": false, "link_id": "t3_1xkibd", "parent_id": "t1_cfd0wyu", "permalink": "/r/Frozen/comments/1xkibd/let_it_go_full_basic_piano_music/cfd1fa0/", "score": 2, "stickied": false, "subreddit_id": "t5_2vpth", "author_name": "Voids", "author_id": "6dj3i", "subreddit_name": "frozen"}, {"body": "The book has the notes for piano, the lyrics, and the chords for the guitar. So yeah you can definitely use it for the flute! I play piano and guitar so this book is perfect.", "created_utc": 1392091156.0, "distinguished": null, "edited": false, "id": "cfcahpy", "is_submitter": false, "link_id": "t3_1xkibd", "parent_id": "t1_cfc9y3x", "permalink": "/r/Frozen/comments/1xkibd/let_it_go_full_basic_piano_music/cfcahpy/", "score": 2, "stickied": false, "subreddit_id": "t5_2vpth", "author_name": "Clonetrooper1234", "author_id": "9w10z", "subreddit_name": "frozen"}, {"body": "Rent a U-haul, if you don't have a friend with a truck! Cheaper than a new piano. :)", "created_utc": 1392165800.0, "distinguished": null, "edited": false, "id": "cfd0rsp", "is_submitter": false, "link_id": "t3_1xkibd", "parent_id": "t1_cfcsbtc", "permalink": "/r/Frozen/comments/1xkibd/let_it_go_full_basic_piano_music/cfd0rsp/", "score": 1, "stickied": false, "subreddit_id": "t5_2vpth", "author_name": "bokurai", "author_id": "6z9u4", "subreddit_name": "frozen"}, {"body": "Tried playing some on garage band just now, good enough to her it a bit... But way to difficult to use. \nHopefully can get the piano fixed. (Partially broken when we moved)\n\nOtherwise may have to look at an inexpensive keyboard. ", "created_utc": 1392091818.0, "distinguished": null, "edited": false, "id": "cfcas8p", "is_submitter": true, "link_id": "t3_1xkibd", "parent_id": "t1_cfcahpy", "permalink": "/r/Frozen/comments/1xkibd/let_it_go_full_basic_piano_music/cfcas8p/", "score": 2, "stickied": false, "subreddit_id": "t5_2vpth", "author_name": "gdkitty", "author_id": "8payt", "subreddit_name": "frozen"}, {"body": "Oh yeah", "created_utc": 1392167129.0, "distinguished": null, "edited": false, "id": "cfd1e4x", "is_submitter": true, "link_id": "t3_1xkibd", "parent_id": "t1_cfd0rsp", "permalink": "/r/Frozen/comments/1xkibd/let_it_go_full_basic_piano_music/cfd1e4x/", "score": 1, "stickied": false, "subreddit_id": "t5_2vpth", "author_name": "gdkitty", "author_id": "8payt", "subreddit_name": "frozen"}]