{"clicked": false, "created_utc": 1392080285.0, "distinguished": null, "edited": false, "id": "1xkibd", "is_video": false, "locked": false, "num_comments": 48, "over_18": false, "permalink": "/r/Frozen/comments/1xkibd/let_it_go_full_basic_piano_music/", "score": 181, "selftext": "", "stickied": false, "subreddit_id": "t5_2vpth", "title": "Let it Go - Full Basic Piano Music", "url": "http://imgur.com/a/ZojTI", "author_name": "gdkitty", "author_id": "8payt", "subreddit_name": "frozen", "upvote_ratio": 0.97}