[{"body": "Awww! Too adorable. This movie and all the fanart make me wish I had a sister. :(", "created_utc": 1391869368.0, "distinguished": null, "edited": false, "id": "cfa67o7", "is_submitter": false, "link_id": "t3_1xca8r", "parent_id": "t3_1xca8r", "permalink": "/r/Frozen/comments/1xca8r/anna_is_ugly_by_patronustrip/cfa67o7/", "score": 14, "stickied": false, "subreddit_id": "t5_2vpth", "author_name": "Swoove", "author_id": "7w825", "subreddit_name": "frozen"}, {"body": "I think I just melted from the adorableness of this.", "created_utc": 1391875471.0, "distinguished": null, "edited": false, "id": "cfa803r", "is_submitter": false, "link_id": "t3_1xca8r", "parent_id": "t3_1xca8r", "permalink": "/r/Frozen/comments/1xca8r/anna_is_ugly_by_patronustrip/cfa803r/", "score": 14, "stickied": false, "subreddit_id": "t5_2vpth", "author_name": "sharkuppercut", "author_id": "8r5oj", "subreddit_name": "frozen"}, {"body": "Honestly, I wished there was a longer scene about their childhood. Too cute.", "created_utc": 1391872628.0, "distinguished": null, "edited": false, "id": "cfa73dx", "is_submitter": false, "link_id": "t3_1xca8r", "parent_id": "t3_1xca8r", "permalink": "/r/Frozen/comments/1xca8r/anna_is_ugly_by_patronustrip/cfa73dx/", "score": 9, "stickied": false, "subreddit_id": "t5_2vpth", "author_name": "Recidivis", "author_id": "8pkti", "subreddit_name": "frozen"}, {"body": "Beautifuller! ", "created_utc": 1391878334.0, "distinguished": null, "edited": false, "id": "cfa90ho", "is_submitter": false, "link_id": "t3_1xca8r", "parent_id": "t3_1xca8r", "permalink": "/r/Frozen/comments/1xca8r/anna_is_ugly_by_patronustrip/cfa90ho/", "score": 8, "stickied": false, "subreddit_id": "t5_2vpth", "author_name": "labisa", "author_id": "66wfz", "subreddit_name": "frozen"}, {"body": "The most gracious, gorgeous, smartest, kindest, absolutely perfect...", "created_utc": 1391880502.0, "distinguished": null, "edited": false, "id": "cfa9u1i", "is_submitter": false, "link_id": "t3_1xca8r", "parent_id": "t3_1xca8r", "permalink": "/r/Frozen/comments/1xca8r/anna_is_ugly_by_patronustrip/cfa9u1i/", "score": 6, "stickied": false, "subreddit_id": "t5_2vpth", "author_name": "GarlicBreddit", "author_id": "5ae2j", "subreddit_name": "frozen"}, {"body": "The deleated 10^th pannel might be NSFW", "created_utc": 1391878055.0, "distinguished": null, "edited": false, "id": "cfa8wux", "is_submitter": false, "link_id": "t3_1xca8r", "parent_id": "t3_1xca8r", "permalink": "/r/Frozen/comments/1xca8r/anna_is_ugly_by_patronustrip/cfa8wux/", "score": -2, "stickied": false, "subreddit_id": "t5_2vpth", "author_name": null, "author_id": null, "subreddit_name": "frozen"}, {"body": "I know that feeling too man. I'm very grateful to have a loving little brother but after watching frozen, one more sibling would've be nice.", "created_utc": 1391870420.0, "distinguished": null, "edited": false, "id": "cfa6h4n", "is_submitter": false, "link_id": "t3_1xca8r", "parent_id": "t1_cfa67o7", "permalink": "/r/Frozen/comments/1xca8r/anna_is_ugly_by_patronustrip/cfa6h4n/", "score": 10, "stickied": false, "subreddit_id": "t5_2vpth", "author_name": "TheKing0fLimbs", "author_id": "d03e0", "subreddit_name": "frozen"}, {"body": "Some pictures are worth melting for...", "created_utc": 1391911261.0, "distinguished": null, "edited": false, "id": "cfaltrr", "is_submitter": false, "link_id": "t3_1xca8r", "parent_id": "t1_cfa803r", "permalink": "/r/Frozen/comments/1xca8r/anna_is_ugly_by_patronustrip/cfaltrr/", "score": 6, "stickied": false, "subreddit_id": "t5_2vpth", "author_name": "whyareyouflying", "author_id": "el60p", "subreddit_name": "frozen"}, {"body": "That's why I think they should've kept the song \"We Know Better.\" Here's hoping it's in the Broadway version.", "created_utc": 1391886141.0, "distinguished": null, "edited": false, "id": "cfac23k", "is_submitter": false, "link_id": "t3_1xca8r", "parent_id": "t1_cfa73dx", "permalink": "/r/Frozen/comments/1xca8r/anna_is_ugly_by_patronustrip/cfac23k/", "score": 4, "stickied": false, "subreddit_id": "t5_2vpth", "author_name": "maymayml", "author_id": "67oin", "subreddit_name": "frozen"}]