{"clicked": false, "created_utc": 1391842768.0, "distinguished": null, "edited": false, "id": "1xca8r", "is_video": false, "locked": false, "num_comments": 9, "over_18": false, "permalink": "/r/Frozen/comments/1xca8r/anna_is_ugly_by_patronustrip/", "score": 142, "selftext": "", "stickied": false, "subreddit_id": "t5_2vpth", "title": "\"Anna is ugly!\" by Patronustrip", "url": "http://patronustrip.tumblr.com/post/70220845751/do-you-want-to-know-a-secret-in-my-mind-elsa", "author_name": "Tyranid457", "author_id": "6z08b", "subreddit_name": "frozen", "upvote_ratio": 0.97}