[{"body": "...Oh no... No no... No... Someone punch me, Anna-style, to make sure I'm not dreaming. Because If I'm not dreaming, and the freaking PianoGuys of all people just did this song, I may cry in tears of joy.", "created_utc": 1392816602.0, "distinguished": null, "edited": 1392817227.0, "id": "cfj6is7", "is_submitter": false, "link_id": "t3_1yc630", "parent_id": "t3_1yc630", "permalink": "/r/Frozen/comments/1yc630/thepianoguys_let_it_go/cfj6is7/", "score": 16, "stickied": false, "subreddit_id": "t5_2vpth", "author_name": "Koppenflak", "author_id": "81tqh", "subreddit_name": "frozen"}, {"body": "I enjoyed that sooo much more than that African/children's choir version that people keep posting all over the place! Love the Piano Guys!", "created_utc": 1392831186.0, "distinguished": null, "edited": false, "id": "cfjceiu", "is_submitter": false, "link_id": "t3_1yc630", "parent_id": "t3_1yc630", "permalink": "/r/Frozen/comments/1yc630/thepianoguys_let_it_go/cfjceiu/", "score": 8, "stickied": false, "subreddit_id": "t5_2vpth", "author_name": "professor_rumbleroar", "author_id": "d8rbh", "subreddit_name": "frozen"}, {"body": "Wow, that's really good.  New MP3 for my let it go cover collection :)\n(its getting rather big)\n\nI thought that place looked familiar.  Its the same Ice castle as the Alex Boye/Lexi Walker let it go video :)\n", "created_utc": 1392816902.0, "distinguished": null, "edited": false, "id": "cfj6lsg", "is_submitter": false, "link_id": "t3_1yc630", "parent_id": "t3_1yc630", "permalink": "/r/Frozen/comments/1yc630/thepianoguys_let_it_go/cfj6lsg/", "score": 6, "stickied": false, "subreddit_id": "t5_2vpth", "author_name": "gdkitty", "author_id": "8payt", "subreddit_name": "frozen"}, {"body": "Check out [ThePianoGuys](http://www.youtube.com/user/ThePianoGuys?feature=watch) youtube channel. They do great stuff! :D\n\nedit:out not our -_-", "created_utc": 1392813293.0, "distinguished": null, "edited": 1392835635.0, "id": "cfj5rj4", "is_submitter": true, "link_id": "t3_1yc630", "parent_id": "t3_1yc630", "permalink": "/r/Frozen/comments/1yc630/thepianoguys_let_it_go/cfj5rj4/", "score": 5, "stickied": false, "subreddit_id": "t5_2vpth", "author_name": null, "author_id": null, "subreddit_name": "frozen"}, {"body": "My reaction went something like this:  \"Piano Guys!  I love them ... OMG Vivaldi!  OMG AND FROZEN!  DAY MADE!\"\n\nThis is AMAZING.", "created_utc": 1392826625.0, "distinguished": null, "edited": false, "id": "cfja7j3", "is_submitter": false, "link_id": "t3_1yc630", "parent_id": "t3_1yc630", "permalink": "/r/Frozen/comments/1yc630/thepianoguys_let_it_go/cfja7j3/", "score": 7, "stickied": false, "subreddit_id": "t5_2vpth", "author_name": null, "author_id": null, "subreddit_name": "frozen"}, {"body": "YES! PIANO GUYS HAVE FULFILLED MY DREAM (that existed since 3 weeks ago)\n\nI CALLED THIS :D (at least i THINK i called it :P)", "created_utc": 1392821300.0, "distinguished": null, "edited": false, "id": "cfj806z", "is_submitter": false, "link_id": "t3_1yc630", "parent_id": "t3_1yc630", "permalink": "/r/Frozen/comments/1yc630/thepianoguys_let_it_go/cfj806z/", "score": 3, "stickied": false, "subreddit_id": "t5_2vpth", "author_name": "Punziee", "author_id": "faet8", "subreddit_name": "frozen"}, {"body": "But the version they mashup was the pop version... Ok it's still darn good", "created_utc": 1392822539.0, "distinguished": null, "edited": false, "id": "cfj8h0e", "is_submitter": false, "link_id": "t3_1yc630", "parent_id": "t3_1yc630", "permalink": "/r/Frozen/comments/1yc630/thepianoguys_let_it_go/cfj8h0e/", "score": 3, "stickied": false, "subreddit_id": "t5_2vpth", "author_name": "IamVAcer", "author_id": "d3tyl", "subreddit_name": "frozen"}, {"body": "Agghh! You beat me to this post! Based on these few comments though, I'm glad to see I'm not the only one who has been subscribed for ages, and promptly had a fandom freak out upon seeing them upload this. ", "created_utc": 1392822055.0, "distinguished": null, "edited": false, "id": "cfj8ad6", "is_submitter": false, "link_id": "t3_1yc630", "parent_id": "t3_1yc630", "permalink": "/r/Frozen/comments/1yc630/thepianoguys_let_it_go/cfj8ad6/", "score": 2, "stickied": false, "subreddit_id": "t5_2vpth", "author_name": "MilanoMongoose", "author_id": "cse66", "subreddit_name": "frozen"}, {"body": "this is the most amazing thing I've seen lately, spechless", "created_utc": 1392827125.0, "distinguished": null, "edited": false, "id": "cfjafy7", "is_submitter": false, "link_id": "t3_1yc630", "parent_id": "t3_1yc630", "permalink": "/r/Frozen/comments/1yc630/thepianoguys_let_it_go/cfjafy7/", "score": 2, "stickied": false, "subreddit_id": "t5_2vpth", "author_name": "laralrl", "author_id": "b0d8x", "subreddit_name": "frozen"}, {"body": "This cover makes me wanna get my violin again and play it. Can't wait!", "created_utc": 1392847237.0, "distinguished": null, "edited": false, "id": "cfjkrks", "is_submitter": false, "link_id": "t3_1yc630", "parent_id": "t3_1yc630", "permalink": "/r/Frozen/comments/1yc630/thepianoguys_let_it_go/cfjkrks/", "score": 2, "stickied": false, "subreddit_id": "t5_2vpth", "author_name": "bobfong360", "author_id": "f3uux", "subreddit_name": "frozen"}, {"body": "Oh fuck yes, these guys are already among my favorite musicians thanks to their Titanium and Over the Rainbow covers, this is the absolute best way to start my day, and they didn't disappoint at all :D", "created_utc": 1392814048.0, "distinguished": null, "edited": false, "id": "cfj5x3l", "is_submitter": false, "link_id": "t3_1yc630", "parent_id": "t3_1yc630", "permalink": "/r/Frozen/comments/1yc630/thepianoguys_let_it_go/cfj5x3l/", "score": 1, "stickied": false, "subreddit_id": "t5_2vpth", "author_name": "smooshie", "author_id": "33dmz", "subreddit_name": "frozen"}, {"body": "I almost reposted this, oops. But it's so good.", "created_utc": 1393552746.0, "distinguished": null, "edited": false, "id": "cfqlh9t", "is_submitter": false, "link_id": "t3_1yc630", "parent_id": "t3_1yc630", "permalink": "/r/Frozen/comments/1yc630/thepianoguys_let_it_go/cfqlh9t/", "score": 1, "stickied": false, "subreddit_id": "t5_2vpth", "author_name": "subconcussive", "author_id": "8zakp", "subreddit_name": "frozen"}, {"body": "this is amazing. so much talent it's insane", "created_utc": 1394125476.0, "distinguished": null, "edited": false, "id": "cfvy0d8", "is_submitter": false, "link_id": "t3_1yc630", "parent_id": "t3_1yc630", "permalink": "/r/Frozen/comments/1yc630/thepianoguys_let_it_go/cfvy0d8/", "score": 1, "stickied": false, "subreddit_id": "t5_2vpth", "author_name": "EL_Senor_Guapo", "author_id": "dzknx", "subreddit_name": "frozen"}, {"body": "[deleted]", "created_utc": 1392834354.0, "distinguished": null, "edited": false, "id": "cfje06r", "is_submitter": false, "link_id": "t3_1yc630", "parent_id": "t1_cfjceiu", "permalink": "/r/Frozen/comments/1yc630/thepianoguys_let_it_go/cfje06r/", "score": 7, "stickied": false, "subreddit_id": "t5_2vpth", "author_name": null, "author_id": null, "subreddit_name": "frozen"}, {"body": "It's the same set.", "created_utc": 1392835168.0, "distinguished": null, "edited": false, "id": "cfjef69", "is_submitter": false, "link_id": "t3_1yc630", "parent_id": "t1_cfje06r", "permalink": "/r/Frozen/comments/1yc630/thepianoguys_let_it_go/cfjef69/", "score": 6, "stickied": false, "subreddit_id": "t5_2vpth", "author_name": "Box0fSunshine", "author_id": "dgjaq", "subreddit_name": "frozen"}, {"body": "I thought the same thing. ", "created_utc": 1392839980.0, "distinguished": null, "edited": false, "id": "cfjgv2x", "is_submitter": false, "link_id": "t3_1yc630", "parent_id": "t1_cfje06r", "permalink": "/r/Frozen/comments/1yc630/thepianoguys_let_it_go/cfjgv2x/", "score": 3, "stickied": false, "subreddit_id": "t5_2vpth", "author_name": "professor_rumbleroar", "author_id": "d8rbh", "subreddit_name": "frozen"}]