[{"body": "Brittney lee, one of the concept artists for Elsa, also did a bunch of hair down variants. \n\nhttp://1.bp.blogspot.com/-y8rguKXWvno/UvFPrV9FytI/AAAAAAAABFw/irWQId-4Vb4/s1600/Elsa_01.jpg\n(From her art blog)", "created_utc": 1392513928.0, "distinguished": null, "edited": false, "id": "cfgcu1f", "is_submitter": false, "link_id": "t3_1y0r56", "parent_id": "t3_1y0r56", "permalink": "/r/Frozen/comments/1y0r56/elsa_with_her_hair_down/cfgcu1f/", "score": 26, "stickied": false, "subreddit_id": "t5_2vpth", "author_name": "gdkitty", "author_id": "8payt", "subreddit_name": "frozen"}, {"body": "This would also give you a good insight: \n http://i.imgur.com/GJEeNPy.jpg", "created_utc": 1392512278.0, "distinguished": null, "edited": false, "id": "cfgc8kq", "is_submitter": false, "link_id": "t3_1y0r56", "parent_id": "t3_1y0r56", "permalink": "/r/Frozen/comments/1y0r56/elsa_with_her_hair_down/cfgc8kq/", "score": 16, "stickied": false, "subreddit_id": "t5_2vpth", "author_name": "TheKing0fLimbs", "author_id": "d03e0", "subreddit_name": "frozen"}, {"body": "Here is a leetle bit better quality, no higher res tho.\n\nhttp://rachielynne728.tumblr.com/post/71376329344/runway-princesses-pt-1-elsa-anna-in-rami-kadi\n", "created_utc": 1392557621.0, "distinguished": null, "edited": false, "id": "cfgnu9x", "is_submitter": false, "link_id": "t3_1y0r56", "parent_id": "t3_1y0r56", "permalink": "/r/Frozen/comments/1y0r56/elsa_with_her_hair_down/cfgnu9x/", "score": 13, "stickied": false, "subreddit_id": "t5_2vpth", "author_name": "montas", "author_id": "5tl23", "subreddit_name": "frozen"}, {"body": "Jaw practically dropped. I have a bit of a crush on her.", "created_utc": 1392526224.0, "distinguished": null, "edited": false, "id": "cfghc5a", "is_submitter": false, "link_id": "t3_1y0r56", "parent_id": "t3_1y0r56", "permalink": "/r/Frozen/comments/1y0r56/elsa_with_her_hair_down/cfghc5a/", "score": 14, "stickied": false, "subreddit_id": "t5_2vpth", "author_name": null, "author_id": null, "subreddit_name": "frozen"}, {"body": "Beautiful! It's much easier to appreciate the change when she looks as if she's from an actual scene in the film rather than an interpretation. (That's not to say that I don't like fan art or different interpretations, I actually love them! But they would be harder to compare with).", "created_utc": 1392512334.0, "distinguished": null, "edited": false, "id": "cfgc9c6", "is_submitter": false, "link_id": "t3_1y0r56", "parent_id": "t3_1y0r56", "permalink": "/r/Frozen/comments/1y0r56/elsa_with_her_hair_down/cfgc9c6/", "score": 13, "stickied": false, "subreddit_id": "t5_2vpth", "author_name": "DwendilSurespear", "author_id": "am14q", "subreddit_name": "frozen"}, {"body": "[Just....wow ._.](http://media.giphy.com/media/4lsKITftHaUpi/giphy.gif)", "created_utc": 1392519861.0, "distinguished": null, "edited": false, "id": "cfgf07d", "is_submitter": false, "link_id": "t3_1y0r56", "parent_id": "t3_1y0r56", "permalink": "/r/Frozen/comments/1y0r56/elsa_with_her_hair_down/cfgf07d/", "score": 12, "stickied": false, "subreddit_id": "t5_2vpth", "author_name": "theKunz1", "author_id": "c3jji", "subreddit_name": "frozen"}, {"body": "Cool! She looks like she's going to the Academy Awards!", "created_utc": 1392514457.0, "distinguished": null, "edited": false, "id": "cfgd0z1", "is_submitter": false, "link_id": "t3_1y0r56", "parent_id": "t3_1y0r56", "permalink": "/r/Frozen/comments/1y0r56/elsa_with_her_hair_down/cfgd0z1/", "score": 9, "stickied": false, "subreddit_id": "t5_2vpth", "author_name": "Tyranid457", "author_id": "6z08b", "subreddit_name": "frozen"}, {"body": "chesus crust how beautiful", "created_utc": 1392521591.0, "distinguished": null, "edited": false, "id": "cfgfncz", "is_submitter": false, "link_id": "t3_1y0r56", "parent_id": "t3_1y0r56", "permalink": "/r/Frozen/comments/1y0r56/elsa_with_her_hair_down/cfgfncz/", "score": 5, "stickied": false, "subreddit_id": "t5_2vpth", "author_name": "Zephusa", "author_id": "cq16a", "subreddit_name": "frozen"}, {"body": "\u00a1Mamacita! :F\n\nJesus, she's HOT!!! <3\n\nI think I wanna marry haha", "created_utc": 1392525212.0, "distinguished": null, "edited": false, "id": "cfggz80", "is_submitter": false, "link_id": "t3_1y0r56", "parent_id": "t3_1y0r56", "permalink": "/r/Frozen/comments/1y0r56/elsa_with_her_hair_down/cfggz80/", "score": 6, "stickied": false, "subreddit_id": "t5_2vpth", "author_name": null, "author_id": null, "subreddit_name": "frozen"}, {"body": "did you make this yourself? If not, where is it from?\n", "created_utc": 1392538641.0, "distinguished": null, "edited": false, "id": "cfgkt1b", "is_submitter": false, "link_id": "t3_1y0r56", "parent_id": "t3_1y0r56", "permalink": "/r/Frozen/comments/1y0r56/elsa_with_her_hair_down/cfgkt1b/", "score": 4, "stickied": false, "subreddit_id": "t5_2vpth", "author_name": "Herpderpotato", "author_id": "d2is4", "subreddit_name": "frozen"}, {"body": "I like the braid more. ", "created_utc": 1392538999.0, "distinguished": null, "edited": false, "id": "cfgkvnt", "is_submitter": false, "link_id": "t3_1y0r56", "parent_id": "t3_1y0r56", "permalink": "/r/Frozen/comments/1y0r56/elsa_with_her_hair_down/cfgkvnt/", "score": 5, "stickied": false, "subreddit_id": "t5_2vpth", "author_name": "Nolos", "author_id": "dqt7e", "subreddit_name": "frozen"}, {"body": "I love this more than words can explain. ", "created_utc": 1392513844.0, "distinguished": null, "edited": false, "id": "cfgcsx4", "is_submitter": false, "link_id": "t3_1y0r56", "parent_id": "t3_1y0r56", "permalink": "/r/Frozen/comments/1y0r56/elsa_with_her_hair_down/cfgcsx4/", "score": 4, "stickied": false, "subreddit_id": "t5_2vpth", "author_name": "Princess_Anna_", "author_id": "er36f", "subreddit_name": "frozen"}, {"body": "I am questioning my sexuality now...juuust kidding!", "created_utc": 1392522731.0, "distinguished": null, "edited": false, "id": "cfgg2kv", "is_submitter": false, "link_id": "t3_1y0r56", "parent_id": "t3_1y0r56", "permalink": "/r/Frozen/comments/1y0r56/elsa_with_her_hair_down/cfgg2kv/", "score": 4, "stickied": false, "subreddit_id": "t5_2vpth", "author_name": null, "author_id": null, "subreddit_name": "frozen"}, {"body": "Damn. Wow. Is there a higher-res version of this? ", "created_utc": 1392513101.0, "distinguished": null, "edited": false, "id": "cfgcj87", "is_submitter": false, "link_id": "t3_1y0r56", "parent_id": "t3_1y0r56", "permalink": "/r/Frozen/comments/1y0r56/elsa_with_her_hair_down/cfgcj87/", "score": 3, "stickied": false, "subreddit_id": "t5_2vpth", "author_name": "hooahguy", "author_id": "6201t", "subreddit_name": "frozen"}, {"body": "If Frozen wins its Oscars, it would be amazing if they somehow projected this Elsa to receive the awards! ", "created_utc": 1392548654.0, "distinguished": null, "edited": false, "id": "cfgmhk9", "is_submitter": false, "link_id": "t3_1y0r56", "parent_id": "t3_1y0r56", "permalink": "/r/Frozen/comments/1y0r56/elsa_with_her_hair_down/cfgmhk9/", "score": 6, "stickied": false, "subreddit_id": "t5_2vpth", "author_name": "Chimon", "author_id": "640oy", "subreddit_name": "frozen"}, {"body": "Looks like a Barbie doll", "created_utc": 1392552840.0, "distinguished": null, "edited": false, "id": "cfgn2j2", "is_submitter": false, "link_id": "t3_1y0r56", "parent_id": "t3_1y0r56", "permalink": "/r/Frozen/comments/1y0r56/elsa_with_her_hair_down/cfgn2j2/", "score": 2, "stickied": false, "subreddit_id": "t5_2vpth", "author_name": "ElsaTheSnowQueen", "author_id": "f84dr", "subreddit_name": "frozen"}, {"body": "Wow, that's stunning!\n\nElsa is just beautiful...and I think it's also because Idina coming through too, so glad that she voiced Elsa!", "created_utc": 1392557481.0, "distinguished": null, "edited": false, "id": "cfgntdv", "is_submitter": false, "link_id": "t3_1y0r56", "parent_id": "t3_1y0r56", "permalink": "/r/Frozen/comments/1y0r56/elsa_with_her_hair_down/cfgntdv/", "score": 2, "stickied": false, "subreddit_id": "t5_2vpth", "author_name": "baoifee", "author_id": "d240a", "subreddit_name": "frozen"}, {"body": "Oh, my.", "created_utc": 1393541735.0, "distinguished": null, "edited": false, "id": "cfqggnc", "is_submitter": false, "link_id": "t3_1y0r56", "parent_id": "t3_1y0r56", "permalink": "/r/Frozen/comments/1y0r56/elsa_with_her_hair_down/cfqggnc/", "score": 1, "stickied": false, "subreddit_id": "t5_2vpth", "author_name": "ShowALK32", "author_id": "b3123", "subreddit_name": "frozen"}, {"body": "The one in the bottom left looks amazing. Top right looks a lot like Jessica Rabbit.", "created_utc": 1392523038.0, "distinguished": null, "edited": false, "id": "cfgg6lq", "is_submitter": false, "link_id": "t3_1y0r56", "parent_id": "t1_cfgcu1f", "permalink": "/r/Frozen/comments/1y0r56/elsa_with_her_hair_down/cfgg6lq/", "score": 6, "stickied": false, "subreddit_id": "t5_2vpth", "author_name": "RKitch2112", "author_id": "etl3g", "subreddit_name": "frozen"}, {"body": "I have this saved as well. So much love!! Each style is so gorgeous.", "created_utc": 1392514195.0, "distinguished": null, "edited": false, "id": "cfgcxiv", "is_submitter": true, "link_id": "t3_1y0r56", "parent_id": "t1_cfgcu1f", "permalink": "/r/Frozen/comments/1y0r56/elsa_with_her_hair_down/cfgcxiv/", "score": 6, "stickied": false, "subreddit_id": "t5_2vpth", "author_name": "beautyofdisorder", "author_id": "cwnek", "subreddit_name": "frozen"}, {"body": "How lovely!", "created_utc": 1392513473.0, "distinguished": null, "edited": false, "id": "cfgco5n", "is_submitter": true, "link_id": "t3_1y0r56", "parent_id": "t1_cfgc8kq", "permalink": "/r/Frozen/comments/1y0r56/elsa_with_her_hair_down/cfgco5n/", "score": 6, "stickied": false, "subreddit_id": "t5_2vpth", "author_name": "beautyofdisorder", "author_id": "cwnek", "subreddit_name": "frozen"}, {"body": "Thank you! :) ", "created_utc": 1392568467.0, "distinguished": null, "edited": false, "id": "cfgqrl7", "is_submitter": true, "link_id": "t3_1y0r56", "parent_id": "t1_cfgnu9x", "permalink": "/r/Frozen/comments/1y0r56/elsa_with_her_hair_down/cfgqrl7/", "score": 3, "stickied": false, "subreddit_id": "t5_2vpth", "author_name": "beautyofdisorder", "author_id": "cwnek", "subreddit_name": "frozen"}, {"body": "i think its pretty safe to say that most (if not all) people on this subreddit do.", "created_utc": 1392538612.0, "distinguished": null, "edited": false, "id": "cfgksts", "is_submitter": false, "link_id": "t3_1y0r56", "parent_id": "t1_cfghc5a", "permalink": "/r/Frozen/comments/1y0r56/elsa_with_her_hair_down/cfgksts/", "score": 12, "stickied": false, "subreddit_id": "t5_2vpth", "author_name": "Herpderpotato", "author_id": "d2is4", "subreddit_name": "frozen"}, {"body": "Very true :)", "created_utc": 1392513491.0, "distinguished": null, "edited": false, "id": "cfgcodr", "is_submitter": true, "link_id": "t3_1y0r56", "parent_id": "t1_cfgc9c6", "permalink": "/r/Frozen/comments/1y0r56/elsa_with_her_hair_down/cfgcodr/", "score": 6, "stickied": false, "subreddit_id": "t5_2vpth", "author_name": "beautyofdisorder", "author_id": "cwnek", "subreddit_name": "frozen"}, {"body": "Unfortunately this is all I found!", "created_utc": 1392513463.0, "distinguished": null, "edited": false, "id": "cfgco0i", "is_submitter": true, "link_id": "t3_1y0r56", "parent_id": "t1_cfgcj87", "permalink": "/r/Frozen/comments/1y0r56/elsa_with_her_hair_down/cfgco0i/", "score": 4, "stickied": false, "subreddit_id": "t5_2vpth", "author_name": "beautyofdisorder", "author_id": "cwnek", "subreddit_name": "frozen"}]