{"clicked": false, "created_utc": 1392508877.0, "distinguished": null, "edited": false, "id": "1y0r56", "is_video": false, "locked": false, "num_comments": 25, "over_18": false, "permalink": "/r/Frozen/comments/1y0r56/elsa_with_her_hair_down/", "score": 264, "selftext": "", "stickied": false, "subreddit_id": "t5_2vpth", "title": "Elsa With Her Hair Down", "url": "http://i.imgur.com/sDScTl8.jpg", "author_name": "beautyofdisorder", "author_id": "cwnek", "subreddit_name": "frozen", "upvote_ratio": 0.96}