[{"body": "This is going straight up agian, like the last one, so funny XD", "created_utc": 1391503183.0, "distinguished": null, "edited": false, "id": "cf6nphk", "is_submitter": false, "link_id": "t3_1wy3rc", "parent_id": "t3_1wy3rc", "permalink": "/r/Frozen/comments/1wy3rc/in_which_hans_is_bitterly_disappointed_by_anna/cf6nphk/", "score": 10, "stickied": false, "subreddit_id": "t5_2vpth", "author_name": "The1andonlygogoman64", "author_id": "dgjve", "subreddit_name": "frozen"}, {"body": "I never laughed so hard today!! good post! you can see the disappointment in his eyes. ", "created_utc": 1391532396.0, "distinguished": null, "edited": false, "id": "cf6ul10", "is_submitter": false, "link_id": "t3_1wy3rc", "parent_id": "t3_1wy3rc", "permalink": "/r/Frozen/comments/1wy3rc/in_which_hans_is_bitterly_disappointed_by_anna/cf6ul10/", "score": 4, "stickied": false, "subreddit_id": "t5_2vpth", "author_name": "simien05", "author_id": "d9qj1", "subreddit_name": "frozen"}, {"body": "For more misadventures with Hans and Anna, see [the last time Anna disappointed Hans](http://www.reddit.com/r/Frozen/comments/1vnfhu/what_hans_was_actually_thinking_during_love_is_an/). Just as bitter. Or maybe more. I dunno, I won't pretend to understand Hans. ", "created_utc": 1391493954.0, "distinguished": null, "edited": false, "id": "cf6liat", "is_submitter": true, "link_id": "t3_1wy3rc", "parent_id": "t3_1wy3rc", "permalink": "/r/Frozen/comments/1wy3rc/in_which_hans_is_bitterly_disappointed_by_anna/cf6liat/", "score": 6, "stickied": false, "subreddit_id": "t5_2vpth", "author_name": "JiForce", "author_id": "5fwj2", "subreddit_name": "frozen"}, {"body": "These pictures are simply genious. ", "created_utc": 1391513918.0, "distinguished": null, "edited": false, "id": "cf6pa5g", "is_submitter": false, "link_id": "t3_1wy3rc", "parent_id": "t3_1wy3rc", "permalink": "/r/Frozen/comments/1wy3rc/in_which_hans_is_bitterly_disappointed_by_anna/cf6pa5g/", "score": 3, "stickied": false, "subreddit_id": "t5_2vpth", "author_name": "OniWeird", "author_id": "9eg6p", "subreddit_name": "frozen"}]