{"clicked": false, "created_utc": 1391478509.0, "distinguished": null, "edited": false, "id": "1wy3rc", "is_video": false, "locked": false, "num_comments": 4, "over_18": false, "permalink": "/r/Frozen/comments/1wy3rc/in_which_hans_is_bitterly_disappointed_by_anna/", "score": 288, "selftext": "", "stickied": false, "subreddit_id": "t5_2vpth", "title": "In which Hans is bitterly disappointed by Anna. Again.", "url": "http://shoobado.tumblr.com/post/73926573573/so-i-made-a-thing", "author_name": "JiForce", "author_id": "5fwj2", "subreddit_name": "frozen", "upvote_ratio": 0.97}