[{"body": "This barista can draw better with coffee than I can on paper... :(", "created_utc": 1393344761.0, "distinguished": null, "edited": false, "id": "cfoca4a", "is_submitter": false, "link_id": "t3_1yvqv9", "parent_id": "t3_1yvqv9", "permalink": "/r/Frozen/comments/1yvqv9/anna_elsa_latte_art/cfoca4a/", "score": 5, "stickied": false, "subreddit_id": "t5_2vpth", "author_name": "jcitme", "author_id": "43jul", "subreddit_name": "frozen"}, {"body": "Ok, that's pretty awesome.", "created_utc": 1393338863.0, "distinguished": null, "edited": false, "id": "cfo9ylc", "is_submitter": false, "link_id": "t3_1yvqv9", "parent_id": "t3_1yvqv9", "permalink": "/r/Frozen/comments/1yvqv9/anna_elsa_latte_art/cfo9ylc/", "score": 5, "stickied": false, "subreddit_id": "t5_2vpth", "author_name": null, "author_id": null, "subreddit_name": "frozen"}, {"body": "Some barista was reading \"a sister more like me\" :)", "created_utc": 1393340474.0, "distinguished": null, "edited": false, "id": "cfoaii1", "is_submitter": false, "link_id": "t3_1yvqv9", "parent_id": "t3_1yvqv9", "permalink": "/r/Frozen/comments/1yvqv9/anna_elsa_latte_art/cfoaii1/", "score": 4, "stickied": false, "subreddit_id": "t5_2vpth", "author_name": "gdkitty", "author_id": "8payt", "subreddit_name": "frozen"}]