{"clicked": false, "created_utc": 1393322829.0, "distinguished": null, "edited": false, "id": "1yvqv9", "is_video": false, "locked": false, "num_comments": 3, "over_18": false, "permalink": "/r/Frozen/comments/1yvqv9/anna_elsa_latte_art/", "score": 134, "selftext": "", "stickied": false, "subreddit_id": "t5_2vpth", "title": "Anna & Elsa - Latte art", "url": "http://troskx.tumblr.com/post/68553525769/frozen-anna-elsa-latte-art", "author_name": "Portgas", "author_id": "7kc75", "subreddit_name": "frozen", "upvote_ratio": 0.99}