[{"body": "[deleted]", "created_utc": 1394081384.0, "distinguished": null, "edited": 1533532881.0, "id": "cfvm87g", "is_submitter": false, "link_id": "t3_1zoq5s", "parent_id": "t3_1zoq5s", "permalink": "/r/Frozen/comments/1zoq5s/i_feel_sorry_for_you_people_in_the_us/cfvm87g/", "score": 84, "stickied": false, "subreddit_id": "t5_2vpth", "author_name": null, "author_id": null, "subreddit_name": "frozen"}, {"body": "Elsa wants an [EGOT](http://en.wikipedia.org/wiki/EGOT) at this rate.", "created_utc": 1394074968.0, "distinguished": null, "edited": false, "id": "cfvjgz0", "is_submitter": true, "link_id": "t3_1zoq5s", "parent_id": "t3_1zoq5s", "permalink": "/r/Frozen/comments/1zoq5s/i_feel_sorry_for_you_people_in_the_us/cfvjgz0/", "score": 10, "stickied": false, "subreddit_id": "t5_2vpth", "author_name": "damocles2501", "author_id": "d3wqx", "subreddit_name": "frozen"}, {"body": "First time it rained here in California in a long time. We are praising Elsa for more rain!!!", "created_utc": 1394086117.0, "distinguished": null, "edited": false, "id": "cfvnxkb", "is_submitter": false, "link_id": "t3_1zoq5s", "parent_id": "t3_1zoq5s", "permalink": "/r/Frozen/comments/1zoq5s/i_feel_sorry_for_you_people_in_the_us/cfvnxkb/", "score": 6, "stickied": false, "subreddit_id": "t5_2vpth", "author_name": "TeleVue", "author_id": "f5kuq", "subreddit_name": "frozen"}, {"body": "~Let the storm rage ooonnnn~", "created_utc": 1394075797.0, "distinguished": null, "edited": false, "id": "cfvju4u", "is_submitter": false, "link_id": "t3_1zoq5s", "parent_id": "t3_1zoq5s", "permalink": "/r/Frozen/comments/1zoq5s/i_feel_sorry_for_you_people_in_the_us/cfvju4u/", "score": 7, "stickied": false, "subreddit_id": "t5_2vpth", "author_name": "teffhk", "author_id": "dyxc8", "subreddit_name": "frozen"}, {"body": "I seem to be the only one, but I love winter and cold. Maybe I'm the opposite of Olaf. I'm Minnesotan and we haven't really had anything above freezing for more than a day or two since November or December. All my fellow Minnesotans complain, but I love it! Maybe I should move to Canada^or-Arendelle", "created_utc": 1394082725.0, "distinguished": null, "edited": false, "id": "cfvmqqo", "is_submitter": false, "link_id": "t3_1zoq5s", "parent_id": "t3_1zoq5s", "permalink": "/r/Frozen/comments/1zoq5s/i_feel_sorry_for_you_people_in_the_us/cfvmqqo/", "score": 5, "stickied": false, "subreddit_id": "t5_2vpth", "author_name": "roran_stronghammer", "author_id": "fbrtc", "subreddit_name": "frozen"}, {"body": "That. Is. Hilarious XD", "created_utc": 1394117344.0, "distinguished": null, "edited": false, "id": "cfvuk80", "is_submitter": false, "link_id": "t3_1zoq5s", "parent_id": "t3_1zoq5s", "permalink": "/r/Frozen/comments/1zoq5s/i_feel_sorry_for_you_people_in_the_us/cfvuk80/", "score": 1, "stickied": false, "subreddit_id": "t5_2vpth", "author_name": "otakursed", "author_id": "72nf7", "subreddit_name": "frozen"}, {"body": "Oh, please.\n\nSeriously, *please,* it's March and it's fucking 12^o Fahrenheit this morning. *This is bullshit.*", "created_utc": 1394107057.0, "distinguished": null, "edited": false, "id": "cfvrwcr", "is_submitter": false, "link_id": "t3_1zoq5s", "parent_id": "t3_1zoq5s", "permalink": "/r/Frozen/comments/1zoq5s/i_feel_sorry_for_you_people_in_the_us/cfvrwcr/", "score": 1, "stickied": false, "subreddit_id": "t5_2vpth", "author_name": "cuteintern", "author_id": "4zttg", "subreddit_name": "frozen"}, {"body": "\"I feel sorry for you people in the US\"\n\nDAE HATE COLD?! AND WHAT'S THE DEAL WITH WINTER, AMIRIGHT?\n\nUgh. Fuck right off, OP.", "created_utc": 1394091825.0, "distinguished": null, "edited": false, "id": "cfvpg60", "is_submitter": false, "link_id": "t3_1zoq5s", "parent_id": "t3_1zoq5s", "permalink": "/r/Frozen/comments/1zoq5s/i_feel_sorry_for_you_people_in_the_us/cfvpg60/", "score": -5, "stickied": false, "subreddit_id": "t5_2vpth", "author_name": null, "author_id": null, "subreddit_name": "frozen"}, {"body": ">Europe will freeze \n\n>Then the Chinese\n\nThanks for the laugh before I head for bed.", "created_utc": 1394082245.0, "distinguished": null, "edited": false, "id": "cfvmk95", "is_submitter": false, "link_id": "t3_1zoq5s", "parent_id": "t1_cfvm87g", "permalink": "/r/Frozen/comments/1zoq5s/i_feel_sorry_for_you_people_in_the_us/cfvmk95/", "score": 19, "stickied": false, "subreddit_id": "t5_2vpth", "author_name": "ADF01FALKEN", "author_id": "8hfgh", "subreddit_name": "frozen"}, {"body": "I want you to know that this is the best thing I've ever read.", "created_utc": 1394083686.0, "distinguished": null, "edited": false, "id": "cfvn3jf", "is_submitter": false, "link_id": "t3_1zoq5s", "parent_id": "t1_cfvm87g", "permalink": "/r/Frozen/comments/1zoq5s/i_feel_sorry_for_you_people_in_the_us/cfvn3jf/", "score": 9, "stickied": false, "subreddit_id": "t5_2vpth", "author_name": "Sarinturn", "author_id": "b7jz9", "subreddit_name": "frozen"}, {"body": "Holy shit that was brilliant. Usually fan parodies of songs suck with syllables and rhyming but your's was on point!", "created_utc": 1394083723.0, "distinguished": null, "edited": false, "id": "cfvn414", "is_submitter": false, "link_id": "t3_1zoq5s", "parent_id": "t1_cfvm87g", "permalink": "/r/Frozen/comments/1zoq5s/i_feel_sorry_for_you_people_in_the_us/cfvn414/", "score": 9, "stickied": false, "subreddit_id": "t5_2vpth", "author_name": "Swoove", "author_id": "7w825", "subreddit_name": "frozen"}, {"body": "Dude that's the most awesome thing I've read in a long time. Fucking awesome.", "created_utc": 1394089205.0, "distinguished": null, "edited": false, "id": "cfvotma", "is_submitter": false, "link_id": "t3_1zoq5s", "parent_id": "t1_cfvm87g", "permalink": "/r/Frozen/comments/1zoq5s/i_feel_sorry_for_you_people_in_the_us/cfvotma/", "score": 8, "stickied": false, "subreddit_id": "t5_2vpth", "author_name": "Igneek", "author_id": "9zwlf", "subreddit_name": "frozen"}, {"body": "This was brilliant. Thank you for a great start to my morning!", "created_utc": 1394091308.0, "distinguished": null, "edited": false, "id": "cfvpc1e", "is_submitter": false, "link_id": "t3_1zoq5s", "parent_id": "t1_cfvm87g", "permalink": "/r/Frozen/comments/1zoq5s/i_feel_sorry_for_you_people_in_the_us/cfvpc1e/", "score": 10, "stickied": false, "subreddit_id": "t5_2vpth", "author_name": "DuckOfDuckness", "author_id": "4zif5", "subreddit_name": "frozen"}, {"body": "I can't stop laughing. This is so perfect.", "created_utc": 1394134520.0, "distinguished": null, "edited": false, "id": "cfw2bvi", "is_submitter": false, "link_id": "t3_1zoq5s", "parent_id": "t1_cfvm87g", "permalink": "/r/Frozen/comments/1zoq5s/i_feel_sorry_for_you_people_in_the_us/cfw2bvi/", "score": 3, "stickied": false, "subreddit_id": "t5_2vpth", "author_name": "STEALTHHUNTER88", "author_id": "faodj", "subreddit_name": "frozen"}, {"body": "Robert Lopez is already on EGOT list :) ", "created_utc": 1394075192.0, "distinguished": null, "edited": false, "id": "cfvjkis", "is_submitter": false, "link_id": "t3_1zoq5s", "parent_id": "t1_cfvjgz0", "permalink": "/r/Frozen/comments/1zoq5s/i_feel_sorry_for_you_people_in_the_us/cfvjkis/", "score": 10, "stickied": false, "subreddit_id": "t5_2vpth", "author_name": "Portgas", "author_id": "7kc75", "subreddit_name": "frozen"}, {"body": "Also a fellow Minnesotan, and this is one of those winters you would have loved to have as a kid.  SO much snow, the possibilities of building snow caves and tunnels and forts and sledding were pretty much endless this year.  Yeah it was cold, but nothing that a few more layers couldn't fix.\n\nNow if only people knew how to drive...  Or if only I had my own Sven and sled ^_^ ", "created_utc": 1394113135.0, "distinguished": null, "edited": false, "id": "cfvt7ux", "is_submitter": false, "link_id": "t3_1zoq5s", "parent_id": "t1_cfvmqqo", "permalink": "/r/Frozen/comments/1zoq5s/i_feel_sorry_for_you_people_in_the_us/cfvt7ux/", "score": 2, "stickied": false, "subreddit_id": "t5_2vpth", "author_name": "xalde", "author_id": "bi8ms", "subreddit_name": "frozen"}, {"body": "Don't get me wrong, I love the snow and winter. So much fun. But this winter in Philadelphia has been arguably the worst we've seen in 20 years and one of the worst all time in the city.\n\nIt's snowed basically every other week. We rarely got any reason it sunshine to melt the snow. When we did get rain, it turned into ice and temporarily destroyed half the suburbs. We've had the coldest day in Philadelphia in 20 years too. It has been three straight months of this.\n\nLike I said, normally I love the stuff but this has been overload. If the temperature gets to 40 degrees I'm happy. Bring me spring please.", "created_utc": 1394108245.0, "distinguished": null, "edited": false, "id": "cfvs429", "is_submitter": false, "link_id": "t3_1zoq5s", "parent_id": "t1_cfvmqqo", "permalink": "/r/Frozen/comments/1zoq5s/i_feel_sorry_for_you_people_in_the_us/cfvs429/", "score": 1, "stickied": false, "subreddit_id": "t5_2vpth", "author_name": "PSUProud", "author_id": "67jk5", "subreddit_name": "frozen"}, {"body": "You're not the only one. People who go on about acting like summer and heat is the best thing ever and can't even comprehend someone *liking* winter make my blood boil. Seriously they hit every single note in being perfectly, infuriatingly obnoxious. I *HATE* summer people. ", "created_utc": 1394091996.0, "distinguished": null, "edited": false, "id": "cfvphi5", "is_submitter": false, "link_id": "t3_1zoq5s", "parent_id": "t1_cfvmqqo", "permalink": "/r/Frozen/comments/1zoq5s/i_feel_sorry_for_you_people_in_the_us/cfvphi5/", "score": 1, "stickied": false, "subreddit_id": "t5_2vpth", "author_name": null, "author_id": null, "subreddit_name": "frozen"}, {"body": "Aren't you a ray of sunshine.  Dude, it's not JUST a winter, but FRICKING unseasonably LONG and COLD winter.  A winter that causes hardened northerners to say \"FUCK ME IT'S COLD\".  I've heard Canadians say they've seen Wights heading south for reprieve.\n\nAnd believe me I prefer the cooler climes.  I live in a country where we just had a 5 day stretch in January that was 40+ Celcius (104 F).  That was NOT pleasant.  35 C (95 F) is not pleasant for me.\n\nYou assume too much about the person behind the keyboard.", "created_utc": 1394100242.0, "distinguished": null, "edited": 1394100983.0, "id": "cfvqxyf", "is_submitter": true, "link_id": "t3_1zoq5s", "parent_id": "t1_cfvpg60", "permalink": "/r/Frozen/comments/1zoq5s/i_feel_sorry_for_you_people_in_the_us/cfvqxyf/", "score": 3, "stickied": false, "subreddit_id": "t5_2vpth", "author_name": "damocles2501", "author_id": "d3wqx", "subreddit_name": "frozen"}, {"body": "Yeah, and that makes Elsa want it more. :)  Reckon she can earn one faster?  ~~She's already half-way there.~~\n\nEdit, for some reason I thought the G meant Golden Globe.  It means Grammy. So she's only 1/4 of the way there.  You people are doomed.", "created_utc": 1394075423.0, "distinguished": null, "edited": 1394077245.0, "id": "cfvjo4o", "is_submitter": true, "link_id": "t3_1zoq5s", "parent_id": "t1_cfvjkis", "permalink": "/r/Frozen/comments/1zoq5s/i_feel_sorry_for_you_people_in_the_us/cfvjo4o/", "score": 6, "stickied": false, "subreddit_id": "t5_2vpth", "author_name": "damocles2501", "author_id": "d3wqx", "subreddit_name": "frozen"}, {"body": "Never! The only possible reason I can think of to bring back summer is that otherwise all the plants would die. I need my own personal flurry.", "created_utc": 1394154835.0, "distinguished": null, "edited": false, "id": "cfwby4o", "is_submitter": false, "link_id": "t3_1zoq5s", "parent_id": "t1_cfvs429", "permalink": "/r/Frozen/comments/1zoq5s/i_feel_sorry_for_you_people_in_the_us/cfwby4o/", "score": 1, "stickied": false, "subreddit_id": "t5_2vpth", "author_name": "roran_stronghammer", "author_id": "fbrtc", "subreddit_name": "frozen"}, {"body": "Aussie?", "created_utc": 1394108283.0, "distinguished": null, "edited": false, "id": "cfvs4bn", "is_submitter": false, "link_id": "t3_1zoq5s", "parent_id": "t1_cfvqxyf", "permalink": "/r/Frozen/comments/1zoq5s/i_feel_sorry_for_you_people_in_the_us/cfvs4bn/", "score": 1, "stickied": false, "subreddit_id": "t5_2vpth", "author_name": "PSUProud", "author_id": "67jk5", "subreddit_name": "frozen"}, {"body": "It's just as bad when you have weather that alternates between really friggin' hot and really friggin' cold. Just last week, the weekend was 90F (Saturday) followed by ~30F (Sunday). You can't even try to adapt to the weather when the fluctuation is so crazy.", "created_utc": 1394117126.0, "distinguished": null, "edited": false, "id": "cfvuhgx", "is_submitter": false, "link_id": "t3_1zoq5s", "parent_id": "t1_cfvqxyf", "permalink": "/r/Frozen/comments/1zoq5s/i_feel_sorry_for_you_people_in_the_us/cfvuhgx/", "score": 1, "stickied": false, "subreddit_id": "t5_2vpth", "author_name": "Canticles", "author_id": "f194d", "subreddit_name": "frozen"}, {"body": "Isn't Tony a theatre award? Then perhaps next year, if we'll get a broadway musical till then.", "created_utc": 1394075665.0, "distinguished": null, "edited": false, "id": "cfvjs2h", "is_submitter": false, "link_id": "t3_1zoq5s", "parent_id": "t1_cfvjo4o", "permalink": "/r/Frozen/comments/1zoq5s/i_feel_sorry_for_you_people_in_the_us/cfvjs2h/", "score": 6, "stickied": false, "subreddit_id": "t5_2vpth", "author_name": "Portgas", "author_id": "7kc75", "subreddit_name": "frozen"}, {"body": "Yep.", "created_utc": 1394108444.0, "distinguished": null, "edited": false, "id": "cfvs5e2", "is_submitter": true, "link_id": "t3_1zoq5s", "parent_id": "t1_cfvs4bn", "permalink": "/r/Frozen/comments/1zoq5s/i_feel_sorry_for_you_people_in_the_us/cfvs5e2/", "score": 2, "stickied": false, "subreddit_id": "t5_2vpth", "author_name": "damocles2501", "author_id": "d3wqx", "subreddit_name": "frozen"}, {"body": "Yep, Theatre.\n\nGrammy is Music, which is possible.\nEmmy is TV, so we need a tv series. :)", "created_utc": 1394077391.0, "distinguished": null, "edited": false, "id": "cfvkjd2", "is_submitter": true, "link_id": "t3_1zoq5s", "parent_id": "t1_cfvjs2h", "permalink": "/r/Frozen/comments/1zoq5s/i_feel_sorry_for_you_people_in_the_us/cfvkjd2/", "score": 5, "stickied": false, "subreddit_id": "t5_2vpth", "author_name": "damocles2501", "author_id": "d3wqx", "subreddit_name": "frozen"}, {"body": "Looks like we're stuck in eternal winter until then, unless we are freed with a sword sacrifice.", "created_utc": 1394077001.0, "distinguished": null, "edited": false, "id": "cfvkdan", "is_submitter": false, "link_id": "t3_1zoq5s", "parent_id": "t1_cfvjs2h", "permalink": "/r/Frozen/comments/1zoq5s/i_feel_sorry_for_you_people_in_the_us/cfvkdan/", "score": 6, "stickied": false, "subreddit_id": "t5_2vpth", "author_name": "Phaulty", "author_id": "5x95b", "subreddit_name": "frozen"}, {"body": "What's a sword sacrifice?", "created_utc": 1394083100.0, "distinguished": null, "edited": false, "id": "cfvmvrt", "is_submitter": false, "link_id": "t3_1zoq5s", "parent_id": "t1_cfvkdan", "permalink": "/r/Frozen/comments/1zoq5s/i_feel_sorry_for_you_people_in_the_us/cfvmvrt/", "score": 2, "stickied": false, "subreddit_id": "t5_2vpth", "author_name": "Eriflee", "author_id": "8n6qs", "subreddit_name": "frozen"}, {"body": "In the outtake song [Spring Pageant](http://disney.wikia.com/wiki/Spring_Pageant_%28Outtake%29) that details the whole \"prophecy\" thing, there's a line that goes:\n\n>Pageant Kid 5: Then all will perish in snow and ice!\n\n>Pageant Kids 3,4 & 5: Unless you are freed with a sword sacrifice!\n\nThe sword sacrifice here being Anna's sacrifice. ", "created_utc": 1394095175.0, "distinguished": null, "edited": false, "id": "cfvq45l", "is_submitter": false, "link_id": "t3_1zoq5s", "parent_id": "t1_cfvmvrt", "permalink": "/r/Frozen/comments/1zoq5s/i_feel_sorry_for_you_people_in_the_us/cfvq45l/", "score": 3, "stickied": false, "subreddit_id": "t5_2vpth", "author_name": "JiForce", "author_id": "5fwj2", "subreddit_name": "frozen"}]