{"clicked": false, "created_utc": 1394074953.0, "distinguished": null, "edited": false, "id": "1zoq5s", "is_video": false, "locked": false, "num_comments": 28, "over_18": false, "permalink": "/r/Frozen/comments/1zoq5s/i_feel_sorry_for_you_people_in_the_us/", "score": 211, "selftext": "", "stickied": false, "subreddit_id": "t5_2vpth", "title": "I feel sorry for you people in the US", "url": "http://ottoriver.tumblr.com/post/78691197075/sorry-so-sorry", "author_name": "damocles2501", "author_id": "d3wqx", "subreddit_name": "frozen", "upvote_ratio": 0.98}