[{"body": "I didnt really get this about the film. Were they allowed to go outside? And if not, why not? ", "created_utc": 1390341022.0, "distinguished": null, "edited": false, "id": "ceve8z0", "is_submitter": false, "link_id": "t3_1vs9nq", "parent_id": "t3_1vs9nq", "permalink": "/r/Frozen/comments/1vs9nq/anna_was_always_a_drama_queen/ceve8z0/", "score": 80, "stickied": false, "subreddit_id": "t5_2vpth", "author_name": "ilovemrmiyagi", "author_id": "6vnvy", "subreddit_name": "frozen"}, {"body": "I love the scene in the beginning where Anna and Elsa are still little kids.\n\n\n\"The Sky is awake, so I'm awake, so we have to plaaaaay!\"\n\n\nSuper dramatic kid.", "created_utc": 1390420643.0, "distinguished": null, "edited": false, "id": "cew6caf", "is_submitter": false, "link_id": "t3_1vs9nq", "parent_id": "t3_1vs9nq", "permalink": "/r/Frozen/comments/1vs9nq/anna_was_always_a_drama_queen/cew6caf/", "score": 31, "stickied": false, "subreddit_id": "t5_2vpth", "author_name": "BeePeeSee", "author_id": "5ywfe", "subreddit_name": "frozen"}, {"body": "[Original source](http://tran4of3.deviantart.com/art/AnnaEmo-427949338) for anyone who wants it/wants a larger version.", "created_utc": 1390341481.0, "distinguished": null, "edited": false, "id": "cevehge", "is_submitter": false, "link_id": "t3_1vs9nq", "parent_id": "t3_1vs9nq", "permalink": "/r/Frozen/comments/1vs9nq/anna_was_always_a_drama_queen/cevehge/", "score": 27, "stickied": false, "subreddit_id": "t5_2vpth", "author_name": "Eren_Jeager", "author_id": "db1dv", "subreddit_name": "frozen"}, {"body": "Same style as the current artist for The Wotch. \\*checks source\\* Boom! Called it.", "created_utc": 1395088433.0, "distinguished": null, "edited": 1395088755.0, "id": "cg50rnn", "is_submitter": false, "link_id": "t3_1vs9nq", "parent_id": "t3_1vs9nq", "permalink": "/r/Frozen/comments/1vs9nq/anna_was_always_a_drama_queen/cg50rnn/", "score": 3, "stickied": false, "subreddit_id": "t5_2vpth", "author_name": "bootsintheBM", "author_id": "fmiqp", "subreddit_name": "frozen"}, {"body": "the maid in this comic is actually cuter than any character in frozen. can we have a sub about her?", "created_utc": 1393627818.0, "distinguished": null, "edited": false, "id": "cfrazst", "is_submitter": false, "link_id": "t3_1vs9nq", "parent_id": "t3_1vs9nq", "permalink": "/r/Frozen/comments/1vs9nq/anna_was_always_a_drama_queen/cfrazst/", "score": 4, "stickied": false, "subreddit_id": "t5_2vpth", "author_name": "tylerbhobbs", "author_id": "7clg5", "subreddit_name": "frozen"}, {"body": "I guess it depends on how you define \"outside.\" I think \"outside\" probably means \"beyond the gates.\" Anna could play wherever she wanted in the castle, so that means all the empty rooms, corridors, plus the courtyard and gardens (as we see in First Time in Forever before Elsa orders the gates to open). I think that, in practice, the open gates policy was more about letting people in for events in the courtyard, ceremonies, balls and dinners, etc, than letting the Princesses out (\"I think some company is overdue\"), particularly as they were too young to wander Arendelle on their own.\n\nAs an extra, kind of linked thought, Anna's dreams were never about *going outside* or *escape* exactly. Where Rapunzel spent much of her time wanting to leave to see the lights and Quasimodo wanted to be a part of city life, Anna's dreams were more about filling the void within the castle and ending her boredom and loneliness (\"For the first time in forever, there will be music, there will be fun\" and \"because for the first time in forever, I won't be alone. I can't wait to meet everyone!\"), rather than actually escaping it (which is partly why Elsa's \"then leave!\" was so hurtful: Anna didn't want to leave, and fully intended to live with Hans in Arendelle). Whether she was allowed to go outside or not wouldn't have made much difference, in this sense.", "created_utc": 1390346737.0, "distinguished": null, "edited": false, "id": "cevh2bk", "is_submitter": false, "link_id": "t3_1vs9nq", "parent_id": "t1_ceve8z0", "permalink": "/r/Frozen/comments/1vs9nq/anna_was_always_a_drama_queen/cevh2bk/", "score": 97, "stickied": false, "subreddit_id": "t5_2vpth", "author_name": "AlixEcho", "author_id": "ajekd", "subreddit_name": "frozen"}, {"body": "[deleted]", "created_utc": 1390342948.0, "distinguished": null, "edited": 1462513319.0, "id": "cevf7o1", "is_submitter": false, "link_id": "t3_1vs9nq", "parent_id": "t1_ceve8z0", "permalink": "/r/Frozen/comments/1vs9nq/anna_was_always_a_drama_queen/cevf7o1/", "score": 19, "stickied": false, "subreddit_id": "t5_2vpth", "author_name": null, "author_id": null, "subreddit_name": "frozen"}, {"body": "[/r/TheMaidThatBrieflyAppearedInFrozenIsCute](http://www.reddit.com/themaidisawesome)", "created_utc": 1394684787.0, "distinguished": null, "edited": false, "id": "cg1dbeb", "is_submitter": false, "link_id": "t3_1vs9nq", "parent_id": "t1_cfrazst", "permalink": "/r/Frozen/comments/1vs9nq/anna_was_always_a_drama_queen/cg1dbeb/", "score": 12, "stickied": false, "subreddit_id": "t5_2vpth", "author_name": "kokiboki123", "author_id": "c9so9", "subreddit_name": "frozen"}, {"body": "I agree. Anna also probably thought that as a part of Arendelle's royal family, she did belong in the castle with her people and Elsa. Leaving was never on her mind, but making the life she had better. Elsa telling her to leave was practically disowning her, in Anna's mind, despite the fact that Elsa didn't mean it in that way.", "created_utc": 1390353352.0, "distinguished": null, "edited": false, "id": "cevk5g6", "is_submitter": false, "link_id": "t3_1vs9nq", "parent_id": "t1_cevh2bk", "permalink": "/r/Frozen/comments/1vs9nq/anna_was_always_a_drama_queen/cevk5g6/", "score": 39, "stickied": false, "subreddit_id": "t5_2vpth", "author_name": "BlueRaith", "author_id": "brwtf", "subreddit_name": "frozen"}, {"body": "Yeah, im with you on that. But why couldnt she leave the gates? ", "created_utc": 1390347043.0, "distinguished": null, "edited": false, "id": "cevh7ie", "is_submitter": false, "link_id": "t3_1vs9nq", "parent_id": "t1_cevh2bk", "permalink": "/r/Frozen/comments/1vs9nq/anna_was_always_a_drama_queen/cevh7ie/", "score": 11, "stickied": false, "subreddit_id": "t5_2vpth", "author_name": "ilovemrmiyagi", "author_id": "6vnvy", "subreddit_name": "frozen"}, {"body": "Okey, i was just wondering because in anna's songs it sounds like she's not allowed to go outside or meet people, which i dont get why. I understand why elsa couldn't go outside though", "created_utc": 1390345993.0, "distinguished": null, "edited": false, "id": "cevgplj", "is_submitter": false, "link_id": "t3_1vs9nq", "parent_id": "t1_cevf7o1", "permalink": "/r/Frozen/comments/1vs9nq/anna_was_always_a_drama_queen/cevgplj/", "score": 8, "stickied": false, "subreddit_id": "t5_2vpth", "author_name": "ilovemrmiyagi", "author_id": "6vnvy", "subreddit_name": "frozen"}, {"body": "I think the implication is more that she was free to leave at any time, but didn't want to - she wanted to invite people in rather than go out to them.\n\nVisiting a friends house is not the same as having your friends over to your house.", "created_utc": 1390350286.0, "distinguished": null, "edited": false, "id": "ceviqqc", "is_submitter": false, "link_id": "t3_1vs9nq", "parent_id": "t1_cevh7ie", "permalink": "/r/Frozen/comments/1vs9nq/anna_was_always_a_drama_queen/ceviqqc/", "score": 39, "stickied": false, "subreddit_id": "t5_2vpth", "author_name": "ThatOtherGuy435", "author_id": "b2hqs", "subreddit_name": "frozen"}, {"body": "I think, for the most part, it isn't so much that she couldn't, but that she didn't. Leaving aside that, up to that point, she was simply too young (and there would have been a security issue), there is also the fact that, as a royal, she would have been raised to see herself as separate from regular people (one of the outtake songs, while not cannon, expresses this neatly: \"I'm not part of the town, not born to be queen, just someone hopelessly in between\"). From Anna's point of view, there was never much of a reason for her to go out the gates; the *castle* was where she belonged, not the town, and it was the place where could live the life she was born and raised for (but couldn't, until Elsa's coronation). Her desire was to fill the void in that world, not explore or find a \"new\" one, even if it was just outside.", "created_utc": 1390355284.0, "distinguished": null, "edited": 1390355502.0, "id": "cevl1is", "is_submitter": false, "link_id": "t3_1vs9nq", "parent_id": "t1_cevh7ie", "permalink": "/r/Frozen/comments/1vs9nq/anna_was_always_a_drama_queen/cevl1is/", "score": 12, "stickied": false, "subreddit_id": "t5_2vpth", "author_name": "AlixEcho", "author_id": "ajekd", "subreddit_name": "frozen"}, {"body": "Yeah, that makes sense. Thanks", "created_utc": 1390352724.0, "distinguished": null, "edited": false, "id": "cevjv9h", "is_submitter": false, "link_id": "t3_1vs9nq", "parent_id": "t1_ceviqqc", "permalink": "/r/Frozen/comments/1vs9nq/anna_was_always_a_drama_queen/cevjv9h/", "score": 8, "stickied": false, "subreddit_id": "t5_2vpth", "author_name": "ilovemrmiyagi", "author_id": "6vnvy", "subreddit_name": "frozen"}, {"body": "Can i just ask what cannon means? ", "created_utc": 1390396091.0, "distinguished": null, "edited": false, "id": "cevwcwj", "is_submitter": false, "link_id": "t3_1vs9nq", "parent_id": "t1_cevl1is", "permalink": "/r/Frozen/comments/1vs9nq/anna_was_always_a_drama_queen/cevwcwj/", "score": 6, "stickied": false, "subreddit_id": "t5_2vpth", "author_name": "ilovemrmiyagi", "author_id": "6vnvy", "subreddit_name": "frozen"}, {"body": "Canon is a term to describe what \"actually happens,\" or is considered official in the universe of a fiction work. Note that the creators of a work can tell us that things are true in the Frozen world and we'll consider them canon, even if they don't appear directly in the movie and merchandising (like the books). \n\nExample canon: Elsa built an ice castle with her powers in the North Mountains. \n\nExample non-canon: Some dude wrote a fanfiction where Elsa and Hans get together. ", "created_utc": 1390396766.0, "distinguished": null, "edited": false, "id": "cevwi6m", "is_submitter": false, "link_id": "t3_1vs9nq", "parent_id": "t1_cevwcwj", "permalink": "/r/Frozen/comments/1vs9nq/anna_was_always_a_drama_queen/cevwi6m/", "score": 11, "stickied": false, "subreddit_id": "t5_2vpth", "author_name": "JiForce", "author_id": "5fwj2", "subreddit_name": "frozen"}, {"body": "That was a good explanation! Also, I just realised I wrote \"canon\" wrong. Ugh! ", "created_utc": 1390397489.0, "distinguished": null, "edited": false, "id": "cevwo68", "is_submitter": false, "link_id": "t3_1vs9nq", "parent_id": "t1_cevwi6m", "permalink": "/r/Frozen/comments/1vs9nq/anna_was_always_a_drama_queen/cevwo68/", "score": 7, "stickied": false, "subreddit_id": "t5_2vpth", "author_name": "AlixEcho", "author_id": "ajekd", "subreddit_name": "frozen"}, {"body": "Oh okey. Thanks!", "created_utc": 1390398093.0, "distinguished": null, "edited": false, "id": "cevwtjz", "is_submitter": false, "link_id": "t3_1vs9nq", "parent_id": "t1_cevwi6m", "permalink": "/r/Frozen/comments/1vs9nq/anna_was_always_a_drama_queen/cevwtjz/", "score": 3, "stickied": false, "subreddit_id": "t5_2vpth", "author_name": "ilovemrmiyagi", "author_id": "6vnvy", "subreddit_name": "frozen"}]