{"clicked": false, "created_utc": 1390332864.0, "distinguished": null, "edited": false, "id": "1vs9nq", "is_video": false, "locked": false, "num_comments": 17, "over_18": false, "permalink": "/r/Frozen/comments/1vs9nq/anna_was_always_a_drama_queen/", "score": 660, "selftext": "", "stickied": false, "subreddit_id": "t5_2vpth", "title": "Anna was always a drama queen.", "url": "http://i.imgur.com/wrW8gHf.jpg", "author_name": null, "author_id": null, "subreddit_name": "frozen", "upvote_ratio": 1.0}