[{"body": "Also \"Theres so much fear, you're not safe here\" and \"Just stay away, and youll be safe from me\"", "created_utc": 1393115408.0, "distinguished": null, "edited": false, "id": "cfm6bih", "is_submitter": false, "link_id": "t3_1ynp9k", "parent_id": "t3_1ynp9k", "permalink": "/r/Frozen/comments/1ynp9k/i_dont_know_how_obvious_it_was_to_you_all_but/cfm6bih/", "score": 32, "stickied": false, "subreddit_id": "t5_2vpth", "author_name": "Animal31", "author_id": "7h3il", "subreddit_name": "frozen"}, {"body": "It's more sad when it looked like Elsa was gonna speak but then decided not to and mourn alone, in the cold darkness.", "created_utc": 1393118890.0, "distinguished": null, "edited": false, "id": "cfm7m03", "is_submitter": false, "link_id": "t3_1ynp9k", "parent_id": "t3_1ynp9k", "permalink": "/r/Frozen/comments/1ynp9k/i_dont_know_how_obvious_it_was_to_you_all_but/cfm7m03/", "score": 29, "stickied": false, "subreddit_id": "t5_2vpth", "author_name": "TheKing0fLimbs", "author_id": "d03e0", "subreddit_name": "frozen"}, {"body": "That whole portion of that song always makes me teary-eyed, especially when she says \"What are we gonna do?\" I've asked myself that question so many times.", "created_utc": 1393122864.0, "distinguished": null, "edited": false, "id": "cfm92jq", "is_submitter": false, "link_id": "t3_1ynp9k", "parent_id": "t3_1ynp9k", "permalink": "/r/Frozen/comments/1ynp9k/i_dont_know_how_obvious_it_was_to_you_all_but/cfm92jq/", "score": 25, "stickied": false, "subreddit_id": "t5_2vpth", "author_name": null, "author_id": null, "subreddit_name": "frozen"}, {"body": "For me it was 'Why do you shut the world out? What are you so afraid of?'", "created_utc": 1393117328.0, "distinguished": null, "edited": false, "id": "cfm71at", "is_submitter": false, "link_id": "t3_1ynp9k", "parent_id": "t3_1ynp9k", "permalink": "/r/Frozen/comments/1ynp9k/i_dont_know_how_obvious_it_was_to_you_all_but/cfm71at/", "score": 20, "stickied": false, "subreddit_id": "t5_2vpth", "author_name": "FelixBlue", "author_id": "fca2h", "subreddit_name": "frozen"}, {"body": "\"Fear will be your enemy.\"", "created_utc": 1393124640.0, "distinguished": null, "edited": false, "id": "cfm9pgf", "is_submitter": false, "link_id": "t3_1ynp9k", "parent_id": "t3_1ynp9k", "permalink": "/r/Frozen/comments/1ynp9k/i_dont_know_how_obvious_it_was_to_you_all_but/cfm9pgf/", "score": 16, "stickied": false, "subreddit_id": "t5_2vpth", "author_name": "teffhk", "author_id": "dyxc8", "subreddit_name": "frozen"}, {"body": "This line is a definition for Anna.  Where Elsa is controlled by fear, Anna is fearless.  This is where the script tells us that is the truth.", "created_utc": 1393128340.0, "distinguished": null, "edited": false, "id": "cfmb0qt", "is_submitter": false, "link_id": "t3_1ynp9k", "parent_id": "t3_1ynp9k", "permalink": "/r/Frozen/comments/1ynp9k/i_dont_know_how_obvious_it_was_to_you_all_but/cfmb0qt/", "score": 12, "stickied": false, "subreddit_id": "t5_2vpth", "author_name": "AndIfWeFall", "author_id": "f0b0t", "subreddit_name": "frozen"}, {"body": "Any more like this out there?", "created_utc": 1393124488.0, "distinguished": null, "edited": false, "id": "cfm9nlb", "is_submitter": false, "link_id": "t3_1ynp9k", "parent_id": "t3_1ynp9k", "permalink": "/r/Frozen/comments/1ynp9k/i_dont_know_how_obvious_it_was_to_you_all_but/cfm9nlb/", "score": 6, "stickied": false, "subreddit_id": "t5_2vpth", "author_name": "Talovar", "author_id": "6sor8", "subreddit_name": "frozen"}, {"body": "...What was supposed to be obvious? Is there another meaning I'm missing?", "created_utc": 1393127087.0, "distinguished": null, "edited": false, "id": "cfmak79", "is_submitter": false, "link_id": "t3_1ynp9k", "parent_id": "t3_1ynp9k", "permalink": "/r/Frozen/comments/1ynp9k/i_dont_know_how_obvious_it_was_to_you_all_but/cfmak79/", "score": 7, "stickied": false, "subreddit_id": "t5_2vpth", "author_name": "bejouled", "author_id": "8uww5", "subreddit_name": "frozen"}, {"body": "As a younger sister who's grandfather died when I was little, the end of \"Do You Want to Build a Snowman?\" was sadder then the ending and very *very* relatable.", "created_utc": 1393176097.0, "distinguished": null, "edited": false, "id": "cfmn14c", "is_submitter": false, "link_id": "t3_1ynp9k", "parent_id": "t3_1ynp9k", "permalink": "/r/Frozen/comments/1ynp9k/i_dont_know_how_obvious_it_was_to_you_all_but/cfmn14c/", "score": 2, "stickied": false, "subreddit_id": "t5_2vpth", "author_name": null, "author_id": null, "subreddit_name": "frozen"}, {"body": "The entire FTFTIF reprise is awesome.", "created_utc": 1393119923.0, "distinguished": null, "edited": false, "id": "cfm7zp9", "is_submitter": false, "link_id": "t3_1ynp9k", "parent_id": "t1_cfm6bih", "permalink": "/r/Frozen/comments/1ynp9k/i_dont_know_how_obvious_it_was_to_you_all_but/cfm7zp9/", "score": 30, "stickied": false, "subreddit_id": "t5_2vpth", "author_name": "shmameron", "author_id": "9h46k", "subreddit_name": "frozen"}, {"body": "That \"so much fear\" line gets me every time, hence it being in my flair. Elsa looks so pained during the second part of the reprise, it makes me feel so sad for her. ", "created_utc": 1393128090.0, "distinguished": null, "edited": false, "id": "cfmaxlu", "is_submitter": false, "link_id": "t3_1ynp9k", "parent_id": "t1_cfm6bih", "permalink": "/r/Frozen/comments/1ynp9k/i_dont_know_how_obvious_it_was_to_you_all_but/cfmaxlu/", "score": 16, "stickied": false, "subreddit_id": "t5_2vpth", "author_name": null, "author_id": null, "subreddit_name": "frozen"}, {"body": "The door was frozen shut tho. She couldn't even open if she wanted to.", "created_utc": 1393145777.0, "distinguished": null, "edited": false, "id": "cfmfxl6", "is_submitter": true, "link_id": "t3_1ynp9k", "parent_id": "t1_cfm7m03", "permalink": "/r/Frozen/comments/1ynp9k/i_dont_know_how_obvious_it_was_to_you_all_but/cfmfxl6/", "score": 8, "stickied": false, "subreddit_id": "t5_2vpth", "author_name": "loopuleasa", "author_id": "4josc", "subreddit_name": "frozen"}, {"body": "A: Build a snowman. That should do the trick.", "created_utc": 1393145806.0, "distinguished": null, "edited": false, "id": "cfmfxsi", "is_submitter": true, "link_id": "t3_1ynp9k", "parent_id": "t1_cfm92jq", "permalink": "/r/Frozen/comments/1ynp9k/i_dont_know_how_obvious_it_was_to_you_all_but/cfmfxsi/", "score": 12, "stickied": false, "subreddit_id": "t5_2vpth", "author_name": "loopuleasa", "author_id": "4josc", "subreddit_name": "frozen"}, {"body": "=( I hope you have someone alongside you when things get tough. ", "created_utc": 1393149526.0, "distinguished": null, "edited": false, "id": "cfmgm2q", "is_submitter": false, "link_id": "t3_1ynp9k", "parent_id": "t1_cfm92jq", "permalink": "/r/Frozen/comments/1ynp9k/i_dont_know_how_obvious_it_was_to_you_all_but/cfmgm2q/", "score": 2, "stickied": false, "subreddit_id": "t5_2vpth", "author_name": "chzrm3", "author_id": "djsw3", "subreddit_name": "frozen"}, {"body": "For me, this was one of the lines that made me feel the most. A few weeks prior to me seeing the movie, I basically let my depression control me and one of my friends shouted this exact line at me. Hearing Anna say it to Elsa really hit home.", "created_utc": 1393129077.0, "distinguished": null, "edited": false, "id": "cfmba11", "is_submitter": false, "link_id": "t3_1ynp9k", "parent_id": "t1_cfm71at", "permalink": "/r/Frozen/comments/1ynp9k/i_dont_know_how_obvious_it_was_to_you_all_but/cfmba11/", "score": 15, "stickied": false, "subreddit_id": "t5_2vpth", "author_name": null, "author_id": null, "subreddit_name": "frozen"}, {"body": "to me, this was the biggest problem.  Elsa was just always taught to fear her powers and this only resulted in her inability to properly control it.  I think her parents did a poor job trying to isolate her and the trolls did not really accomplish anything with the fear speech.", "created_utc": 1393145804.0, "distinguished": null, "edited": false, "id": "cfmfxsb", "is_submitter": false, "link_id": "t3_1ynp9k", "parent_id": "t1_cfm9pgf", "permalink": "/r/Frozen/comments/1ynp9k/i_dont_know_how_obvious_it_was_to_you_all_but/cfmfxsb/", "score": 6, "stickied": false, "subreddit_id": "t5_2vpth", "author_name": "baconbroth", "author_id": "cidv2", "subreddit_name": "frozen"}, {"body": "I think all of Anna's part in For the First Time in Forever Reprise was great..", "created_utc": 1393151156.0, "distinguished": null, "edited": false, "id": "cfmgvj5", "is_submitter": false, "link_id": "t3_1ynp9k", "parent_id": "t1_cfm9nlb", "permalink": "/r/Frozen/comments/1ynp9k/i_dont_know_how_obvious_it_was_to_you_all_but/cfmgvj5/", "score": 6, "stickied": false, "subreddit_id": "t5_2vpth", "author_name": "FelixBlue", "author_id": "fca2h", "subreddit_name": "frozen"}, {"body": "Hey, that acronym is noice.", "created_utc": 1393146008.0, "distinguished": null, "edited": false, "id": "cfmfz3s", "is_submitter": true, "link_id": "t3_1ynp9k", "parent_id": "t1_cfm7zp9", "permalink": "/r/Frozen/comments/1ynp9k/i_dont_know_how_obvious_it_was_to_you_all_but/cfmfz3s/", "score": 8, "stickied": false, "subreddit_id": "t5_2vpth", "author_name": "loopuleasa", "author_id": "4josc", "subreddit_name": "frozen"}, {"body": "Few years ago, when I was in high school, someone I knew from a class just walked up to me, tried to small talk but failed(I was an excessive introvert+anxiety). And suddenly he yells 'open up!' then pats my head, walks away. I was stunned. While watching this part of Frozen, I got similar feelings...and I realized this movie was going to be special.", "created_utc": 1393134298.0, "distinguished": null, "edited": false, "id": "cfmd2qn", "is_submitter": false, "link_id": "t3_1ynp9k", "parent_id": "t1_cfmba11", "permalink": "/r/Frozen/comments/1ynp9k/i_dont_know_how_obvious_it_was_to_you_all_but/cfmd2qn/", "score": 12, "stickied": false, "subreddit_id": "t5_2vpth", "author_name": "FelixBlue", "author_id": "fca2h", "subreddit_name": "frozen"}, {"body": "I think one of the lies about depression is that it goes away. People never seem to realize it sticks and up until I saw Frozen, I was still in a tug of war in and out of it. It was mild, but still alarming since I had it so bad. Seeing Frozen and seeing Elsa shut out the world did hit home and it's even more obvious when I look back. I've since realized that I need to not really keep everything locked away. ", "created_utc": 1393145531.0, "distinguished": null, "edited": false, "id": "cfmfvyr", "is_submitter": false, "link_id": "t3_1ynp9k", "parent_id": "t1_cfmba11", "permalink": "/r/Frozen/comments/1ynp9k/i_dont_know_how_obvious_it_was_to_you_all_but/cfmfvyr/", "score": 6, "stickied": false, "subreddit_id": "t5_2vpth", "author_name": "RKitch2112", "author_id": "etl3g", "subreddit_name": "frozen"}]