{"clicked": false, "created_utc": 1393109661.0, "distinguished": null, "edited": false, "id": "1ynp9k", "is_video": false, "locked": false, "num_comments": 20, "over_18": false, "permalink": "/r/Frozen/comments/1ynp9k/i_dont_know_how_obvious_it_was_to_you_all_but/", "score": 278, "selftext": "", "stickied": false, "subreddit_id": "t5_2vpth", "title": "I don't know how obvious it was to you all, but this line was very relatable to many viewers", "url": "http://i.imgur.com/SLPwxIn.jpg", "author_name": "loopuleasa", "author_id": "4josc", "subreddit_name": "frozen", "upvote_ratio": 0.99}