[{"body": ">corneration", "created_utc": 1393560382.0, "distinguished": null, "edited": false, "id": "cfqov4n", "is_submitter": false, "link_id": "t3_1z5fai", "parent_id": "t3_1z5fai", "permalink": "/r/Frozen/comments/1z5fai/sunday_is_elsas_coronation_get_it_girl/cfqov4n/", "score": 30, "stickied": false, "subreddit_id": "t5_2vpth", "author_name": "roran_stronghammer", "author_id": "fbrtc", "subreddit_name": "frozen"}, {"body": "That picture makes you feel like you got into an argument with her and she said; \"I'm sorry, who has an award? Oh yeah, me, shut up.\"", "created_utc": 1393560849.0, "distinguished": null, "edited": false, "id": "cfqp1ye", "is_submitter": false, "link_id": "t3_1z5fai", "parent_id": "t3_1z5fai", "permalink": "/r/Frozen/comments/1z5fai/sunday_is_elsas_coronation_get_it_girl/cfqp1ye/", "score": 18, "stickied": false, "subreddit_id": "t5_2vpth", "author_name": "AdultSupervision", "author_id": "ej121", "subreddit_name": "frozen"}, {"body": "I'm hyped for Idina Menzel live.", "created_utc": 1393568384.0, "distinguished": null, "edited": false, "id": "cfqrq42", "is_submitter": false, "link_id": "t3_1z5fai", "parent_id": "t3_1z5fai", "permalink": "/r/Frozen/comments/1z5fai/sunday_is_elsas_coronation_get_it_girl/cfqrq42/", "score": 15, "stickied": false, "subreddit_id": "t5_2vpth", "author_name": "Sparkvoltage", "author_id": "6iw4q", "subreddit_name": "frozen"}, {"body": "If she doesn't win the snow storm will continue...I heard it was unusually snowy and cold all over the USA this year, I found it amusing it matched with Frozen's opening in theaters", "created_utc": 1393566458.0, "distinguished": null, "edited": false, "id": "cfqr4gv", "is_submitter": false, "link_id": "t3_1z5fai", "parent_id": "t3_1z5fai", "permalink": "/r/Frozen/comments/1z5fai/sunday_is_elsas_coronation_get_it_girl/cfqr4gv/", "score": 11, "stickied": false, "subreddit_id": "t5_2vpth", "author_name": "FelixBlue", "author_id": "fca2h", "subreddit_name": "frozen"}, {"body": "I will be expecting two Oscars for Frozen!", "created_utc": 1393570673.0, "distinguished": null, "edited": false, "id": "cfqscfw", "is_submitter": false, "link_id": "t3_1z5fai", "parent_id": "t3_1z5fai", "permalink": "/r/Frozen/comments/1z5fai/sunday_is_elsas_coronation_get_it_girl/cfqscfw/", "score": 10, "stickied": false, "subreddit_id": "t5_2vpth", "author_name": "baconbroth", "author_id": "cidv2", "subreddit_name": "frozen"}, {"body": "And winter will end!", "created_utc": 1393582305.0, "distinguished": null, "edited": false, "id": "cfquh7b", "is_submitter": false, "link_id": "t3_1z5fai", "parent_id": "t3_1z5fai", "permalink": "/r/Frozen/comments/1z5fai/sunday_is_elsas_coronation_get_it_girl/cfquh7b/", "score": 3, "stickied": false, "subreddit_id": "t5_2vpth", "author_name": "Betasheets", "author_id": "bkqah", "subreddit_name": "frozen"}, {"body": "First Oscar I'm looking forward to in ages. Not only because Idina's performance but because I want Gravity to win. ", "created_utc": 1393586973.0, "distinguished": null, "edited": false, "id": "cfqv4zp", "is_submitter": false, "link_id": "t3_1z5fai", "parent_id": "t3_1z5fai", "permalink": "/r/Frozen/comments/1z5fai/sunday_is_elsas_coronation_get_it_girl/cfqv4zp/", "score": 3, "stickied": false, "subreddit_id": "t5_2vpth", "author_name": "Guild_Navigator", "author_id": "6v5xw", "subreddit_name": "frozen"}, {"body": "I hope someone [EGOTs](http://en.wikipedia.org/wiki/List_of_people_who_have_won_Academy,_Emmy,_Grammy,_and_Tony_Awards) because of Frozen. Of course, this will necessitate a TV series being made...", "created_utc": 1393596744.0, "distinguished": null, "edited": false, "id": "cfqx600", "is_submitter": false, "link_id": "t3_1z5fai", "parent_id": "t3_1z5fai", "permalink": "/r/Frozen/comments/1z5fai/sunday_is_elsas_coronation_get_it_girl/cfqx600/", "score": 3, "stickied": false, "subreddit_id": "t5_2vpth", "author_name": "poktanju", "author_id": "4z4uc", "subreddit_name": "frozen"}, {"body": "March 2nd, 2014: The Queen ascends her throne ", "created_utc": 1393599043.0, "distinguished": null, "edited": false, "id": "cfqxww5", "is_submitter": false, "link_id": "t3_1z5fai", "parent_id": "t3_1z5fai", "permalink": "/r/Frozen/comments/1z5fai/sunday_is_elsas_coronation_get_it_girl/cfqxww5/", "score": 2, "stickied": false, "subreddit_id": "t5_2vpth", "author_name": "F4ll3n_4ng3l_4ndre", "author_id": "bbw2c", "subreddit_name": "frozen"}, {"body": "I'm rooting for Frozen to win an Oscar! I'm excited to watch the Oscars most especially because I want to watch Idina Menzel sing \"Let It Go\" live! I love her! She's very talented!", "created_utc": 1393693742.0, "distinguished": null, "edited": false, "id": "cfrsjro", "is_submitter": false, "link_id": "t3_1z5fai", "parent_id": "t3_1z5fai", "permalink": "/r/Frozen/comments/1z5fai/sunday_is_elsas_coronation_get_it_girl/cfrsjro/", "score": 1, "stickied": false, "subreddit_id": "t5_2vpth", "author_name": "Princess-Kat", "author_id": "fb62a", "subreddit_name": "frozen"}, {"body": "I thought it was \"co*nora*tion\"?", "created_utc": 1393580081.0, "distinguished": null, "edited": false, "id": "cfqu5mg", "is_submitter": false, "link_id": "t3_1z5fai", "parent_id": "t1_cfqov4n", "permalink": "/r/Frozen/comments/1z5fai/sunday_is_elsas_coronation_get_it_girl/cfqu5mg/", "score": 3, "stickied": false, "subreddit_id": "t5_2vpth", "author_name": "ares623", "author_id": "3mbae", "subreddit_name": "frozen"}, {"body": "~~Nope, it's [coronation](http://dictionary.reference.com/browse/coronation?s=ts).~~\n\nEDIT: Forgive the travesty that was my original comment, evidently I need to rewatch the movie many more times to engrave the script into my head. ", "created_utc": 1393561999.0, "distinguished": null, "edited": 1393562530.0, "id": "cfqpima", "is_submitter": false, "link_id": "t3_1z5fai", "parent_id": "t1_cfqov4n", "permalink": "/r/Frozen/comments/1z5fai/sunday_is_elsas_coronation_get_it_girl/cfqpima/", "score": 14, "stickied": false, "subreddit_id": "t5_2vpth", "author_name": "eveninglion", "author_id": "6urqk", "subreddit_name": "frozen"}, {"body": "Does having someone perform a song up for award in any way indicate how likely it is to win?\n\nIt would seem odd to ask someone to perform then go on to not win.", "created_utc": 1393630641.0, "distinguished": null, "edited": false, "id": "cfrc500", "is_submitter": false, "link_id": "t3_1z5fai", "parent_id": "t1_cfqrq42", "permalink": "/r/Frozen/comments/1z5fai/sunday_is_elsas_coronation_get_it_girl/cfrc500/", "score": 1, "stickied": false, "subreddit_id": "t5_2vpth", "author_name": "boomerangotan", "author_id": "3r350", "subreddit_name": "frozen"}, {"body": "http://25.media.tumblr.com/f248345df1fe2b021e12a9a395042e7f/tumblr_n13eiqeeir1togh3go1_500.jpg", "created_utc": 1393569915.0, "distinguished": null, "edited": false, "id": "cfqs5ja", "is_submitter": false, "link_id": "t3_1z5fai", "parent_id": "t1_cfqr4gv", "permalink": "/r/Frozen/comments/1z5fai/sunday_is_elsas_coronation_get_it_girl/cfqs5ja/", "score": 23, "stickied": false, "subreddit_id": "t5_2vpth", "author_name": "damocles2501", "author_id": "d3wqx", "subreddit_name": "frozen"}, {"body": "Script says corneration. ", "created_utc": 1393606892.0, "distinguished": null, "edited": false, "id": "cfr15y8", "is_submitter": false, "link_id": "t3_1z5fai", "parent_id": "t1_cfqu5mg", "permalink": "/r/Frozen/comments/1z5fai/sunday_is_elsas_coronation_get_it_girl/cfr15y8/", "score": 2, "stickied": false, "subreddit_id": "t5_2vpth", "author_name": "roran_stronghammer", "author_id": "fbrtc", "subreddit_name": "frozen"}, {"body": "Have none of you seen this movie? I was talking about Anna's sleepy rambling when woken up on coronation day. She says \"Get ready for what?\" and then Kai says \"Your sister's coronation, ma'am,\" and then Anna says \"My sister's corneration. *gasps* It's coronation day. It's coronation day!\" Then she sings FtFTiF.\n\nEdit: a word", "created_utc": 1393562219.0, "distinguished": null, "edited": 1393606963.0, "id": "cfqplpv", "is_submitter": false, "link_id": "t3_1z5fai", "parent_id": "t1_cfqpima", "permalink": "/r/Frozen/comments/1z5fai/sunday_is_elsas_coronation_get_it_girl/cfqplpv/", "score": 4, "stickied": false, "subreddit_id": "t5_2vpth", "author_name": "roran_stronghammer", "author_id": "fbrtc", "subreddit_name": "frozen"}, {"body": "It's so cute how you don't know the script. ;)", "created_utc": 1393562197.0, "distinguished": null, "edited": false, "id": "cfqplei", "is_submitter": true, "link_id": "t3_1z5fai", "parent_id": "t1_cfqpima", "permalink": "/r/Frozen/comments/1z5fai/sunday_is_elsas_coronation_get_it_girl/cfqplei/", "score": -11, "stickied": false, "subreddit_id": "t5_2vpth", "author_name": "Talia1976", "author_id": "4n6lw", "subreddit_name": "frozen"}, {"body": "It definitely does happen. \n\nBono's song is the next likely winner. He won the Golden Globe over Let It Go. I think some of that may have to do with the subject matter of Long Walk to Freedom - with Nelson Mandela's death being fairly recent, giving the Oscar for that film's song might be a political gesture the Academy won't be able to resist. But I don't think his song is near as good, so I'm really hoping he doesn't win this time!", "created_utc": 1393651240.0, "distinguished": null, "edited": false, "id": "cfrjjwp", "is_submitter": true, "link_id": "t3_1z5fai", "parent_id": "t1_cfrc500", "permalink": "/r/Frozen/comments/1z5fai/sunday_is_elsas_coronation_get_it_girl/cfrjjwp/", "score": 2, "stickied": false, "subreddit_id": "t5_2vpth", "author_name": "Talia1976", "author_id": "4n6lw", "subreddit_name": "frozen"}, {"body": "lol I saw this in this subreddit a while ago XD", "created_utc": 1393577619.0, "distinguished": null, "edited": false, "id": "cfqtrtd", "is_submitter": false, "link_id": "t3_1z5fai", "parent_id": "t1_cfqs5ja", "permalink": "/r/Frozen/comments/1z5fai/sunday_is_elsas_coronation_get_it_girl/cfqtrtd/", "score": 4, "stickied": false, "subreddit_id": "t5_2vpth", "author_name": "FelixBlue", "author_id": "fca2h", "subreddit_name": "frozen"}, {"body": "Oh jeez, I'm sorry. I've seen the movie, but not enough times that I remember every line I'm afraid.", "created_utc": 1393562356.0, "distinguished": null, "edited": 1393562566.0, "id": "cfqpnle", "is_submitter": false, "link_id": "t3_1z5fai", "parent_id": "t1_cfqplpv", "permalink": "/r/Frozen/comments/1z5fai/sunday_is_elsas_coronation_get_it_girl/cfqpnle/", "score": 7, "stickied": false, "subreddit_id": "t5_2vpth", "author_name": "eveninglion", "author_id": "6urqk", "subreddit_name": "frozen"}, {"body": ">and then Anna says \"My sister's corporation. \n\nSnow Corp?", "created_utc": 1393579281.0, "distinguished": null, "edited": false, "id": "cfqu19j", "is_submitter": false, "link_id": "t3_1z5fai", "parent_id": "t1_cfqplpv", "permalink": "/r/Frozen/comments/1z5fai/sunday_is_elsas_coronation_get_it_girl/cfqu19j/", "score": 1, "stickied": false, "subreddit_id": "t5_2vpth", "author_name": null, "author_id": null, "subreddit_name": "frozen"}, {"body": "I've only watched it twice so far, haven't quite memorized the script yet. ", "created_utc": 1393562434.0, "distinguished": null, "edited": false, "id": "cfqpong", "is_submitter": false, "link_id": "t3_1z5fai", "parent_id": "t1_cfqplei", "permalink": "/r/Frozen/comments/1z5fai/sunday_is_elsas_coronation_get_it_girl/cfqpong/", "score": 7, "stickied": false, "subreddit_id": "t5_2vpth", "author_name": "eveninglion", "author_id": "6urqk", "subreddit_name": "frozen"}, {"body": "Wow, no need to be a giant douchebag. ", "created_utc": 1393602004.0, "distinguished": null, "edited": false, "id": "cfqz1n2", "is_submitter": false, "link_id": "t3_1z5fai", "parent_id": "t1_cfqplei", "permalink": "/r/Frozen/comments/1z5fai/sunday_is_elsas_coronation_get_it_girl/cfqz1n2/", "score": 2, "stickied": false, "subreddit_id": "t5_2vpth", "author_name": "dita_von_cheese", "author_id": "d1ktc", "subreddit_name": "frozen"}, {"body": "Yeah! Why can't he just be number two at something?", "created_utc": 1393672409.0, "distinguished": null, "edited": false, "id": "cfrnq2c", "is_submitter": false, "link_id": "t3_1z5fai", "parent_id": "t1_cfrjjwp", "permalink": "/r/Frozen/comments/1z5fai/sunday_is_elsas_coronation_get_it_girl/cfrnq2c/", "score": 1, "stickied": false, "subreddit_id": "t5_2vpth", "author_name": "jtroeh00", "author_id": "5ejyc", "subreddit_name": "frozen"}, {"body": "Yeah I couldn't find the post...  searched for oscar, polar vortex... ", "created_utc": 1393580378.0, "distinguished": null, "edited": 1393583304.0, "id": "cfqu76r", "is_submitter": false, "link_id": "t3_1z5fai", "parent_id": "t1_cfqtrtd", "permalink": "/r/Frozen/comments/1z5fai/sunday_is_elsas_coronation_get_it_girl/cfqu76r/", "score": 6, "stickied": false, "subreddit_id": "t5_2vpth", "author_name": "damocles2501", "author_id": "d3wqx", "subreddit_name": "frozen"}, {"body": "You are forgiven. :)", "created_utc": 1393562486.0, "distinguished": null, "edited": false, "id": "cfqppcq", "is_submitter": true, "link_id": "t3_1z5fai", "parent_id": "t1_cfqpnle", "permalink": "/r/Frozen/comments/1z5fai/sunday_is_elsas_coronation_get_it_girl/cfqppcq/", "score": 5, "stickied": false, "subreddit_id": "t5_2vpth", "author_name": "Talia1976", "author_id": "4n6lw", "subreddit_name": "frozen"}, {"body": "Damn auto correct. ", "created_utc": 1393606933.0, "distinguished": null, "edited": false, "id": "cfr16nt", "is_submitter": false, "link_id": "t3_1z5fai", "parent_id": "t1_cfqu19j", "permalink": "/r/Frozen/comments/1z5fai/sunday_is_elsas_coronation_get_it_girl/cfr16nt/", "score": 1, "stickied": false, "subreddit_id": "t5_2vpth", "author_name": "roran_stronghammer", "author_id": "fbrtc", "subreddit_name": "frozen"}, {"body": "It's OK. Just maybe refrain from correcting other people until you do. LOL", "created_utc": 1393562554.0, "distinguished": null, "edited": false, "id": "cfqpqa7", "is_submitter": true, "link_id": "t3_1z5fai", "parent_id": "t1_cfqpong", "permalink": "/r/Frozen/comments/1z5fai/sunday_is_elsas_coronation_get_it_girl/cfqpqa7/", "score": -6, "stickied": false, "subreddit_id": "t5_2vpth", "author_name": "Talia1976", "author_id": "4n6lw", "subreddit_name": "frozen"}, {"body": "Furreals. Also, I just looked at the lineup and it looks like all of the nominees for best original song will be performing.", "created_utc": 1393710894.0, "distinguished": null, "edited": false, "id": "cfrz3fc", "is_submitter": true, "link_id": "t3_1z5fai", "parent_id": "t1_cfrnq2c", "permalink": "/r/Frozen/comments/1z5fai/sunday_is_elsas_coronation_get_it_girl/cfrz3fc/", "score": 1, "stickied": false, "subreddit_id": "t5_2vpth", "author_name": "Talia1976", "author_id": "4n6lw", "subreddit_name": "frozen"}, {"body": "You may be correct, but you're acting like a douche", "created_utc": 1393597490.0, "distinguished": null, "edited": false, "id": "cfqxeay", "is_submitter": false, "link_id": "t3_1z5fai", "parent_id": "t1_cfqpqa7", "permalink": "/r/Frozen/comments/1z5fai/sunday_is_elsas_coronation_get_it_girl/cfqxeay/", "score": 3, "stickied": false, "subreddit_id": "t5_2vpth", "author_name": "Scyter", "author_id": "6l0mu", "subreddit_name": "frozen"}, {"body": "Yeah, but will THEY be accompanied by hundreds of thousands of Swarovski crystals?? ", "created_utc": 1393736632.0, "distinguished": null, "edited": false, "id": "cfs8gk8", "is_submitter": false, "link_id": "t3_1z5fai", "parent_id": "t1_cfrz3fc", "permalink": "/r/Frozen/comments/1z5fai/sunday_is_elsas_coronation_get_it_girl/cfs8gk8/", "score": 2, "stickied": false, "subreddit_id": "t5_2vpth", "author_name": "jtroeh00", "author_id": "5ejyc", "subreddit_name": "frozen"}, {"body": "I really did not intend to be rude. Apologies! I just thought it was a funny mistake by the commenter.", "created_utc": 1393603971.0, "distinguished": null, "edited": false, "id": "cfqzv1a", "is_submitter": true, "link_id": "t3_1z5fai", "parent_id": "t1_cfqxeay", "permalink": "/r/Frozen/comments/1z5fai/sunday_is_elsas_coronation_get_it_girl/cfqzv1a/", "score": 0, "stickied": false, "subreddit_id": "t5_2vpth", "author_name": "Talia1976", "author_id": "4n6lw", "subreddit_name": "frozen"}]