{"clicked": false, "created_utc": 1393559236.0, "distinguished": null, "edited": false, "id": "1z5fai", "is_video": false, "locked": false, "num_comments": 32, "over_18": false, "permalink": "/r/Frozen/comments/1z5fai/sunday_is_elsas_coronation_get_it_girl/", "score": 173, "selftext": "", "stickied": false, "subreddit_id": "t5_2vpth", "title": "Sunday is Elsa's Coronation. Get it, Girl!", "url": "http://imgur.com/KsrpVCK", "author_name": "Talia1976", "author_id": "4n6lw", "subreddit_name": "frozen", "upvote_ratio": 0.98}