[{"body": "[want](http://25.media.tumblr.com/3260cefa13b0d05e607f5641ac9efe27/tumblr_mzd0rlZbAf1qkhnbbo4_250.gif)", "created_utc": 1393891436.0, "distinguished": null, "edited": false, "id": "cftn7ri", "is_submitter": false, "link_id": "t3_1zham9", "parent_id": "t3_1zham9", "permalink": "/r/Frozen/comments/1zham9/frozen_shirt_came_today/cftn7ri/", "score": 22, "stickied": false, "subreddit_id": "t5_2vpth", "author_name": "HikariOni", "author_id": "75nqx", "subreddit_name": "frozen"}, {"body": "Good to see a fellow male fan of Frozen\n", "created_utc": 1393898126.0, "distinguished": null, "edited": false, "id": "cftq9u1", "is_submitter": false, "link_id": "t3_1zham9", "parent_id": "t3_1zham9", "permalink": "/r/Frozen/comments/1zham9/frozen_shirt_came_today/cftq9u1/", "score": 38, "stickied": false, "subreddit_id": "t5_2vpth", "author_name": "RandyAndyPandyz", "author_id": "cpg42", "subreddit_name": "frozen"}, {"body": "Where did you get it? If it's not super expensive, I might consider purchasing one myself.", "created_utc": 1393899768.0, "distinguished": null, "edited": false, "id": "cftr171", "is_submitter": false, "link_id": "t3_1zham9", "parent_id": "t3_1zham9", "permalink": "/r/Frozen/comments/1zham9/frozen_shirt_came_today/cftr171/", "score": 10, "stickied": false, "subreddit_id": "t5_2vpth", "author_name": null, "author_id": null, "subreddit_name": "frozen"}, {"body": "A fellow man! Nice shirt!", "created_utc": 1393899102.0, "distinguished": null, "edited": false, "id": "cftqq58", "is_submitter": false, "link_id": "t3_1zham9", "parent_id": "t3_1zham9", "permalink": "/r/Frozen/comments/1zham9/frozen_shirt_came_today/cftqq58/", "score": 6, "stickied": false, "subreddit_id": "t5_2vpth", "author_name": "lazybutter", "author_id": "73zbx", "subreddit_name": "frozen"}, {"body": "Your face will suit nicely for Kristoff or Hans cosplay :) The shirt looks great", "created_utc": 1393890905.0, "distinguished": null, "edited": false, "id": "cftmz6c", "is_submitter": false, "link_id": "t3_1zham9", "parent_id": "t3_1zham9", "permalink": "/r/Frozen/comments/1zham9/frozen_shirt_came_today/cftmz6c/", "score": 9, "stickied": false, "subreddit_id": "t5_2vpth", "author_name": "Portgas", "author_id": "7kc75", "subreddit_name": "frozen"}, {"body": "since everyone is commenting on the shirt. I would like to take this comment to say that op you are pretty cute ;)\n", "created_utc": 1393953921.0, "distinguished": null, "edited": false, "id": "cfu7829", "is_submitter": false, "link_id": "t3_1zham9", "parent_id": "t3_1zham9", "permalink": "/r/Frozen/comments/1zham9/frozen_shirt_came_today/cfu7829/", "score": 2, "stickied": false, "subreddit_id": "t5_2vpth", "author_name": "AmillyCalais", "author_id": "exd56", "subreddit_name": "frozen"}, {"body": "You sir, are super cute! and that shirt is just awesome!", "created_utc": 1393963201.0, "distinguished": null, "edited": false, "id": "cfubrho", "is_submitter": false, "link_id": "t3_1zham9", "parent_id": "t3_1zham9", "permalink": "/r/Frozen/comments/1zham9/frozen_shirt_came_today/cfubrho/", "score": 2, "stickied": false, "subreddit_id": "t5_2vpth", "author_name": "xPaulWallx4", "author_id": "6t9av", "subreddit_name": "frozen"}, {"body": "Nice! There's another with Elsa sitting on an ice throne reminiscent of that of the Game of Thrones with the text \"Winter Is Coming\", but dunno where to get that, either Xb", "created_utc": 1393938337.0, "distinguished": null, "edited": false, "id": "cfu1oac", "is_submitter": false, "link_id": "t3_1zham9", "parent_id": "t3_1zham9", "permalink": "/r/Frozen/comments/1zham9/frozen_shirt_came_today/cfu1oac/", "score": 1, "stickied": false, "subreddit_id": "t5_2vpth", "author_name": "otakursed", "author_id": "72nf7", "subreddit_name": "frozen"}, {"body": "Good lord where did you buy that? I must purchase one for me and my cousin. ", "created_utc": 1393938682.0, "distinguished": null, "edited": false, "id": "cfu1qxo", "is_submitter": false, "link_id": "t3_1zham9", "parent_id": "t3_1zham9", "permalink": "/r/Frozen/comments/1zham9/frozen_shirt_came_today/cfu1qxo/", "score": 1, "stickied": false, "subreddit_id": "t5_2vpth", "author_name": "reneeyay", "author_id": "7q2qq", "subreddit_name": "frozen"}, {"body": "I need one", "created_utc": 1395347812.0, "distinguished": null, "edited": false, "id": "cg7ouvc", "is_submitter": false, "link_id": "t3_1zham9", "parent_id": "t3_1zham9", "permalink": "/r/Frozen/comments/1zham9/frozen_shirt_came_today/cg7ouvc/", "score": 1, "stickied": false, "subreddit_id": "t5_2vpth", "author_name": "Garytang8597", "author_id": "fq3l2", "subreddit_name": "frozen"}, {"body": "[deleted]", "created_utc": 1393893964.0, "distinguished": null, "edited": false, "id": "cftoc9p", "is_submitter": false, "link_id": "t3_1zham9", "parent_id": "t1_cftn7ri", "permalink": "/r/Frozen/comments/1zham9/frozen_shirt_came_today/cftoc9p/", "score": 9, "stickied": false, "subreddit_id": "t5_2vpth", "author_name": null, "author_id": null, "subreddit_name": "frozen"}, {"body": "Here's a link: http://www.redbubble.com/people/gillesbone/works/11465733-frosty-flakes-elsa-edition?p=t-shirt", "created_utc": 1393899711.0, "distinguished": null, "edited": false, "id": "cftr081", "is_submitter": false, "link_id": "t3_1zham9", "parent_id": "t1_cftn7ri", "permalink": "/r/Frozen/comments/1zham9/frozen_shirt_came_today/cftr081/", "score": 7, "stickied": false, "subreddit_id": "t5_2vpth", "author_name": "MrPandamania", "author_id": "71cu5", "subreddit_name": "frozen"}, {"body": "Wait, are there more females around here than males?", "created_utc": 1393900233.0, "distinguished": null, "edited": false, "id": "cftr95d", "is_submitter": false, "link_id": "t3_1zham9", "parent_id": "t1_cftq9u1", "permalink": "/r/Frozen/comments/1zham9/frozen_shirt_came_today/cftr95d/", "score": 19, "stickied": false, "subreddit_id": "t5_2vpth", "author_name": "curtithird", "author_id": "7sl65", "subreddit_name": "frozen"}, {"body": "I got mine from Qwertee for 12 bucks. But their stuff is one day only. And mine came with fucking stains on it.", "created_utc": 1393964548.0, "distinguished": null, "edited": false, "id": "cfucf5s", "is_submitter": false, "link_id": "t3_1zham9", "parent_id": "t1_cftr171", "permalink": "/r/Frozen/comments/1zham9/frozen_shirt_came_today/cfucf5s/", "score": 1, "stickied": false, "subreddit_id": "t5_2vpth", "author_name": null, "author_id": null, "subreddit_name": "frozen"}, {"body": "Aren't most of the people here male?", "created_utc": 1393909046.0, "distinguished": null, "edited": false, "id": "cftvbwz", "is_submitter": false, "link_id": "t3_1zham9", "parent_id": "t1_cftqq58", "permalink": "/r/Frozen/comments/1zham9/frozen_shirt_came_today/cftvbwz/", "score": 7, "stickied": false, "subreddit_id": "t5_2vpth", "author_name": null, "author_id": null, "subreddit_name": "frozen"}, {"body": "I agree, you should totally cosplay!", "created_utc": 1393985231.0, "distinguished": null, "edited": false, "id": "cfumcyr", "is_submitter": false, "link_id": "t3_1zham9", "parent_id": "t1_cftmz6c", "permalink": "/r/Frozen/comments/1zham9/frozen_shirt_came_today/cfumcyr/", "score": 1, "stickied": false, "subreddit_id": "t5_2vpth", "author_name": "lq13", "author_id": "fblf7", "subreddit_name": "frozen"}, {"body": "It is, I love it. [Here's more.](http://iamalionessoftherock.tumblr.com/post/73237700068/reaction-gifs)", "created_utc": 1393894057.0, "distinguished": null, "edited": false, "id": "cftodt1", "is_submitter": false, "link_id": "t3_1zham9", "parent_id": "t1_cftoc9p", "permalink": "/r/Frozen/comments/1zham9/frozen_shirt_came_today/cftodt1/", "score": 8, "stickied": false, "subreddit_id": "t5_2vpth", "author_name": "HikariOni", "author_id": "75nqx", "subreddit_name": "frozen"}, {"body": "Thanks a bunch!", "created_utc": 1393900468.0, "distinguished": null, "edited": false, "id": "cftrd4z", "is_submitter": false, "link_id": "t3_1zham9", "parent_id": "t1_cftr081", "permalink": "/r/Frozen/comments/1zham9/frozen_shirt_came_today/cftrd4z/", "score": 3, "stickied": false, "subreddit_id": "t5_2vpth", "author_name": "HikariOni", "author_id": "75nqx", "subreddit_name": "frozen"}, {"body": "Comment to save", "created_utc": 1393978630.0, "distinguished": null, "edited": false, "id": "cfujdcr", "is_submitter": false, "link_id": "t3_1zham9", "parent_id": "t1_cftr081", "permalink": "/r/Frozen/comments/1zham9/frozen_shirt_came_today/cfujdcr/", "score": 1, "stickied": false, "subreddit_id": "t5_2vpth", "author_name": null, "author_id": null, "subreddit_name": "frozen"}, {"body": "No. Although the last survey of this sub I saw is kinda old, I think it's still mostly male.", "created_utc": 1393905646.0, "distinguished": null, "edited": false, "id": "cfttujg", "is_submitter": false, "link_id": "t3_1zham9", "parent_id": "t1_cftr95d", "permalink": "/r/Frozen/comments/1zham9/frozen_shirt_came_today/cfttujg/", "score": 13, "stickied": false, "subreddit_id": "t5_2vpth", "author_name": "roran_stronghammer", "author_id": "fbrtc", "subreddit_name": "frozen"}, {"body": "No, it just seems like every Frozen fan I meet is female :P\n\n", "created_utc": 1393906002.0, "distinguished": null, "edited": false, "id": "cftu0fg", "is_submitter": false, "link_id": "t3_1zham9", "parent_id": "t1_cftr95d", "permalink": "/r/Frozen/comments/1zham9/frozen_shirt_came_today/cftu0fg/", "score": 8, "stickied": false, "subreddit_id": "t5_2vpth", "author_name": "RandyAndyPandyz", "author_id": "cpg42", "subreddit_name": "frozen"}, {"body": "Ouch. Maybe not then.", "created_utc": 1393969388.0, "distinguished": null, "edited": false, "id": "cfuets5", "is_submitter": false, "link_id": "t3_1zham9", "parent_id": "t1_cfucf5s", "permalink": "/r/Frozen/comments/1zham9/frozen_shirt_came_today/cfuets5/", "score": 1, "stickied": false, "subreddit_id": "t5_2vpth", "author_name": null, "author_id": null, "subreddit_name": "frozen"}, {"body": "Yes, but it's the internet. ", "created_utc": 1393909442.0, "distinguished": null, "edited": false, "id": "cftvhnj", "is_submitter": false, "link_id": "t3_1zham9", "parent_id": "t1_cftvbwz", "permalink": "/r/Frozen/comments/1zham9/frozen_shirt_came_today/cftvhnj/", "score": 5, "stickied": false, "subreddit_id": "t5_2vpth", "author_name": "lazybutter", "author_id": "73zbx", "subreddit_name": "frozen"}, {"body": "Well, the male minority of Frozen fans tend to congregate in high numbers in these internet forums where they won't be judged... :P", "created_utc": 1393910904.0, "distinguished": null, "edited": false, "id": "cftw1mh", "is_submitter": false, "link_id": "t3_1zham9", "parent_id": "t1_cftu0fg", "permalink": "/r/Frozen/comments/1zham9/frozen_shirt_came_today/cftw1mh/", "score": 13, "stickied": false, "subreddit_id": "t5_2vpth", "author_name": "just-a-time-passer", "author_id": "d4y65", "subreddit_name": "frozen"}, {"body": "Fair point ", "created_utc": 1393910503.0, "distinguished": null, "edited": false, "id": "cftvwb5", "is_submitter": false, "link_id": "t3_1zham9", "parent_id": "t1_cftvhnj", "permalink": "/r/Frozen/comments/1zham9/frozen_shirt_came_today/cftvwb5/", "score": 5, "stickied": false, "subreddit_id": "t5_2vpth", "author_name": null, "author_id": null, "subreddit_name": "frozen"}, {"body": "Also Reddit itself has a higher percentage of males than females, so we don't necessarily represent the whole fanbase accurately.", "created_utc": 1393913004.0, "distinguished": null, "edited": false, "id": "cftwrf2", "is_submitter": false, "link_id": "t3_1zham9", "parent_id": "t1_cftw1mh", "permalink": "/r/Frozen/comments/1zham9/frozen_shirt_came_today/cftwrf2/", "score": 9, "stickied": false, "subreddit_id": "t5_2vpth", "author_name": "shmameron", "author_id": "9h46k", "subreddit_name": "frozen"}, {"body": "Touch\u00e9 my good sir, and you have just ruled out why I spend half my time on /r/Frozen, a place where I can let it go\n", "created_utc": 1393913127.0, "distinguished": null, "edited": false, "id": "cftwsve", "is_submitter": false, "link_id": "t3_1zham9", "parent_id": "t1_cftw1mh", "permalink": "/r/Frozen/comments/1zham9/frozen_shirt_came_today/cftwsve/", "score": 2, "stickied": false, "subreddit_id": "t5_2vpth", "author_name": "RandyAndyPandyz", "author_id": "cpg42", "subreddit_name": "frozen"}]