[{"body": "Even cursing she looks majestic", "created_utc": 1392123151.0, "distinguished": null, "edited": 1392134151.0, "id": "cfci7io", "is_submitter": false, "link_id": "t3_1xluuv", "parent_id": "t3_1xluuv", "permalink": "/r/Frozen/comments/1xluuv/elsa_realises_she_left_marshmallow_on_the_north/cfci7io/", "score": 51, "stickied": false, "subreddit_id": "t5_2vpth", "author_name": "Portgas", "author_id": "7kc75", "subreddit_name": "frozen"}, {"body": "I have now witnessed the most majestically proper fuck ever given.", "created_utc": 1392158503.0, "distinguished": null, "edited": false, "id": "cfcxmby", "is_submitter": false, "link_id": "t3_1xluuv", "parent_id": "t3_1xluuv", "permalink": "/r/Frozen/comments/1xluuv/elsa_realises_she_left_marshmallow_on_the_north/cfcxmby/", "score": 37, "stickied": false, "subreddit_id": "t5_2vpth", "author_name": "Thaneofthunder", "author_id": "evyma", "subreddit_name": "frozen"}, {"body": "I can almost hear her....", "created_utc": 1392133324.0, "distinguished": null, "edited": false, "id": "cfcldv1", "is_submitter": false, "link_id": "t3_1xluuv", "parent_id": "t3_1xluuv", "permalink": "/r/Frozen/comments/1xluuv/elsa_realises_she_left_marshmallow_on_the_north/cfcldv1/", "score": 17, "stickied": false, "subreddit_id": "t5_2vpth", "author_name": null, "author_id": null, "subreddit_name": "frozen"}, {"body": "He'll be fine, he's got his own castle now. ", "created_utc": 1392158308.0, "distinguished": null, "edited": false, "id": "cfcxiy8", "is_submitter": false, "link_id": "t3_1xluuv", "parent_id": "t3_1xluuv", "permalink": "/r/Frozen/comments/1xluuv/elsa_realises_she_left_marshmallow_on_the_north/cfcxiy8/", "score": 13, "stickied": false, "subreddit_id": "t5_2vpth", "author_name": "ProMarshmallo", "author_id": "8e8d0", "subreddit_name": "frozen"}, {"body": "Classy...", "created_utc": 1392134023.0, "distinguished": null, "edited": false, "id": "cfcloat", "is_submitter": false, "link_id": "t3_1xluuv", "parent_id": "t3_1xluuv", "permalink": "/r/Frozen/comments/1xluuv/elsa_realises_she_left_marshmallow_on_the_north/cfcloat/", "score": 17, "stickied": false, "subreddit_id": "t5_2vpth", "author_name": "ElsaTheSnowQueen", "author_id": "f84dr", "subreddit_name": "frozen"}, {"body": "What is she actually saying here?", "created_utc": 1392133395.0, "distinguished": null, "edited": false, "id": "cfclexm", "is_submitter": false, "link_id": "t3_1xluuv", "parent_id": "t3_1xluuv", "permalink": "/r/Frozen/comments/1xluuv/elsa_realises_she_left_marshmallow_on_the_north/cfclexm/", "score": 11, "stickied": false, "subreddit_id": "t5_2vpth", "author_name": "SmokerJokerToker", "author_id": "9kn8p", "subreddit_name": "frozen"}, {"body": "That's a ROYAL F*ck, not to be confused with the COMMON f*ck", "created_utc": 1392129049.0, "distinguished": null, "edited": false, "id": "cfcjs1g", "is_submitter": false, "link_id": "t3_1xluuv", "parent_id": "t3_1xluuv", "permalink": "/r/Frozen/comments/1xluuv/elsa_realises_she_left_marshmallow_on_the_north/cfcjs1g/", "score": 22, "stickied": false, "subreddit_id": "t5_2vpth", "author_name": "gdkitty", "author_id": "8payt", "subreddit_name": "frozen"}, {"body": "Love melted and killed him.", "created_utc": 1399530368.0, "distinguished": null, "edited": false, "id": "chcjf66", "is_submitter": false, "link_id": "t3_1xluuv", "parent_id": "t3_1xluuv", "permalink": "/r/Frozen/comments/1xluuv/elsa_realises_she_left_marshmallow_on_the_north/chcjf66/", "score": 2, "stickied": false, "subreddit_id": "t5_2vpth", "author_name": "jmerridew124", "author_id": "dripi", "subreddit_name": "frozen"}, {"body": "Hindsight is twenty twenty.", "created_utc": 1392168868.0, "distinguished": null, "edited": false, "id": "cfd26qq", "is_submitter": false, "link_id": "t3_1xluuv", "parent_id": "t1_cfcloat", "permalink": "/r/Frozen/comments/1xluuv/elsa_realises_she_left_marshmallow_on_the_north/cfd26qq/", "score": 5, "stickied": false, "subreddit_id": "t5_2vpth", "author_name": "Phaulty", "author_id": "5x95b", "subreddit_name": "frozen"}, {"body": "[deleted]", "created_utc": 1392133874.0, "distinguished": null, "edited": false, "id": "cfclm2v", "is_submitter": false, "link_id": "t3_1xluuv", "parent_id": "t1_cfclexm", "permalink": "/r/Frozen/comments/1xluuv/elsa_realises_she_left_marshmallow_on_the_north/cfclm2v/", "score": 23, "stickied": false, "subreddit_id": "t5_2vpth", "author_name": null, "author_id": null, "subreddit_name": "frozen"}, {"body": "Thanks!", "created_utc": 1392134041.0, "distinguished": null, "edited": false, "id": "cfclolo", "is_submitter": false, "link_id": "t3_1xluuv", "parent_id": "t1_cfclm2v", "permalink": "/r/Frozen/comments/1xluuv/elsa_realises_she_left_marshmallow_on_the_north/cfclolo/", "score": 10, "stickied": false, "subreddit_id": "t5_2vpth", "author_name": "SmokerJokerToker", "author_id": "9kn8p", "subreddit_name": "frozen"}]