{"clicked": false, "created_utc": 1392120169.0, "distinguished": null, "edited": false, "id": "1xluuv", "is_video": false, "locked": false, "num_comments": 10, "over_18": false, "permalink": "/r/Frozen/comments/1xluuv/elsa_realises_she_left_marshmallow_on_the_north/", "score": 498, "selftext": "", "stickied": false, "subreddit_id": "t5_2vpth", "title": "Elsa realises she left Marshmallow on the North Mountain.", "url": "http://img.pandawhale.com/101924-Elsa-fuck-gif-Disney-Frozen-Im-7tzP.gif", "author_name": null, "author_id": null, "subreddit_name": "frozen", "upvote_ratio": 0.98}