[{"body": "Thanks! I can hear the [\"Hoo Hoo!\"](http://imgur.com/a/YWcjX#19)", "created_utc": 1391104290.0, "distinguished": null, "edited": false, "id": "cf2u8eq", "is_submitter": false, "link_id": "t3_1wkks2", "parent_id": "t3_1wkks2", "permalink": "/r/Frozen/comments/1wkks2/i_grabbed_some_more_screenshots_for_wallpapers/cf2u8eq/", "score": 14, "stickied": false, "subreddit_id": "t5_2vpth", "author_name": "Soyyos", "author_id": "amrp0", "subreddit_name": "frozen"}, {"body": "Awesome screenshots! I can't wait for Digital HD and Blu-ray to come out, then all these screenshots will look even better.", "created_utc": 1391107582.0, "distinguished": null, "edited": false, "id": "cf2vvv5", "is_submitter": false, "link_id": "t3_1wkks2", "parent_id": "t3_1wkks2", "permalink": "/r/Frozen/comments/1wkks2/i_grabbed_some_more_screenshots_for_wallpapers/cf2vvv5/", "score": 10, "stickied": false, "subreddit_id": "t5_2vpth", "author_name": "baconbroth", "author_id": "cidv2", "subreddit_name": "frozen"}, {"body": "Great stuff. Thanks for the screens.\n\nMy favourite of the bunch has to be [this](http://imgur.com/a/YWcjX#47)\n\n\n[This one](http://i.imgur.com/7sKW9eq.png) reminds me of a particular fan story.", "created_utc": 1391105527.0, "distinguished": null, "edited": false, "id": "cf2uubk", "is_submitter": false, "link_id": "t3_1wkks2", "parent_id": "t3_1wkks2", "permalink": "/r/Frozen/comments/1wkks2/i_grabbed_some_more_screenshots_for_wallpapers/cf2uubk/", "score": 6, "stickied": false, "subreddit_id": "t5_2vpth", "author_name": "loopuleasa", "author_id": "4josc", "subreddit_name": "frozen"}, {"body": "Many thanks, finally some good pictures for my smartphone lockscreen and background ;)", "created_utc": 1391110192.0, "distinguished": null, "edited": false, "id": "cf2x70e", "is_submitter": false, "link_id": "t3_1wkks2", "parent_id": "t3_1wkks2", "permalink": "/r/Frozen/comments/1wkks2/i_grabbed_some_more_screenshots_for_wallpapers/cf2x70e/", "score": 3, "stickied": false, "subreddit_id": "t5_2vpth", "author_name": "Or4ngeSt4r", "author_id": "d2ihs", "subreddit_name": "frozen"}, {"body": "Can anyone link to wallpapers of the landscapes (ie Arendelle)", "created_utc": 1391115180.0, "distinguished": null, "edited": false, "id": "cf2zqfh", "is_submitter": false, "link_id": "t3_1wkks2", "parent_id": "t3_1wkks2", "permalink": "/r/Frozen/comments/1wkks2/i_grabbed_some_more_screenshots_for_wallpapers/cf2zqfh/", "score": 3, "stickied": false, "subreddit_id": "t5_2vpth", "author_name": "PenguinPwnge", "author_id": "5jlkp", "subreddit_name": "frozen"}, {"body": "Awesome! Love the one with Elsa's coronation dress and new hair :)", "created_utc": 1391115347.0, "distinguished": null, "edited": false, "id": "cf2ztpa", "is_submitter": false, "link_id": "t3_1wkks2", "parent_id": "t3_1wkks2", "permalink": "/r/Frozen/comments/1wkks2/i_grabbed_some_more_screenshots_for_wallpapers/cf2ztpa/", "score": 2, "stickied": false, "subreddit_id": "t5_2vpth", "author_name": "onewiththewindandsky", "author_id": "et37a", "subreddit_name": "frozen"}, {"body": "I seem to remember there being a wallpaper which was a top down shot of one of the ships in the final blizzard scene. Does anyone have this?", "created_utc": 1391117190.0, "distinguished": null, "edited": false, "id": "cf30sgm", "is_submitter": false, "link_id": "t3_1wkks2", "parent_id": "t3_1wkks2", "permalink": "/r/Frozen/comments/1wkks2/i_grabbed_some_more_screenshots_for_wallpapers/cf30sgm/", "score": 2, "stickied": false, "subreddit_id": "t5_2vpth", "author_name": "Arteza147", "author_id": "a3f6h", "subreddit_name": "frozen"}, {"body": "[Who's the funky lookin' donkey over there?](http://i.imgur.com/Sy0RcsW.png)", "created_utc": 1391168621.0, "distinguished": null, "edited": false, "id": "cf3ipka", "is_submitter": false, "link_id": "t3_1wkks2", "parent_id": "t3_1wkks2", "permalink": "/r/Frozen/comments/1wkks2/i_grabbed_some_more_screenshots_for_wallpapers/cf3ipka/", "score": 2, "stickied": false, "subreddit_id": "t5_2vpth", "author_name": "Copper_Tango", "author_id": "bjbdt", "subreddit_name": "frozen"}, {"body": "Just so I'm aware, there is no legal way to acquire a copy of Frozen yet is there? or am I just way behind the curve somehow?", "created_utc": 1392726803.0, "distinguished": null, "edited": false, "id": "cfi9do5", "is_submitter": false, "link_id": "t3_1wkks2", "parent_id": "t3_1wkks2", "permalink": "/r/Frozen/comments/1wkks2/i_grabbed_some_more_screenshots_for_wallpapers/cfi9do5/", "score": 1, "stickied": false, "subreddit_id": "t5_2vpth", "author_name": null, "author_id": null, "subreddit_name": "frozen"}, {"body": "\"Big summer blow-out, Yah?\"", "created_utc": 1391105479.0, "distinguished": null, "edited": false, "id": "cf2utj5", "is_submitter": false, "link_id": "t3_1wkks2", "parent_id": "t1_cf2u8eq", "permalink": "/r/Frozen/comments/1wkks2/i_grabbed_some_more_screenshots_for_wallpapers/cf2utj5/", "score": 10, "stickied": false, "subreddit_id": "t5_2vpth", "author_name": "loopuleasa", "author_id": "4josc", "subreddit_name": "frozen"}, {"body": "Sly way of asking for more screen shots my man.", "created_utc": 1391160444.0, "distinguished": null, "edited": false, "id": "cf3hh93", "is_submitter": false, "link_id": "t3_1wkks2", "parent_id": "t1_cf2vvv5", "permalink": "/r/Frozen/comments/1wkks2/i_grabbed_some_more_screenshots_for_wallpapers/cf3hh93/", "score": 1, "stickied": false, "subreddit_id": "t5_2vpth", "author_name": null, "author_id": null, "subreddit_name": "frozen"}, {"body": "You should link me to the fan story. I really like that picture, and I just made a [magic](http://www.reddit.com/r/magictcg) playmat out of [it](http://i.imgur.com/JV3zeh8.jpg).", "created_utc": 1391108785.0, "distinguished": null, "edited": false, "id": "cf2whdl", "is_submitter": true, "link_id": "t3_1wkks2", "parent_id": "t1_cf2uubk", "permalink": "/r/Frozen/comments/1wkks2/i_grabbed_some_more_screenshots_for_wallpapers/cf2whdl/", "score": 3, "stickied": false, "subreddit_id": "t5_2vpth", "author_name": "MrMannWood", "author_id": "521ui", "subreddit_name": "frozen"}, {"body": "These are two from the Disney website. [Summer](http://movies.disney.com/frozen/downloads-desktop.html?section=wallpapers&id=summer-arendelle&sub=standard) [Frozen](http://movies.disney.com/frozen/downloads-desktop.html?section=wallpapers&id=winter-arendelle&sub=standard)", "created_utc": 1391124492.0, "distinguished": null, "edited": false, "id": "cf34ij8", "is_submitter": false, "link_id": "t3_1wkks2", "parent_id": "t1_cf2zqfh", "permalink": "/r/Frozen/comments/1wkks2/i_grabbed_some_more_screenshots_for_wallpapers/cf34ij8/", "score": 3, "stickied": false, "subreddit_id": "t5_2vpth", "author_name": "k4ora", "author_id": "d49ig", "subreddit_name": "frozen"}, {"body": "[You got me](http://2.bp.blogspot.com/--DaZXhG2yvE/Uga1uoMh56I/AAAAAAAAOLw/9g2cj4EZfQs/s1600/you-got-me.gif)", "created_utc": 1391190388.0, "distinguished": null, "edited": false, "id": "cf3pxn6", "is_submitter": false, "link_id": "t3_1wkks2", "parent_id": "t1_cf3hh93", "permalink": "/r/Frozen/comments/1wkks2/i_grabbed_some_more_screenshots_for_wallpapers/cf3pxn6/", "score": 4, "stickied": false, "subreddit_id": "t5_2vpth", "author_name": "baconbroth", "author_id": "cidv2", "subreddit_name": "frozen"}, {"body": "Nah. The story involved Elsa x Anna incest and torture.", "created_utc": 1391111144.0, "distinguished": null, "edited": false, "id": "cf2xo64", "is_submitter": false, "link_id": "t3_1wkks2", "parent_id": "t1_cf2whdl", "permalink": "/r/Frozen/comments/1wkks2/i_grabbed_some_more_screenshots_for_wallpapers/cf2xo64/", "score": 5, "stickied": false, "subreddit_id": "t5_2vpth", "author_name": "loopuleasa", "author_id": "4josc", "subreddit_name": "frozen"}, {"body": "Ah good old frozen fractals? ", "created_utc": 1391111750.0, "distinguished": null, "edited": false, "id": "cf2xz2y", "is_submitter": false, "link_id": "t3_1wkks2", "parent_id": "t1_cf2xo64", "permalink": "/r/Frozen/comments/1wkks2/i_grabbed_some_more_screenshots_for_wallpapers/cf2xz2y/", "score": 8, "stickied": false, "subreddit_id": "t5_2vpth", "author_name": "AcousticBison", "author_id": "9pd3n", "subreddit_name": "frozen"}, {"body": "[deleted]", "created_utc": 1391113091.0, "distinguished": null, "edited": 1391118141.0, "id": "cf2ynjk", "is_submitter": false, "link_id": "t3_1wkks2", "parent_id": "t1_cf2xo64", "permalink": "/r/Frozen/comments/1wkks2/i_grabbed_some_more_screenshots_for_wallpapers/cf2ynjk/", "score": 6, "stickied": false, "subreddit_id": "t5_2vpth", "author_name": null, "author_id": null, "subreddit_name": "frozen"}, {"body": "Good call, might not want to post that here.", "created_utc": 1391111360.0, "distinguished": null, "edited": false, "id": "cf2xs4f", "is_submitter": true, "link_id": "t3_1wkks2", "parent_id": "t1_cf2xo64", "permalink": "/r/Frozen/comments/1wkks2/i_grabbed_some_more_screenshots_for_wallpapers/cf2xs4f/", "score": 2, "stickied": false, "subreddit_id": "t5_2vpth", "author_name": "MrMannWood", "author_id": "521ui", "subreddit_name": "frozen"}, {"body": "Maybeh", "created_utc": 1391113381.0, "distinguished": null, "edited": false, "id": "cf2ystb", "is_submitter": false, "link_id": "t3_1wkks2", "parent_id": "t1_cf2xz2y", "permalink": "/r/Frozen/comments/1wkks2/i_grabbed_some_more_screenshots_for_wallpapers/cf2ystb/", "score": 9, "stickied": false, "subreddit_id": "t5_2vpth", "author_name": "loopuleasa", "author_id": "4josc", "subreddit_name": "frozen"}, {"body": "Oh gods what have I done...\n\n:p", "created_utc": 1391117228.0, "distinguished": null, "edited": false, "id": "cf30t6i", "is_submitter": false, "link_id": "t3_1wkks2", "parent_id": "t1_cf2ynjk", "permalink": "/r/Frozen/comments/1wkks2/i_grabbed_some_more_screenshots_for_wallpapers/cf30t6i/", "score": 5, "stickied": false, "subreddit_id": "t5_2vpth", "author_name": "hooahguy", "author_id": "6201t", "subreddit_name": "frozen"}, {"body": "You have no secrets here. ", "created_utc": 1391114379.0, "distinguished": null, "edited": false, "id": "cf2zba6", "is_submitter": false, "link_id": "t3_1wkks2", "parent_id": "t1_cf2ystb", "permalink": "/r/Frozen/comments/1wkks2/i_grabbed_some_more_screenshots_for_wallpapers/cf2zba6/", "score": 7, "stickied": false, "subreddit_id": "t5_2vpth", "author_name": "AcousticBison", "author_id": "9pd3n", "subreddit_name": "frozen"}, {"body": "YOU HAVE NO POWER HERE, /u/loopuleasa THE GREY.", "created_utc": 1391117926.0, "distinguished": null, "edited": false, "id": "cf31740", "is_submitter": false, "link_id": "t3_1wkks2", "parent_id": "t1_cf2zba6", "permalink": "/r/Frozen/comments/1wkks2/i_grabbed_some_more_screenshots_for_wallpapers/cf31740/", "score": 3, "stickied": false, "subreddit_id": "t5_2vpth", "author_name": "Nagasuma", "author_id": "88hrc", "subreddit_name": "frozen"}]