{"clicked": false, "created_utc": 1391103784.0, "distinguished": null, "edited": false, "id": "1wkks2", "is_video": false, "locked": false, "num_comments": 21, "over_18": false, "permalink": "/r/Frozen/comments/1wkks2/i_grabbed_some_more_screenshots_for_wallpapers/", "score": 134, "selftext": "", "stickied": false, "subreddit_id": "t5_2vpth", "title": "I grabbed some more screenshots for wallpapers", "url": "http://imgur.com/a/YWcjX", "author_name": "MrMannWood", "author_id": "521ui", "subreddit_name": "frozen", "upvote_ratio": 0.99}