[{"body": "Most accurate I've seen as of yet.", "created_utc": 1390246370.0, "distinguished": null, "edited": false, "id": "ceuemeu", "is_submitter": false, "link_id": "t3_1vno4b", "parent_id": "t3_1vno4b", "permalink": "/r/Frozen/comments/1vno4b/sketch_of_elsa_xpost_rdisney/ceuemeu/", "score": 7, "stickied": false, "subreddit_id": "t5_2vpth", "author_name": null, "author_id": null, "subreddit_name": "frozen"}, {"body": "This is absolutely amazing. I'd love to see one of Anna next.", "created_utc": 1390233364.0, "distinguished": null, "edited": false, "id": "ceu8q37", "is_submitter": false, "link_id": "t3_1vno4b", "parent_id": "t3_1vno4b", "permalink": "/r/Frozen/comments/1vno4b/sketch_of_elsa_xpost_rdisney/ceu8q37/", "score": 5, "stickied": false, "subreddit_id": "t5_2vpth", "author_name": "nykentaro", "author_id": "9g8ia", "subreddit_name": "frozen"}, {"body": "\"sketch\"", "created_utc": 1390257030.0, "distinguished": null, "edited": false, "id": "ceujoqd", "is_submitter": false, "link_id": "t3_1vno4b", "parent_id": "t3_1vno4b", "permalink": "/r/Frozen/comments/1vno4b/sketch_of_elsa_xpost_rdisney/ceujoqd/", "score": 6, "stickied": false, "subreddit_id": "t5_2vpth", "author_name": null, "author_id": null, "subreddit_name": "frozen"}, {"body": "[Original Post](http://www.reddit.com/r/disney/comments/1vmtyx/my_sister_is_a_pretty_talented_artist_thought_you/)", "created_utc": 1390203417.0, "distinguished": null, "edited": false, "id": "ceu294e", "is_submitter": true, "link_id": "t3_1vno4b", "parent_id": "t3_1vno4b", "permalink": "/r/Frozen/comments/1vno4b/sketch_of_elsa_xpost_rdisney/ceu294e/", "score": 3, "stickied": false, "subreddit_id": "t5_2vpth", "author_name": "k4ora", "author_id": "d49ig", "subreddit_name": "frozen"}]