{"clicked": false, "created_utc": 1390203401.0, "distinguished": null, "edited": false, "id": "1vno4b", "is_video": false, "locked": false, "num_comments": 4, "over_18": false, "permalink": "/r/Frozen/comments/1vno4b/sketch_of_elsa_xpost_rdisney/", "score": 200, "selftext": "", "stickied": false, "subreddit_id": "t5_2vpth", "title": "Sketch of Elsa [x-post r/disney]", "url": "http://i.imgur.com/g5RWIT9.jpg", "author_name": "k4ora", "author_id": "d49ig", "subreddit_name": "frozen", "upvote_ratio": 0.98}