[{"body": "[deleted]", "created_utc": 1391664943.0, "distinguished": null, "edited": false, "id": "cf8bttq", "is_submitter": false, "link_id": "t3_1x57f2", "parent_id": "t3_1x57f2", "permalink": "/r/Frozen/comments/1x57f2/so_you_wanted_to_see_elsa_with_her_hair_down/cf8bttq/", "score": 7, "stickied": false, "subreddit_id": "t5_2vpth", "author_name": null, "author_id": null, "subreddit_name": "frozen"}, {"body": "Source or OC?  Either way it's amazing.", "created_utc": 1391655598.0, "distinguished": null, "edited": false, "id": "cf87ydd", "is_submitter": false, "link_id": "t3_1x57f2", "parent_id": "t3_1x57f2", "permalink": "/r/Frozen/comments/1x57f2/so_you_wanted_to_see_elsa_with_her_hair_down/cf87ydd/", "score": 10, "stickied": false, "subreddit_id": "t5_2vpth", "author_name": "shmameron", "author_id": "9h46k", "subreddit_name": "frozen"}, {"body": "Nicely drawn!", "created_utc": 1391703812.0, "distinguished": null, "edited": false, "id": "cf8l5la", "is_submitter": false, "link_id": "t3_1x57f2", "parent_id": "t3_1x57f2", "permalink": "/r/Frozen/comments/1x57f2/so_you_wanted_to_see_elsa_with_her_hair_down/cf8l5la/", "score": 3, "stickied": false, "subreddit_id": "t5_2vpth", "author_name": "Tyranid457", "author_id": "6z08b", "subreddit_name": "frozen"}, {"body": "Yes, yes I did! ", "created_utc": 1391657206.0, "distinguished": null, "edited": false, "id": "cf88o20", "is_submitter": false, "link_id": "t3_1x57f2", "parent_id": "t3_1x57f2", "permalink": "/r/Frozen/comments/1x57f2/so_you_wanted_to_see_elsa_with_her_hair_down/cf88o20/", "score": 5, "stickied": false, "subreddit_id": "t5_2vpth", "author_name": "osxtephen", "author_id": "3selk", "subreddit_name": "frozen"}, {"body": "It's...beautiful", "created_utc": 1391657093.0, "distinguished": null, "edited": false, "id": "cf88m9s", "is_submitter": false, "link_id": "t3_1x57f2", "parent_id": "t3_1x57f2", "permalink": "/r/Frozen/comments/1x57f2/so_you_wanted_to_see_elsa_with_her_hair_down/cf88m9s/", "score": 4, "stickied": false, "subreddit_id": "t5_2vpth", "author_name": "Recidivis", "author_id": "8pkti", "subreddit_name": "frozen"}, {"body": "Oh man, so pretty.", "created_utc": 1391673290.0, "distinguished": null, "edited": false, "id": "cf8e5gn", "is_submitter": false, "link_id": "t3_1x57f2", "parent_id": "t3_1x57f2", "permalink": "/r/Frozen/comments/1x57f2/so_you_wanted_to_see_elsa_with_her_hair_down/cf8e5gn/", "score": 4, "stickied": false, "subreddit_id": "t5_2vpth", "author_name": "Ckydder", "author_id": "7ykzu", "subreddit_name": "frozen"}, {"body": "This is why this subreddit is so awesome. ", "created_utc": 1391676476.0, "distinguished": null, "edited": false, "id": "cf8er6b", "is_submitter": false, "link_id": "t3_1x57f2", "parent_id": "t3_1x57f2", "permalink": "/r/Frozen/comments/1x57f2/so_you_wanted_to_see_elsa_with_her_hair_down/cf8er6b/", "score": 3, "stickied": false, "subreddit_id": "t5_2vpth", "author_name": "TareXmd", "author_id": "5iplk", "subreddit_name": "frozen"}, {"body": "THAT is masterful right there. Great interpretation!", "created_utc": 1391660651.0, "distinguished": null, "edited": false, "id": "cf8a5ce", "is_submitter": false, "link_id": "t3_1x57f2", "parent_id": "t3_1x57f2", "permalink": "/r/Frozen/comments/1x57f2/so_you_wanted_to_see_elsa_with_her_hair_down/cf8a5ce/", "score": 6, "stickied": false, "subreddit_id": "t5_2vpth", "author_name": "Arlnoff", "author_id": "75aii", "subreddit_name": "frozen"}, {"body": "Shit... I'm in love! <3", "created_utc": 1391750668.0, "distinguished": null, "edited": false, "id": "cf96sld", "is_submitter": false, "link_id": "t3_1x57f2", "parent_id": "t3_1x57f2", "permalink": "/r/Frozen/comments/1x57f2/so_you_wanted_to_see_elsa_with_her_hair_down/cf96sld/", "score": 2, "stickied": false, "subreddit_id": "t5_2vpth", "author_name": null, "author_id": null, "subreddit_name": "frozen"}, {"body": "Beautiful :)", "created_utc": 1391674718.0, "distinguished": null, "edited": false, "id": "cf8efp3", "is_submitter": false, "link_id": "t3_1x57f2", "parent_id": "t3_1x57f2", "permalink": "/r/Frozen/comments/1x57f2/so_you_wanted_to_see_elsa_with_her_hair_down/cf8efp3/", "score": 3, "stickied": false, "subreddit_id": "t5_2vpth", "author_name": "alkalineb", "author_id": "3mcat", "subreddit_name": "frozen"}, {"body": "[Asami Sato?](http://static1.fjcdn.com/comments/THE+NAME+S+ASAMI+++SATO+UP+IN+THIS+BITCH+_b927442b2ab95648202d55193b694e1e.png)", "created_utc": 1391683384.0, "distinguished": null, "edited": false, "id": "cf8ftfc", "is_submitter": false, "link_id": "t3_1x57f2", "parent_id": "t3_1x57f2", "permalink": "/r/Frozen/comments/1x57f2/so_you_wanted_to_see_elsa_with_her_hair_down/cf8ftfc/", "score": 2, "stickied": false, "subreddit_id": "t5_2vpth", "author_name": "AimlessVanity", "author_id": "botzl", "subreddit_name": "frozen"}, {"body": "I know but if you look at the concept art, it is a mullet. :P", "created_utc": 1391709116.0, "distinguished": null, "edited": false, "id": "cf8nnb2", "is_submitter": false, "link_id": "t3_1x57f2", "parent_id": "t1_cf8bttq", "permalink": "/r/Frozen/comments/1x57f2/so_you_wanted_to_see_elsa_with_her_hair_down/cf8nnb2/", "score": 2, "stickied": false, "subreddit_id": "t5_2vpth", "author_name": "Darkside_Hero", "author_id": "6wquo", "subreddit_name": "frozen"}, {"body": "Oops, my b. [This](http://mjmc.ivyro.net/kimag_1/index.php?num=67) is where I got it, but I'm not too sure if that's the actual *source* source.", "created_utc": 1391657641.0, "distinguished": null, "edited": false, "id": "cf88uww", "is_submitter": true, "link_id": "t3_1x57f2", "parent_id": "t1_cf87ydd", "permalink": "/r/Frozen/comments/1x57f2/so_you_wanted_to_see_elsa_with_her_hair_down/cf88uww/", "score": 15, "stickied": false, "subreddit_id": "t5_2vpth", "author_name": "JiForce", "author_id": "5fwj2", "subreddit_name": "frozen"}, {"body": "[I was able to track down the source to this](http://twitpic.com/dts4eu).", "created_utc": 1391659511.0, "distinguished": null, "edited": false, "id": "cf89nwk", "is_submitter": false, "link_id": "t3_1x57f2", "parent_id": "t1_cf88uww", "permalink": "/r/Frozen/comments/1x57f2/so_you_wanted_to_see_elsa_with_her_hair_down/cf89nwk/", "score": 13, "stickied": false, "subreddit_id": "t5_2vpth", "author_name": "Eren_Jeager", "author_id": "db1dv", "subreddit_name": "frozen"}, {"body": "All hail the source finding master! \n\nEdit: Wait, how in the world did you pull that off? I couldn't think of any leads on how I'd find that source besides like, reverse image searching. ", "created_utc": 1391659948.0, "distinguished": null, "edited": 1391661063.0, "id": "cf89ujm", "is_submitter": true, "link_id": "t3_1x57f2", "parent_id": "t1_cf89nwk", "permalink": "/r/Frozen/comments/1x57f2/so_you_wanted_to_see_elsa_with_her_hair_down/cf89ujm/", "score": 6, "stickied": false, "subreddit_id": "t5_2vpth", "author_name": "JiForce", "author_id": "5fwj2", "subreddit_name": "frozen"}, {"body": "He smells sources like a blood hound smells blood. ", "created_utc": 1391662866.0, "distinguished": null, "edited": false, "id": "cf8b1xj", "is_submitter": false, "link_id": "t3_1x57f2", "parent_id": "t1_cf89ujm", "permalink": "/r/Frozen/comments/1x57f2/so_you_wanted_to_see_elsa_with_her_hair_down/cf8b1xj/", "score": 6, "stickied": false, "subreddit_id": "t5_2vpth", "author_name": "simien05", "author_id": "d9qj1", "subreddit_name": "frozen"}, {"body": "Google Images found tumblrs it had been posted to, the tumblr I found it in linked to the first tumblr post, and that post linked to the source.", "created_utc": 1391687731.0, "distinguished": null, "edited": false, "id": "cf8ggm0", "is_submitter": false, "link_id": "t3_1x57f2", "parent_id": "t1_cf89ujm", "permalink": "/r/Frozen/comments/1x57f2/so_you_wanted_to_see_elsa_with_her_hair_down/cf8ggm0/", "score": 6, "stickied": false, "subreddit_id": "t5_2vpth", "author_name": "Eren_Jeager", "author_id": "db1dv", "subreddit_name": "frozen"}, {"body": "He traces the titans", "created_utc": 1391669219.0, "distinguished": null, "edited": false, "id": "cf8d6cs", "is_submitter": false, "link_id": "t3_1x57f2", "parent_id": "t1_cf89ujm", "permalink": "/r/Frozen/comments/1x57f2/so_you_wanted_to_see_elsa_with_her_hair_down/cf8d6cs/", "score": 3, "stickied": false, "subreddit_id": "t5_2vpth", "author_name": "IamVAcer", "author_id": "d3tyl", "subreddit_name": "frozen"}, {"body": "I think it's the same guy.. same kimag_1 in the URLs", "created_utc": 1391682520.0, "distinguished": null, "edited": false, "id": "cf8fp07", "is_submitter": false, "link_id": "t3_1x57f2", "parent_id": "t1_cf89ujm", "permalink": "/r/Frozen/comments/1x57f2/so_you_wanted_to_see_elsa_with_her_hair_down/cf8fp07/", "score": 3, "stickied": false, "subreddit_id": "t5_2vpth", "author_name": "damocles2501", "author_id": "d3wqx", "subreddit_name": "frozen"}, {"body": "Oh man, I thought that was just something in Korean in the URL, not actually the username. I guess my ignorance is showing. =(", "created_utc": 1391682653.0, "distinguished": null, "edited": false, "id": "cf8fpon", "is_submitter": true, "link_id": "t3_1x57f2", "parent_id": "t1_cf8fp07", "permalink": "/r/Frozen/comments/1x57f2/so_you_wanted_to_see_elsa_with_her_hair_down/cf8fpon/", "score": 2, "stickied": false, "subreddit_id": "t5_2vpth", "author_name": "JiForce", "author_id": "5fwj2", "subreddit_name": "frozen"}, {"body": "merh, don't worry too much.  I know that Kim is a common Korean name, and the art style is consistent on your link.  \n\nI actually saw this pic on tumblr last week. For me it was in reverse, I saw the twitpic one first and tracked it down to that korean image board thing.", "created_utc": 1391682934.0, "distinguished": null, "edited": false, "id": "cf8fr5k", "is_submitter": false, "link_id": "t3_1x57f2", "parent_id": "t1_cf8fpon", "permalink": "/r/Frozen/comments/1x57f2/so_you_wanted_to_see_elsa_with_her_hair_down/cf8fr5k/", "score": 3, "stickied": false, "subreddit_id": "t5_2vpth", "author_name": "damocles2501", "author_id": "d3wqx", "subreddit_name": "frozen"}]