{"clicked": false, "created_utc": 1391654527.0, "distinguished": null, "edited": false, "id": "1x57f2", "is_video": false, "locked": false, "num_comments": 20, "over_18": false, "permalink": "/r/Frozen/comments/1x57f2/so_you_wanted_to_see_elsa_with_her_hair_down/", "score": 261, "selftext": "", "stickied": false, "subreddit_id": "t5_2vpth", "title": "So you wanted to see Elsa with her hair down?", "url": "http://imgur.com/wwPUKyB", "author_name": "JiForce", "author_id": "5fwj2", "subreddit_name": "frozen", "upvote_ratio": 0.97}