[{"body": "*looks at pencil*\n\nI give up", "created_utc": 1393611257.0, "distinguished": null, "edited": false, "id": "cfr372t", "is_submitter": false, "link_id": "t3_1z6t47", "parent_id": "t3_1z6t47", "permalink": "/r/Frozen/comments/1z6t47/can_you_believe_this_is_actually_a_drawing_of/cfr372t/", "score": 65, "stickied": false, "subreddit_id": "t5_2vpth", "author_name": "Zephusa", "author_id": "cq16a", "subreddit_name": "frozen"}, {"body": "[My god...] (http://i.imgur.com/hoZ4Ex9.jpg)", "created_utc": 1393619288.0, "distinguished": null, "edited": false, "id": "cfr733s", "is_submitter": false, "link_id": "t3_1z6t47", "parent_id": "t3_1z6t47", "permalink": "/r/Frozen/comments/1z6t47/can_you_believe_this_is_actually_a_drawing_of/cfr733s/", "score": 45, "stickied": false, "subreddit_id": "t5_2vpth", "author_name": "Recidivis", "author_id": "8pkti", "subreddit_name": "frozen"}, {"body": "[My initial reaction](http://i.imgur.com/uWqtHYC.gif) ", "created_utc": 1393616040.0, "distinguished": null, "edited": false, "id": "cfr5iyn", "is_submitter": false, "link_id": "t3_1z6t47", "parent_id": "t3_1z6t47", "permalink": "/r/Frozen/comments/1z6t47/can_you_believe_this_is_actually_a_drawing_of/cfr5iyn/", "score": 37, "stickied": false, "subreddit_id": "t5_2vpth", "author_name": "Bike_stole_my_nigga", "author_id": "7xpbm", "subreddit_name": "frozen"}, {"body": "I couldn't believe it so I googled it up(which was totally unnecessary). I was certain that it was a photomanipulation of some sort.\n\nI was wrong. [Here is an image of the different layers or a step by step or something](https://scontent-a-ord.xx.fbcdn.net/hphotos-ash3/t1/1926841_604410012982274_1882986005_n.jpg).\n\n and[ here is the artists facebook](https://www.facebook.com/jkaze0) since OP kindly gave us the DA of the artist.", "created_utc": 1393626588.0, "distinguished": null, "edited": false, "id": "cfragdt", "is_submitter": false, "link_id": "t3_1z6t47", "parent_id": "t3_1z6t47", "permalink": "/r/Frozen/comments/1z6t47/can_you_believe_this_is_actually_a_drawing_of/cfragdt/", "score": 18, "stickied": false, "subreddit_id": "t5_2vpth", "author_name": null, "author_id": null, "subreddit_name": "frozen"}, {"body": "She's so gorgeous omg", "created_utc": 1393607655.0, "distinguished": null, "edited": false, "id": "cfr1ioa", "is_submitter": false, "link_id": "t3_1z6t47", "parent_id": "t3_1z6t47", "permalink": "/r/Frozen/comments/1z6t47/can_you_believe_this_is_actually_a_drawing_of/cfr1ioa/", "score": 22, "stickied": false, "subreddit_id": "t5_2vpth", "author_name": "Eriflee", "author_id": "8n6qs", "subreddit_name": "frozen"}, {"body": "how..? I.. \n\nnot... can't \n\n....how? ... I'm really confused right now.. \n\n*drooling over my keyboard..", "created_utc": 1393608610.0, "distinguished": null, "edited": false, "id": "cfr1yoh", "is_submitter": false, "link_id": "t3_1z6t47", "parent_id": "t3_1z6t47", "permalink": "/r/Frozen/comments/1z6t47/can_you_believe_this_is_actually_a_drawing_of/cfr1yoh/", "score": 9, "stickied": false, "subreddit_id": "t5_2vpth", "author_name": "simien05", "author_id": "d9qj1", "subreddit_name": "frozen"}, {"body": "Kinda looks like if you mixed Elsa with Natalie Dormer. \n\nWhich isnt a bad thing at all. ", "created_utc": 1393615597.0, "distinguished": null, "edited": false, "id": "cfr5b9i", "is_submitter": false, "link_id": "t3_1z6t47", "parent_id": "t3_1z6t47", "permalink": "/r/Frozen/comments/1z6t47/can_you_believe_this_is_actually_a_drawing_of/cfr5b9i/", "score": 9, "stickied": false, "subreddit_id": "t5_2vpth", "author_name": "hooahguy", "author_id": "6201t", "subreddit_name": "frozen"}, {"body": "WHY CAN'T THIS BE A REAL PERSON DAMMIT? T_T", "created_utc": 1393615556.0, "distinguished": null, "edited": false, "id": "cfr5ai3", "is_submitter": false, "link_id": "t3_1z6t47", "parent_id": "t3_1z6t47", "permalink": "/r/Frozen/comments/1z6t47/can_you_believe_this_is_actually_a_drawing_of/cfr5ai3/", "score": 11, "stickied": false, "subreddit_id": "t5_2vpth", "author_name": "AdultSupervision", "author_id": "ej121", "subreddit_name": "frozen"}, {"body": "I admit to being turned on slightly during \"Let It Go\" when Elsa let her hair down. \n\nNow this isn't based off a real person?\n\nLife isn't fair. ", "created_utc": 1393634955.0, "distinguished": null, "edited": false, "id": "cfrdtku", "is_submitter": false, "link_id": "t3_1z6t47", "parent_id": "t3_1z6t47", "permalink": "/r/Frozen/comments/1z6t47/can_you_believe_this_is_actually_a_drawing_of/cfrdtku/", "score": 6, "stickied": false, "subreddit_id": "t5_2vpth", "author_name": "Gladness2Sadness", "author_id": "b84k6", "subreddit_name": "frozen"}, {"body": "Wow.", "created_utc": 1393606274.0, "distinguished": null, "edited": false, "id": "cfr0vqy", "is_submitter": false, "link_id": "t3_1z6t47", "parent_id": "t3_1z6t47", "permalink": "/r/Frozen/comments/1z6t47/can_you_believe_this_is_actually_a_drawing_of/cfr0vqy/", "score": 3, "stickied": false, "subreddit_id": "t5_2vpth", "author_name": "Tyranid457", "author_id": "6z08b", "subreddit_name": "frozen"}, {"body": "[deleted]", "created_utc": 1393618670.0, "distinguished": null, "edited": false, "id": "cfr6smi", "is_submitter": false, "link_id": "t3_1z6t47", "parent_id": "t3_1z6t47", "permalink": "/r/Frozen/comments/1z6t47/can_you_believe_this_is_actually_a_drawing_of/cfr6smi/", "score": 4, "stickied": false, "subreddit_id": "t5_2vpth", "author_name": null, "author_id": null, "subreddit_name": "frozen"}, {"body": "I don't think I've ever seen someone with that kind of nose before. \n\nThat said, looks good. Really good. ", "created_utc": 1393617251.0, "distinguished": null, "edited": false, "id": "cfr641j", "is_submitter": false, "link_id": "t3_1z6t47", "parent_id": "t3_1z6t47", "permalink": "/r/Frozen/comments/1z6t47/can_you_believe_this_is_actually_a_drawing_of/cfr641j/", "score": 2, "stickied": false, "subreddit_id": "t5_2vpth", "author_name": "HateYouLoveBooks", "author_id": "eptba", "subreddit_name": "frozen"}, {"body": "That's not a drawing... No it's not.\n\n^please ^no ^^no ^^^no", "created_utc": 1393632539.0, "distinguished": null, "edited": false, "id": "cfrcw7u", "is_submitter": false, "link_id": "t3_1z6t47", "parent_id": "t3_1z6t47", "permalink": "/r/Frozen/comments/1z6t47/can_you_believe_this_is_actually_a_drawing_of/cfrcw7u/", "score": 2, "stickied": false, "subreddit_id": "t5_2vpth", "author_name": "damocles2501", "author_id": "d3wqx", "subreddit_name": "frozen"}, {"body": "To be quite honest, I still find cartoon Elsa a lot more attractive. No idea why. Every once in a while I'll find a cartoon character more attractive than their real life counterpart. The last time this happen was in Enchanted. Cartoon Giselle was a cutie. Real life? Not so much.", "created_utc": 1393655711.0, "distinguished": null, "edited": false, "id": "cfrksfa", "is_submitter": false, "link_id": "t3_1z6t47", "parent_id": "t3_1z6t47", "permalink": "/r/Frozen/comments/1z6t47/can_you_believe_this_is_actually_a_drawing_of/cfrksfa/", "score": 2, "stickied": false, "subreddit_id": "t5_2vpth", "author_name": "fratticus_maximus", "author_id": "807uj", "subreddit_name": "frozen"}, {"body": "well today i learned what she would look like as a real person, and DAMN", "created_utc": 1393613907.0, "distinguished": null, "edited": false, "id": "cfr4h6e", "is_submitter": false, "link_id": "t3_1z6t47", "parent_id": "t3_1z6t47", "permalink": "/r/Frozen/comments/1z6t47/can_you_believe_this_is_actually_a_drawing_of/cfr4h6e/", "score": 6, "stickied": false, "subreddit_id": "t5_2vpth", "author_name": "UpvoteBecauseIcan", "author_id": "bpim5", "subreddit_name": "frozen"}, {"body": "Wow, that is seriously amazing. Other author's works are great too. His shading technique is seriously impressive.", "created_utc": 1393605238.0, "distinguished": null, "edited": false, "id": "cfr0exm", "is_submitter": false, "link_id": "t3_1z6t47", "parent_id": "t3_1z6t47", "permalink": "/r/Frozen/comments/1z6t47/can_you_believe_this_is_actually_a_drawing_of/cfr0exm/", "score": 3, "stickied": false, "subreddit_id": "t5_2vpth", "author_name": "Portgas", "author_id": "7kc75", "subreddit_name": "frozen"}, {"body": "Wow", "created_utc": 1393612226.0, "distinguished": null, "edited": false, "id": "cfr3nr7", "is_submitter": false, "link_id": "t3_1z6t47", "parent_id": "t3_1z6t47", "permalink": "/r/Frozen/comments/1z6t47/can_you_believe_this_is_actually_a_drawing_of/cfr3nr7/", "score": 2, "stickied": false, "subreddit_id": "t5_2vpth", "author_name": "IamVAcer", "author_id": "d3tyl", "subreddit_name": "frozen"}, {"body": "Is this the real life?\nIs this just fantasy?", "created_utc": 1393623079.0, "distinguished": null, "edited": false, "id": "cfr8vc4", "is_submitter": false, "link_id": "t3_1z6t47", "parent_id": "t3_1z6t47", "permalink": "/r/Frozen/comments/1z6t47/can_you_believe_this_is_actually_a_drawing_of/cfr8vc4/", "score": 2, "stickied": false, "subreddit_id": "t5_2vpth", "author_name": "Guild_Navigator", "author_id": "6v5xw", "subreddit_name": "frozen"}, {"body": "it's a combination of hand drawn and 3d art.", "created_utc": 1393640596.0, "distinguished": null, "edited": false, "id": "cfrfw2j", "is_submitter": false, "link_id": "t3_1z6t47", "parent_id": "t3_1z6t47", "permalink": "/r/Frozen/comments/1z6t47/can_you_believe_this_is_actually_a_drawing_of/cfrfw2j/", "score": 1, "stickied": false, "subreddit_id": "t5_2vpth", "author_name": "Darkside_Hero", "author_id": "6wquo", "subreddit_name": "frozen"}, {"body": "Dat nose.", "created_utc": 1393644005.0, "distinguished": null, "edited": false, "id": "cfrh3i3", "is_submitter": false, "link_id": "t3_1z6t47", "parent_id": "t3_1z6t47", "permalink": "/r/Frozen/comments/1z6t47/can_you_believe_this_is_actually_a_drawing_of/cfrh3i3/", "score": 1, "stickied": false, "subreddit_id": "t5_2vpth", "author_name": "phychoticsilence", "author_id": "8ct5l", "subreddit_name": "frozen"}, {"body": "I can't even begin to describe how captivating this image is to me. I just sit and stare.", "created_utc": 1393645468.0, "distinguished": null, "edited": false, "id": "cfrhme5", "is_submitter": false, "link_id": "t3_1z6t47", "parent_id": "t3_1z6t47", "permalink": "/r/Frozen/comments/1z6t47/can_you_believe_this_is_actually_a_drawing_of/cfrhme5/", "score": 1, "stickied": false, "subreddit_id": "t5_2vpth", "author_name": null, "author_id": null, "subreddit_name": "frozen"}, {"body": "Couldn't quite put my finger on it for the longest time, but then I realized it reminded me of Daenerys from GoT!", "created_utc": 1393647199.0, "distinguished": null, "edited": false, "id": "cfri8pb", "is_submitter": false, "link_id": "t3_1z6t47", "parent_id": "t3_1z6t47", "permalink": "/r/Frozen/comments/1z6t47/can_you_believe_this_is_actually_a_drawing_of/cfri8pb/", "score": 1, "stickied": false, "subreddit_id": "t5_2vpth", "author_name": "Chimon", "author_id": "640oy", "subreddit_name": "frozen"}, {"body": "Absolutely amazing!", "created_utc": 1393702452.0, "distinguished": null, "edited": false, "id": "cfrvvl5", "is_submitter": false, "link_id": "t3_1z6t47", "parent_id": "t3_1z6t47", "permalink": "/r/Frozen/comments/1z6t47/can_you_believe_this_is_actually_a_drawing_of/cfrvvl5/", "score": 1, "stickied": false, "subreddit_id": "t5_2vpth", "author_name": null, "author_id": null, "subreddit_name": "frozen"}, {"body": "You know what would hurt more? \n\nWhen the artist follows up with: \"Was only practicing drawing Elsa, lol. This is such an ugly drawing of mine!!\"\n\nOh the unconscious belittlement of people who only know how to draw stick men!!", "created_utc": 1393614446.0, "distinguished": null, "edited": false, "id": "cfr4qol", "is_submitter": true, "link_id": "t3_1z6t47", "parent_id": "t1_cfr372t", "permalink": "/r/Frozen/comments/1z6t47/can_you_believe_this_is_actually_a_drawing_of/cfr4qol/", "score": 42, "stickied": false, "subreddit_id": "t5_2vpth", "author_name": "Rakan-Han", "author_id": "8co91", "subreddit_name": "frozen"}, {"body": "Your flair is perfect for this.", "created_utc": 1393626419.0, "distinguished": null, "edited": false, "id": "cfradq3", "is_submitter": false, "link_id": "t3_1z6t47", "parent_id": "t1_cfr372t", "permalink": "/r/Frozen/comments/1z6t47/can_you_believe_this_is_actually_a_drawing_of/cfradq3/", "score": 6, "stickied": false, "subreddit_id": "t5_2vpth", "author_name": "TheDarthGhost1", "author_id": "f0twq", "subreddit_name": "frozen"}, {"body": ":O", "created_utc": 1393625065.0, "distinguished": null, "edited": false, "id": "cfr9sdr", "is_submitter": false, "link_id": "t3_1z6t47", "parent_id": "t1_cfr733s", "permalink": "/r/Frozen/comments/1z6t47/can_you_believe_this_is_actually_a_drawing_of/cfr9sdr/", "score": 10, "stickied": false, "subreddit_id": "t5_2vpth", "author_name": "Phaulty", "author_id": "5x95b", "subreddit_name": "frozen"}, {"body": "Perfect use of that picture.", "created_utc": 1393625493.0, "distinguished": null, "edited": false, "id": "cfr9yzr", "is_submitter": false, "link_id": "t3_1z6t47", "parent_id": "t1_cfr733s", "permalink": "/r/Frozen/comments/1z6t47/can_you_believe_this_is_actually_a_drawing_of/cfr9yzr/", "score": 4, "stickied": false, "subreddit_id": "t5_2vpth", "author_name": null, "author_id": null, "subreddit_name": "frozen"}, {"body": "[Here's mine.](http://i.imgur.com/hoZ4Ex9.jpg)", "created_utc": 1393626243.0, "distinguished": null, "edited": false, "id": "cfraaun", "is_submitter": false, "link_id": "t3_1z6t47", "parent_id": "t1_cfr5iyn", "permalink": "/r/Frozen/comments/1z6t47/can_you_believe_this_is_actually_a_drawing_of/cfraaun/", "score": 7, "stickied": false, "subreddit_id": "t5_2vpth", "author_name": "at35z", "author_id": "dqhzb", "subreddit_name": "frozen"}, {"body": "I didn't believe it at first either, only I just clicked on the facebook link in the DA art description to view the process shots, haha.", "created_utc": 1393626829.0, "distinguished": null, "edited": false, "id": "cfrak8q", "is_submitter": false, "link_id": "t3_1z6t47", "parent_id": "t1_cfragdt", "permalink": "/r/Frozen/comments/1z6t47/can_you_believe_this_is_actually_a_drawing_of/cfrak8q/", "score": 5, "stickied": false, "subreddit_id": "t5_2vpth", "author_name": "ticklesmyfancy", "author_id": "aftot", "subreddit_name": "frozen"}, {"body": "Thank you for linking that! dA seems to be down at the moment or something, so I couldn't view the picture.", "created_utc": 1393640599.0, "distinguished": null, "edited": false, "id": "cfrfw3s", "is_submitter": false, "link_id": "t3_1z6t47", "parent_id": "t1_cfragdt", "permalink": "/r/Frozen/comments/1z6t47/can_you_believe_this_is_actually_a_drawing_of/cfrfw3s/", "score": 2, "stickied": false, "subreddit_id": "t5_2vpth", "author_name": "pumpkinrum", "author_id": "c28ol", "subreddit_name": "frozen"}, {"body": "yup.. that smirk.. it is soo Natalie Dormer", "created_utc": 1393624505.0, "distinguished": null, "edited": false, "id": "cfr9jcj", "is_submitter": false, "link_id": "t3_1z6t47", "parent_id": "t1_cfr5b9i", "permalink": "/r/Frozen/comments/1z6t47/can_you_believe_this_is_actually_a_drawing_of/cfr9jcj/", "score": 2, "stickied": false, "subreddit_id": "t5_2vpth", "author_name": "simien05", "author_id": "d9qj1", "subreddit_name": "frozen"}, {"body": "Margaery, Adler/Moriarty, Elsa...not bad at all.", "created_utc": 1393618050.0, "distinguished": null, "edited": false, "id": "cfr6hw6", "is_submitter": false, "link_id": "t3_1z6t47", "parent_id": "t1_cfr5b9i", "permalink": "/r/Frozen/comments/1z6t47/can_you_believe_this_is_actually_a_drawing_of/cfr6hw6/", "score": 1, "stickied": false, "subreddit_id": "t5_2vpth", "author_name": "Chimon", "author_id": "640oy", "subreddit_name": "frozen"}, {"body": "I start questioning my sexual orientation now... ", "created_utc": 1393625819.0, "distinguished": null, "edited": false, "id": "cfra467", "is_submitter": false, "link_id": "t3_1z6t47", "parent_id": "t1_cfr5ai3", "permalink": "/r/Frozen/comments/1z6t47/can_you_believe_this_is_actually_a_drawing_of/cfra467/", "score": 9, "stickied": false, "subreddit_id": "t5_2vpth", "author_name": "simien05", "author_id": "d9qj1", "subreddit_name": "frozen"}, {"body": "It's just a drawing ._.", "created_utc": 1393619814.0, "distinguished": null, "edited": false, "id": "cfr7c24", "is_submitter": false, "link_id": "t3_1z6t47", "parent_id": "t1_cfr6smi", "permalink": "/r/Frozen/comments/1z6t47/can_you_believe_this_is_actually_a_drawing_of/cfr7c24/", "score": 14, "stickied": false, "subreddit_id": "t5_2vpth", "author_name": null, "author_id": null, "subreddit_name": "frozen"}, {"body": "I wish. Oh, how I wish...", "created_utc": 1393645660.0, "distinguished": null, "edited": false, "id": "cfrhox4", "is_submitter": false, "link_id": "t3_1z6t47", "parent_id": "t1_cfr6smi", "permalink": "/r/Frozen/comments/1z6t47/can_you_believe_this_is_actually_a_drawing_of/cfrhox4/", "score": 1, "stickied": false, "subreddit_id": "t5_2vpth", "author_name": null, "author_id": null, "subreddit_name": "frozen"}, {"body": "Its actually neuroscience! The way our brains process faces is essentially be making caricatures--we subconsciously focus on and enhance particular notable aspects of a person's face. Disney animated characters are caricatures from the start with certain features enhanced for a particular effect. Ugly characters get uglier, pretty characters get prettier, all by enhancing those features we are predisposed by nature and culture to find ugly or attractive. ", "created_utc": 1393744473.0, "distinguished": null, "edited": false, "id": "cfsaseo", "is_submitter": false, "link_id": "t3_1z6t47", "parent_id": "t1_cfrksfa", "permalink": "/r/Frozen/comments/1z6t47/can_you_believe_this_is_actually_a_drawing_of/cfsaseo/", "score": 3, "stickied": false, "subreddit_id": "t5_2vpth", "author_name": "Dashukta", "author_id": "6pzg7", "subreddit_name": "frozen"}, {"body": "Caught in a landslide.", "created_utc": 1393641799.0, "distinguished": null, "edited": false, "id": "cfrgbmj", "is_submitter": false, "link_id": "t3_1z6t47", "parent_id": "t1_cfr8vc4", "permalink": "/r/Frozen/comments/1z6t47/can_you_believe_this_is_actually_a_drawing_of/cfrgbmj/", "score": 0, "stickied": false, "subreddit_id": "t5_2vpth", "author_name": "Phaulty", "author_id": "5x95b", "subreddit_name": "frozen"}, {"body": "excuse me I just need too-  *burns pencils*", "created_utc": 1393616624.0, "distinguished": null, "edited": false, "id": "cfr5t46", "is_submitter": false, "link_id": "t3_1z6t47", "parent_id": "t1_cfr4qol", "permalink": "/r/Frozen/comments/1z6t47/can_you_believe_this_is_actually_a_drawing_of/cfr5t46/", "score": 15, "stickied": false, "subreddit_id": "t5_2vpth", "author_name": "Zephusa", "author_id": "cq16a", "subreddit_name": "frozen"}, {"body": "To be honest, I'm pretty sure \"this is such an ugly drawing\" and all of its cousins are just cries for attention. They say it just so other people will say \"no, no, it's so beautiful\".\n\nI mean, seriously, people paint Mona Lisa and then say that they think it's ugly. Then why finish it?", "created_utc": 1393626561.0, "distinguished": null, "edited": 1393628697.0, "id": "cfrafxu", "is_submitter": false, "link_id": "t3_1z6t47", "parent_id": "t1_cfr4qol", "permalink": "/r/Frozen/comments/1z6t47/can_you_believe_this_is_actually_a_drawing_of/cfrafxu/", "score": 9, "stickied": false, "subreddit_id": "t5_2vpth", "author_name": "Plattbagarn", "author_id": "9fxko", "subreddit_name": "frozen"}, {"body": "To be fair that statement is probably fishing for \"oh no you're not, you so great\"", "created_utc": 1393627259.0, "distinguished": null, "edited": 1393877181.0, "id": "cfrar0s", "is_submitter": false, "link_id": "t3_1z6t47", "parent_id": "t1_cfr4qol", "permalink": "/r/Frozen/comments/1z6t47/can_you_believe_this_is_actually_a_drawing_of/cfrar0s/", "score": 0, "stickied": false, "subreddit_id": "t5_2vpth", "author_name": "Kogster", "author_id": "5pz79", "subreddit_name": "frozen"}, {"body": "*throws pencil to the ground*\n\naaaaAAAAHHHHIIIIII CAN'T!", "created_utc": 1393631532.0, "distinguished": null, "edited": false, "id": "cfrchxf", "is_submitter": false, "link_id": "t3_1z6t47", "parent_id": "t1_cfradq3", "permalink": "/r/Frozen/comments/1z6t47/can_you_believe_this_is_actually_a_drawing_of/cfrchxf/", "score": 11, "stickied": false, "subreddit_id": "t5_2vpth", "author_name": "Zephusa", "author_id": "cq16a", "subreddit_name": "frozen"}, {"body": "Is this going to be the new trend/meme on here?\n\n(N-Not that I don't approve...) ", "created_utc": 1393625496.0, "distinguished": null, "edited": false, "id": "cfr9z1w", "is_submitter": false, "link_id": "t3_1z6t47", "parent_id": "t1_cfr9sdr", "permalink": "/r/Frozen/comments/1z6t47/can_you_believe_this_is_actually_a_drawing_of/cfr9z1w/", "score": 11, "stickied": false, "subreddit_id": "t5_2vpth", "author_name": "Chimon", "author_id": "640oy", "subreddit_name": "frozen"}, {"body": "\u00d6\u00d6\u00d6\u00d6\u00d6\u00d6\u00d6\u00d6\u00d6\u00d6\u00d6\u00d6\u00d6\u00d6\u00d6\u00d6\u00d6\u00d6\u00d6\u00d6", "created_utc": 1393688320.0, "distinguished": null, "edited": false, "id": "cfrqpzm", "is_submitter": false, "link_id": "t3_1z6t47", "parent_id": "t1_cfr9sdr", "permalink": "/r/Frozen/comments/1z6t47/can_you_believe_this_is_actually_a_drawing_of/cfrqpzm/", "score": 2, "stickied": false, "subreddit_id": "t5_2vpth", "author_name": "ectoplasm99j", "author_id": "d1z9g", "subreddit_name": "frozen"}, {"body": "So is this like the Manning Face of /r/frozen?", "created_utc": 1393646220.0, "distinguished": null, "edited": false, "id": "cfrhw51", "is_submitter": false, "link_id": "t3_1z6t47", "parent_id": "t1_cfraaun", "permalink": "/r/Frozen/comments/1z6t47/can_you_believe_this_is_actually_a_drawing_of/cfrhw51/", "score": 2, "stickied": false, "subreddit_id": "t5_2vpth", "author_name": "CarbonCreed", "author_id": "7l8me", "subreddit_name": "frozen"}, {"body": "I know. I went to unnecessary steps... I am just not used to the OP providing sources. haha. oopsies eh?", "created_utc": 1393627003.0, "distinguished": null, "edited": false, "id": "cframv1", "is_submitter": false, "link_id": "t3_1z6t47", "parent_id": "t1_cfrak8q", "permalink": "/r/Frozen/comments/1z6t47/can_you_believe_this_is_actually_a_drawing_of/cframv1/", "score": 2, "stickied": false, "subreddit_id": "t5_2vpth", "author_name": null, "author_id": null, "subreddit_name": "frozen"}, {"body": "It's okay. I'm Elsa-sexual. Embrace it.", "created_utc": 1393637176.0, "distinguished": null, "edited": false, "id": "cfren9y", "is_submitter": false, "link_id": "t3_1z6t47", "parent_id": "t1_cfra467", "permalink": "/r/Frozen/comments/1z6t47/can_you_believe_this_is_actually_a_drawing_of/cfren9y/", "score": 11, "stickied": false, "subreddit_id": "t5_2vpth", "author_name": "juliaworm", "author_id": "6tfh4", "subreddit_name": "frozen"}, {"body": "...MOMMMAAAAAAAA!", "created_utc": 1393649227.0, "distinguished": null, "edited": false, "id": "cfrixci", "is_submitter": false, "link_id": "t3_1z6t47", "parent_id": "t1_cfrgbmj", "permalink": "/r/Frozen/comments/1z6t47/can_you_believe_this_is_actually_a_drawing_of/cfrixci/", "score": 0, "stickied": false, "subreddit_id": "t5_2vpth", "author_name": "MilanoMongoose", "author_id": "cse66", "subreddit_name": "frozen"}, {"body": "When someone work on something, the person very often end up noticing all the parts that could be fixed, so most end up not 100% content with what came up with. And it is scary showing what you have made to people, like how a student would rather die then read aloud self-writtenoem in front of class.", "created_utc": 1393631614.0, "distinguished": null, "edited": false, "id": "cfrcj3n", "is_submitter": false, "link_id": "t3_1z6t47", "parent_id": "t1_cfrafxu", "permalink": "/r/Frozen/comments/1z6t47/can_you_believe_this_is_actually_a_drawing_of/cfrcj3n/", "score": 17, "stickied": false, "subreddit_id": "t5_2vpth", "author_name": "Random-Webtoon-Fan", "author_id": "da36r", "subreddit_name": "frozen"}, {"body": "Though Da Vinci actually never was too satisfied with Mona Lisa, and that's why it was almost never finished.", "created_utc": 1396878430.0, "distinguished": null, "edited": false, "id": "cgm7vsb", "is_submitter": false, "link_id": "t3_1z6t47", "parent_id": "t1_cfrafxu", "permalink": "/r/Frozen/comments/1z6t47/can_you_believe_this_is_actually_a_drawing_of/cgm7vsb/", "score": 2, "stickied": false, "subreddit_id": "t5_2vpth", "author_name": "Gathorall", "author_id": "9zbe1", "subreddit_name": "frozen"}, {"body": "I think it's the flavour of the week.", "created_utc": 1393625708.0, "distinguished": null, "edited": false, "id": "cfra2do", "is_submitter": false, "link_id": "t3_1z6t47", "parent_id": "t1_cfr9z1w", "permalink": "/r/Frozen/comments/1z6t47/can_you_believe_this_is_actually_a_drawing_of/cfra2do/", "score": 7, "stickied": false, "subreddit_id": "t5_2vpth", "author_name": "Phaulty", "author_id": "5x95b", "subreddit_name": "frozen"}, {"body": "Yup, this is pretty much what almost all artists say when they show their drawing and they spot something in mid-viewing that could be drawn better.", "created_utc": 1393677542.0, "distinguished": null, "edited": false, "id": "cfroew9", "is_submitter": true, "link_id": "t3_1z6t47", "parent_id": "t1_cfrcj3n", "permalink": "/r/Frozen/comments/1z6t47/can_you_believe_this_is_actually_a_drawing_of/cfroew9/", "score": 4, "stickied": false, "subreddit_id": "t5_2vpth", "author_name": "Rakan-Han", "author_id": "8co91", "subreddit_name": "frozen"}, {"body": "The thing is, someone who is actually not pleased with how it looks would fix it, not upload it and say that they're not happy with it because they think it's ugly.\n\nUnless someone would somehow force you to upload an unfinished work, at which point you could just say \"it's not finished yet but I'm working on it\" instead of \"it's so ugly\".", "created_utc": 1393632024.0, "distinguished": null, "edited": false, "id": "cfrcp0h", "is_submitter": false, "link_id": "t3_1z6t47", "parent_id": "t1_cfrcj3n", "permalink": "/r/Frozen/comments/1z6t47/can_you_believe_this_is_actually_a_drawing_of/cfrcp0h/", "score": -1, "stickied": false, "subreddit_id": "t5_2vpth", "author_name": "Plattbagarn", "author_id": "9fxko", "subreddit_name": "frozen"}, {"body": "There is some point when someone would keep notice some problems, but they have spent so much time into it already so they have to 'let it go'. \n\n\n...Anyways, why did I start conversation about a sentence that is not even in the link anyway? (lol) Lets justs sit back and enjoy. ;)", "created_utc": 1393633011.0, "distinguished": null, "edited": false, "id": "cfrd2v1", "is_submitter": false, "link_id": "t3_1z6t47", "parent_id": "t1_cfrcp0h", "permalink": "/r/Frozen/comments/1z6t47/can_you_believe_this_is_actually_a_drawing_of/cfrd2v1/", "score": 7, "stickied": false, "subreddit_id": "t5_2vpth", "author_name": "Random-Webtoon-Fan", "author_id": "da36r", "subreddit_name": "frozen"}, {"body": "There is some point when someone would keep notice some problems, but they have spent so much time into it already so they have to 'let it go'. \n\n\n...Anyways, why did I start conversation about a sentence that is not even in the link anyway? (lol) Lets justs sit back and enjoy. ;)", "created_utc": 1393633039.0, "distinguished": null, "edited": false, "id": "cfrd38t", "is_submitter": false, "link_id": "t3_1z6t47", "parent_id": "t1_cfrcp0h", "permalink": "/r/Frozen/comments/1z6t47/can_you_believe_this_is_actually_a_drawing_of/cfrd38t/", "score": 0, "stickied": false, "subreddit_id": "t5_2vpth", "author_name": "Random-Webtoon-Fan", "author_id": "da36r", "subreddit_name": "frozen"}]