{"clicked": false, "created_utc": 1393604994.0, "distinguished": null, "edited": false, "id": "1z6t47", "is_video": false, "locked": false, "num_comments": 53, "over_18": false, "permalink": "/r/Frozen/comments/1z6t47/can_you_believe_this_is_actually_a_drawing_of/", "score": 414, "selftext": "", "stickied": false, "subreddit_id": "t5_2vpth", "title": "Can you BELIEVE this is actually a drawing of Elsa, and not a real person!?", "url": "http://jiyu-kaze.deviantart.com/art/Elsa-frozen-437235329?ga_submit_new=10%253A1393600341", "author_name": "Rakan-Han", "author_id": "8co91", "subreddit_name": "frozen", "upvote_ratio": 0.97}