[{"body": "I'm just patiently waiting for when this sub throws a big party when it crosses the $1,000,000,000 mark.", "created_utc": 1392237425.0, "distinguished": null, "edited": false, "id": "cfdpsra", "is_submitter": false, "link_id": "t3_1xqhiv", "parent_id": "t3_1xqhiv", "permalink": "/r/Frozen/comments/1xqhiv/did_you_know_that/cfdpsra/", "score": 42, "stickied": false, "subreddit_id": "t5_2vpth", "author_name": "theKunz1", "author_id": "c3jji", "subreddit_name": "frozen"}, {"body": "8 dollars for a ticket...I can't even remember last time ours was under 10", "created_utc": 1392241475.0, "distinguished": null, "edited": false, "id": "cfdrxae", "is_submitter": false, "link_id": "t3_1xqhiv", "parent_id": "t3_1xqhiv", "permalink": "/r/Frozen/comments/1xqhiv/did_you_know_that/cfdrxae/", "score": 19, "stickied": false, "subreddit_id": "t5_2vpth", "author_name": "dwilder812", "author_id": "ekipz", "subreddit_name": "frozen"}, {"body": "That sir (ma'am?), deserves an upvote :)", "created_utc": 1392235567.0, "distinguished": null, "edited": false, "id": "cfdoty9", "is_submitter": false, "link_id": "t3_1xqhiv", "parent_id": "t3_1xqhiv", "permalink": "/r/Frozen/comments/1xqhiv/did_you_know_that/cfdoty9/", "score": 22, "stickied": false, "subreddit_id": "t5_2vpth", "author_name": "gdkitty", "author_id": "8payt", "subreddit_name": "frozen"}, {"body": "I don't think anyone has congratulated you on the bolded letter work, nice job.", "created_utc": 1392248324.0, "distinguished": null, "edited": false, "id": "cfdvagl", "is_submitter": false, "link_id": "t3_1xqhiv", "parent_id": "t3_1xqhiv", "permalink": "/r/Frozen/comments/1xqhiv/did_you_know_that/cfdvagl/", "score": 10, "stickied": false, "subreddit_id": "t5_2vpth", "author_name": "Ryeb2", "author_id": "8onyd", "subreddit_name": "frozen"}, {"body": "It deserves every good thing it gets. I'm very glad for my favorite movie. Other than that, great work on the facts.", "created_utc": 1392246605.0, "distinguished": null, "edited": false, "id": "cfduhmw", "is_submitter": false, "link_id": "t3_1xqhiv", "parent_id": "t3_1xqhiv", "permalink": "/r/Frozen/comments/1xqhiv/did_you_know_that/cfduhmw/", "score": 8, "stickied": false, "subreddit_id": "t5_2vpth", "author_name": "TheKing0fLimbs", "author_id": "d03e0", "subreddit_name": "frozen"}, {"body": "TL;DR: Frozen is very successful", "created_utc": 1392253105.0, "distinguished": null, "edited": false, "id": "cfdxec6", "is_submitter": false, "link_id": "t3_1xqhiv", "parent_id": "t3_1xqhiv", "permalink": "/r/Frozen/comments/1xqhiv/did_you_know_that/cfdxec6/", "score": 7, "stickied": false, "subreddit_id": "t5_2vpth", "author_name": "ebodell", "author_id": "8zgoo", "subreddit_name": "frozen"}, {"body": "I \n\nS\n\nE\n\nE\n\nW\n\nH\n\nA\n\nT\n\nY\n\nO\n\nU\n\nD\n\nI\n\nD\n\nT\n\nH\n\nE\n\nR\n\nE", "created_utc": 1392262586.0, "distinguished": null, "edited": false, "id": "cfe1lnj", "is_submitter": false, "link_id": "t3_1xqhiv", "parent_id": "t3_1xqhiv", "permalink": "/r/Frozen/comments/1xqhiv/did_you_know_that/cfe1lnj/", "score": 12, "stickied": false, "subreddit_id": "t5_2vpth", "author_name": "EvilLittleThing", "author_id": "7c5qp", "subreddit_name": "frozen"}, {"body": "Doesn't it still have to open in a few markets?\n\nAnd we should make a day or weekend or something where as many people on the subreddit that can go see it as a push to break Toy Story 3's record or as a group thing. The reason doesn't matter!", "created_utc": 1392249051.0, "distinguished": null, "edited": false, "id": "cfdvm3r", "is_submitter": false, "link_id": "t3_1xqhiv", "parent_id": "t3_1xqhiv", "permalink": "/r/Frozen/comments/1xqhiv/did_you_know_that/cfdvm3r/", "score": 5, "stickied": false, "subreddit_id": "t5_2vpth", "author_name": "RKitch2112", "author_id": "etl3g", "subreddit_name": "frozen"}, {"body": "/u/Portgas ... have I told you, that you are awesome? because for the **FIRST TIME IN FOREVER** I can understand why you bold the first letter in every sentences. \n\n10 Points for Gryffindor!! ups sorry .. wrong franchise. ", "created_utc": 1392271218.0, "distinguished": null, "edited": false, "id": "cfe524s", "is_submitter": false, "link_id": "t3_1xqhiv", "parent_id": "t3_1xqhiv", "permalink": "/r/Frozen/comments/1xqhiv/did_you_know_that/cfe524s/", "score": 4, "stickied": false, "subreddit_id": "t5_2vpth", "author_name": "simien05", "author_id": "d9qj1", "subreddit_name": "frozen"}, {"body": "I paid about 11 USD for a 3d ticket...and I watched it twice", "created_utc": 1392293931.0, "distinguished": null, "edited": false, "id": "cfe9mpq", "is_submitter": false, "link_id": "t3_1xqhiv", "parent_id": "t3_1xqhiv", "permalink": "/r/Frozen/comments/1xqhiv/did_you_know_that/cfe9mpq/", "score": 4, "stickied": false, "subreddit_id": "t5_2vpth", "author_name": null, "author_id": null, "subreddit_name": "frozen"}, {"body": "I see you're from the Box Office Forums also :p It's an amazing run that Frozen is doing.", "created_utc": 1392266398.0, "distinguished": null, "edited": false, "id": "cfe38wu", "is_submitter": false, "link_id": "t3_1xqhiv", "parent_id": "t3_1xqhiv", "permalink": "/r/Frozen/comments/1xqhiv/did_you_know_that/cfe38wu/", "score": 3, "stickied": false, "subreddit_id": "t5_2vpth", "author_name": "BalLightning", "author_id": "3915t", "subreddit_name": "frozen"}, {"body": "I see you're from the Box Office Forums also :p It's an amazing run that Frozen is doing.", "created_utc": 1392266379.0, "distinguished": null, "edited": false, "id": "cfe38nf", "is_submitter": false, "link_id": "t3_1xqhiv", "parent_id": "t3_1xqhiv", "permalink": "/r/Frozen/comments/1xqhiv/did_you_know_that/cfe38nf/", "score": 1, "stickied": false, "subreddit_id": "t5_2vpth", "author_name": "BalLightning", "author_id": "3915t", "subreddit_name": "frozen"}, {"body": "I second the motion to celebrate.", "created_utc": 1392262380.0, "distinguished": null, "edited": false, "id": "cfe1idr", "is_submitter": false, "link_id": "t3_1xqhiv", "parent_id": "t1_cfdpsra", "permalink": "/r/Frozen/comments/1xqhiv/did_you_know_that/cfe1idr/", "score": 10, "stickied": false, "subreddit_id": "t5_2vpth", "author_name": "potatoshape", "author_id": "9ac71", "subreddit_name": "frozen"}, {"body": "Honestly, I think I would be more impressed if it was still in the top ten when it gets a home release. The billion dollar mark being when instead of if is still AMAZING! :D", "created_utc": 1392269999.0, "distinguished": null, "edited": false, "id": "cfe4mkj", "is_submitter": false, "link_id": "t3_1xqhiv", "parent_id": "t1_cfdpsra", "permalink": "/r/Frozen/comments/1xqhiv/did_you_know_that/cfe4mkj/", "score": 7, "stickied": false, "subreddit_id": "t5_2vpth", "author_name": "RKitch2112", "author_id": "etl3g", "subreddit_name": "frozen"}, {"body": "I'm seeing this again on Saturday to help that number grow! :-D Let's hit a billion!", "created_utc": 1392275538.0, "distinguished": null, "edited": false, "id": "cfe6bhk", "is_submitter": false, "link_id": "t3_1xqhiv", "parent_id": "t1_cfdpsra", "permalink": "/r/Frozen/comments/1xqhiv/did_you_know_that/cfe6bhk/", "score": 3, "stickied": false, "subreddit_id": "t5_2vpth", "author_name": "Jimbabwe88", "author_id": "a7t83", "subreddit_name": "frozen"}, {"body": "it is an average price, so between 5 and 11. Ticket prices where i live are between 4 to 25 (depends on a time of a day and 2d/3d)", "created_utc": 1392241582.0, "distinguished": null, "edited": false, "id": "cfdrz4l", "is_submitter": true, "link_id": "t3_1xqhiv", "parent_id": "t1_cfdrxae", "permalink": "/r/Frozen/comments/1xqhiv/did_you_know_that/cfdrz4l/", "score": 5, "stickied": false, "subreddit_id": "t5_2vpth", "author_name": "Portgas", "author_id": "7kc75", "subreddit_name": "frozen"}, {"body": "I also wonder if dollar theatres drive the price down... also, I think the few drive-ins remaining charge around $6-8 per person.", "created_utc": 1392257959.0, "distinguished": null, "edited": false, "id": "cfdziyj", "is_submitter": false, "link_id": "t3_1xqhiv", "parent_id": "t1_cfdrxae", "permalink": "/r/Frozen/comments/1xqhiv/did_you_know_that/cfdziyj/", "score": 2, "stickied": false, "subreddit_id": "t5_2vpth", "author_name": "AtlKorrick", "author_id": "ewby6", "subreddit_name": "frozen"}, {"body": "I pay $5.50 between 4:00 and 5:30.", "created_utc": 1392322521.0, "distinguished": null, "edited": false, "id": "cfektd6", "is_submitter": false, "link_id": "t3_1xqhiv", "parent_id": "t1_cfdrxae", "permalink": "/r/Frozen/comments/1xqhiv/did_you_know_that/cfektd6/", "score": 2, "stickied": false, "subreddit_id": "t5_2vpth", "author_name": "id_kai", "author_id": "4b0db", "subreddit_name": "frozen"}, {"body": "I tried hard to arrange it properly. Glad you like it.", "created_utc": 1392236073.0, "distinguished": null, "edited": false, "id": "cfdp3d6", "is_submitter": true, "link_id": "t3_1xqhiv", "parent_id": "t1_cfdoty9", "permalink": "/r/Frozen/comments/1xqhiv/did_you_know_that/cfdp3d6/", "score": 12, "stickied": false, "subreddit_id": "t5_2vpth", "author_name": "Portgas", "author_id": "7kc75", "subreddit_name": "frozen"}, {"body": "http://i.imgur.com/nhi89U1.gif", "created_utc": 1392244053.0, "distinguished": null, "edited": false, "id": "cfdt86b", "is_submitter": false, "link_id": "t3_1xqhiv", "parent_id": "t1_cfdoty9", "permalink": "/r/Frozen/comments/1xqhiv/did_you_know_that/cfdt86b/", "score": 22, "stickied": false, "subreddit_id": "t5_2vpth", "author_name": "Furydwarf", "author_id": "78ayf", "subreddit_name": "frozen"}, {"body": "Thanks :)", "created_utc": 1392249006.0, "distinguished": null, "edited": false, "id": "cfdvlcw", "is_submitter": true, "link_id": "t3_1xqhiv", "parent_id": "t1_cfdvagl", "permalink": "/r/Frozen/comments/1xqhiv/did_you_know_that/cfdvlcw/", "score": 7, "stickied": false, "subreddit_id": "t5_2vpth", "author_name": "Portgas", "author_id": "7kc75", "subreddit_name": "frozen"}, {"body": "I... didn't even notice that until you mentioned it. Nicely done Portgas!", "created_utc": 1392269546.0, "distinguished": null, "edited": false, "id": "cfe4gjc", "is_submitter": false, "link_id": "t3_1xqhiv", "parent_id": "t1_cfdvagl", "permalink": "/r/Frozen/comments/1xqhiv/did_you_know_that/cfe4gjc/", "score": 3, "stickied": false, "subreddit_id": "t5_2vpth", "author_name": "Herra_Ratatoskr", "author_id": "42kpq", "subreddit_name": "frozen"}, {"body": "The only market left is Japan at this point, it will open there on 15th March. Estimated gross is between 50 and 150 millions. \n\nI'd gladly went to see Frozen once more in theatres, but sadly it isn't available anymore.", "created_utc": 1392249234.0, "distinguished": null, "edited": 1392249455.0, "id": "cfdvp3j", "is_submitter": true, "link_id": "t3_1xqhiv", "parent_id": "t1_cfdvm3r", "permalink": "/r/Frozen/comments/1xqhiv/did_you_know_that/cfdvp3j/", "score": 6, "stickied": false, "subreddit_id": "t5_2vpth", "author_name": "Portgas", "author_id": "7kc75", "subreddit_name": "frozen"}, {"body": "Haha, thanks :) Gryffindor points are most welcome too", "created_utc": 1392286427.0, "distinguished": null, "edited": false, "id": "cfe8ge2", "is_submitter": true, "link_id": "t3_1xqhiv", "parent_id": "t1_cfe524s", "permalink": "/r/Frozen/comments/1xqhiv/did_you_know_that/cfe8ge2/", "score": 3, "stickied": false, "subreddit_id": "t5_2vpth", "author_name": "Portgas", "author_id": "7kc75", "subreddit_name": "frozen"}, {"body": "Totally worth it", "created_utc": 1392295317.0, "distinguished": null, "edited": false, "id": "cfe9w7w", "is_submitter": true, "link_id": "t3_1xqhiv", "parent_id": "t1_cfe9mpq", "permalink": "/r/Frozen/comments/1xqhiv/did_you_know_that/cfe9w7w/", "score": 5, "stickied": false, "subreddit_id": "t5_2vpth", "author_name": "Portgas", "author_id": "7kc75", "subreddit_name": "frozen"}, {"body": "yeah, the list was actually made for boxoffice forums in the first place :)", "created_utc": 1392286500.0, "distinguished": null, "edited": false, "id": "cfe8gss", "is_submitter": true, "link_id": "t3_1xqhiv", "parent_id": "t1_cfe38wu", "permalink": "/r/Frozen/comments/1xqhiv/did_you_know_that/cfe8gss/", "score": 3, "stickied": false, "subreddit_id": "t5_2vpth", "author_name": "Portgas", "author_id": "7kc75", "subreddit_name": "frozen"}, {"body": "$4!!!!\nI wish early mornings are $9 and evenings $13\n\nThe cheap theater is $7+ in the morning ", "created_utc": 1392243841.0, "distinguished": null, "edited": false, "id": "cfdt4ap", "is_submitter": false, "link_id": "t3_1xqhiv", "parent_id": "t1_cfdrz4l", "permalink": "/r/Frozen/comments/1xqhiv/did_you_know_that/cfdt4ap/", "score": 7, "stickied": false, "subreddit_id": "t5_2vpth", "author_name": null, "author_id": null, "subreddit_name": "frozen"}, {"body": "That's why I go to children screenings when I can. 5,90\u20ac compared to the usual 8,90\u20ac-10\u20ac and then there's Popcorn for 4\u20ac T.T", "created_utc": 1392248778.0, "distinguished": null, "edited": false, "id": "cfdvhr9", "is_submitter": false, "link_id": "t3_1xqhiv", "parent_id": "t1_cfdrz4l", "permalink": "/r/Frozen/comments/1xqhiv/did_you_know_that/cfdvhr9/", "score": 3, "stickied": false, "subreddit_id": "t5_2vpth", "author_name": "Nolos", "author_id": "dqt7e", "subreddit_name": "frozen"}, {"body": "Haha India has the best ticket prices. As a person who used to live in the US, I can definitely agree. We have to pay 120 rupees for 1 ticket and 60 rupees = $1\n\nIt's amazing how we only have to pay $2 for a movie ticket. :D", "created_utc": 1392292202.0, "distinguished": null, "edited": false, "id": "cfe9bzg", "is_submitter": false, "link_id": "t3_1xqhiv", "parent_id": "t1_cfdrz4l", "permalink": "/r/Frozen/comments/1xqhiv/did_you_know_that/cfe9bzg/", "score": 2, "stickied": false, "subreddit_id": "t5_2vpth", "author_name": null, "author_id": null, "subreddit_name": "frozen"}, {"body": "Its bout 110kr here in sweden per  ticket ,  thats bout 8-9 doller", "created_utc": 1392273933.0, "distinguished": null, "edited": false, "id": "cfe5wfw", "is_submitter": false, "link_id": "t3_1xqhiv", "parent_id": "t1_cfdrz4l", "permalink": "/r/Frozen/comments/1xqhiv/did_you_know_that/cfe5wfw/", "score": 0, "stickied": false, "subreddit_id": "t5_2vpth", "author_name": "The1andonlygogoman64", "author_id": "dgjve", "subreddit_name": "frozen"}, {"body": "you deserve a LOT of warm hug..", "created_utc": 1392237917.0, "distinguished": null, "edited": false, "id": "cfdq29v", "is_submitter": false, "link_id": "t3_1xqhiv", "parent_id": "t1_cfdp3d6", "permalink": "/r/Frozen/comments/1xqhiv/did_you_know_that/cfdq29v/", "score": 8, "stickied": false, "subreddit_id": "t5_2vpth", "author_name": "simien05", "author_id": "d9qj1", "subreddit_name": "frozen"}, {"body": "I completely forget about small markets. I'm spoiled in the sense that I saw it Monday. ", "created_utc": 1392250053.0, "distinguished": null, "edited": false, "id": "cfdw2dv", "is_submitter": false, "link_id": "t3_1xqhiv", "parent_id": "t1_cfdvp3j", "permalink": "/r/Frozen/comments/1xqhiv/did_you_know_that/cfdw2dv/", "score": 7, "stickied": false, "subreddit_id": "t5_2vpth", "author_name": "RKitch2112", "author_id": "etl3g", "subreddit_name": "frozen"}, {"body": "[deleted]", "created_utc": 1392569033.0, "distinguished": null, "edited": false, "id": "cfgqz2o", "is_submitter": false, "link_id": "t3_1xqhiv", "parent_id": "t1_cfdw2dv", "permalink": "/r/Frozen/comments/1xqhiv/did_you_know_that/cfgqz2o/", "score": 2, "stickied": false, "subreddit_id": "t5_2vpth", "author_name": null, "author_id": null, "subreddit_name": "frozen"}, {"body": "I'm in the southern United States.", "created_utc": 1392576408.0, "distinguished": null, "edited": false, "id": "cfgtxpj", "is_submitter": false, "link_id": "t3_1xqhiv", "parent_id": "t1_cfgqz2o", "permalink": "/r/Frozen/comments/1xqhiv/did_you_know_that/cfgtxpj/", "score": 2, "stickied": false, "subreddit_id": "t5_2vpth", "author_name": "RKitch2112", "author_id": "etl3g", "subreddit_name": "frozen"}]