{"clicked": false, "created_utc": 1392235429.0, "distinguished": null, "edited": 1392241201.0, "id": "1xqhiv", "is_video": false, "locked": false, "num_comments": 33, "over_18": false, "permalink": "/r/Frozen/comments/1xqhiv/did_you_know_that/", "score": 203, "selftext": "Decided to make a little \"did you know\" about Frozen's box office. And i tried to make it fun.\n\n***Did you know that...***\n\n\n**F**rozen passed Finding Nemo's 339.7M+ for biggest original animation in 1 run.\n\n**I**t will be the first Walt Disney Animation Studios movie to ever make 1 billion, not adjusted to inflation.\n\n**R**ussia liked Frozen so much, that it's now the highest-grossing non-sequel animated movie of all time there\n\n**S**outh Korea and Denmark, along with many other territories, hold Frozen as the biggest animated movie of all time.\n\n**T**he film now ranks as the biggest non-sequel animation based on an original property of all time globally.\n\n**T**o this moment, Frozen is 5th highest-grossing animated movie of all time and can become #1.\n\n**I**t had the highest opening weekend of all time for an animated film in Sweden with a $2.2 million debut.\n\n**M**any people saw this movie on Thanksgiving, and it became the biggest Thanksgiving wide release opener ever.\n\n**E**ast Africa ($84,280) and Serbia & Montenegro ($366,657) are weakest markets.\n\n**I**t is a highest-grossing winter-themed movie of all time.\n\n**N**obody can resist Frozen across the globe. The biggest foreign markets are UK (60,8m), SK (60.5), France (46,9) and Germany (46).\n\n**F**rozen will probably be the highest grossing movie led by a female protagonist.\n\n**O**nly in South Korea Frozen currently has 8,1m admissions\n\n**R**arely we see an animated movie performing so well. Frozen has become the highest-grossing animated movie of 2013 domestically.\n\n**E**ven Hunger Games 2 couldn't stand before the power of Frozen. It's now 3rd highest grossing movie of 2013.\n\n**V**ery soon Frozen can pass Toy Story 3 as the biggest animated movie of all time, if it gross more than $1.063b\n\n**E**arlier Frozen got hold of the record for consecutive weekend days above 1 million for an animated film.\n\n**R**ight now, Frozen has grossed $914,180,767.\n\n__________\n\nI spent too much time on this...\n\n__________\n \nAverage price of a movie ticket is $8.05 which means Frozen sold 113,562,828 tickets, more or less.\n\nCurrently Frozen spent 11th straight weekends in Top 5 in box office domestically. 1 week short of Avatar and 3rd most since Forrest Gump in 1994.\n\nFrozen also had the 4th biggest 10th weekend of all time domestically only behind Avatar, Titanic and Slumdog Millionaire.\n\nFrozen grossed 36% more than Tangled, 49% more than Wreck-It-Ralph and 71% more than The Princess and the Frog.\n\nFrozen is the highest-grossing movie featuring two female protagonists. ", "stickied": false, "subreddit_id": "t5_2vpth", "title": "Did you know that...", "url": null, "author_name": "Portgas", "author_id": "7kc75", "subreddit_name": "frozen", "upvote_ratio": 0.97}