[{"body": "/r/gameofthrones reporting in", "created_utc": 1392663208.0, "distinguished": null, "edited": false, "id": "cfhmop4", "is_submitter": true, "link_id": "t3_1y5zcq", "parent_id": "t3_1y5zcq", "permalink": "/r/Frozen/comments/1y5zcq/one_with_the_wind_and_sky/cfhmop4/", "score": 12, "stickied": false, "subreddit_id": "t5_2vpth", "author_name": "loopuleasa", "author_id": "4josc", "subreddit_name": "frozen"}, {"body": "\"Alone and free\"\n\n\"Foul and Fair\"\n\nothers?\n\nParody:\n\"Warm hugs\"", "created_utc": 1392675334.0, "distinguished": null, "edited": false, "id": "cfhsfg4", "is_submitter": false, "link_id": "t3_1y5zcq", "parent_id": "t3_1y5zcq", "permalink": "/r/Frozen/comments/1y5zcq/one_with_the_wind_and_sky/cfhsfg4/", "score": 9, "stickied": false, "subreddit_id": "t5_2vpth", "author_name": "damocles2501", "author_id": "d3wqx", "subreddit_name": "frozen"}, {"body": "Upscaled for those with 1920x1080 resolution:\n\nhttp://i.imgur.com/nlmvskh.jpg\n\nCredits to TheAngryRed for the original!", "created_utc": 1392720341.0, "distinguished": null, "edited": false, "id": "cfi89ro", "is_submitter": false, "link_id": "t3_1y5zcq", "parent_id": "t3_1y5zcq", "permalink": "/r/Frozen/comments/1y5zcq/one_with_the_wind_and_sky/cfi89ro/", "score": 6, "stickied": false, "subreddit_id": "t5_2vpth", "author_name": "Chimon", "author_id": "640oy", "subreddit_name": "frozen"}, {"body": "I love this! Not having HBO is going to kill me!", "created_utc": 1392665706.0, "distinguished": null, "edited": false, "id": "cfhnre4", "is_submitter": false, "link_id": "t3_1y5zcq", "parent_id": "t3_1y5zcq", "permalink": "/r/Frozen/comments/1y5zcq/one_with_the_wind_and_sky/cfhnre4/", "score": 3, "stickied": false, "subreddit_id": "t5_2vpth", "author_name": "taytayistnt101", "author_id": "4mxzh", "subreddit_name": "frozen"}, {"body": "hmm. Too bad \"Winter is coming\" is taken, no?", "created_utc": 1392683887.0, "distinguished": null, "edited": false, "id": "cfhwcqj", "is_submitter": false, "link_id": "t3_1y5zcq", "parent_id": "t3_1y5zcq", "permalink": "/r/Frozen/comments/1y5zcq/one_with_the_wind_and_sky/cfhwcqj/", "score": 3, "stickied": false, "subreddit_id": "t5_2vpth", "author_name": "damocles2501", "author_id": "d3wqx", "subreddit_name": "frozen"}, {"body": "Can someone just make it with the words \"Let It Go\" ? I want it as my wallpaper/background!", "created_utc": 1392672623.0, "distinguished": null, "edited": false, "id": "cfhr3ux", "is_submitter": false, "link_id": "t3_1y5zcq", "parent_id": "t3_1y5zcq", "permalink": "/r/Frozen/comments/1y5zcq/one_with_the_wind_and_sky/cfhr3ux/", "score": 2, "stickied": false, "subreddit_id": "t5_2vpth", "author_name": "Chimon", "author_id": "640oy", "subreddit_name": "frozen"}, {"body": "How about \"We are the cold, we are strength\"", "created_utc": 1392683413.0, "distinguished": null, "edited": false, "id": "cfhw5c2", "is_submitter": false, "link_id": "t3_1y5zcq", "parent_id": "t3_1y5zcq", "permalink": "/r/Frozen/comments/1y5zcq/one_with_the_wind_and_sky/cfhw5c2/", "score": 1, "stickied": false, "subreddit_id": "t5_2vpth", "author_name": "hurtfulproduct", "author_id": "6wh2c", "subreddit_name": "frozen"}, {"body": "This would make a nice mouse pad.", "created_utc": 1392694585.0, "distinguished": null, "edited": false, "id": "cfi1338", "is_submitter": false, "link_id": "t3_1y5zcq", "parent_id": "t3_1y5zcq", "permalink": "/r/Frozen/comments/1y5zcq/one_with_the_wind_and_sky/cfi1338/", "score": 1, "stickied": false, "subreddit_id": "t5_2vpth", "author_name": "TeleVue", "author_id": "f5kuq", "subreddit_name": "frozen"}, {"body": "This is one of my most favorite things I have seen here! ", "created_utc": 1392695595.0, "distinguished": null, "edited": false, "id": "cfi1jar", "is_submitter": false, "link_id": "t3_1y5zcq", "parent_id": "t3_1y5zcq", "permalink": "/r/Frozen/comments/1y5zcq/one_with_the_wind_and_sky/cfi1jar/", "score": 1, "stickied": false, "subreddit_id": "t5_2vpth", "author_name": "JessTheHumanGirl", "author_id": "9o5fz", "subreddit_name": "frozen"}, {"body": "What about \"Stronger than one\u2014 Stronger than ten!\u2014 Stronger than a hundred men!\" (or something like that with better formatting)?", "created_utc": 1392682309.0, "distinguished": null, "edited": false, "id": "cfhvntj", "is_submitter": false, "link_id": "t3_1y5zcq", "parent_id": "t3_1y5zcq", "permalink": "/r/Frozen/comments/1y5zcq/one_with_the_wind_and_sky/cfhvntj/", "score": 0, "stickied": false, "subreddit_id": "t5_2vpth", "author_name": "antoniocarriedo", "author_id": "a44ue", "subreddit_name": "frozen"}, {"body": "So... Winter is coming? Winter already came and left?", "created_utc": 1392682538.0, "distinguished": null, "edited": false, "id": "cfhvrdy", "is_submitter": false, "link_id": "t3_1y5zcq", "parent_id": "t1_cfhmop4", "permalink": "/r/Frozen/comments/1y5zcq/one_with_the_wind_and_sky/cfhvrdy/", "score": 3, "stickied": false, "subreddit_id": "t5_2vpth", "author_name": "noossab", "author_id": "aof9s", "subreddit_name": "frozen"}, {"body": "whoa I need to subscribe to that, does that subreddit have spoilers from the book? I only follow the TV show.", "created_utc": 1392673336.0, "distinguished": null, "edited": false, "id": "cfhrgma", "is_submitter": false, "link_id": "t3_1y5zcq", "parent_id": "t1_cfhmop4", "permalink": "/r/Frozen/comments/1y5zcq/one_with_the_wind_and_sky/cfhrgma/", "score": 2, "stickied": false, "subreddit_id": "t5_2vpth", "author_name": "baconbroth", "author_id": "cidv2", "subreddit_name": "frozen"}, {"body": "I love the \"Alone and free\" one", "created_utc": 1392723661.0, "distinguished": null, "edited": false, "id": "cfi8tiw", "is_submitter": true, "link_id": "t3_1y5zcq", "parent_id": "t1_cfhsfg4", "permalink": "/r/Frozen/comments/1y5zcq/one_with_the_wind_and_sky/cfi8tiw/", "score": 2, "stickied": false, "subreddit_id": "t5_2vpth", "author_name": "loopuleasa", "author_id": "4josc", "subreddit_name": "frozen"}, {"body": "Upvote barrage procedure initiated.", "created_utc": 1392723706.0, "distinguished": null, "edited": false, "id": "cfi8tt8", "is_submitter": true, "link_id": "t3_1y5zcq", "parent_id": "t1_cfi89ro", "permalink": "/r/Frozen/comments/1y5zcq/one_with_the_wind_and_sky/cfi8tt8/", "score": 1, "stickied": false, "subreddit_id": "t5_2vpth", "author_name": "loopuleasa", "author_id": "4josc", "subreddit_name": "frozen"}, {"body": "Having the internet will be your salvation!", "created_utc": 1392666874.0, "distinguished": null, "edited": false, "id": "cfhoawv", "is_submitter": true, "link_id": "t3_1y5zcq", "parent_id": "t1_cfhnre4", "permalink": "/r/Frozen/comments/1y5zcq/one_with_the_wind_and_sky/cfhoawv/", "score": 2, "stickied": false, "subreddit_id": "t5_2vpth", "author_name": "loopuleasa", "author_id": "4josc", "subreddit_name": "frozen"}, {"body": "[How's this?](http://i.imgur.com/zVnAlUo.jpg)", "created_utc": 1392677073.0, "distinguished": null, "edited": false, "id": "cfht9of", "is_submitter": false, "link_id": "t3_1y5zcq", "parent_id": "t1_cfhr3ux", "permalink": "/r/Frozen/comments/1y5zcq/one_with_the_wind_and_sky/cfht9of/", "score": 3, "stickied": false, "subreddit_id": "t5_2vpth", "author_name": "TheAngryRed", "author_id": "5zqqv", "subreddit_name": "frozen"}, {"body": "doesn't ring well in my head", "created_utc": 1392713151.0, "distinguished": null, "edited": false, "id": "cfi71lh", "is_submitter": true, "link_id": "t3_1y5zcq", "parent_id": "t1_cfhw5c2", "permalink": "/r/Frozen/comments/1y5zcq/one_with_the_wind_and_sky/cfi71lh/", "score": 1, "stickied": false, "subreddit_id": "t5_2vpth", "author_name": "loopuleasa", "author_id": "4josc", "subreddit_name": "frozen"}, {"body": "Winter is staying. ", "created_utc": 1392692175.0, "distinguished": null, "edited": false, "id": "cfi00mw", "is_submitter": false, "link_id": "t3_1y5zcq", "parent_id": "t1_cfhvrdy", "permalink": "/r/Frozen/comments/1y5zcq/one_with_the_wind_and_sky/cfi00mw/", "score": 7, "stickied": false, "subreddit_id": "t5_2vpth", "author_name": null, "author_id": null, "subreddit_name": "frozen"}, {"body": "spoilers are pretty well marked afaik", "created_utc": 1392673621.0, "distinguished": null, "edited": false, "id": "cfhrlk9", "is_submitter": true, "link_id": "t3_1y5zcq", "parent_id": "t1_cfhrgma", "permalink": "/r/Frozen/comments/1y5zcq/one_with_the_wind_and_sky/cfhrlk9/", "score": 3, "stickied": false, "subreddit_id": "t5_2vpth", "author_name": "loopuleasa", "author_id": "4josc", "subreddit_name": "frozen"}, {"body": "Made ~~a couple~~ several more. Hopefully there's something for everyone!\n\nhttp://i.imgur.com/YmomLxF.jpg\n\nhttp://i.imgur.com/eQ5sSvv.jpg\n\nhttp://i.imgur.com/CQtZPDA.jpg\n\nhttp://i.imgur.com/dKkfzhw.jpg\n\nhttp://i.imgur.com/iR1YMrM.jpg\n\nhttp://i.imgur.com/hBrwj8H.jpg\n\nhttp://i.imgur.com/VIj98pI.jpg", "created_utc": 1392724407.0, "distinguished": null, "edited": 1392741867.0, "id": "cfi8y40", "is_submitter": false, "link_id": "t3_1y5zcq", "parent_id": "t1_cfi8tt8", "permalink": "/r/Frozen/comments/1y5zcq/one_with_the_wind_and_sky/cfi8y40/", "score": 4, "stickied": false, "subreddit_id": "t5_2vpth", "author_name": "Chimon", "author_id": "640oy", "subreddit_name": "frozen"}, {"body": "I regret that I only have one upvote to give. Thanks!", "created_utc": 1392715601.0, "distinguished": null, "edited": false, "id": "cfi7h54", "is_submitter": false, "link_id": "t3_1y5zcq", "parent_id": "t1_cfht9of", "permalink": "/r/Frozen/comments/1y5zcq/one_with_the_wind_and_sky/cfi7h54/", "score": 3, "stickied": false, "subreddit_id": "t5_2vpth", "author_name": "Chimon", "author_id": "640oy", "subreddit_name": "frozen"}, {"body": "Out of curiosity, where'd you get the plain background of just the crest? I saw the House Arendelle one a couple days ago and I've been looking for just the background without the text ever since. ", "created_utc": 1392710060.0, "distinguished": null, "edited": false, "id": "cfi6f6d", "is_submitter": false, "link_id": "t3_1y5zcq", "parent_id": "t1_cfht9of", "permalink": "/r/Frozen/comments/1y5zcq/one_with_the_wind_and_sky/cfi6f6d/", "score": 2, "stickied": false, "subreddit_id": "t5_2vpth", "author_name": "JiForce", "author_id": "5fwj2", "subreddit_name": "frozen"}, {"body": "I have to admit a preference for 'Here we stand. Here we stay.' Just sounds... right for a house motto coming out of the events of the movie.", "created_utc": 1392736251.0, "distinguished": null, "edited": false, "id": "cfic0sx", "is_submitter": false, "link_id": "t3_1y5zcq", "parent_id": "t1_cfi8y40", "permalink": "/r/Frozen/comments/1y5zcq/one_with_the_wind_and_sky/cfic0sx/", "score": 1, "stickied": false, "subreddit_id": "t5_2vpth", "author_name": "ThatOtherGuy435", "author_id": "b2hqs", "subreddit_name": "frozen"}, {"body": "Photoshop magic to dupe background.", "created_utc": 1392723685.0, "distinguished": null, "edited": false, "id": "cfi8tow", "is_submitter": true, "link_id": "t3_1y5zcq", "parent_id": "t1_cfi6f6d", "permalink": "/r/Frozen/comments/1y5zcq/one_with_the_wind_and_sky/cfi8tow/", "score": 3, "stickied": false, "subreddit_id": "t5_2vpth", "author_name": "loopuleasa", "author_id": "4josc", "subreddit_name": "frozen"}, {"body": "\"Here We Stand\" is actually the motto for House Mormont from Game of Thrones!", "created_utc": 1392742026.0, "distinguished": null, "edited": false, "id": "cfieek5", "is_submitter": false, "link_id": "t3_1y5zcq", "parent_id": "t1_cfic0sx", "permalink": "/r/Frozen/comments/1y5zcq/one_with_the_wind_and_sky/cfieek5/", "score": 1, "stickied": false, "subreddit_id": "t5_2vpth", "author_name": "Chimon", "author_id": "640oy", "subreddit_name": "frozen"}, {"body": "Bleh, I looked closer and now I can see the cloned sections. Wish the original clean version was available though. ", "created_utc": 1392724836.0, "distinguished": null, "edited": false, "id": "cfi90pz", "is_submitter": false, "link_id": "t3_1y5zcq", "parent_id": "t1_cfi8tow", "permalink": "/r/Frozen/comments/1y5zcq/one_with_the_wind_and_sky/cfi90pz/", "score": 1, "stickied": false, "subreddit_id": "t5_2vpth", "author_name": "JiForce", "author_id": "5fwj2", "subreddit_name": "frozen"}, {"body": "[eh-hem](http://sporadic-tiger.tumblr.com/post/72113593526)", "created_utc": 1392790261.0, "distinguished": null, "edited": false, "id": "cfj17a5", "is_submitter": false, "link_id": "t3_1y5zcq", "parent_id": "t1_cfi90pz", "permalink": "/r/Frozen/comments/1y5zcq/one_with_the_wind_and_sky/cfj17a5/", "score": 1, "stickied": false, "subreddit_id": "t5_2vpth", "author_name": "damocles2501", "author_id": "d3wqx", "subreddit_name": "frozen"}]