{"clicked": false, "created_utc": 1392663111.0, "distinguished": null, "edited": false, "id": "1y5zcq", "is_video": false, "locked": false, "num_comments": 27, "over_18": false, "permalink": "/r/Frozen/comments/1y5zcq/one_with_the_wind_and_sky/", "score": 129, "selftext": "", "stickied": false, "subreddit_id": "t5_2vpth", "title": "One with the wind and sky", "url": "http://i.imgur.com/F5Cu3yk.jpg", "author_name": "loopuleasa", "author_id": "4josc", "subreddit_name": "frozen", "upvote_ratio": 0.99}