[{"body": "Love this scene. Anna for life.", "created_utc": 1391887887.0, "distinguished": null, "edited": false, "id": "cfacrke", "is_submitter": false, "link_id": "t3_1xdh6u", "parent_id": "t3_1xdh6u", "permalink": "/r/Frozen/comments/1xdh6u/emotions_overload/cfacrke/", "score": 43, "stickied": false, "subreddit_id": "t5_2vpth", "author_name": "Portgas", "author_id": "7kc75", "subreddit_name": "frozen"}, {"body": "Its clips like this that make you appreciate the range of emotions that they put into the characters.\n\nThe clip is.. 7-8 seconds long?\nThe amount/range of emotions that are in there..\nAnticipations.. sheer joy.. that lip bite..", "created_utc": 1391887777.0, "distinguished": null, "edited": false, "id": "cfacpwr", "is_submitter": false, "link_id": "t3_1xdh6u", "parent_id": "t3_1xdh6u", "permalink": "/r/Frozen/comments/1xdh6u/emotions_overload/cfacpwr/", "score": 30, "stickied": false, "subreddit_id": "t5_2vpth", "author_name": "gdkitty", "author_id": "8payt", "subreddit_name": "frozen"}, {"body": "This clip explains why I'm pro Anna. I don't understand why Elsa gets all the love!", "created_utc": 1391891915.0, "distinguished": null, "edited": false, "id": "cfaeeoc", "is_submitter": false, "link_id": "t3_1xdh6u", "parent_id": "t3_1xdh6u", "permalink": "/r/Frozen/comments/1xdh6u/emotions_overload/cfaeeoc/", "score": 19, "stickied": false, "subreddit_id": "t5_2vpth", "author_name": "UpvoteBecauseIcan", "author_id": "bpim5", "subreddit_name": "frozen"}, {"body": "Glad to see others here that appreciate Anna and her adorable mannerisms.  Other examples are when she first interacts with Elsa at the ball, when she talks to Christoff in the sled, and when she pretends she doesn't care if he comes along after the sled explodes..   Oh and that goofy upside down smile during the dance with Weaseltown.. i mean Weselton :)", "created_utc": 1391893864.0, "distinguished": null, "edited": false, "id": "cfaf6ln", "is_submitter": false, "link_id": "t3_1xdh6u", "parent_id": "t3_1xdh6u", "permalink": "/r/Frozen/comments/1xdh6u/emotions_overload/cfaf6ln/", "score": 15, "stickied": false, "subreddit_id": "t5_2vpth", "author_name": "irckeekle", "author_id": "ashba", "subreddit_name": "frozen"}, {"body": "I want to DIE... I did not asked to love this movie. Im a 36-year old tax payer and father of two and I DON'T squee...even if I just did...\n\nPlease Metal Gods,purge me of this Disney whimsy! Ozzy,Lars,Max,Angus! Help me!", "created_utc": 1391918530.0, "distinguished": null, "edited": false, "id": "cfaoerd", "is_submitter": false, "link_id": "t3_1xdh6u", "parent_id": "t3_1xdh6u", "permalink": "/r/Frozen/comments/1xdh6u/emotions_overload/cfaoerd/", "score": 16, "stickied": false, "subreddit_id": "t5_2vpth", "author_name": "Guild_Navigator", "author_id": "6v5xw", "subreddit_name": "frozen"}, {"body": "[Source]( http://www.reddit.com/r/reactiongifs/comments/1uvwr2/mrw_im_showing_a_movie_to_my_friends_after_seeing/.json) ", "created_utc": 1391886991.0, "distinguished": null, "edited": false, "id": "cfacein", "is_submitter": true, "link_id": "t3_1xdh6u", "parent_id": "t3_1xdh6u", "permalink": "/r/Frozen/comments/1xdh6u/emotions_overload/cfacein/", "score": 7, "stickied": false, "subreddit_id": "t5_2vpth", "author_name": "Bike_stole_my_nigga", "author_id": "7xpbm", "subreddit_name": "frozen"}, {"body": "That lip bite. ", "created_utc": 1391928239.0, "distinguished": null, "edited": false, "id": "cfari8z", "is_submitter": false, "link_id": "t3_1xdh6u", "parent_id": "t3_1xdh6u", "permalink": "/r/Frozen/comments/1xdh6u/emotions_overload/cfari8z/", "score": 3, "stickied": false, "subreddit_id": "t5_2vpth", "author_name": "Frankmer9", "author_id": "77bx6", "subreddit_name": "frozen"}, {"body": "Minus? Guess I'll grab a sandwich while this loads...", "created_utc": 1391904043.0, "distinguished": null, "edited": false, "id": "cfaj3lv", "is_submitter": false, "link_id": "t3_1xdh6u", "parent_id": "t3_1xdh6u", "permalink": "/r/Frozen/comments/1xdh6u/emotions_overload/cfaj3lv/", "score": 1, "stickied": false, "subreddit_id": "t5_2vpth", "author_name": null, "author_id": null, "subreddit_name": "frozen"}, {"body": "best gif imo.  Anna's emotions and personality are what makes her character so adorable.  The way her eyes move back and forth and that shout.  so awesome", "created_utc": 1391906071.0, "distinguished": null, "edited": false, "id": "cfajvkz", "is_submitter": false, "link_id": "t3_1xdh6u", "parent_id": "t1_cfacrke", "permalink": "/r/Frozen/comments/1xdh6u/emotions_overload/cfajvkz/", "score": 16, "stickied": false, "subreddit_id": "t5_2vpth", "author_name": "baconbroth", "author_id": "cidv2", "subreddit_name": "frozen"}, {"body": "Indeed, this is one of my favorite scenes. Anna is imo the best character in Frozen. She's so awesome", "created_utc": 1391909191.0, "distinguished": null, "edited": false, "id": "cfal1zc", "is_submitter": false, "link_id": "t3_1xdh6u", "parent_id": "t1_cfacrke", "permalink": "/r/Frozen/comments/1xdh6u/emotions_overload/cfal1zc/", "score": 11, "stickied": false, "subreddit_id": "t5_2vpth", "author_name": "Greeny95", "author_id": "di7py", "subreddit_name": "frozen"}, {"body": "This is why I like watching the videos to listen to the music instead of just listening to the soundtrack. The animation and expressions really add to it!", "created_utc": 1391893482.0, "distinguished": null, "edited": false, "id": "cfaf11a", "is_submitter": false, "link_id": "t3_1xdh6u", "parent_id": "t1_cfacpwr", "permalink": "/r/Frozen/comments/1xdh6u/emotions_overload/cfaf11a/", "score": 10, "stickied": false, "subreddit_id": "t5_2vpth", "author_name": null, "author_id": null, "subreddit_name": "frozen"}, {"body": "Same here, Anna's body language is so adorable it hurts.", "created_utc": 1391892050.0, "distinguished": null, "edited": false, "id": "cfaegm0", "is_submitter": false, "link_id": "t3_1xdh6u", "parent_id": "t1_cfaeeoc", "permalink": "/r/Frozen/comments/1xdh6u/emotions_overload/cfaegm0/", "score": 24, "stickied": false, "subreddit_id": "t5_2vpth", "author_name": "throwaway32443543", "author_id": "ewust", "subreddit_name": "frozen"}, {"body": "Why no both?", "created_utc": 1391895120.0, "distinguished": null, "edited": false, "id": "cfafoa9", "is_submitter": false, "link_id": "t3_1xdh6u", "parent_id": "t1_cfaeeoc", "permalink": "/r/Frozen/comments/1xdh6u/emotions_overload/cfafoa9/", "score": 9, "stickied": false, "subreddit_id": "t5_2vpth", "author_name": "Elsanna", "author_id": "f5jzk", "subreddit_name": "frozen"}, {"body": "Although Elsa is my favored character (as a fictional character), Anna is simply an easier person (as a person if I knew her in real life) to love. That gif is probably my favorite one in all of \"Frozen\" fandom.", "created_utc": 1391900260.0, "distinguished": null, "edited": false, "id": "cfahngi", "is_submitter": false, "link_id": "t3_1xdh6u", "parent_id": "t1_cfaeeoc", "permalink": "/r/Frozen/comments/1xdh6u/emotions_overload/cfahngi/", "score": 7, "stickied": false, "subreddit_id": "t5_2vpth", "author_name": "naclhv", "author_id": "enu9n", "subreddit_name": "frozen"}, {"body": "To me she was the main character.", "created_utc": 1391911785.0, "distinguished": null, "edited": false, "id": "cfam0rd", "is_submitter": false, "link_id": "t3_1xdh6u", "parent_id": "t1_cfaeeoc", "permalink": "/r/Frozen/comments/1xdh6u/emotions_overload/cfam0rd/", "score": 5, "stickied": false, "subreddit_id": "t5_2vpth", "author_name": "Bunyungtung", "author_id": "7062v", "subreddit_name": "frozen"}, {"body": "I also love a scene when she hires Kristoff to help her. Her acting all royal :) ", "created_utc": 1391898269.0, "distinguished": null, "edited": 1391902317.0, "id": "cfagwd6", "is_submitter": false, "link_id": "t3_1xdh6u", "parent_id": "t1_cfaf6ln", "permalink": "/r/Frozen/comments/1xdh6u/emotions_overload/cfagwd6/", "score": 12, "stickied": false, "subreddit_id": "t5_2vpth", "author_name": "Portgas", "author_id": "7kc75", "subreddit_name": "frozen"}, {"body": "I think Disney did a great job choosing Kristen Bell to be Anna. I would also love to say that frozen was great at making facial expressions for the characters, if you watched the movie in silence (which I do not recommend) you could see all the depth and emotion given in the words. Also how do you get the princess Anna face next to your name? ", "created_utc": 1391916939.0, "distinguished": null, "edited": false, "id": "cfanus5", "is_submitter": false, "link_id": "t3_1xdh6u", "parent_id": "t1_cfaf6ln", "permalink": "/r/Frozen/comments/1xdh6u/emotions_overload/cfanus5/", "score": 6, "stickied": false, "subreddit_id": "t5_2vpth", "author_name": null, "author_id": null, "subreddit_name": "frozen"}, {"body": "Nah, no more of the conceal, don't feel, it's time to let it go\u2026", "created_utc": 1391921772.0, "distinguished": null, "edited": false, "id": "cfapizp", "is_submitter": false, "link_id": "t3_1xdh6u", "parent_id": "t1_cfaoerd", "permalink": "/r/Frozen/comments/1xdh6u/emotions_overload/cfapizp/", "score": 10, "stickied": false, "subreddit_id": "t5_2vpth", "author_name": "irckeekle", "author_id": "ashba", "subreddit_name": "frozen"}, {"body": "I am the same age, etc. \n\nI have come to accept it and just go with it. I have an Elsa mug for at work, and am proud of it.   Anyone who doesn't like it, hasn't seen the awesomeness of this movie. \n\nProves, that whatever Disney did do, they did it right that it can have the effect on the not 'regular' demographic for the movie. ", "created_utc": 1391949256.0, "distinguished": null, "edited": false, "id": "cfav4gf", "is_submitter": false, "link_id": "t3_1xdh6u", "parent_id": "t1_cfaoerd", "permalink": "/r/Frozen/comments/1xdh6u/emotions_overload/cfav4gf/", "score": 4, "stickied": false, "subreddit_id": "t5_2vpth", "author_name": "gdkitty", "author_id": "8payt", "subreddit_name": "frozen"}, {"body": "Though.. i have SEEN it enough now.. i can see most of the images in my head.\n\nJust listening to stuff like the grown up anna in \"do you want to build a snowman\"... i can see the sorrow in anna's face... and pretty much start to cry anyways :P", "created_utc": 1391893997.0, "distinguished": null, "edited": false, "id": "cfaf8hf", "is_submitter": false, "link_id": "t3_1xdh6u", "parent_id": "t1_cfaf11a", "permalink": "/r/Frozen/comments/1xdh6u/emotions_overload/cfaf8hf/", "score": 7, "stickied": false, "subreddit_id": "t5_2vpth", "author_name": "gdkitty", "author_id": "8payt", "subreddit_name": "frozen"}, {"body": "A good one to hit you right in those feels is the fixer upper scene. Watch it on YouTube, but watch and listen to her in it.", "created_utc": 1391892823.0, "distinguished": null, "edited": false, "id": "cfaern0", "is_submitter": false, "link_id": "t3_1xdh6u", "parent_id": "t1_cfaegm0", "permalink": "/r/Frozen/comments/1xdh6u/emotions_overload/cfaern0/", "score": 11, "stickied": false, "subreddit_id": "t5_2vpth", "author_name": "UpvoteBecauseIcan", "author_id": "bpim5", "subreddit_name": "frozen"}, {"body": "Both work.\n\nAlso, elsanna? WHYYYY", "created_utc": 1391895304.0, "distinguished": null, "edited": false, "id": "cfafqyr", "is_submitter": false, "link_id": "t3_1xdh6u", "parent_id": "t1_cfafoa9", "permalink": "/r/Frozen/comments/1xdh6u/emotions_overload/cfafqyr/", "score": 9, "stickied": false, "subreddit_id": "t5_2vpth", "author_name": "UpvoteBecauseIcan", "author_id": "bpim5", "subreddit_name": "frozen"}, {"body": "I think she was, at least to me objectively she was the main focus. It was as if the film was how she copes with challenges, and I must say, the way she handled it all is what makes her so great. I mean in the scene when they burry the parents, she does it alone!", "created_utc": 1391914661.0, "distinguished": null, "edited": false, "id": "cfan1qv", "is_submitter": false, "link_id": "t3_1xdh6u", "parent_id": "t1_cfam0rd", "permalink": "/r/Frozen/comments/1xdh6u/emotions_overload/cfan1qv/", "score": 6, "stickied": false, "subreddit_id": "t5_2vpth", "author_name": "UpvoteBecauseIcan", "author_id": "bpim5", "subreddit_name": "frozen"}, {"body": "Hans? you mean Kristoph :)\n\nThat's still a better mistake.. than the \"anna and sven's child\" I accidently posted on another thread, rather than Kristoph >.>", "created_utc": 1391902055.0, "distinguished": null, "edited": false, "id": "cfaicsf", "is_submitter": false, "link_id": "t3_1xdh6u", "parent_id": "t1_cfagwd6", "permalink": "/r/Frozen/comments/1xdh6u/emotions_overload/cfaicsf/", "score": 9, "stickied": false, "subreddit_id": "t5_2vpth", "author_name": "gdkitty", "author_id": "8payt", "subreddit_name": "frozen"}, {"body": "ah yes, i almost added that to the list.. \"We leave.. now!\" ", "created_utc": 1391899859.0, "distinguished": null, "edited": false, "id": "cfahi26", "is_submitter": false, "link_id": "t3_1xdh6u", "parent_id": "t1_cfagwd6", "permalink": "/r/Frozen/comments/1xdh6u/emotions_overload/cfahi26/", "score": 2, "stickied": false, "subreddit_id": "t5_2vpth", "author_name": "irckeekle", "author_id": "ashba", "subreddit_name": "frozen"}, {"body": "Over on the right under the subscribe button you can pick your \"flair\" for your posts (and even a custom quote). \n\nAnd yes I just love watching the facial emotions in this movie.", "created_utc": 1391920043.0, "distinguished": null, "edited": false, "id": "cfaoxay", "is_submitter": false, "link_id": "t3_1xdh6u", "parent_id": "t1_cfanus5", "permalink": "/r/Frozen/comments/1xdh6u/emotions_overload/cfaoxay/", "score": 2, "stickied": false, "subreddit_id": "t5_2vpth", "author_name": "irckeekle", "author_id": "ashba", "subreddit_name": "frozen"}, {"body": "because he can :3", "created_utc": 1391897353.0, "distinguished": null, "edited": false, "id": "cfagji8", "is_submitter": false, "link_id": "t3_1xdh6u", "parent_id": "t1_cfafqyr", "permalink": "/r/Frozen/comments/1xdh6u/emotions_overload/cfagji8/", "score": 3, "stickied": false, "subreddit_id": "t5_2vpth", "author_name": "ANakedHobo", "author_id": "ds718", "subreddit_name": "frozen"}, {"body": "You're in good company. \"Oh, you're both... Well okay, then, it makes things easier for me.\"", "created_utc": 1391902124.0, "distinguished": null, "edited": false, "id": "cfaidro", "is_submitter": false, "link_id": "t3_1xdh6u", "parent_id": "t1_cfaicsf", "permalink": "/r/Frozen/comments/1xdh6u/emotions_overload/cfaidro/", "score": 4, "stickied": false, "subreddit_id": "t5_2vpth", "author_name": "naclhv", "author_id": "enu9n", "subreddit_name": "frozen"}, {"body": "haha, you're right, my mistake. Anna and sven's child is...unsettling.", "created_utc": 1391902299.0, "distinguished": null, "edited": false, "id": "cfaig55", "is_submitter": false, "link_id": "t3_1xdh6u", "parent_id": "t1_cfaicsf", "permalink": "/r/Frozen/comments/1xdh6u/emotions_overload/cfaig55/", "score": 3, "stickied": false, "subreddit_id": "t5_2vpth", "author_name": "Portgas", "author_id": "7kc75", "subreddit_name": "frozen"}, {"body": "Right now. ", "created_utc": 1391914565.0, "distinguished": null, "edited": false, "id": "cfan0kp", "is_submitter": false, "link_id": "t3_1xdh6u", "parent_id": "t1_cfahi26", "permalink": "/r/Frozen/comments/1xdh6u/emotions_overload/cfan0kp/", "score": 3, "stickied": false, "subreddit_id": "t5_2vpth", "author_name": "teffhk", "author_id": "dyxc8", "subreddit_name": "frozen"}, {"body": "Thank you! :)", "created_utc": 1391920920.0, "distinguished": null, "edited": false, "id": "cfap8bm", "is_submitter": false, "link_id": "t3_1xdh6u", "parent_id": "t1_cfaoxay", "permalink": "/r/Frozen/comments/1xdh6u/emotions_overload/cfap8bm/", "score": 1, "stickied": false, "subreddit_id": "t5_2vpth", "author_name": null, "author_id": null, "subreddit_name": "frozen"}, {"body": "But after watching the movie and morals and whyyy? It's just wrong >.<", "created_utc": 1391897759.0, "distinguished": null, "edited": false, "id": "cfagp7l", "is_submitter": false, "link_id": "t3_1xdh6u", "parent_id": "t1_cfagji8", "permalink": "/r/Frozen/comments/1xdh6u/emotions_overload/cfagp7l/", "score": 10, "stickied": false, "subreddit_id": "t5_2vpth", "author_name": "UpvoteBecauseIcan", "author_id": "bpim5", "subreddit_name": "frozen"}, {"body": "Don't recall when Olaf finally figured it out.. since he does call him Christoff later in the movie. ", "created_utc": 1391902456.0, "distinguished": null, "edited": false, "id": "cfaiias", "is_submitter": false, "link_id": "t3_1xdh6u", "parent_id": "t1_cfaidro", "permalink": "/r/Frozen/comments/1xdh6u/emotions_overload/cfaiias/", "score": 2, "stickied": false, "subreddit_id": "t5_2vpth", "author_name": "irckeekle", "author_id": "ashba", "subreddit_name": "frozen"}, {"body": "Good choice of flair and quote :)", "created_utc": 1391921585.0, "distinguished": null, "edited": false, "id": "cfapgoi", "is_submitter": false, "link_id": "t3_1xdh6u", "parent_id": "t1_cfap8bm", "permalink": "/r/Frozen/comments/1xdh6u/emotions_overload/cfapgoi/", "score": 2, "stickied": false, "subreddit_id": "t5_2vpth", "author_name": "irckeekle", "author_id": "ashba", "subreddit_name": "frozen"}, {"body": "[deleted]", "created_utc": 1391901479.0, "distinguished": null, "edited": false, "id": "cfai4rk", "is_submitter": false, "link_id": "t3_1xdh6u", "parent_id": "t1_cfagp7l", "permalink": "/r/Frozen/comments/1xdh6u/emotions_overload/cfai4rk/", "score": -3, "stickied": false, "subreddit_id": "t5_2vpth", "author_name": null, "author_id": null, "subreddit_name": "frozen"}, {"body": "Olaf figures it out when they visit the trolls/love experts to find out how to help Anna.\n\n> Troll: Kristoff's home!\n\n> Olaf: Kristoff's home! Wait, Kristoff?\n\n> <Troll nods>", "created_utc": 1391903668.0, "distinguished": null, "edited": false, "id": "cfaiyhi", "is_submitter": false, "link_id": "t3_1xdh6u", "parent_id": "t1_cfaiias", "permalink": "/r/Frozen/comments/1xdh6u/emotions_overload/cfaiyhi/", "score": 6, "stickied": false, "subreddit_id": "t5_2vpth", "author_name": "randomness43080", "author_id": "f3ivm", "subreddit_name": "frozen"}, {"body": "Yeah the flair is D'awwwwwesome! Thank you so much fellow Anna", "created_utc": 1391922459.0, "distinguished": null, "edited": false, "id": "cfaprgh", "is_submitter": false, "link_id": "t3_1xdh6u", "parent_id": "t1_cfapgoi", "permalink": "/r/Frozen/comments/1xdh6u/emotions_overload/cfaprgh/", "score": 1, "stickied": false, "subreddit_id": "t5_2vpth", "author_name": null, "author_id": null, "subreddit_name": "frozen"}, {"body": "It really doesn't ", "created_utc": 1391902232.0, "distinguished": null, "edited": false, "id": "cfaifaa", "is_submitter": false, "link_id": "t3_1xdh6u", "parent_id": "t1_cfai4rk", "permalink": "/r/Frozen/comments/1xdh6u/emotions_overload/cfaifaa/", "score": 5, "stickied": false, "subreddit_id": "t5_2vpth", "author_name": "UpvoteBecauseIcan", "author_id": "bpim5", "subreddit_name": "frozen"}, {"body": "ah yes, of course.  Obviously seeing this movie three times is not enough. (using anything as an excuse)", "created_utc": 1391906577.0, "distinguished": null, "edited": false, "id": "cfak2kq", "is_submitter": false, "link_id": "t3_1xdh6u", "parent_id": "t1_cfaiyhi", "permalink": "/r/Frozen/comments/1xdh6u/emotions_overload/cfak2kq/", "score": 1, "stickied": false, "subreddit_id": "t5_2vpth", "author_name": "irckeekle", "author_id": "ashba", "subreddit_name": "frozen"}, {"body": "[deleted]", "created_utc": 1391904831.0, "distinguished": null, "edited": false, "id": "cfaje8i", "is_submitter": false, "link_id": "t3_1xdh6u", "parent_id": "t1_cfaifaa", "permalink": "/r/Frozen/comments/1xdh6u/emotions_overload/cfaje8i/", "score": 1, "stickied": false, "subreddit_id": "t5_2vpth", "author_name": null, "author_id": null, "subreddit_name": "frozen"}, {"body": "It's like defiling my favorite animated characters D:", "created_utc": 1391904923.0, "distinguished": null, "edited": false, "id": "cfajfjw", "is_submitter": false, "link_id": "t3_1xdh6u", "parent_id": "t1_cfaje8i", "permalink": "/r/Frozen/comments/1xdh6u/emotions_overload/cfajfjw/", "score": 8, "stickied": false, "subreddit_id": "t5_2vpth", "author_name": "UpvoteBecauseIcan", "author_id": "bpim5", "subreddit_name": "frozen"}, {"body": "[deleted]", "created_utc": 1391905010.0, "distinguished": null, "edited": 1391905241.0, "id": "cfajgs4", "is_submitter": false, "link_id": "t3_1xdh6u", "parent_id": "t1_cfajfjw", "permalink": "/r/Frozen/comments/1xdh6u/emotions_overload/cfajgs4/", "score": 4, "stickied": false, "subreddit_id": "t5_2vpth", "author_name": null, "author_id": null, "subreddit_name": "frozen"}]