{"clicked": false, "created_utc": 1391886824.0, "distinguished": null, "edited": false, "id": "1xdh6u", "is_video": false, "locked": false, "num_comments": 42, "over_18": false, "permalink": "/r/Frozen/comments/1xdh6u/emotions_overload/", "score": 254, "selftext": "", "stickied": false, "subreddit_id": "t5_2vpth", "title": "Emotions overload", "url": "http://i.minus.com/iHGbgJ8nAuZ5M.gif", "author_name": "Bike_stole_my_nigga", "author_id": "7xpbm", "subreddit_name": "frozen", "upvote_ratio": 0.99}