[{"body": "That was the best surprise in the credits.  Although marshmallow does look great in a crown", "created_utc": 1391289259.0, "distinguished": null, "edited": false, "id": "cf4m04i", "is_submitter": false, "link_id": "t3_1wqtg3", "parent_id": "t3_1wqtg3", "permalink": "/r/Frozen/comments/1wqtg3/i_love_that_they_put_this_in_the_end_credits/cf4m04i/", "score": 35, "stickied": false, "subreddit_id": "t5_2vpth", "author_name": "WFJCSkipper", "author_id": "absxp", "subreddit_name": "frozen"}, {"body": "Yeah, they say that...But they know that Kristoff speaks truth.\n\nWe all do it.", "created_utc": 1391285890.0, "distinguished": null, "edited": false, "id": "cf4kpbb", "is_submitter": false, "link_id": "t3_1wqtg3", "parent_id": "t3_1wqtg3", "permalink": "/r/Frozen/comments/1wqtg3/i_love_that_they_put_this_in_the_end_credits/cf4kpbb/", "score": 48, "stickied": false, "subreddit_id": "t5_2vpth", "author_name": "WanderingRurouni", "author_id": "bes49", "subreddit_name": "frozen"}, {"body": "[deleted]", "created_utc": 1391298468.0, "distinguished": null, "edited": false, "id": "cf4pl5r", "is_submitter": false, "link_id": "t3_1wqtg3", "parent_id": "t3_1wqtg3", "permalink": "/r/Frozen/comments/1wqtg3/i_love_that_they_put_this_in_the_end_credits/cf4pl5r/", "score": 8, "stickied": false, "subreddit_id": "t5_2vpth", "author_name": null, "author_id": null, "subreddit_name": "frozen"}, {"body": "Excuse me mister, Kristoff is (almost) a prince.", "created_utc": 1391304332.0, "distinguished": null, "edited": false, "id": "cf4rw5d", "is_submitter": false, "link_id": "t3_1wqtg3", "parent_id": "t3_1wqtg3", "permalink": "/r/Frozen/comments/1wqtg3/i_love_that_they_put_this_in_the_end_credits/cf4rw5d/", "score": 7, "stickied": false, "subreddit_id": "t5_2vpth", "author_name": "m_sobol", "author_id": "cdluz", "subreddit_name": "frozen"}, {"body": "I loved that and the person assigned the Caffeinator title. :3 ", "created_utc": 1391310214.0, "distinguished": null, "edited": false, "id": "cf4u5j4", "is_submitter": false, "link_id": "t3_1wqtg3", "parent_id": "t3_1wqtg3", "permalink": "/r/Frozen/comments/1wqtg3/i_love_that_they_put_this_in_the_end_credits/cf4u5j4/", "score": 3, "stickied": false, "subreddit_id": "t5_2vpth", "author_name": null, "author_id": null, "subreddit_name": "frozen"}, {"body": "Thank heavens that they mentioned where the soundtrack was available.", "created_utc": 1395560479.0, "distinguished": null, "edited": false, "id": "cg9n3cr", "is_submitter": false, "link_id": "t3_1wqtg3", "parent_id": "t3_1wqtg3", "permalink": "/r/Frozen/comments/1wqtg3/i_love_that_they_put_this_in_the_end_credits/cg9n3cr/", "score": 2, "stickied": false, "subreddit_id": "t5_2vpth", "author_name": "Stolen_Goods", "author_id": "8vqw5", "subreddit_name": "frozen"}, {"body": "Am I missing something here? It looks perfectly fine to me.\n\n**Edit:** Now I see it", "created_utc": 1397934573.0, "distinguished": null, "edited": 1398028728.0, "id": "cgwpl0k", "is_submitter": false, "link_id": "t3_1wqtg3", "parent_id": "t3_1wqtg3", "permalink": "/r/Frozen/comments/1wqtg3/i_love_that_they_put_this_in_the_end_credits/cgwpl0k/", "score": 1, "stickied": false, "subreddit_id": "t5_2vpth", "author_name": null, "author_id": null, "subreddit_name": "frozen"}, {"body": "I do it.", "created_utc": 1398221015.0, "distinguished": null, "edited": false, "id": "cgzlavb", "is_submitter": false, "link_id": "t3_1wqtg3", "parent_id": "t3_1wqtg3", "permalink": "/r/Frozen/comments/1wqtg3/i_love_that_they_put_this_in_the_end_credits/cgzlavb/", "score": 1, "stickied": false, "subreddit_id": "t5_2vpth", "author_name": "Jmvars", "author_id": "5ldsi", "subreddit_name": "frozen"}, {"body": "That he does! ", "created_utc": 1391290256.0, "distinguished": null, "edited": false, "id": "cf4mdz1", "is_submitter": true, "link_id": "t3_1wqtg3", "parent_id": "t1_cf4m04i", "permalink": "/r/Frozen/comments/1wqtg3/i_love_that_they_put_this_in_the_end_credits/cf4mdz1/", "score": 9, "stickied": false, "subreddit_id": "t5_2vpth", "author_name": "ilovesuperman", "author_id": "aoj2u", "subreddit_name": "frozen"}, {"body": "And i feel so unworthy that i didn't notice that... god how could i miss that?", "created_utc": 1391290282.0, "distinguished": null, "edited": false, "id": "cf4mec9", "is_submitter": false, "link_id": "t3_1wqtg3", "parent_id": "t1_cf4m04i", "permalink": "/r/Frozen/comments/1wqtg3/i_love_that_they_put_this_in_the_end_credits/cf4mec9/", "score": 8, "stickied": false, "subreddit_id": "t5_2vpth", "author_name": null, "author_id": null, "subreddit_name": "frozen"}, {"body": "What? Pic?", "created_utc": 1391323919.0, "distinguished": null, "edited": false, "id": "cf4yudz", "is_submitter": false, "link_id": "t3_1wqtg3", "parent_id": "t1_cf4m04i", "permalink": "/r/Frozen/comments/1wqtg3/i_love_that_they_put_this_in_the_end_credits/cf4yudz/", "score": 4, "stickied": false, "subreddit_id": "t5_2vpth", "author_name": "ares623", "author_id": "3mbae", "subreddit_name": "frozen"}, {"body": "Marshmallow with a crown is quite fabulous indeed", "created_utc": 1391290339.0, "distinguished": null, "edited": false, "id": "cf4mf3s", "is_submitter": false, "link_id": "t3_1wqtg3", "parent_id": "t1_cf4m04i", "permalink": "/r/Frozen/comments/1wqtg3/i_love_that_they_put_this_in_the_end_credits/cf4mf3s/", "score": 6, "stickied": false, "subreddit_id": "t5_2vpth", "author_name": "baconbroth", "author_id": "cidv2", "subreddit_name": "frozen"}, {"body": "The views and opinions expressed by /u/WanderingRurouni in the thread that we all do it are solely his own and do not necessarily reflect the views or opinions of Reddit or /r/Frozen. Neither Reddit nor /r/Frozen make any representation of the accuracy of any such views or opinions.", "created_utc": 1391290226.0, "distinguished": null, "edited": false, "id": "cf4mdjt", "is_submitter": false, "link_id": "t3_1wqtg3", "parent_id": "t1_cf4kpbb", "permalink": "/r/Frozen/comments/1wqtg3/i_love_that_they_put_this_in_the_end_credits/cf4mdjt/", "score": 60, "stickied": false, "subreddit_id": "t5_2vpth", "author_name": null, "author_id": null, "subreddit_name": "frozen"}, {"body": "No we fucking don't. We probably all pick our noses once in a while, but not eat them.", "created_utc": 1392061247.0, "distinguished": null, "edited": false, "id": "cfbwmbx", "is_submitter": false, "link_id": "t3_1wqtg3", "parent_id": "t1_cf4kpbb", "permalink": "/r/Frozen/comments/1wqtg3/i_love_that_they_put_this_in_the_end_credits/cfbwmbx/", "score": 7, "stickied": false, "subreddit_id": "t5_2vpth", "author_name": null, "author_id": null, "subreddit_name": "frozen"}, {"body": "All men do it!", "created_utc": 1391305507.0, "distinguished": null, "edited": false, "id": "cf4scqx", "is_submitter": true, "link_id": "t3_1wqtg3", "parent_id": "t1_cf4rw5d", "permalink": "/r/Frozen/comments/1wqtg3/i_love_that_they_put_this_in_the_end_credits/cf4scqx/", "score": 3, "stickied": false, "subreddit_id": "t5_2vpth", "author_name": "ilovesuperman", "author_id": "aoj2u", "subreddit_name": "frozen"}, {"body": "hahahaha i thought I am the only one who notice that!!.. \n\nit was awesome job title!!.. \n*with Arnold Voice: \"I am Caffeinator.. ...and I'll be back......... .....with your coffee\"", "created_utc": 1391462884.0, "distinguished": null, "edited": false, "id": "cf67n7j", "is_submitter": false, "link_id": "t3_1wqtg3", "parent_id": "t1_cf4u5j4", "permalink": "/r/Frozen/comments/1wqtg3/i_love_that_they_put_this_in_the_end_credits/cf67n7j/", "score": 1, "stickied": false, "subreddit_id": "t5_2vpth", "author_name": "simien05", "author_id": "d9qj1", "subreddit_name": "frozen"}, {"body": "Well if you're not really paying attention to the end credits it's easy to miss! It's okay:)", "created_utc": 1391293773.0, "distinguished": null, "edited": false, "id": "cf4nr0g", "is_submitter": true, "link_id": "t3_1wqtg3", "parent_id": "t1_cf4mec9", "permalink": "/r/Frozen/comments/1wqtg3/i_love_that_they_put_this_in_the_end_credits/cf4nr0g/", "score": 10, "stickied": false, "subreddit_id": "t5_2vpth", "author_name": "ilovesuperman", "author_id": "aoj2u", "subreddit_name": "frozen"}, {"body": "Let It Go.", "created_utc": 1392348187.0, "distinguished": null, "edited": false, "id": "cfewo8d", "is_submitter": false, "link_id": "t3_1wqtg3", "parent_id": "t1_cf4mec9", "permalink": "/r/Frozen/comments/1wqtg3/i_love_that_they_put_this_in_the_end_credits/cfewo8d/", "score": 3, "stickied": false, "subreddit_id": "t5_2vpth", "author_name": "Rhamni", "author_id": "bgzmt", "subreddit_name": "frozen"}, {"body": "hahaha good one!", "created_utc": 1391302450.0, "distinguished": null, "edited": false, "id": "cf4r63c", "is_submitter": false, "link_id": "t3_1wqtg3", "parent_id": "t1_cf4mdjt", "permalink": "/r/Frozen/comments/1wqtg3/i_love_that_they_put_this_in_the_end_credits/cf4r63c/", "score": 2, "stickied": false, "subreddit_id": "t5_2vpth", "author_name": "simien05", "author_id": "d9qj1", "subreddit_name": "frozen"}, {"body": "I do.", "created_utc": 1398221023.0, "distinguished": null, "edited": false, "id": "cgzlb05", "is_submitter": false, "link_id": "t3_1wqtg3", "parent_id": "t1_cfbwmbx", "permalink": "/r/Frozen/comments/1wqtg3/i_love_that_they_put_this_in_the_end_credits/cgzlb05/", "score": 4, "stickied": false, "subreddit_id": "t5_2vpth", "author_name": "Jmvars", "author_id": "5ldsi", "subreddit_name": "frozen"}, {"body": "Someone's in denial.", "created_utc": 1395312588.0, "distinguished": null, "edited": false, "id": "cg7aj1f", "is_submitter": false, "link_id": "t3_1wqtg3", "parent_id": "t1_cfbwmbx", "permalink": "/r/Frozen/comments/1wqtg3/i_love_that_they_put_this_in_the_end_credits/cg7aj1f/", "score": 4, "stickied": false, "subreddit_id": "t5_2vpth", "author_name": "SerLaidaLot", "author_id": "dxxsp", "subreddit_name": "frozen"}, {"body": "Agreed I pick all the time when no one is around. Do no eat them.", "created_utc": 1395629628.0, "distinguished": null, "edited": false, "id": "cga9z5j", "is_submitter": false, "link_id": "t3_1wqtg3", "parent_id": "t1_cfbwmbx", "permalink": "/r/Frozen/comments/1wqtg3/i_love_that_they_put_this_in_the_end_credits/cga9z5j/", "score": 2, "stickied": false, "subreddit_id": "t5_2vpth", "author_name": "Ultima34", "author_id": "6jlji", "subreddit_name": "frozen"}]