{"clicked": false, "created_utc": 1391281645.0, "distinguished": null, "edited": false, "id": "1wqtg3", "is_video": false, "locked": false, "num_comments": 21, "over_18": false, "permalink": "/r/Frozen/comments/1wqtg3/i_love_that_they_put_this_in_the_end_credits/", "score": 553, "selftext": "", "stickied": false, "subreddit_id": "t5_2vpth", "title": "I love that they put this in the end credits!", "url": "http://i.imgur.com/fEm2Mp0.jpg", "author_name": "ilovesuperman", "author_id": "aoj2u", "subreddit_name": "frozen", "upvote_ratio": 1.0}