[{"body": "I did go almost frame by frame through these, and I will do it with the entire movie, but I will make 100 wallpaper chunks. \n\nSo be posted tomorrow!\n\nBTW, if you want to download all of them, just add \"/zip\" at the end of the imgur link\n\nOnce I'm finished with this, **if you'll put all the wallpapers in a folder and let windows rotate through them chronologically, you'll have a silent frozen movie playing in your desktop 24/7**\n\nA picture is worth a thousand words, so here have a 100.", "created_utc": 1393342401.0, "distinguished": null, "edited": false, "id": "cfob9kl", "is_submitter": true, "link_id": "t3_1ywbgk", "parent_id": "t3_1ywbgk", "permalink": "/r/Frozen/comments/1ywbgk/here_are_100_of_the_most_wallpaper_worthy_shots/cfob9kl/", "score": 33, "stickied": false, "subreddit_id": "t5_2vpth", "author_name": "loopuleasa", "author_id": "4josc", "subreddit_name": "frozen"}, {"body": "I love you", "created_utc": 1393343065.0, "distinguished": null, "edited": false, "id": "cfobjn1", "is_submitter": false, "link_id": "t3_1ywbgk", "parent_id": "t3_1ywbgk", "permalink": "/r/Frozen/comments/1ywbgk/here_are_100_of_the_most_wallpaper_worthy_shots/cfobjn1/", "score": 13, "stickied": false, "subreddit_id": "t5_2vpth", "author_name": "FelixBlue", "author_id": "fca2h", "subreddit_name": "frozen"}, {"body": "You sir are a lifesaver :)\n\nI am currently working on a drawing of \nhttp://i.imgur.com/rLx1mMH.jpg\nexactly... and am working off a print off, off the crappy downloaded version.\n\nI get a digital copy, with my bluray.\nSaved me some time/work! thanks!\n", "created_utc": 1393347449.0, "distinguished": null, "edited": false, "id": "cfodhxc", "is_submitter": false, "link_id": "t3_1ywbgk", "parent_id": "t3_1ywbgk", "permalink": "/r/Frozen/comments/1ywbgk/here_are_100_of_the_most_wallpaper_worthy_shots/cfodhxc/", "score": 9, "stickied": false, "subreddit_id": "t5_2vpth", "author_name": "gdkitty", "author_id": "8payt", "subreddit_name": "frozen"}, {"body": "WOW, frame by frame? Thank you so much!! I want to cry...", "created_utc": 1393344455.0, "distinguished": null, "edited": false, "id": "cfoc5bk", "is_submitter": false, "link_id": "t3_1ywbgk", "parent_id": "t3_1ywbgk", "permalink": "/r/Frozen/comments/1ywbgk/here_are_100_of_the_most_wallpaper_worthy_shots/cfoc5bk/", "score": 8, "stickied": false, "subreddit_id": "t5_2vpth", "author_name": "teffhk", "author_id": "dyxc8", "subreddit_name": "frozen"}, {"body": "***sniff*** \n\nThe HD.... so beautiful.... And I still have to wait a whole goddamn month to buy it with my own two hands D:", "created_utc": 1393348552.0, "distinguished": null, "edited": false, "id": "cfoe0wg", "is_submitter": false, "link_id": "t3_1ywbgk", "parent_id": "t3_1ywbgk", "permalink": "/r/Frozen/comments/1ywbgk/here_are_100_of_the_most_wallpaper_worthy_shots/cfoe0wg/", "score": 6, "stickied": false, "subreddit_id": "t5_2vpth", "author_name": "Rakan-Han", "author_id": "8co91", "subreddit_name": "frozen"}, {"body": "Great, even more reason for me to come to r/frozen now!", "created_utc": 1393348602.0, "distinguished": null, "edited": false, "id": "cfoe1r6", "is_submitter": false, "link_id": "t3_1ywbgk", "parent_id": "t3_1ywbgk", "permalink": "/r/Frozen/comments/1ywbgk/here_are_100_of_the_most_wallpaper_worthy_shots/cfoe1r6/", "score": 5, "stickied": false, "subreddit_id": "t5_2vpth", "author_name": "Chimon", "author_id": "640oy", "subreddit_name": "frozen"}, {"body": "I love it, gonna spend a while looking through these!\n\nThe digital download version isn't available outside the US yet it seems!\nWonder what their reasoning behind that was!? Surely it's just encouraging pirating?\n\nAnyway, I'm just jealous and bitter :P  I'll continue to wait patiently.\n\nEnjoy Frozen HD US pals :) ", "created_utc": 1393354234.0, "distinguished": null, "edited": false, "id": "cfogwky", "is_submitter": false, "link_id": "t3_1ywbgk", "parent_id": "t3_1ywbgk", "permalink": "/r/Frozen/comments/1ywbgk/here_are_100_of_the_most_wallpaper_worthy_shots/cfogwky/", "score": 5, "stickied": false, "subreddit_id": "t5_2vpth", "author_name": "Crazyskillz", "author_id": "cd43h", "subreddit_name": "frozen"}, {"body": "MORE, PLEASE!!!!", "created_utc": 1393358210.0, "distinguished": null, "edited": false, "id": "cfoiy74", "is_submitter": false, "link_id": "t3_1ywbgk", "parent_id": "t3_1ywbgk", "permalink": "/r/Frozen/comments/1ywbgk/here_are_100_of_the_most_wallpaper_worthy_shots/cfoiy74/", "score": 3, "stickied": false, "subreddit_id": "t5_2vpth", "author_name": "creative_username_1", "author_id": "5phmd", "subreddit_name": "frozen"}, {"body": "These are gorgeous! Thanks!", "created_utc": 1393358913.0, "distinguished": null, "edited": false, "id": "cfojbbs", "is_submitter": false, "link_id": "t3_1ywbgk", "parent_id": "t3_1ywbgk", "permalink": "/r/Frozen/comments/1ywbgk/here_are_100_of_the_most_wallpaper_worthy_shots/cfojbbs/", "score": 4, "stickied": false, "subreddit_id": "t5_2vpth", "author_name": "lq13", "author_id": "fblf7", "subreddit_name": "frozen"}, {"body": "Yay, I finally have a shot of that beautiful snowflake in the beginning! I tried Googling it, but my Fu wasn't strong enough.", "created_utc": 1393351550.0, "distinguished": null, "edited": false, "id": "cfofiv9", "is_submitter": false, "link_id": "t3_1ywbgk", "parent_id": "t3_1ywbgk", "permalink": "/r/Frozen/comments/1ywbgk/here_are_100_of_the_most_wallpaper_worthy_shots/cfofiv9/", "score": 3, "stickied": false, "subreddit_id": "t5_2vpth", "author_name": "Canticles", "author_id": "f194d", "subreddit_name": "frozen"}, {"body": "Is the 1080p version out yet? ", "created_utc": 1393354096.0, "distinguished": null, "edited": false, "id": "cfogu1f", "is_submitter": false, "link_id": "t3_1ywbgk", "parent_id": "t3_1ywbgk", "permalink": "/r/Frozen/comments/1ywbgk/here_are_100_of_the_most_wallpaper_worthy_shots/cfogu1f/", "score": 3, "stickied": false, "subreddit_id": "t5_2vpth", "author_name": "TareXmd", "author_id": "5iplk", "subreddit_name": "frozen"}, {"body": "oooh, it's great to get an opportunity to really study all the great patterns and design details inside the castle! Thanks! ", "created_utc": 1393357671.0, "distinguished": null, "edited": false, "id": "cfoio6m", "is_submitter": false, "link_id": "t3_1ywbgk", "parent_id": "t3_1ywbgk", "permalink": "/r/Frozen/comments/1ywbgk/here_are_100_of_the_most_wallpaper_worthy_shots/cfoio6m/", "score": 3, "stickied": false, "subreddit_id": "t5_2vpth", "author_name": "vuelianna", "author_id": "f18ut", "subreddit_name": "frozen"}, {"body": "You're amazing", "created_utc": 1393361009.0, "distinguished": null, "edited": false, "id": "cfokea3", "is_submitter": false, "link_id": "t3_1ywbgk", "parent_id": "t3_1ywbgk", "permalink": "/r/Frozen/comments/1ywbgk/here_are_100_of_the_most_wallpaper_worthy_shots/cfokea3/", "score": 3, "stickied": false, "subreddit_id": "t5_2vpth", "author_name": null, "author_id": null, "subreddit_name": "frozen"}, {"body": "[God she is cute!](http://imgur.com/a/TNgVg#35)\n", "created_utc": 1393375831.0, "distinguished": null, "edited": false, "id": "cforr3v", "is_submitter": false, "link_id": "t3_1ywbgk", "parent_id": "t3_1ywbgk", "permalink": "/r/Frozen/comments/1ywbgk/here_are_100_of_the_most_wallpaper_worthy_shots/cforr3v/", "score": 3, "stickied": false, "subreddit_id": "t5_2vpth", "author_name": "OniWeird", "author_id": "9eg6p", "subreddit_name": "frozen"}, {"body": "This is the best thing ever.", "created_utc": 1393362639.0, "distinguished": null, "edited": false, "id": "cfol9ee", "is_submitter": false, "link_id": "t3_1ywbgk", "parent_id": "t3_1ywbgk", "permalink": "/r/Frozen/comments/1ywbgk/here_are_100_of_the_most_wallpaper_worthy_shots/cfol9ee/", "score": 2, "stickied": false, "subreddit_id": "t5_2vpth", "author_name": null, "author_id": null, "subreddit_name": "frozen"}, {"body": "These will be perfect for the Minecraft Arendelle project we're doing!", "created_utc": 1393363366.0, "distinguished": null, "edited": false, "id": "cfolnp5", "is_submitter": false, "link_id": "t3_1ywbgk", "parent_id": "t3_1ywbgk", "permalink": "/r/Frozen/comments/1ywbgk/here_are_100_of_the_most_wallpaper_worthy_shots/cfolnp5/", "score": 2, "stickied": false, "subreddit_id": "t5_2vpth", "author_name": "theirishsniper", "author_id": "ejxu7", "subreddit_name": "frozen"}, {"body": "This will help me so much for my cosplay, thank you!!", "created_utc": 1393364508.0, "distinguished": null, "edited": false, "id": "cfom9vg", "is_submitter": false, "link_id": "t3_1ywbgk", "parent_id": "t3_1ywbgk", "permalink": "/r/Frozen/comments/1ywbgk/here_are_100_of_the_most_wallpaper_worthy_shots/cfom9vg/", "score": 2, "stickied": false, "subreddit_id": "t5_2vpth", "author_name": "WinteryWolf", "author_id": "ebpza", "subreddit_name": "frozen"}, {"body": "Are there any 2880x1800 Wallpapers?", "created_utc": 1393365657.0, "distinguished": null, "edited": false, "id": "cfomvw0", "is_submitter": false, "link_id": "t3_1ywbgk", "parent_id": "t3_1ywbgk", "permalink": "/r/Frozen/comments/1ywbgk/here_are_100_of_the_most_wallpaper_worthy_shots/cfomvw0/", "score": 2, "stickied": false, "subreddit_id": "t5_2vpth", "author_name": "K281067", "author_id": "etzx6", "subreddit_name": "frozen"}, {"body": "Half my hard drive is filled with .gifs, .jpegs, and all sorts of files of this movie. ", "created_utc": 1393365672.0, "distinguished": null, "edited": false, "id": "cfomw6p", "is_submitter": false, "link_id": "t3_1ywbgk", "parent_id": "t3_1ywbgk", "permalink": "/r/Frozen/comments/1ywbgk/here_are_100_of_the_most_wallpaper_worthy_shots/cfomw6p/", "score": 2, "stickied": false, "subreddit_id": "t5_2vpth", "author_name": "TeleVue", "author_id": "f5kuq", "subreddit_name": "frozen"}, {"body": "These are all really really great! I love the ones with bb Kristoff and the ice miners! Although I don't think #21 belongs on my screen, it belongs in my nightmares!", "created_utc": 1393366247.0, "distinguished": null, "edited": false, "id": "cfon6ud", "is_submitter": false, "link_id": "t3_1ywbgk", "parent_id": "t3_1ywbgk", "permalink": "/r/Frozen/comments/1ywbgk/here_are_100_of_the_most_wallpaper_worthy_shots/cfon6ud/", "score": 2, "stickied": false, "subreddit_id": "t5_2vpth", "author_name": null, "author_id": null, "subreddit_name": "frozen"}, {"body": "My favorite part of the HD pictures are that you can see Elsa's freckles too :D", "created_utc": 1393383299.0, "distinguished": null, "edited": false, "id": "cfov687", "is_submitter": false, "link_id": "t3_1ywbgk", "parent_id": "t3_1ywbgk", "permalink": "/r/Frozen/comments/1ywbgk/here_are_100_of_the_most_wallpaper_worthy_shots/cfov687/", "score": 2, "stickied": false, "subreddit_id": "t5_2vpth", "author_name": "foreverofbff", "author_id": "8qpmn", "subreddit_name": "frozen"}, {"body": "These three are so adorable that I almost cried: \n\nhttp://imgur.com/a/TNgVg#33\n\nhttp://imgur.com/a/TNgVg#34\n\nhttp://imgur.com/a/TNgVg#30\n\nThanks for doing this! you're awesome :D", "created_utc": 1393396380.0, "distinguished": null, "edited": false, "id": "cfp0b7p", "is_submitter": false, "link_id": "t3_1ywbgk", "parent_id": "t3_1ywbgk", "permalink": "/r/Frozen/comments/1ywbgk/here_are_100_of_the_most_wallpaper_worthy_shots/cfp0b7p/", "score": 2, "stickied": false, "subreddit_id": "t5_2vpth", "author_name": "chzrm3", "author_id": "djsw3", "subreddit_name": "frozen"}, {"body": "Question. Is there a way I can have these all as my wallpaper, and everytime I do a certain action, it changes the wallpaper. Like as a slide kinda? ", "created_utc": 1393486595.0, "distinguished": null, "edited": false, "id": "cfpxbb4", "is_submitter": false, "link_id": "t3_1ywbgk", "parent_id": "t3_1ywbgk", "permalink": "/r/Frozen/comments/1ywbgk/here_are_100_of_the_most_wallpaper_worthy_shots/cfpxbb4/", "score": 1, "stickied": false, "subreddit_id": "t5_2vpth", "author_name": "Skylerguns", "author_id": "62mqw", "subreddit_name": "frozen"}, {"body": "number 80 is all derpy!! i like it!", "created_utc": 1393628626.0, "distinguished": null, "edited": false, "id": "cfrbby6", "is_submitter": false, "link_id": "t3_1ywbgk", "parent_id": "t3_1ywbgk", "permalink": "/r/Frozen/comments/1ywbgk/here_are_100_of_the_most_wallpaper_worthy_shots/cfrbby6/", "score": 1, "stickied": false, "subreddit_id": "t5_2vpth", "author_name": "tylerbhobbs", "author_id": "7clg5", "subreddit_name": "frozen"}, {"body": "You, sir/mdm, are a genius. Never thought of using the Windows wallpaper slideshow thingum.", "created_utc": 1393345161.0, "distinguished": null, "edited": false, "id": "cfocgm0", "is_submitter": false, "link_id": "t3_1ywbgk", "parent_id": "t1_cfob9kl", "permalink": "/r/Frozen/comments/1ywbgk/here_are_100_of_the_most_wallpaper_worthy_shots/cfocgm0/", "score": 13, "stickied": false, "subreddit_id": "t5_2vpth", "author_name": "goelsago", "author_id": "ffbe6", "subreddit_name": "frozen"}, {"body": "I love the stuff you submit. Used to see you everywhere around /r/mylittlepony too, keep up the good work.", "created_utc": 1393357425.0, "distinguished": null, "edited": false, "id": "cfoijl5", "is_submitter": false, "link_id": "t3_1ywbgk", "parent_id": "t1_cfob9kl", "permalink": "/r/Frozen/comments/1ywbgk/here_are_100_of_the_most_wallpaper_worthy_shots/cfoijl5/", "score": 9, "stickied": false, "subreddit_id": "t5_2vpth", "author_name": null, "author_id": null, "subreddit_name": "frozen"}, {"body": "You, sir/mdm, are a genius. Never thought of using the Windows wallpaper slideshow thingum.\n\nHave my upvote.", "created_utc": 1393345176.0, "distinguished": null, "edited": false, "id": "cfocgux", "is_submitter": false, "link_id": "t3_1ywbgk", "parent_id": "t1_cfob9kl", "permalink": "/r/Frozen/comments/1ywbgk/here_are_100_of_the_most_wallpaper_worthy_shots/cfocgux/", "score": 4, "stickied": false, "subreddit_id": "t5_2vpth", "author_name": "goelsago", "author_id": "ffbe6", "subreddit_name": "frozen"}, {"body": "If you have the movie file you can also set it as your background with a little bit of software tweaking, if anyone wants to seriously do this I'll write out how to do it but otherwise I'm simply too lazy (also I'd look up a guide instead of asking me, the online guides have pictures).", "created_utc": 1393370670.0, "distinguished": null, "edited": false, "id": "cfopdbf", "is_submitter": false, "link_id": "t3_1ywbgk", "parent_id": "t1_cfob9kl", "permalink": "/r/Frozen/comments/1ywbgk/here_are_100_of_the_most_wallpaper_worthy_shots/cfopdbf/", "score": 2, "stickied": false, "subreddit_id": "t5_2vpth", "author_name": null, "author_id": null, "subreddit_name": "frozen"}, {"body": "I love you right now XD", "created_utc": 1393377457.0, "distinguished": null, "edited": false, "id": "cfoshqp", "is_submitter": false, "link_id": "t3_1ywbgk", "parent_id": "t1_cfob9kl", "permalink": "/r/Frozen/comments/1ywbgk/here_are_100_of_the_most_wallpaper_worthy_shots/cfoshqp/", "score": 2, "stickied": false, "subreddit_id": "t5_2vpth", "author_name": "iemnick", "author_id": "ar0ty", "subreddit_name": "frozen"}, {"body": "YAY it's finally done! Thanks so much for your work :) Perfect timing with the blu-ray release date! ", "created_utc": 1395099358.0, "distinguished": null, "edited": false, "id": "cg561wl", "is_submitter": false, "link_id": "t3_1ywbgk", "parent_id": "t1_cfob9kl", "permalink": "/r/Frozen/comments/1ywbgk/here_are_100_of_the_most_wallpaper_worthy_shots/cg561wl/", "score": 1, "stickied": false, "subreddit_id": "t5_2vpth", "author_name": "hyunbrothers", "author_id": "fcwpd", "subreddit_name": "frozen"}, {"body": "Love you back", "created_utc": 1393343150.0, "distinguished": null, "edited": false, "id": "cfobkz3", "is_submitter": true, "link_id": "t3_1ywbgk", "parent_id": "t1_cfobjn1", "permalink": "/r/Frozen/comments/1ywbgk/here_are_100_of_the_most_wallpaper_worthy_shots/cfobkz3/", "score": 4, "stickied": false, "subreddit_id": "t5_2vpth", "author_name": "loopuleasa", "author_id": "4josc", "subreddit_name": "frozen"}, {"body": "yea, draw it! Its so cute", "created_utc": 1393350277.0, "distinguished": null, "edited": false, "id": "cfoevrq", "is_submitter": false, "link_id": "t3_1ywbgk", "parent_id": "t1_cfodhxc", "permalink": "/r/Frozen/comments/1ywbgk/here_are_100_of_the_most_wallpaper_worthy_shots/cfoevrq/", "score": 6, "stickied": false, "subreddit_id": "t5_2vpth", "author_name": "foxbond", "author_id": "a2416", "subreddit_name": "frozen"}, {"body": "Go ahead, I won't judge.", "created_utc": 1393358948.0, "distinguished": null, "edited": false, "id": "cfojc04", "is_submitter": false, "link_id": "t3_1ywbgk", "parent_id": "t1_cfoc5bk", "permalink": "/r/Frozen/comments/1ywbgk/here_are_100_of_the_most_wallpaper_worthy_shots/cfojc04/", "score": 16, "stickied": false, "subreddit_id": "t5_2vpth", "author_name": "lq13", "author_id": "fblf7", "subreddit_name": "frozen"}, {"body": "There are methods of obtaining it in EU, though not legitimately.", "created_utc": 1393359845.0, "distinguished": null, "edited": false, "id": "cfojshs", "is_submitter": true, "link_id": "t3_1ywbgk", "parent_id": "t1_cfogwky", "permalink": "/r/Frozen/comments/1ywbgk/here_are_100_of_the_most_wallpaper_worthy_shots/cfojshs/", "score": 7, "stickied": false, "subreddit_id": "t5_2vpth", "author_name": "loopuleasa", "author_id": "4josc", "subreddit_name": "frozen"}, {"body": "Yes.", "created_utc": 1393359823.0, "distinguished": null, "edited": false, "id": "cfojs1l", "is_submitter": true, "link_id": "t3_1ywbgk", "parent_id": "t1_cfogu1f", "permalink": "/r/Frozen/comments/1ywbgk/here_are_100_of_the_most_wallpaper_worthy_shots/cfojs1l/", "score": 4, "stickied": false, "subreddit_id": "t5_2vpth", "author_name": "loopuleasa", "author_id": "4josc", "subreddit_name": "frozen"}, {"body": "Not the legal one that supports a movie you love and the people who made it.", "created_utc": 1393362548.0, "distinguished": null, "edited": false, "id": "cfol7ni", "is_submitter": false, "link_id": "t3_1ywbgk", "parent_id": "t1_cfogu1f", "permalink": "/r/Frozen/comments/1ywbgk/here_are_100_of_the_most_wallpaper_worthy_shots/cfol7ni/", "score": 0, "stickied": false, "subreddit_id": "t5_2vpth", "author_name": null, "author_id": null, "subreddit_name": "frozen"}, {"body": "That's a very specific resolution. What gives?\n\n1920x1080 is what the internet uses", "created_utc": 1393366133.0, "distinguished": null, "edited": false, "id": "cfon4s7", "is_submitter": true, "link_id": "t3_1ywbgk", "parent_id": "t1_cfomvw0", "permalink": "/r/Frozen/comments/1ywbgk/here_are_100_of_the_most_wallpaper_worthy_shots/cfon4s7/", "score": 2, "stickied": false, "subreddit_id": "t5_2vpth", "author_name": "loopuleasa", "author_id": "4josc", "subreddit_name": "frozen"}, {"body": "Is there a problem?", "created_utc": 1393366109.0, "distinguished": null, "edited": false, "id": "cfon4b7", "is_submitter": true, "link_id": "t3_1ywbgk", "parent_id": "t1_cfomw6p", "permalink": "/r/Frozen/comments/1ywbgk/here_are_100_of_the_most_wallpaper_worthy_shots/cfon4b7/", "score": 4, "stickied": false, "subreddit_id": "t5_2vpth", "author_name": "loopuleasa", "author_id": "4josc", "subreddit_name": "frozen"}, {"body": "130 gifs/images reporting in.", "created_utc": 1393387906.0, "distinguished": null, "edited": false, "id": "cfox94u", "is_submitter": false, "link_id": "t3_1ywbgk", "parent_id": "t1_cfomw6p", "permalink": "/r/Frozen/comments/1ywbgk/here_are_100_of_the_most_wallpaper_worthy_shots/cfox94u/", "score": 2, "stickied": false, "subreddit_id": "t5_2vpth", "author_name": null, "author_id": null, "subreddit_name": "frozen"}, {"body": "One obsession then another.", "created_utc": 1393358098.0, "distinguished": null, "edited": false, "id": "cfoiw32", "is_submitter": true, "link_id": "t3_1ywbgk", "parent_id": "t1_cfoijl5", "permalink": "/r/Frozen/comments/1ywbgk/here_are_100_of_the_most_wallpaper_worthy_shots/cfoiw32/", "score": 13, "stickied": false, "subreddit_id": "t5_2vpth", "author_name": "loopuleasa", "author_id": "4josc", "subreddit_name": "frozen"}, {"body": "[deleted]", "created_utc": 1393345883.0, "distinguished": null, "edited": false, "id": "cfocsff", "is_submitter": false, "link_id": "t3_1ywbgk", "parent_id": "t1_cfocgux", "permalink": "/r/Frozen/comments/1ywbgk/here_are_100_of_the_most_wallpaper_worthy_shots/cfocsff/", "score": -1, "stickied": false, "subreddit_id": "t5_2vpth", "author_name": null, "author_id": null, "subreddit_name": "frozen"}, {"body": "Yep, but I want to keep my desktop vanilla.", "created_utc": 1393408179.0, "distinguished": null, "edited": false, "id": "cfp2obe", "is_submitter": true, "link_id": "t3_1ywbgk", "parent_id": "t1_cfopdbf", "permalink": "/r/Frozen/comments/1ywbgk/here_are_100_of_the_most_wallpaper_worthy_shots/cfp2obe/", "score": 2, "stickied": false, "subreddit_id": "t5_2vpth", "author_name": "loopuleasa", "author_id": "4josc", "subreddit_name": "frozen"}, {"body": "Oh, but I love it EVEN MORE.", "created_utc": 1393344512.0, "distinguished": null, "edited": false, "id": "cfoc66j", "is_submitter": false, "link_id": "t3_1ywbgk", "parent_id": "t1_cfobkz3", "permalink": "/r/Frozen/comments/1ywbgk/here_are_100_of_the_most_wallpaper_worthy_shots/cfoc66j/", "score": 7, "stickied": false, "subreddit_id": "t5_2vpth", "author_name": "STEALTHHUNTER88", "author_id": "faodj", "subreddit_name": "frozen"}, {"body": "I already saw the movie in three different countries.", "created_utc": 1393362878.0, "distinguished": null, "edited": false, "id": "cfole1o", "is_submitter": false, "link_id": "t3_1ywbgk", "parent_id": "t1_cfol7ni", "permalink": "/r/Frozen/comments/1ywbgk/here_are_100_of_the_most_wallpaper_worthy_shots/cfole1o/", "score": 4, "stickied": false, "subreddit_id": "t5_2vpth", "author_name": "TareXmd", "author_id": "5iplk", "subreddit_name": "frozen"}, {"body": "You do realize you can buy the 1080p digital version off itunes.. the people who made it are obviously getting paid", "created_utc": 1393455827.0, "distinguished": null, "edited": false, "id": "cfpkrbx", "is_submitter": false, "link_id": "t3_1ywbgk", "parent_id": "t1_cfol7ni", "permalink": "/r/Frozen/comments/1ywbgk/here_are_100_of_the_most_wallpaper_worthy_shots/cfpkrbx/", "score": 1, "stickied": false, "subreddit_id": "t5_2vpth", "author_name": "GrahamMc", "author_id": "6nyuh", "subreddit_name": "frozen"}, {"body": "Most of the WP dimenions are in 2429x1080 or 1920x854, which is kinda weird o_o Do you have any in specifically 1920x1080? (Or will they be in the future?)", "created_utc": 1393366460.0, "distinguished": null, "edited": false, "id": "cfonag4", "is_submitter": false, "link_id": "t3_1ywbgk", "parent_id": "t1_cfon4s7", "permalink": "/r/Frozen/comments/1ywbgk/here_are_100_of_the_most_wallpaper_worthy_shots/cfonag4/", "score": 2, "stickied": false, "subreddit_id": "t5_2vpth", "author_name": "Chimon", "author_id": "640oy", "subreddit_name": "frozen"}, {"body": "Retina mac-book pro. Well at least its not 2463x1549", "created_utc": 1393368178.0, "distinguished": null, "edited": false, "id": "cfoo59o", "is_submitter": false, "link_id": "t3_1ywbgk", "parent_id": "t1_cfon4s7", "permalink": "/r/Frozen/comments/1ywbgk/here_are_100_of_the_most_wallpaper_worthy_shots/cfoo59o/", "score": 2, "stickied": false, "subreddit_id": "t5_2vpth", "author_name": "K281067", "author_id": "etzx6", "subreddit_name": "frozen"}, {"body": "No problem here officer.", "created_utc": 1393370742.0, "distinguished": null, "edited": false, "id": "cfopej5", "is_submitter": false, "link_id": "t3_1ywbgk", "parent_id": "t1_cfon4b7", "permalink": "/r/Frozen/comments/1ywbgk/here_are_100_of_the_most_wallpaper_worthy_shots/cfopej5/", "score": 5, "stickied": false, "subreddit_id": "t5_2vpth", "author_name": "Phaulty", "author_id": "5x95b", "subreddit_name": "frozen"}, {"body": "I have an addiction. ", "created_utc": 1393366269.0, "distinguished": null, "edited": false, "id": "cfon77y", "is_submitter": false, "link_id": "t3_1ywbgk", "parent_id": "t1_cfon4b7", "permalink": "/r/Frozen/comments/1ywbgk/here_are_100_of_the_most_wallpaper_worthy_shots/cfon77y/", "score": 2, "stickied": false, "subreddit_id": "t5_2vpth", "author_name": "TeleVue", "author_id": "f5kuq", "subreddit_name": "frozen"}, {"body": "Tell me about it. People still think I'm weird from the last obsession. :P", "created_utc": 1393358157.0, "distinguished": null, "edited": false, "id": "cfoix7i", "is_submitter": false, "link_id": "t3_1ywbgk", "parent_id": "t1_cfoiw32", "permalink": "/r/Frozen/comments/1ywbgk/here_are_100_of_the_most_wallpaper_worthy_shots/cfoix7i/", "score": 8, "stickied": false, "subreddit_id": "t5_2vpth", "author_name": null, "author_id": null, "subreddit_name": "frozen"}, {"body": "Worth saying twice.", "created_utc": 1393349952.0, "distinguished": null, "edited": false, "id": "cfoepyb", "is_submitter": false, "link_id": "t3_1ywbgk", "parent_id": "t1_cfocsff", "permalink": "/r/Frozen/comments/1ywbgk/here_are_100_of_the_most_wallpaper_worthy_shots/cfoepyb/", "score": 12, "stickied": false, "subreddit_id": "t5_2vpth", "author_name": "pctron", "author_id": "cbv6m", "subreddit_name": "frozen"}, {"body": "Would you consider yourself a love expert?", "created_utc": 1393430509.0, "distinguished": null, "edited": false, "id": "cfp85vd", "is_submitter": false, "link_id": "t3_1ywbgk", "parent_id": "t1_cfoc66j", "permalink": "/r/Frozen/comments/1ywbgk/here_are_100_of_the_most_wallpaper_worthy_shots/cfp85vd/", "score": 2, "stickied": false, "subreddit_id": "t5_2vpth", "author_name": "Impudenter", "author_id": "8ol5v", "subreddit_name": "frozen"}, {"body": "Wait, you saw it in three different countries? That's pretty interesting. Was it in English each time?", "created_utc": 1393372929.0, "distinguished": null, "edited": false, "id": "cfoqffg", "is_submitter": false, "link_id": "t3_1ywbgk", "parent_id": "t1_cfole1o", "permalink": "/r/Frozen/comments/1ywbgk/here_are_100_of_the_most_wallpaper_worthy_shots/cfoqffg/", "score": 3, "stickied": false, "subreddit_id": "t5_2vpth", "author_name": "NotUnusualYet", "author_id": "5pezz", "subreddit_name": "frozen"}, {"body": "What countries?", "created_utc": 1393373110.0, "distinguished": null, "edited": false, "id": "cfoqido", "is_submitter": false, "link_id": "t3_1ywbgk", "parent_id": "t1_cfole1o", "permalink": "/r/Frozen/comments/1ywbgk/here_are_100_of_the_most_wallpaper_worthy_shots/cfoqido/", "score": 2, "stickied": false, "subreddit_id": "t5_2vpth", "author_name": "KaptainK27", "author_id": "f0vwg", "subreddit_name": "frozen"}, {"body": "That doesn't change a single thing about what I said.", "created_utc": 1393364342.0, "distinguished": null, "edited": false, "id": "cfom6mg", "is_submitter": false, "link_id": "t3_1ywbgk", "parent_id": "t1_cfole1o", "permalink": "/r/Frozen/comments/1ywbgk/here_are_100_of_the_most_wallpaper_worthy_shots/cfom6mg/", "score": 0, "stickied": false, "subreddit_id": "t5_2vpth", "author_name": null, "author_id": null, "subreddit_name": "frozen"}, {"body": "If you set the wallpaper mode as stretch,they will fit it to 1920x1080, cutting some edges", "created_utc": 1393367005.0, "distinguished": null, "edited": false, "id": "cfonk90", "is_submitter": true, "link_id": "t3_1ywbgk", "parent_id": "t1_cfonag4", "permalink": "/r/Frozen/comments/1ywbgk/here_are_100_of_the_most_wallpaper_worthy_shots/cfonk90/", "score": 2, "stickied": false, "subreddit_id": "t5_2vpth", "author_name": "loopuleasa", "author_id": "4josc", "subreddit_name": "frozen"}, {"body": "I would call it a passion.\n\nJust let it go, man. Be free. Do whatever. Fill the hard drive.", "created_utc": 1393366470.0, "distinguished": null, "edited": false, "id": "cfonalw", "is_submitter": true, "link_id": "t3_1ywbgk", "parent_id": "t1_cfon77y", "permalink": "/r/Frozen/comments/1ywbgk/here_are_100_of_the_most_wallpaper_worthy_shots/cfonalw/", "score": 3, "stickied": false, "subreddit_id": "t5_2vpth", "author_name": "loopuleasa", "author_id": "4josc", "subreddit_name": "frozen"}, {"body": "sorry - I blame my BlackBerry Reddit Client :(", "created_utc": 1393418755.0, "distinguished": null, "edited": false, "id": "cfp4bev", "is_submitter": false, "link_id": "t3_1ywbgk", "parent_id": "t1_cfoepyb", "permalink": "/r/Frozen/comments/1ywbgk/here_are_100_of_the_most_wallpaper_worthy_shots/cfp4bev/", "score": 1, "stickied": false, "subreddit_id": "t5_2vpth", "author_name": "goelsago", "author_id": "ffbe6", "subreddit_name": "frozen"}, {"body": "Somewhat, yes. Have a little experience.", "created_utc": 1393529594.0, "distinguished": null, "edited": false, "id": "cfqacg6", "is_submitter": false, "link_id": "t3_1ywbgk", "parent_id": "t1_cfp85vd", "permalink": "/r/Frozen/comments/1ywbgk/here_are_100_of_the_most_wallpaper_worthy_shots/cfqacg6/", "score": 1, "stickied": false, "subreddit_id": "t5_2vpth", "author_name": "STEALTHHUNTER88", "author_id": "faodj", "subreddit_name": "frozen"}, {"body": "in English every time. In Qatar it was horribly cut. They cut out any scene which involved two male and female characters at close proximity, like when (**SPOILERS**):\n\n* Hans was about the kiss Anna but didn't, saying \"if only someone loved you\".... leaving the whole theater wondering what happened.\n\n* Kristof kissed Anna at the end\n\n* Even when the female and male *rocks* kissed \"true love's kiss\".\n\n... saw it in Canada and the US before that, thankfully.", "created_utc": 1393420714.0, "distinguished": null, "edited": false, "id": "cfp4qwq", "is_submitter": false, "link_id": "t3_1ywbgk", "parent_id": "t1_cfoqffg", "permalink": "/r/Frozen/comments/1ywbgk/here_are_100_of_the_most_wallpaper_worthy_shots/cfp4qwq/", "score": 3, "stickied": false, "subreddit_id": "t5_2vpth", "author_name": "TareXmd", "author_id": "5iplk", "subreddit_name": "frozen"}, {"body": "Canada, USA, Qatar.", "created_utc": 1393420565.0, "distinguished": null, "edited": false, "id": "cfp4po8", "is_submitter": false, "link_id": "t3_1ywbgk", "parent_id": "t1_cfoqido", "permalink": "/r/Frozen/comments/1ywbgk/here_are_100_of_the_most_wallpaper_worthy_shots/cfp4po8/", "score": 2, "stickied": false, "subreddit_id": "t5_2vpth", "author_name": "TareXmd", "author_id": "5iplk", "subreddit_name": "frozen"}, {"body": "You're right, it doesn't. Just saying I'm far from a sleazy thief who wouldn't pay to enjoy the movie.", "created_utc": 1393420781.0, "distinguished": null, "edited": false, "id": "cfp4rhs", "is_submitter": false, "link_id": "t3_1ywbgk", "parent_id": "t1_cfom6mg", "permalink": "/r/Frozen/comments/1ywbgk/here_are_100_of_the_most_wallpaper_worthy_shots/cfp4rhs/", "score": 3, "stickied": false, "subreddit_id": "t5_2vpth", "author_name": "TareXmd", "author_id": "5iplk", "subreddit_name": "frozen"}, {"body": "Ha, that's hilarious.", "created_utc": 1393427255.0, "distinguished": null, "edited": false, "id": "cfp6som", "is_submitter": false, "link_id": "t3_1ywbgk", "parent_id": "t1_cfp4qwq", "permalink": "/r/Frozen/comments/1ywbgk/here_are_100_of_the_most_wallpaper_worthy_shots/cfp6som/", "score": 1, "stickied": false, "subreddit_id": "t5_2vpth", "author_name": "NotUnusualYet", "author_id": "5pezz", "subreddit_name": "frozen"}]