{"clicked": false, "created_utc": 1393342320.0, "distinguished": null, "edited": false, "id": "1ywbgk", "is_video": false, "locked": false, "num_comments": 62, "over_18": false, "permalink": "/r/Frozen/comments/1ywbgk/here_are_100_of_the_most_wallpaper_worthy_shots/", "score": 237, "selftext": "", "stickied": false, "subreddit_id": "t5_2vpth", "title": "Here are 100 of the most wallpaper worthy shots from the first part of Frozen - The feels part; more to come tomorrow!", "url": "http://imgur.com/a/TNgVg", "author_name": "loopuleasa", "author_id": "4josc", "subreddit_name": "frozen", "upvote_ratio": 0.98}