[{"body": "My daughter and I have watched this movie so many times and bought so much merchandise that I'm pretty sure we've paid SOMEBODY'S salary by now.\n\nThis movie absolutely deserves every penny of revenue it gets.", "created_utc": 1392583823.0, "distinguished": null, "edited": false, "id": "cfgx0fd", "is_submitter": false, "link_id": "t3_1y2vmg", "parent_id": "t3_1y2vmg", "permalink": "/r/Frozen/comments/1y2vmg/frozen_now_the_3rd_highest_grossing_animated/cfgx0fd/", "score": 16, "stickied": false, "subreddit_id": "t5_2vpth", "author_name": "WormTickle", "author_id": "6oqtx", "subreddit_name": "frozen"}, {"body": "[The creators of Frozen right now]( http://i.imgur.com/477zwp7.jpg) ", "created_utc": 1392578844.0, "distinguished": null, "edited": false, "id": "cfguxyb", "is_submitter": false, "link_id": "t3_1y2vmg", "parent_id": "t3_1y2vmg", "permalink": "/r/Frozen/comments/1y2vmg/frozen_now_the_3rd_highest_grossing_animated/cfguxyb/", "score": 36, "stickied": false, "subreddit_id": "t5_2vpth", "author_name": "Bike_stole_my_nigga", "author_id": "7xpbm", "subreddit_name": "frozen"}, {"body": "I will pass TS3 after it will come out in Japan and be #1 it deserves.", "created_utc": 1392579220.0, "distinguished": null, "edited": false, "id": "cfgv3ll", "is_submitter": false, "link_id": "t3_1y2vmg", "parent_id": "t3_1y2vmg", "permalink": "/r/Frozen/comments/1y2vmg/frozen_now_the_3rd_highest_grossing_animated/cfgv3ll/", "score": 12, "stickied": false, "subreddit_id": "t5_2vpth", "author_name": "Portgas", "author_id": "7kc75", "subreddit_name": "frozen"}, {"body": "So close............", "created_utc": 1392579911.0, "distinguished": null, "edited": false, "id": "cfgvds4", "is_submitter": false, "link_id": "t3_1y2vmg", "parent_id": "t3_1y2vmg", "permalink": "/r/Frozen/comments/1y2vmg/frozen_now_the_3rd_highest_grossing_animated/cfgvds4/", "score": 9, "stickied": false, "subreddit_id": "t5_2vpth", "author_name": null, "author_id": null, "subreddit_name": "frozen"}, {"body": "Where hasn't it been released yet? Japan? Any other major countries? Just Japan alone might put it over Toy Story 3.", "created_utc": 1392587684.0, "distinguished": null, "edited": false, "id": "cfgyltn", "is_submitter": false, "link_id": "t3_1y2vmg", "parent_id": "t3_1y2vmg", "permalink": "/r/Frozen/comments/1y2vmg/frozen_now_the_3rd_highest_grossing_animated/cfgyltn/", "score": 9, "stickied": false, "subreddit_id": "t5_2vpth", "author_name": "MotherCanada", "author_id": "4qccj", "subreddit_name": "frozen"}, {"body": "Keep climbing!", "created_utc": 1392581319.0, "distinguished": null, "edited": false, "id": "cfgvz1z", "is_submitter": false, "link_id": "t3_1y2vmg", "parent_id": "t3_1y2vmg", "permalink": "/r/Frozen/comments/1y2vmg/frozen_now_the_3rd_highest_grossing_animated/cfgvz1z/", "score": 6, "stickied": false, "subreddit_id": "t5_2vpth", "author_name": "AdultSupervision", "author_id": "ej121", "subreddit_name": "frozen"}, {"body": "What is the 2nd highest grossing one? When I google it, wiki says it is the Lion King, but then articles say Frozen has already surpassed The Lion King..any ideas?", "created_utc": 1392591903.0, "distinguished": null, "edited": false, "id": "cfh0b94", "is_submitter": false, "link_id": "t3_1y2vmg", "parent_id": "t3_1y2vmg", "permalink": "/r/Frozen/comments/1y2vmg/frozen_now_the_3rd_highest_grossing_animated/cfh0b94/", "score": 6, "stickied": false, "subreddit_id": "t5_2vpth", "author_name": "litayoliechi", "author_id": "5v0vv", "subreddit_name": "frozen"}, {"body": "When it hits $1 billion, it will be only the 4th original (i.e. non-sequel) movie to do so ever. And only the second original one not made by James Cameron to do so.", "created_utc": 1392596146.0, "distinguished": null, "edited": false, "id": "cfh20fw", "is_submitter": false, "link_id": "t3_1y2vmg", "parent_id": "t3_1y2vmg", "permalink": "/r/Frozen/comments/1y2vmg/frozen_now_the_3rd_highest_grossing_animated/cfh20fw/", "score": 5, "stickied": false, "subreddit_id": "t5_2vpth", "author_name": "Herra_Ratatoskr", "author_id": "42kpq", "subreddit_name": "frozen"}, {"body": "Oh please surpass despicable me 2. I honestly think its such a horrible movie that only exploits the minions to market it's movie, and nothing else with little story, and thinks I give a shit about the non-minion species", "created_utc": 1392597589.0, "distinguished": null, "edited": false, "id": "cfh2kbj", "is_submitter": false, "link_id": "t3_1y2vmg", "parent_id": "t3_1y2vmg", "permalink": "/r/Frozen/comments/1y2vmg/frozen_now_the_3rd_highest_grossing_animated/cfh2kbj/", "score": 12, "stickied": false, "subreddit_id": "t5_2vpth", "author_name": "IamVAcer", "author_id": "d3tyl", "subreddit_name": "frozen"}, {"body": "Yay, I'm so happy for Frozen! It's doing really well.", "created_utc": 1392609678.0, "distinguished": null, "edited": false, "id": "cfh7o4f", "is_submitter": false, "link_id": "t3_1y2vmg", "parent_id": "t3_1y2vmg", "permalink": "/r/Frozen/comments/1y2vmg/frozen_now_the_3rd_highest_grossing_animated/cfh7o4f/", "score": 3, "stickied": false, "subreddit_id": "t5_2vpth", "author_name": "Princess-Kat", "author_id": "fb62a", "subreddit_name": "frozen"}, {"body": "Frozen deserves all the awards. Literally.", "created_utc": 1392608906.0, "distinguished": null, "edited": false, "id": "cfh7cyk", "is_submitter": false, "link_id": "t3_1y2vmg", "parent_id": "t3_1y2vmg", "permalink": "/r/Frozen/comments/1y2vmg/frozen_now_the_3rd_highest_grossing_animated/cfh7cyk/", "score": 3, "stickied": false, "subreddit_id": "t5_2vpth", "author_name": "thewaltdisnerd", "author_id": "fb5v1", "subreddit_name": "frozen"}, {"body": "I will be amazed if it tops Toy Story 3.", "created_utc": 1392582065.0, "distinguished": null, "edited": false, "id": "cfgwa6k", "is_submitter": false, "link_id": "t3_1y2vmg", "parent_id": "t3_1y2vmg", "permalink": "/r/Frozen/comments/1y2vmg/frozen_now_the_3rd_highest_grossing_animated/cfgwa6k/", "score": 9, "stickied": false, "subreddit_id": "t5_2vpth", "author_name": "WanderingRurouni", "author_id": "bes49", "subreddit_name": "frozen"}, {"body": "China market would do so much better if it isn't allow only 9% theater playing it... damn China movies department ", "created_utc": 1392609511.0, "distinguished": null, "edited": false, "id": "cfh7low", "is_submitter": false, "link_id": "t3_1y2vmg", "parent_id": "t3_1y2vmg", "permalink": "/r/Frozen/comments/1y2vmg/frozen_now_the_3rd_highest_grossing_animated/cfh7low/", "score": 2, "stickied": false, "subreddit_id": "t5_2vpth", "author_name": "teffhk", "author_id": "dyxc8", "subreddit_name": "frozen"}, {"body": "It's been out for so long though... So yeah, it's impressive, but since it's been out since around Thanksgiving, I find it ridiculous that it's still in theaters. Don't get me wrong, I absolutely love it. I just want to love it at home. I'd figured it would have been out by now.", "created_utc": 1392616878.0, "distinguished": null, "edited": false, "id": "cfhacad", "is_submitter": false, "link_id": "t3_1y2vmg", "parent_id": "t3_1y2vmg", "permalink": "/r/Frozen/comments/1y2vmg/frozen_now_the_3rd_highest_grossing_animated/cfhacad/", "score": 1, "stickied": false, "subreddit_id": "t5_2vpth", "author_name": null, "author_id": null, "subreddit_name": "frozen"}, {"body": "Certainly WDAS executives feel that way, it's been a **long** dry spell since their last megahit.\n\nI'm pretty sure I remember reading somewhere though that the animation industry doesn't pay royalties to the creative talent.  So I don't think the \"creators\" are going to see anything directly from this. ", "created_utc": 1392610700.0, "distinguished": null, "edited": false, "id": "cfh82vc", "is_submitter": false, "link_id": "t3_1y2vmg", "parent_id": "t1_cfguxyb", "permalink": "/r/Frozen/comments/1y2vmg/frozen_now_the_3rd_highest_grossing_animated/cfh82vc/", "score": 6, "stickied": false, "subreddit_id": "t5_2vpth", "author_name": "AndIfWeFall", "author_id": "f0b0t", "subreddit_name": "frozen"}, {"body": "Japan is the only country left, on March 12th.", "created_utc": 1392591387.0, "distinguished": null, "edited": false, "id": "cfh03wp", "is_submitter": false, "link_id": "t3_1y2vmg", "parent_id": "t1_cfgyltn", "permalink": "/r/Frozen/comments/1y2vmg/frozen_now_the_3rd_highest_grossing_animated/cfh03wp/", "score": 11, "stickied": false, "subreddit_id": "t5_2vpth", "author_name": "Eren_Jeager", "author_id": "db1dv", "subreddit_name": "frozen"}, {"body": "I wonder why it's released so late there.", "created_utc": 1392631779.0, "distinguished": null, "edited": false, "id": "cfhdptv", "is_submitter": false, "link_id": "t3_1y2vmg", "parent_id": "t1_cfgyltn", "permalink": "/r/Frozen/comments/1y2vmg/frozen_now_the_3rd_highest_grossing_animated/cfhdptv/", "score": 2, "stickied": false, "subreddit_id": "t5_2vpth", "author_name": "jakielim", "author_id": "9flvd", "subreddit_name": "frozen"}, {"body": "The two movies ahead of Frozen ($955,746,000 estimate) are Despicable Me 2 at $970,761,885 grossed worldwide and Toy Story 3 at $1,063,171,911 grossed worldwide. With Frozen just finishing its 13th weekend in USA, still to open in Japan, and still running in other major markets, surpassing Despicable Me 2 is without question, but Toy Story 3 could be insurmountable. ", "created_utc": 1392593350.0, "distinguished": null, "edited": false, "id": "cfh0vtl", "is_submitter": false, "link_id": "t3_1y2vmg", "parent_id": "t1_cfh0b94", "permalink": "/r/Frozen/comments/1y2vmg/frozen_now_the_3rd_highest_grossing_animated/cfh0vtl/", "score": 10, "stickied": false, "subreddit_id": "t5_2vpth", "author_name": "randomness43080", "author_id": "f3ivm", "subreddit_name": "frozen"}, {"body": "The article doesn't count rereleases.", "created_utc": 1392592022.0, "distinguished": null, "edited": false, "id": "cfh0cx1", "is_submitter": false, "link_id": "t3_1y2vmg", "parent_id": "t1_cfh0b94", "permalink": "/r/Frozen/comments/1y2vmg/frozen_now_the_3rd_highest_grossing_animated/cfh0cx1/", "score": 3, "stickied": false, "subreddit_id": "t5_2vpth", "author_name": "vadersky94", "author_id": "7ewjh", "subreddit_name": "frozen"}, {"body": "The articles that list Lion King as #1 factor in inflation and additional costs for 3D- The Lion King has had more people go see it in theaters than any other animated film so far.", "created_utc": 1392606156.0, "distinguished": null, "edited": false, "id": "cfh67id", "is_submitter": false, "link_id": "t3_1y2vmg", "parent_id": "t1_cfh0b94", "permalink": "/r/Frozen/comments/1y2vmg/frozen_now_the_3rd_highest_grossing_animated/cfh67id/", "score": 1, "stickied": false, "subreddit_id": "t5_2vpth", "author_name": "MisterUnneccessary", "author_id": "6m0bl", "subreddit_name": "frozen"}, {"body": "I wouldn't.", "created_utc": 1392583823.0, "distinguished": null, "edited": false, "id": "cfgx0fb", "is_submitter": false, "link_id": "t3_1y2vmg", "parent_id": "t1_cfgwa6k", "permalink": "/r/Frozen/comments/1y2vmg/frozen_now_the_3rd_highest_grossing_animated/cfgx0fb/", "score": 17, "stickied": false, "subreddit_id": "t5_2vpth", "author_name": "JamesAQuintero", "author_id": "7gthv", "subreddit_name": "frozen"}, {"body": "Frozen has been in theaters 13 weeks. Normally, movies will stay in theaters ~27 weeks, possibly longer if the movie continues to draw in an profitable amount, possibly shorter if not. \n\nFrozen, at its 13th week, is currently shown in 2,101 theaters, and grossing almost $6MM. Contrast that with Despicable Me 2, shown in 748 theaters and grossed ~$800k in its 13th week, yet ended up staying in theaters for 28 weeks. If anything, I would suspect Frozen to have an even longer run in theaters, perhaps something up to Avatar's 34 weeks (~$9MM in 1,718 theaters in its 13th week). \n\nFor the USA at least, Frozen will be available on Blu-ray, DVD, and for digital download on March 18, 2014.", "created_utc": 1392617923.0, "distinguished": null, "edited": false, "id": "cfhaocs", "is_submitter": false, "link_id": "t3_1y2vmg", "parent_id": "t1_cfhacad", "permalink": "/r/Frozen/comments/1y2vmg/frozen_now_the_3rd_highest_grossing_animated/cfhaocs/", "score": 6, "stickied": false, "subreddit_id": "t5_2vpth", "author_name": "randomness43080", "author_id": "f3ivm", "subreddit_name": "frozen"}, {"body": "Why is the Japanese Let it Go already up on youtube?", "created_utc": 1392600635.0, "distinguished": null, "edited": false, "id": "cfh3uce", "is_submitter": false, "link_id": "t3_1y2vmg", "parent_id": "t1_cfh03wp", "permalink": "/r/Frozen/comments/1y2vmg/frozen_now_the_3rd_highest_grossing_animated/cfh3uce/", "score": 4, "stickied": false, "subreddit_id": "t5_2vpth", "author_name": "toychristopher", "author_id": "6mhhj", "subreddit_name": "frozen"}, {"body": "Do you know if those stats hold true after adjusting for inflation?", "created_utc": 1392614969.0, "distinguished": null, "edited": false, "id": "cfh9oon", "is_submitter": false, "link_id": "t3_1y2vmg", "parent_id": "t1_cfh0vtl", "permalink": "/r/Frozen/comments/1y2vmg/frozen_now_the_3rd_highest_grossing_animated/cfh9oon/", "score": 1, "stickied": false, "subreddit_id": "t5_2vpth", "author_name": "dita_von_cheese", "author_id": "d1ktc", "subreddit_name": "frozen"}, {"body": "Maybe just because of the holidays, it seems longer. But thanks for the explanation!", "created_utc": 1392620435.0, "distinguished": null, "edited": false, "id": "cfhbesh", "is_submitter": false, "link_id": "t3_1y2vmg", "parent_id": "t1_cfhaocs", "permalink": "/r/Frozen/comments/1y2vmg/frozen_now_the_3rd_highest_grossing_animated/cfhbesh/", "score": 3, "stickied": false, "subreddit_id": "t5_2vpth", "author_name": null, "author_id": null, "subreddit_name": "frozen"}, {"body": "Yeah seriously it was the 8th highest grossing movie this week. Which is undoubtedly really impressive for a film that came out four months ago.", "created_utc": 1392634685.0, "distinguished": null, "edited": false, "id": "cfhe6mv", "is_submitter": false, "link_id": "t3_1y2vmg", "parent_id": "t1_cfhaocs", "permalink": "/r/Frozen/comments/1y2vmg/frozen_now_the_3rd_highest_grossing_animated/cfhe6mv/", "score": 2, "stickied": false, "subreddit_id": "t5_2vpth", "author_name": "ThatGuyNamedJoey", "author_id": "av19d", "subreddit_name": "frozen"}, {"body": "Let It Go is one of the biggest things about Frozen. Releasing Let It Go early is good marketing hype, especially for such a late release.", "created_utc": 1392600826.0, "distinguished": null, "edited": false, "id": "cfh3xa5", "is_submitter": false, "link_id": "t3_1y2vmg", "parent_id": "t1_cfh3uce", "permalink": "/r/Frozen/comments/1y2vmg/frozen_now_the_3rd_highest_grossing_animated/cfh3xa5/", "score": 10, "stickied": false, "subreddit_id": "t5_2vpth", "author_name": "Eren_Jeager", "author_id": "db1dv", "subreddit_name": "frozen"}, {"body": "No, they do not. There are not any worldwide stats adjusted for inflation.\n\nI posted about this a week or so ago:\n\n> For the most part, adjusted lists tend to just take the theater audience number and then multiply it by current movie ticket prices. Therefore, essentially, it is an audience population list, and not necessarily a gross sale list. That is why it would be difficult to get a worldwide list, because not only would you have to include their audience numbers, but also account for their current movie ticket prices, across all nations, which would be a huge hassle.\n\nAdditionally, here is why I do not like adjusted charts:\n\nhttp://www.reddit.com/r/Frozen/comments/1xg2ph/frozen_is_now_the_28th_highest_grossing_movie_of/cfbe30t", "created_utc": 1392615702.0, "distinguished": null, "edited": false, "id": "cfh9xz3", "is_submitter": false, "link_id": "t3_1y2vmg", "parent_id": "t1_cfh9oon", "permalink": "/r/Frozen/comments/1y2vmg/frozen_now_the_3rd_highest_grossing_animated/cfh9xz3/", "score": 2, "stickied": false, "subreddit_id": "t5_2vpth", "author_name": "randomness43080", "author_id": "f3ivm", "subreddit_name": "frozen"}, {"body": "Oddly enough, I couldn't find a Swedish version until the film was released there.", "created_utc": 1392609896.0, "distinguished": null, "edited": false, "id": "cfh7r5o", "is_submitter": false, "link_id": "t3_1y2vmg", "parent_id": "t1_cfh3xa5", "permalink": "/r/Frozen/comments/1y2vmg/frozen_now_the_3rd_highest_grossing_animated/cfh7r5o/", "score": 3, "stickied": false, "subreddit_id": "t5_2vpth", "author_name": "Herra_Ratatoskr", "author_id": "42kpq", "subreddit_name": "frozen"}]