{"clicked": false, "created_utc": 1392578773.0, "distinguished": null, "edited": false, "id": "1y2vmg", "is_video": false, "locked": false, "num_comments": 29, "over_18": false, "permalink": "/r/Frozen/comments/1y2vmg/frozen_now_the_3rd_highest_grossing_animated/", "score": 165, "selftext": "", "stickied": false, "subreddit_id": "t5_2vpth", "title": "Frozen now the 3rd highest grossing animated movie of all-time, nearing $1B (x-post from r/movies)", "url": "http://www.deadline.com/2014/02/intl-box-office-frozen-nearing-1b-mark-robocop-no-1-in-15-markets-endless-love-opens-in-25-markets/", "author_name": "OrlandoNE", "author_id": "5r5o4", "subreddit_name": "frozen", "upvote_ratio": 0.98}