[{"body": "[Here](http://imgur.com/a/mBKdB) are the relevant pages from The Art of Frozen that have this quote and the art from the behind-the-scenes development. \n\nIt's a storyboard of the scene, which I guess they call Anna's Choice. If I'm not mistaken, \"pitching\" is what a storyboard artist does when they've been given a prompt, and they have to come back to the meeting with their storyboard and present/\"pitch\" it to everyone. \n\nLooks like they were on the money. People love how this scene was done. Or at least, I know I do. ", "created_utc": 1391128971.0, "distinguished": null, "edited": false, "id": "cf36jzg", "is_submitter": true, "link_id": "t3_1wlsmu", "parent_id": "t3_1wlsmu", "permalink": "/r/Frozen/comments/1wlsmu/annas_choice_and_the_room_was_quiet_we_stopped/cf36jzg/", "score": 53, "stickied": false, "subreddit_id": "t5_2vpth", "author_name": "JiForce", "author_id": "5fwj2", "subreddit_name": "frozen"}, {"body": "\" We gave John Ripa a standing ovation, because if we can make the movie support this ending, it\u2019s going to be a great movie.\u201d\n\nHooo boy did they achieve that.", "created_utc": 1391137164.0, "distinguished": null, "edited": false, "id": "cf3a6hx", "is_submitter": false, "link_id": "t3_1wlsmu", "parent_id": "t3_1wlsmu", "permalink": "/r/Frozen/comments/1wlsmu/annas_choice_and_the_room_was_quiet_we_stopped/cf3a6hx/", "score": 45, "stickied": false, "subreddit_id": "t5_2vpth", "author_name": "theKunz1", "author_id": "c3jji", "subreddit_name": "frozen"}, {"body": "It would've been even more heartbreaking if the movie ended with everyone watching as Elsa cries, the movie fades out to black, and the last audio you hear from the movie is Elsa's continued sobbing. It was a sobering moment in the film.", "created_utc": 1391159292.0, "distinguished": null, "edited": false, "id": "cf3haij", "is_submitter": false, "link_id": "t3_1wlsmu", "parent_id": "t3_1wlsmu", "permalink": "/r/Frozen/comments/1wlsmu/annas_choice_and_the_room_was_quiet_we_stopped/cf3haij/", "score": 26, "stickied": false, "subreddit_id": "t5_2vpth", "author_name": "CONCEITED_HIPSTER", "author_id": "a7tb2", "subreddit_name": "frozen"}, {"body": "I think it was the way the gifs were broken up, but the way Anna says \"No\" really stuck out to me this time. Although she hadn't known Hans very long, he had been playing her the entire time. He had just done one of the most debilitatingly awful things ever, and in this moment, with Elsa on the line, she stands up tall and with every fiber of her being effectively says this stops here, you can do no more. The strength she must have had in this one moment is just incredible for so many reasons. Standing ovation well deserved.", "created_utc": 1391188321.0, "distinguished": null, "edited": false, "id": "cf3oznq", "is_submitter": false, "link_id": "t3_1wlsmu", "parent_id": "t3_1wlsmu", "permalink": "/r/Frozen/comments/1wlsmu/annas_choice_and_the_room_was_quiet_we_stopped/cf3oznq/", "score": 13, "stickied": false, "subreddit_id": "t5_2vpth", "author_name": null, "author_id": null, "subreddit_name": "frozen"}, {"body": "Imagine this scene with a Do you want to build a snowman reprise! This scene was amazing, but with [this](https://www.youtube.com/watch?v=2OoWsy7H-Mc) or [this](https://www.youtube.com/watch?v=MutnK1UbdRk) I would have straight up balled my eyes out at the theater.  I'm sure many others would too.", "created_utc": 1391151005.0, "distinguished": null, "edited": false, "id": "cf3fikj", "is_submitter": false, "link_id": "t3_1wlsmu", "parent_id": "t3_1wlsmu", "permalink": "/r/Frozen/comments/1wlsmu/annas_choice_and_the_room_was_quiet_we_stopped/cf3fikj/", "score": 17, "stickied": false, "subreddit_id": "t5_2vpth", "author_name": "baconbroth", "author_id": "cidv2", "subreddit_name": "frozen"}, {"body": "Why are these GIFs so tumblr sized? can someone put these back into one gif of the whole scene?", "created_utc": 1391152862.0, "distinguished": null, "edited": false, "id": "cf3g00c", "is_submitter": false, "link_id": "t3_1wlsmu", "parent_id": "t3_1wlsmu", "permalink": "/r/Frozen/comments/1wlsmu/annas_choice_and_the_room_was_quiet_we_stopped/cf3g00c/", "score": 2, "stickied": false, "subreddit_id": "t5_2vpth", "author_name": "Abrohmtoofar", "author_id": "7zlau", "subreddit_name": "frozen"}, {"body": "That scene made me wonder if the movie as a whole contained a lot of Christian overtones. The scene itself was very Jesus Christ-y in how Anna sacrificed herself to save Elsa.", "created_utc": 1391133878.0, "distinguished": null, "edited": false, "id": "cf38qjo", "is_submitter": false, "link_id": "t3_1wlsmu", "parent_id": "t3_1wlsmu", "permalink": "/r/Frozen/comments/1wlsmu/annas_choice_and_the_room_was_quiet_we_stopped/cf38qjo/", "score": -30, "stickied": false, "subreddit_id": "t5_2vpth", "author_name": "Azlirak", "author_id": "8hq0z", "subreddit_name": "frozen"}, {"body": "Yes, I cannot imagine *Frozen* being *nearly* as good as it is without this very scene.", "created_utc": 1391136735.0, "distinguished": null, "edited": false, "id": "cf39zp0", "is_submitter": false, "link_id": "t3_1wlsmu", "parent_id": "t1_cf36jzg", "permalink": "/r/Frozen/comments/1wlsmu/annas_choice_and_the_room_was_quiet_we_stopped/cf39zp0/", "score": 31, "stickied": false, "subreddit_id": "t5_2vpth", "author_name": "Canticles", "author_id": "f194d", "subreddit_name": "frozen"}, {"body": "wow I get chills going through that story board.. ", "created_utc": 1391141426.0, "distinguished": null, "edited": false, "id": "cf3c1x2", "is_submitter": false, "link_id": "t3_1wlsmu", "parent_id": "t1_cf36jzg", "permalink": "/r/Frozen/comments/1wlsmu/annas_choice_and_the_room_was_quiet_we_stopped/cf3c1x2/", "score": 13, "stickied": false, "subreddit_id": "t5_2vpth", "author_name": "ares623", "author_id": "3mbae", "subreddit_name": "frozen"}, {"body": "I saw this movie two nights ago.\n\nDuring this scene, at just the right moment, after Elsa was crying for at least 20 seconds straight in pure silence, a kid sipped his drink and it made that \"empty drink with a straw\" noise.\n\nIt was hilarious.\n\nAnd it ruined the moment, but also made it better. They didn't plan for that!", "created_utc": 1391967587.0, "distinguished": null, "edited": false, "id": "cfazu4a", "is_submitter": false, "link_id": "t3_1wlsmu", "parent_id": "t1_cf36jzg", "permalink": "/r/Frozen/comments/1wlsmu/annas_choice_and_the_room_was_quiet_we_stopped/cfazu4a/", "score": 11, "stickied": false, "subreddit_id": "t5_2vpth", "author_name": null, "author_id": null, "subreddit_name": "frozen"}, {"body": "Damn straight. I was also considering using that portion of the quote as the title with a similar sentiment. So true. ", "created_utc": 1391137720.0, "distinguished": null, "edited": false, "id": "cf3aezm", "is_submitter": true, "link_id": "t3_1wlsmu", "parent_id": "t1_cf3a6hx", "permalink": "/r/Frozen/comments/1wlsmu/annas_choice_and_the_room_was_quiet_we_stopped/cf3aezm/", "score": 11, "stickied": false, "subreddit_id": "t5_2vpth", "author_name": "JiForce", "author_id": "5fwj2", "subreddit_name": "frozen"}, {"body": "coupled with a sad version of \"Do you want to build a snowman?\" instrumentals in the background. ", "created_utc": 1391165944.0, "distinguished": null, "edited": false, "id": "cf3iasn", "is_submitter": false, "link_id": "t3_1wlsmu", "parent_id": "t1_cf3haij", "permalink": "/r/Frozen/comments/1wlsmu/annas_choice_and_the_room_was_quiet_we_stopped/cf3iasn/", "score": 24, "stickied": false, "subreddit_id": "t5_2vpth", "author_name": "ares623", "author_id": "3mbae", "subreddit_name": "frozen"}, {"body": "I imagined an ending where after Anna turns to ice, Kristoff tackles Hans and subdues him.  Elsa is standing there looking at her sister crying.\n\nFade to black, and then we come back to the castle.  There's still snow in Arendelle, but not a raging blizzard anymore.  Anna has been dragged back to the courtyard where she resides in the middle as an ice statue.  Everyone stands there solemnly looking at their former princess.  Elsa and Kristoff are there, as well.  Olaf then makes the comment that Anna did what she did out of pure love.\n\nElsa then suddenly realizes what she did wrong her entire life, and decides to recede the snow and ice.  Everything turns back to summer again.  She leaves a snow cloud above Anna and Olaf to keep them alive.  She then vows to never live life in fear anymore, and pronounces to keep the gates open in honor of her dear Sister.\n\nFast forward ahead, and we see life returning somewhat to normal in Arendelle.  Anna still resides in the courtyard as an ice statue.  We see Elsa coordinating with the other heads of state to repair her kingdom.  Kristoff is there brushing some snow flakes off of Anna.  Elsa makes the comment that Kristoff doesn't have to do what he's doing.  That he should return to his old life.  Kristoff respectfully disagrees and says he'll stay and watch over her.  Elsa leaves, contempt that there was someone who cared for her.\n\nKristoff stands in front of Anna looking solemnly at her.  He places a hand on her cheek, and says, \"I won't leave you again.  I'll wait right here for you.\"  He then kisses her cheek.\n\nAt that moment, he notices that a strand of Anna's hair has defrosted.  He's amazed and smiles.  He then says, \"No matter how long it takes\".\n\nFade to credits.", "created_utc": 1392090613.0, "distinguished": null, "edited": false, "id": "cfca8w1", "is_submitter": false, "link_id": "t3_1wlsmu", "parent_id": "t1_cf3haij", "permalink": "/r/Frozen/comments/1wlsmu/annas_choice_and_the_room_was_quiet_we_stopped/cfca8w1/", "score": 19, "stickied": false, "subreddit_id": "t5_2vpth", "author_name": "animeman59", "author_id": "5co9z", "subreddit_name": "frozen"}, {"body": "I love the do you want to be a snowman reprise. However for this scene I think silence works a lot better. You could hear a pin drop in the theater it was so quiet.  ", "created_utc": 1391186863.0, "distinguished": null, "edited": false, "id": "cf3obk0", "is_submitter": false, "link_id": "t3_1wlsmu", "parent_id": "t1_cf3fikj", "permalink": "/r/Frozen/comments/1wlsmu/annas_choice_and_the_room_was_quiet_we_stopped/cf3obk0/", "score": 18, "stickied": false, "subreddit_id": "t5_2vpth", "author_name": "austinstudios", "author_id": "ctiu4", "subreddit_name": "frozen"}, {"body": "This is making me shiver.", "created_utc": 1391159952.0, "distinguished": null, "edited": false, "id": "cf3hefm", "is_submitter": false, "link_id": "t3_1wlsmu", "parent_id": "t1_cf3fikj", "permalink": "/r/Frozen/comments/1wlsmu/annas_choice_and_the_room_was_quiet_we_stopped/cf3hefm/", "score": 4, "stickied": false, "subreddit_id": "t5_2vpth", "author_name": null, "author_id": null, "subreddit_name": "frozen"}, {"body": "Tumblr has an absurdly low size limit for gifs so they have to be shortened and broken up. \n\nIt's why /r/shittytumblrgifs is a thing. ", "created_utc": 1391164690.0, "distinguished": null, "edited": false, "id": "cf3i46u", "is_submitter": false, "link_id": "t3_1wlsmu", "parent_id": "t1_cf3g00c", "permalink": "/r/Frozen/comments/1wlsmu/annas_choice_and_the_room_was_quiet_we_stopped/cf3i46u/", "score": 7, "stickied": false, "subreddit_id": "t5_2vpth", "author_name": "Chiburger", "author_id": "4in1t", "subreddit_name": "frozen"}, {"body": "Christianity doesn't really have a monopoly on sacrifice or martyrdom.  This isn't even the first time Disney has pulled the card -- The Beast wasn't much of a Christ figure and he still got the treatment.\n\nNote that the original fairy tale does have explicit christian themes (though not the resurrection) though.", "created_utc": 1391137961.0, "distinguished": null, "edited": false, "id": "cf3aits", "is_submitter": false, "link_id": "t3_1wlsmu", "parent_id": "t1_cf38qjo", "permalink": "/r/Frozen/comments/1wlsmu/annas_choice_and_the_room_was_quiet_we_stopped/cf3aits/", "score": 35, "stickied": false, "subreddit_id": "t5_2vpth", "author_name": "AndIfWeFall", "author_id": "f0b0t", "subreddit_name": "frozen"}, {"body": "Messianic figures are very common in lots of literature. A martyr's death is a very common theme. I am a bit confused as to why you are being down voted though. You certainly aren't wrong.\n\nEdit: No seriously. Why is this guy being downvoted.", "created_utc": 1391139298.0, "distinguished": null, "edited": 1391143239.0, "id": "cf3b3sp", "is_submitter": false, "link_id": "t3_1wlsmu", "parent_id": "t1_cf38qjo", "permalink": "/r/Frozen/comments/1wlsmu/annas_choice_and_the_room_was_quiet_we_stopped/cf3b3sp/", "score": 11, "stickied": false, "subreddit_id": "t5_2vpth", "author_name": "TomRad", "author_id": "c3lmi", "subreddit_name": "frozen"}, {"body": "Everyone who is downvoting this apparently did not get the \" HANG IN THERE JOAN\" foreshadowing.\n\nJoan in the painting is JOAN of ARC.\n\nhttp://31.media.tumblr.com/279a7c146403155a9d72ba8e59d93e17/tumblr_mxz0w6K2K81t4ipwuo1_1280.png\n\n\n\n", "created_utc": 1391206819.0, "distinguished": null, "edited": false, "id": "cf3xrd4", "is_submitter": false, "link_id": "t3_1wlsmu", "parent_id": "t1_cf38qjo", "permalink": "/r/Frozen/comments/1wlsmu/annas_choice_and_the_room_was_quiet_we_stopped/cf3xrd4/", "score": 7, "stickied": false, "subreddit_id": "t5_2vpth", "author_name": "pctron", "author_id": "cbv6m", "subreddit_name": "frozen"}, {"body": "I personally don't view it that way, but I've read some commentaries online that shares your view. Those are the emotions you got from the movie, and I can respect that. I doesn't make it invalid or anything.\n\nThere are several excellent responses to you below that make good points, but downvoting your post hides them as well, so I hope you aren't being downvoted simply because they are disagreeing with you. Reddit is a place of discussion.", "created_utc": 1391147484.0, "distinguished": null, "edited": false, "id": "cf3effp", "is_submitter": false, "link_id": "t3_1wlsmu", "parent_id": "t1_cf38qjo", "permalink": "/r/Frozen/comments/1wlsmu/annas_choice_and_the_room_was_quiet_we_stopped/cf3effp/", "score": 3, "stickied": false, "subreddit_id": "t5_2vpth", "author_name": "hotrodx", "author_id": "3nqjk", "subreddit_name": "frozen"}, {"body": "Well, the downvotes are unfortunate, but really you just learn to expect that sometimes on Reddit when you're discussing Christianity. Don't take it personally, it's something the crowd just sometimes does.\n\nIf anyone is actually interested in the question, you can look on /r/Christianity, which actually had a thread exactly about this. Look:\nhttp://www.reddit.com/r/Christianity/comments/1wa540/does_disneys_hit_frozen_carry_a_christian_message/\n\nI'd also be glad to talk to anyone about this question, if you want a Christian perspective. PM me, as clearly the downvotes express that this kind of discussion is not welcome in public.", "created_utc": 1391156618.0, "distinguished": null, "edited": 1391156963.0, "id": "cf3gt89", "is_submitter": false, "link_id": "t3_1wlsmu", "parent_id": "t1_cf38qjo", "permalink": "/r/Frozen/comments/1wlsmu/annas_choice_and_the_room_was_quiet_we_stopped/cf3gt89/", "score": 5, "stickied": false, "subreddit_id": "t5_2vpth", "author_name": "naclhv", "author_id": "enu9n", "subreddit_name": "frozen"}, {"body": "I could go on at length about why you're wrong, but instead, I'll just tell you you're wrong.", "created_utc": 1391151528.0, "distinguished": null, "edited": false, "id": "cf3fnri", "is_submitter": false, "link_id": "t3_1wlsmu", "parent_id": "t1_cf38qjo", "permalink": "/r/Frozen/comments/1wlsmu/annas_choice_and_the_room_was_quiet_we_stopped/cf3fnri/", "score": -2, "stickied": false, "subreddit_id": "t5_2vpth", "author_name": null, "author_id": null, "subreddit_name": "frozen"}, {"body": "Are you *trying* to make me cry? Damnit dude. ", "created_utc": 1392303008.0, "distinguished": null, "edited": false, "id": "cfeby99", "is_submitter": true, "link_id": "t3_1wlsmu", "parent_id": "t1_cfca8w1", "permalink": "/r/Frozen/comments/1wlsmu/annas_choice_and_the_room_was_quiet_we_stopped/cfeby99/", "score": 6, "stickied": false, "subreddit_id": "t5_2vpth", "author_name": "JiForce", "author_id": "5fwj2", "subreddit_name": "frozen"}, {"body": "Holy fuck that cliffhanger. So much better than Inception.", "created_utc": 1396360363.0, "distinguished": null, "edited": false, "id": "cghb206", "is_submitter": false, "link_id": "t3_1wlsmu", "parent_id": "t1_cfca8w1", "permalink": "/r/Frozen/comments/1wlsmu/annas_choice_and_the_room_was_quiet_we_stopped/cghb206/", "score": 2, "stickied": false, "subreddit_id": "t5_2vpth", "author_name": "harryxaxa", "author_id": "aew4l", "subreddit_name": "frozen"}, {"body": "They even cut the orchestration that was written for that scene.  It's completely silent as Elsa cries on her sister.  Note that on the soundtrack, there was actually music written; the directors made an explicit choice for silence.\n\nObviously opinions can vary on whether this was the right choice (I agree with the silence, FWIW) but it wasn't a mistake.  They clearly considered options like this and rejected them.", "created_utc": 1391195725.0, "distinguished": null, "edited": false, "id": "cf3sfwz", "is_submitter": false, "link_id": "t3_1wlsmu", "parent_id": "t1_cf3obk0", "permalink": "/r/Frozen/comments/1wlsmu/annas_choice_and_the_room_was_quiet_we_stopped/cf3sfwz/", "score": 13, "stickied": false, "subreddit_id": "t5_2vpth", "author_name": "AndIfWeFall", "author_id": "f0b0t", "subreddit_name": "frozen"}, {"body": "That's true. I don't think the silence was bad, but I feel like a reprise would've infused much more emotion into the scene. ", "created_utc": 1391188295.0, "distinguished": null, "edited": false, "id": "cf3oz9f", "is_submitter": false, "link_id": "t3_1wlsmu", "parent_id": "t1_cf3obk0", "permalink": "/r/Frozen/comments/1wlsmu/annas_choice_and_the_room_was_quiet_we_stopped/cf3oz9f/", "score": 4, "stickied": false, "subreddit_id": "t5_2vpth", "author_name": "baconbroth", "author_id": "cidv2", "subreddit_name": "frozen"}, {"body": "***Beauty and the Beast* Spoilers!**\n\nI don't think that the beast's death qualifies as a sacrifice. He didn't make a choice to die for her, he just got blindsided by Gaston. But his death was symbolically necessary to complete his transformation.", "created_utc": 1391138993.0, "distinguished": null, "edited": false, "id": "cf3aywb", "is_submitter": false, "link_id": "t3_1wlsmu", "parent_id": "t1_cf3aits", "permalink": "/r/Frozen/comments/1wlsmu/annas_choice_and_the_room_was_quiet_we_stopped/cf3aywb/", "score": 3, "stickied": false, "subreddit_id": "t5_2vpth", "author_name": "CarterDug", "author_id": "7c3j2", "subreddit_name": "frozen"}, {"body": "Seriously, HANG IN THERE JOAN (OF ARC)", "created_utc": 1391206445.0, "distinguished": null, "edited": false, "id": "cf3xlcw", "is_submitter": false, "link_id": "t3_1wlsmu", "parent_id": "t1_cf3b3sp", "permalink": "/r/Frozen/comments/1wlsmu/annas_choice_and_the_room_was_quiet_we_stopped/cf3xlcw/", "score": 8, "stickied": false, "subreddit_id": "t5_2vpth", "author_name": "pctron", "author_id": "cbv6m", "subreddit_name": "frozen"}, {"body": "I would personally love to hear why. Its not ridiculous to see Anna as a somewhat Christlike figure", "created_utc": 1391175643.0, "distinguished": null, "edited": false, "id": "cf3k4qz", "is_submitter": false, "link_id": "t3_1wlsmu", "parent_id": "t1_cf3fnri", "permalink": "/r/Frozen/comments/1wlsmu/annas_choice_and_the_room_was_quiet_we_stopped/cf3k4qz/", "score": 6, "stickied": false, "subreddit_id": "t5_2vpth", "author_name": "TomRad", "author_id": "c3lmi", "subreddit_name": "frozen"}, {"body": "I just meant that The Beast experienced a resurrection.  Indeed, sacrifice isn't the theme of Beauty and the Beast.", "created_utc": 1391140796.0, "distinguished": null, "edited": false, "id": "cf3brus", "is_submitter": false, "link_id": "t3_1wlsmu", "parent_id": "t1_cf3aywb", "permalink": "/r/Frozen/comments/1wlsmu/annas_choice_and_the_room_was_quiet_we_stopped/cf3brus/", "score": 6, "stickied": false, "subreddit_id": "t5_2vpth", "author_name": "AndIfWeFall", "author_id": "f0b0t", "subreddit_name": "frozen"}, {"body": "The fact that she sacrifices herself is literally the only similarity. ", "created_utc": 1391176277.0, "distinguished": null, "edited": false, "id": "cf3kap5", "is_submitter": false, "link_id": "t3_1wlsmu", "parent_id": "t1_cf3k4qz", "permalink": "/r/Frozen/comments/1wlsmu/annas_choice_and_the_room_was_quiet_we_stopped/cf3kap5/", "score": 7, "stickied": false, "subreddit_id": "t5_2vpth", "author_name": null, "author_id": null, "subreddit_name": "frozen"}, {"body": "Not completely true. You could see Anna as sacrificing herself to right the wrongs of society that put Elsa and the people Arandelle in the situation they were in.", "created_utc": 1391186078.0, "distinguished": null, "edited": false, "id": "cf3nyqn", "is_submitter": false, "link_id": "t3_1wlsmu", "parent_id": "t1_cf3kap5", "permalink": "/r/Frozen/comments/1wlsmu/annas_choice_and_the_room_was_quiet_we_stopped/cf3nyqn/", "score": 3, "stickied": false, "subreddit_id": "t5_2vpth", "author_name": "TomRad", "author_id": "c3lmi", "subreddit_name": "frozen"}, {"body": "Again, \"Hang in there Joan (of Arc)\" was pretty much foreshadowing of Anna.", "created_utc": 1391207008.0, "distinguished": null, "edited": false, "id": "cf3xuc4", "is_submitter": false, "link_id": "t3_1wlsmu", "parent_id": "t1_cf3nyqn", "permalink": "/r/Frozen/comments/1wlsmu/annas_choice_and_the_room_was_quiet_we_stopped/cf3xuc4/", "score": 2, "stickied": false, "subreddit_id": "t5_2vpth", "author_name": "pctron", "author_id": "cbv6m", "subreddit_name": "frozen"}, {"body": "You know, I didn't think of that. I suppose you're right.", "created_utc": 1391202366.0, "distinguished": null, "edited": false, "id": "cf3vngk", "is_submitter": false, "link_id": "t3_1wlsmu", "parent_id": "t1_cf3nyqn", "permalink": "/r/Frozen/comments/1wlsmu/annas_choice_and_the_room_was_quiet_we_stopped/cf3vngk/", "score": 3, "stickied": false, "subreddit_id": "t5_2vpth", "author_name": null, "author_id": null, "subreddit_name": "frozen"}]