{"clicked": false, "created_utc": 1391128800.0, "distinguished": null, "edited": false, "id": "1wlsmu", "is_video": false, "locked": false, "num_comments": 34, "over_18": false, "permalink": "/r/Frozen/comments/1wlsmu/annas_choice_and_the_room_was_quiet_we_stopped/", "score": 181, "selftext": "", "stickied": false, "subreddit_id": "t5_2vpth", "title": "Anna's Choice - \"...and the room was quiet. We stopped, and then Lasseter said, 'I\u2019ve never seen anything like that before.'\"", "url": "http://theladyelsa.tumblr.com/post/73462249629/annas-choice-one-of-the-best-sequences-ive", "author_name": "JiForce", "author_id": "5fwj2", "subreddit_name": "frozen", "upvote_ratio": 1.0}