[{"body": "Just to clarify, image taken from the 4chan's Frozen thread, google search gave no results about the author (I'm not surprised though). ", "created_utc": 1393526366.0, "distinguished": null, "edited": false, "id": "cfq8qh6", "is_submitter": true, "link_id": "t3_1z3u3o", "parent_id": "t3_1z3u3o", "permalink": "/r/Frozen/comments/1z3u3o/the_cutest_scream_ever/cfq8qh6/", "score": 9, "stickied": false, "subreddit_id": "t5_2vpth", "author_name": "Bike_stole_my_nigga", "author_id": "7xpbm", "subreddit_name": "frozen"}, {"body": "This would make a great phone wallpaper actually", "created_utc": 1393538810.0, "distinguished": null, "edited": false, "id": "cfqf1s1", "is_submitter": false, "link_id": "t3_1z3u3o", "parent_id": "t3_1z3u3o", "permalink": "/r/Frozen/comments/1z3u3o/the_cutest_scream_ever/cfqf1s1/", "score": 6, "stickied": false, "subreddit_id": "t5_2vpth", "author_name": "GrahamMc", "author_id": "6nyuh", "subreddit_name": "frozen"}, {"body": "This. I love this.", "created_utc": 1393532250.0, "distinguished": null, "edited": false, "id": "cfqbos2", "is_submitter": false, "link_id": "t3_1z3u3o", "parent_id": "t3_1z3u3o", "permalink": "/r/Frozen/comments/1z3u3o/the_cutest_scream_ever/cfqbos2/", "score": 3, "stickied": false, "subreddit_id": "t5_2vpth", "author_name": "OrlandoNE", "author_id": "5r5o4", "subreddit_name": "frozen"}, {"body": "omg, it's glorious!", "created_utc": 1393534753.0, "distinguished": null, "edited": false, "id": "cfqcydd", "is_submitter": false, "link_id": "t3_1z3u3o", "parent_id": "t3_1z3u3o", "permalink": "/r/Frozen/comments/1z3u3o/the_cutest_scream_ever/cfqcydd/", "score": 3, "stickied": false, "subreddit_id": "t5_2vpth", "author_name": "XLightThief", "author_id": "5o80b", "subreddit_name": "frozen"}, {"body": "\"Oooohhhh...\"", "created_utc": 1393548891.0, "distinguished": null, "edited": false, "id": "cfqjqzn", "is_submitter": false, "link_id": "t3_1z3u3o", "parent_id": "t3_1z3u3o", "permalink": "/r/Frozen/comments/1z3u3o/the_cutest_scream_ever/cfqjqzn/", "score": 3, "stickied": false, "subreddit_id": "t5_2vpth", "author_name": "ares623", "author_id": "3mbae", "subreddit_name": "frozen"}, {"body": "I believe whatever Anna did are the cutest ", "created_utc": 1393556951.0, "distinguished": null, "edited": false, "id": "cfqndt3", "is_submitter": false, "link_id": "t3_1z3u3o", "parent_id": "t3_1z3u3o", "permalink": "/r/Frozen/comments/1z3u3o/the_cutest_scream_ever/cfqndt3/", "score": 3, "stickied": false, "subreddit_id": "t5_2vpth", "author_name": "teffhk", "author_id": "dyxc8", "subreddit_name": "frozen"}, {"body": "Great. Now I wanna build a snowman.", "created_utc": 1393549638.0, "distinguished": null, "edited": false, "id": "cfqk34c", "is_submitter": false, "link_id": "t3_1z3u3o", "parent_id": "t3_1z3u3o", "permalink": "/r/Frozen/comments/1z3u3o/the_cutest_scream_ever/cfqk34c/", "score": 2, "stickied": false, "subreddit_id": "t5_2vpth", "author_name": "DissentingOpinions", "author_id": "6yose", "subreddit_name": "frozen"}, {"body": "DAT SQUISH ", "created_utc": 1393591220.0, "distinguished": null, "edited": false, "id": "cfqvu9z", "is_submitter": false, "link_id": "t3_1z3u3o", "parent_id": "t3_1z3u3o", "permalink": "/r/Frozen/comments/1z3u3o/the_cutest_scream_ever/cfqvu9z/", "score": 1, "stickied": false, "subreddit_id": "t5_2vpth", "author_name": "jereddit", "author_id": "5v70b", "subreddit_name": "frozen"}, {"body": "what board was there a frozen thread on? I only really go on /fit and sometimes /v ", "created_utc": 1393532087.0, "distinguished": null, "edited": false, "id": "cfqbluu", "is_submitter": false, "link_id": "t3_1z3u3o", "parent_id": "t1_cfq8qh6", "permalink": "/r/Frozen/comments/1z3u3o/the_cutest_scream_ever/cfqbluu/", "score": 8, "stickied": false, "subreddit_id": "t5_2vpth", "author_name": "GrahamMc", "author_id": "6nyuh", "subreddit_name": "frozen"}, {"body": "[Original post from DCinside]( http://gall.dcinside.com/board/view/?id=frozen&no=568332) ", "created_utc": 1393565520.0, "distinguished": null, "edited": false, "id": "cfqqta4", "is_submitter": false, "link_id": "t3_1z3u3o", "parent_id": "t1_cfq8qh6", "permalink": "/r/Frozen/comments/1z3u3o/the_cutest_scream_ever/cfqqta4/", "score": 2, "stickied": false, "subreddit_id": "t5_2vpth", "author_name": "jakielim", "author_id": "9flvd", "subreddit_name": "frozen"}, {"body": "I just found it.  It's on /co/.", "created_utc": 1393532599.0, "distinguished": null, "edited": false, "id": "cfqbvc5", "is_submitter": false, "link_id": "t3_1z3u3o", "parent_id": "t1_cfqbluu", "permalink": "/r/Frozen/comments/1z3u3o/the_cutest_scream_ever/cfqbvc5/", "score": 5, "stickied": false, "subreddit_id": "t5_2vpth", "author_name": "Oneironaut2", "author_id": "4xs2w", "subreddit_name": "frozen"}]