{"clicked": false, "created_utc": 1393526230.0, "distinguished": null, "edited": false, "id": "1z3u3o", "is_video": false, "locked": false, "num_comments": 11, "over_18": false, "permalink": "/r/Frozen/comments/1z3u3o/the_cutest_scream_ever/", "score": 372, "selftext": "", "stickied": false, "subreddit_id": "t5_2vpth", "title": "The cutest \"Scream\" ever", "url": "http://i.imgur.com/OjeMLpq.jpg", "author_name": "Bike_stole_my_nigga", "author_id": "7xpbm", "subreddit_name": "frozen", "upvote_ratio": 0.97}