[{"body": "Now, what about sequel combining the two movies...", "created_utc": 1392866881.0, "distinguished": null, "edited": false, "id": "cfju5qv", "is_submitter": false, "link_id": "t3_1yekpg", "parent_id": "t3_1yekpg", "permalink": "/r/Frozen/comments/1yekpg/headcanon_the_coronaarendelle_connection/cfju5qv/", "score": 24, "stickied": false, "subreddit_id": "t5_2vpth", "author_name": "foan", "author_id": "6ppql", "subreddit_name": "frozen"}, {"body": "They don't have to be related to Rapunzel. Royalty gets invited to royal weddings. ", "created_utc": 1392874233.0, "distinguished": null, "edited": false, "id": "cfjxagm", "is_submitter": false, "link_id": "t3_1yekpg", "parent_id": "t3_1yekpg", "permalink": "/r/Frozen/comments/1yekpg/headcanon_the_coronaarendelle_connection/cfjxagm/", "score": 17, "stickied": false, "subreddit_id": "t5_2vpth", "author_name": null, "author_id": null, "subreddit_name": "frozen"}, {"body": "I love how much thought goes into these and think they're totally plausible \n\nbut one thing that bugs me is that Anna prances right by her \"cousin\" without so much as a friendly wave", "created_utc": 1392865848.0, "distinguished": null, "edited": false, "id": "cfjtoo2", "is_submitter": false, "link_id": "t3_1yekpg", "parent_id": "t3_1yekpg", "permalink": "/r/Frozen/comments/1yekpg/headcanon_the_coronaarendelle_connection/cfjtoo2/", "score": 28, "stickied": false, "subreddit_id": "t5_2vpth", "author_name": "IBlazeMyOwnPath", "author_id": "bfqs7", "subreddit_name": "frozen"}, {"body": "lol that was my question they answered during the AmA", "created_utc": 1392884005.0, "distinguished": null, "edited": false, "id": "cfk030f", "is_submitter": false, "link_id": "t3_1yekpg", "parent_id": "t3_1yekpg", "permalink": "/r/Frozen/comments/1yekpg/headcanon_the_coronaarendelle_connection/cfk030f/", "score": 9, "stickied": false, "subreddit_id": "t5_2vpth", "author_name": "Georgie_Kay", "author_id": "bv5p0", "subreddit_name": "frozen"}, {"body": "Interesting, but where does wreck-it-ralph come in?", "created_utc": 1392917856.0, "distinguished": null, "edited": false, "id": "cfk9br3", "is_submitter": false, "link_id": "t3_1yekpg", "parent_id": "t3_1yekpg", "permalink": "/r/Frozen/comments/1yekpg/headcanon_the_coronaarendelle_connection/cfk9br3/", "score": 8, "stickied": false, "subreddit_id": "t5_2vpth", "author_name": null, "author_id": null, "subreddit_name": "frozen"}, {"body": "I usually see the Queens being sisters in headcanons, but this works too.  I like how all the evidence, as it were, is gathered in one spot. :3\n\nNow if my brain could just stop trying to connect the other Disney Kingdoms...", "created_utc": 1392864137.0, "distinguished": null, "edited": false, "id": "cfjsw9r", "is_submitter": true, "link_id": "t3_1yekpg", "parent_id": "t3_1yekpg", "permalink": "/r/Frozen/comments/1yekpg/headcanon_the_coronaarendelle_connection/cfjsw9r/", "score": 4, "stickied": false, "subreddit_id": "t5_2vpth", "author_name": "damocles2501", "author_id": "d3wqx", "subreddit_name": "frozen"}, {"body": "the whole time i was like, thats pretty interesting, then the last pic was perfection", "created_utc": 1392878417.0, "distinguished": null, "edited": false, "id": "cfjypek", "is_submitter": false, "link_id": "t3_1yekpg", "parent_id": "t3_1yekpg", "permalink": "/r/Frozen/comments/1yekpg/headcanon_the_coronaarendelle_connection/cfjypek/", "score": 3, "stickied": false, "subreddit_id": "t5_2vpth", "author_name": "loegare", "author_id": "8202l", "subreddit_name": "frozen"}, {"body": "Why didn't Anna greet them? \"Hi, cousins who were indirectly the cause of our parents' death!\"", "created_utc": 1392890259.0, "distinguished": null, "edited": false, "id": "cfk16dr", "is_submitter": false, "link_id": "t3_1yekpg", "parent_id": "t3_1yekpg", "permalink": "/r/Frozen/comments/1yekpg/headcanon_the_coronaarendelle_connection/cfk16dr/", "score": 5, "stickied": false, "subreddit_id": "t5_2vpth", "author_name": "ares623", "author_id": "3mbae", "subreddit_name": "frozen"}, {"body": "I absolutely love this theory but there's just something I can't get past. Elsa and Anna's parents left for 'the wedding' 3 years before Elsa's corona (so when Elsa was ~18 and Anna was ~15). Now, Rapunzel (age 18 in Tangled) and Eugene's wedding occurred after \"years and years of asking\" (the ending of Tangled). This means that a number of years had passed before the invitation to their wedding was sent out. So by the time Rapunzel and Eugene went to attend Elsa's coronation it's been ATLEAST 5-6 years since the events of Tangled, yet they look the same. Just something to be aware of, I'm not disapproving the connection as its hardly difficult to believe that their appearance/clothing didn't change in half a decade, especially since both Rapunzel and Eugene are only in their twenties.", "created_utc": 1392886726.0, "distinguished": null, "edited": 1392887973.0, "id": "cfk0lnl", "is_submitter": false, "link_id": "t3_1yekpg", "parent_id": "t3_1yekpg", "permalink": "/r/Frozen/comments/1yekpg/headcanon_the_coronaarendelle_connection/cfk0lnl/", "score": 4, "stickied": false, "subreddit_id": "t5_2vpth", "author_name": null, "author_id": null, "subreddit_name": "frozen"}, {"body": "I like the visual of the family tree- it was getting a little confusing! ", "created_utc": 1392865233.0, "distinguished": null, "edited": false, "id": "cfjtehq", "is_submitter": false, "link_id": "t3_1yekpg", "parent_id": "t3_1yekpg", "permalink": "/r/Frozen/comments/1yekpg/headcanon_the_coronaarendelle_connection/cfjtehq/", "score": 2, "stickied": false, "subreddit_id": "t5_2vpth", "author_name": "RidiculousPartner", "author_id": "b1nj0", "subreddit_name": "frozen"}, {"body": "Ever see the Pixar one?\n\nNow [THIS](http://jonnegroni.com/2013/07/11/the-pixar-theory/comment-page-44/) is freaky", "created_utc": 1392864752.0, "distinguished": null, "edited": false, "id": "cfjt6er", "is_submitter": false, "link_id": "t3_1yekpg", "parent_id": "t3_1yekpg", "permalink": "/r/Frozen/comments/1yekpg/headcanon_the_coronaarendelle_connection/cfjt6er/", "score": 5, "stickied": false, "subreddit_id": "t5_2vpth", "author_name": "gdkitty", "author_id": "8payt", "subreddit_name": "frozen"}, {"body": "(Pardon being a dick but I think I have snapped)\nOh right. Ignore Chris Buck's connection. I mean come on, I know Jennifer Lee is awesome for achieving such feats as her first directed movie, but Chris Buck was director of the movie SINCE the beginning of Frozen. It's HIM who kick started Frozen, trying to get the Disney Head to let him start a project Walt Disney thought was impossible to adapt. Without him, there wouldnt be Frozen. So Jennifer talks about the Chris's connection to Tarzan and this tumblr poster simple ignores Chris' theory simply because of 2 words that Jennifer Lee says? He isn't just \"The others\" he is the freaking director that Jennifer Lee took partnership with! I feel that he needs more recognition", "created_utc": 1392896443.0, "distinguished": null, "edited": false, "id": "cfk23s6", "is_submitter": false, "link_id": "t3_1yekpg", "parent_id": "t3_1yekpg", "permalink": "/r/Frozen/comments/1yekpg/headcanon_the_coronaarendelle_connection/cfk23s6/", "score": 2, "stickied": false, "subreddit_id": "t5_2vpth", "author_name": "IamVAcer", "author_id": "d3tyl", "subreddit_name": "frozen"}, {"body": "Tarzan. Tarzan is Anna's/Elsa's brother.", "created_utc": 1392928755.0, "distinguished": null, "edited": false, "id": "cfkesdq", "is_submitter": false, "link_id": "t3_1yekpg", "parent_id": "t3_1yekpg", "permalink": "/r/Frozen/comments/1yekpg/headcanon_the_coronaarendelle_connection/cfkesdq/", "score": 1, "stickied": false, "subreddit_id": "t5_2vpth", "author_name": "ScienceCatMeow", "author_id": "f0qk7", "subreddit_name": "frozen"}, {"body": "I've read that Corona is around Gdynia, Poland which would of been a Prussian territory in the late 1700's through the 1800's. And Arendelle to me, is located where Arendal, Norway resides. \n\nI'd like to hear your take on the alternate history of this world at least in those regions. Seeing as by the early 1800's there wouldn't of been a Kingdom in either's locations since Norway & Prussia were already Kingdoms in their own right.\n\nFurthermore the lack of firearms. \n\nReally the only thing that seems to have went historically was Christianity/Catholicism's spread to the regions.   ", "created_utc": 1392885414.0, "distinguished": null, "edited": false, "id": "cfk0czt", "is_submitter": false, "link_id": "t3_1yekpg", "parent_id": "t3_1yekpg", "permalink": "/r/Frozen/comments/1yekpg/headcanon_the_coronaarendelle_connection/cfk0czt/", "score": 0, "stickied": false, "subreddit_id": "t5_2vpth", "author_name": "thewookie5", "author_id": "exaxw", "subreddit_name": "frozen"}, {"body": "Just the thought of Maximus and Sven in the same movie... It needs to happen, at least in the form of a Disney short.", "created_utc": 1392963105.0, "distinguished": null, "edited": 1392963356.0, "id": "cfktvl1", "is_submitter": false, "link_id": "t3_1yekpg", "parent_id": "t1_cfju5qv", "permalink": "/r/Frozen/comments/1yekpg/headcanon_the_coronaarendelle_connection/cfktvl1/", "score": 10, "stickied": false, "subreddit_id": "t5_2vpth", "author_name": "Dark_Shroud", "author_id": "4a7d2", "subreddit_name": "frozen"}, {"body": "Or a prequel.", "created_utc": 1392893910.0, "distinguished": null, "edited": false, "id": "cfk1pue", "is_submitter": false, "link_id": "t3_1yekpg", "parent_id": "t1_cfju5qv", "permalink": "/r/Frozen/comments/1yekpg/headcanon_the_coronaarendelle_connection/cfk1pue/", "score": 5, "stickied": false, "subreddit_id": "t5_2vpth", "author_name": "Garabaduck", "author_id": "bvej1", "subreddit_name": "frozen"}, {"body": "Consider the plot of Tangled to get why she wouldn't recognize Repunzel. She's been kidnapped since birth and her only description would have been of long blonde hair. New of the death of the former Queen and King could have also overshadowed any information on Repunzel and Eugene as well. \n\nAnna and Elsa most likely never knew what their cousin ever looked like besides basic description. ", "created_utc": 1392869021.0, "distinguished": null, "edited": false, "id": "cfjv4iv", "is_submitter": false, "link_id": "t3_1yekpg", "parent_id": "t1_cfjtoo2", "permalink": "/r/Frozen/comments/1yekpg/headcanon_the_coronaarendelle_connection/cfjv4iv/", "score": 56, "stickied": false, "subreddit_id": "t5_2vpth", "author_name": "ProMarshmallo", "author_id": "8e8d0", "subreddit_name": "frozen"}, {"body": "Well considering they'd probably never met each other Anna might not have recognized her.", "created_utc": 1392866459.0, "distinguished": null, "edited": false, "id": "cfjtyqi", "is_submitter": false, "link_id": "t3_1yekpg", "parent_id": "t1_cfjtoo2", "permalink": "/r/Frozen/comments/1yekpg/headcanon_the_coronaarendelle_connection/cfjtyqi/", "score": 28, "stickied": false, "subreddit_id": "t5_2vpth", "author_name": "KaptainK27", "author_id": "f0vwg", "subreddit_name": "frozen"}, {"body": "No one really mentions what happens after that little cameo of rapunzel. In the next shot it shows Elsa singing but when it pans back to Anna, she is walking away from where rapunzel was but also looking at that direction and waving. Giving us a hint that they did somehow say hi to each other but it was left off screen.", "created_utc": 1392876892.0, "distinguished": null, "edited": false, "id": "cfjy84q", "is_submitter": false, "link_id": "t3_1yekpg", "parent_id": "t1_cfjtoo2", "permalink": "/r/Frozen/comments/1yekpg/headcanon_the_coronaarendelle_connection/cfjy84q/", "score": 12, "stickied": false, "subreddit_id": "t5_2vpth", "author_name": "Dobby_Has_No_Master", "author_id": "dwj65", "subreddit_name": "frozen"}, {"body": "programmed by kristoff's great great great great great great great grandson", "created_utc": 1392920681.0, "distinguished": null, "edited": false, "id": "cfkapvz", "is_submitter": false, "link_id": "t3_1yekpg", "parent_id": "t1_cfk9br3", "permalink": "/r/Frozen/comments/1yekpg/headcanon_the_coronaarendelle_connection/cfkapvz/", "score": 15, "stickied": false, "subreddit_id": "t5_2vpth", "author_name": null, "author_id": null, "subreddit_name": "frozen"}, {"body": "Well it's not like she's seen a photograph.", "created_utc": 1392920651.0, "distinguished": null, "edited": false, "id": "cfkapcx", "is_submitter": false, "link_id": "t3_1yekpg", "parent_id": "t1_cfk16dr", "permalink": "/r/Frozen/comments/1yekpg/headcanon_the_coronaarendelle_connection/cfkapcx/", "score": 6, "stickied": false, "subreddit_id": "t5_2vpth", "author_name": null, "author_id": null, "subreddit_name": "frozen"}, {"body": "She does greet them:\nhttp://www.reddit.com/r/Frozen/comments/1yekpg/headcanon_the_coronaarendelle_connection/cfjy84q", "created_utc": 1392897208.0, "distinguished": null, "edited": false, "id": "cfk28dv", "is_submitter": false, "link_id": "t3_1yekpg", "parent_id": "t1_cfk16dr", "permalink": "/r/Frozen/comments/1yekpg/headcanon_the_coronaarendelle_connection/cfk28dv/", "score": 3, "stickied": false, "subreddit_id": "t5_2vpth", "author_name": null, "author_id": null, "subreddit_name": "frozen"}, {"body": "I though the \"yeras and years of asking\" was sarcastic or something. And in the short film Tangled ever after they look to be the same age as in the movie Tangled. ", "created_utc": 1392904158.0, "distinguished": null, "edited": false, "id": "cfk3qo9", "is_submitter": false, "link_id": "t3_1yekpg", "parent_id": "t1_cfk0lnl", "permalink": "/r/Frozen/comments/1yekpg/headcanon_the_coronaarendelle_connection/cfk3qo9/", "score": 16, "stickied": false, "subreddit_id": "t5_2vpth", "author_name": "ilovemrmiyagi", "author_id": "6vnvy", "subreddit_name": "frozen"}, {"body": "This seems like a pretty big stretch. Still it was a good read though.", "created_utc": 1392874633.0, "distinguished": null, "edited": false, "id": "cfjxfy5", "is_submitter": false, "link_id": "t3_1yekpg", "parent_id": "t1_cfjt6er", "permalink": "/r/Frozen/comments/1yekpg/headcanon_the_coronaarendelle_connection/cfjxfy5/", "score": 4, "stickied": false, "subreddit_id": "t5_2vpth", "author_name": "vinjhup", "author_id": "69a8m", "subreddit_name": "frozen"}, {"body": "No I hadn't ... bookmarked to read later.  Looks rather long. :3", "created_utc": 1392865753.0, "distinguished": null, "edited": false, "id": "cfjtn43", "is_submitter": true, "link_id": "t3_1yekpg", "parent_id": "t1_cfjt6er", "permalink": "/r/Frozen/comments/1yekpg/headcanon_the_coronaarendelle_connection/cfjtn43/", "score": 2, "stickied": false, "subreddit_id": "t5_2vpth", "author_name": "damocles2501", "author_id": "d3wqx", "subreddit_name": "frozen"}, {"body": "this one keeps me up at night. Steve Jobs is playing a much deeper game then any of us realized.", "created_utc": 1392871985.0, "distinguished": null, "edited": false, "id": "cfjwe4q", "is_submitter": false, "link_id": "t3_1yekpg", "parent_id": "t1_cfjt6er", "permalink": "/r/Frozen/comments/1yekpg/headcanon_the_coronaarendelle_connection/cfjwe4q/", "score": -1, "stickied": false, "subreddit_id": "t5_2vpth", "author_name": "Perion123", "author_id": "bmssk", "subreddit_name": "frozen"}, {"body": "[deleted]", "created_utc": 1392912433.0, "distinguished": null, "edited": false, "id": "cfk6smx", "is_submitter": false, "link_id": "t3_1yekpg", "parent_id": "t1_cfk23s6", "permalink": "/r/Frozen/comments/1yekpg/headcanon_the_coronaarendelle_connection/cfk6smx/", "score": 3, "stickied": false, "subreddit_id": "t5_2vpth", "author_name": null, "author_id": null, "subreddit_name": "frozen"}, {"body": "The architecture in the movie resembles old German architecture at least, but not 18th century.  \nHer tower looks more medieval and pre 17th century Prussia basically didn't exist. We might assume that there was the Holy Roman Empire and then there would've been space left for a small Kingdom, because the Holy Roman Empire wasn't as strong and dominant in the later stages as the Kingdom of Prussia was.", "created_utc": 1392887693.0, "distinguished": null, "edited": false, "id": "cfk0rpx", "is_submitter": false, "link_id": "t3_1yekpg", "parent_id": "t1_cfk0czt", "permalink": "/r/Frozen/comments/1yekpg/headcanon_the_coronaarendelle_connection/cfk0rpx/", "score": 2, "stickied": false, "subreddit_id": "t5_2vpth", "author_name": "Nolos", "author_id": "dqt7e", "subreddit_name": "frozen"}, {"body": ">Arendelle...is where Arendal, Norway resides.\n\nMaybe, but I don't know. I couldn't see any large mountain ranges near Arendal, t looks more like the coast is on Arendelle's west side, while Arendal's is on the east.", "created_utc": 1392935313.0, "distinguished": null, "edited": 1392940749.0, "id": "cfki4pf", "is_submitter": false, "link_id": "t3_1yekpg", "parent_id": "t1_cfk0czt", "permalink": "/r/Frozen/comments/1yekpg/headcanon_the_coronaarendelle_connection/cfki4pf/", "score": 1, "stickied": false, "subreddit_id": "t5_2vpth", "author_name": "ADF01FALKEN", "author_id": "8hfgh", "subreddit_name": "frozen"}, {"body": "Or a sqeuel.", "created_utc": 1392925408.0, "distinguished": null, "edited": false, "id": "cfkd28h", "is_submitter": false, "link_id": "t3_1yekpg", "parent_id": "t1_cfk1pue", "permalink": "/r/Frozen/comments/1yekpg/headcanon_the_coronaarendelle_connection/cfkd28h/", "score": 6, "stickied": false, "subreddit_id": "t5_2vpth", "author_name": "dooblee-doo", "author_id": "6ayo2", "subreddit_name": "frozen"}, {"body": "yeah this makes sense\n", "created_utc": 1392869721.0, "distinguished": null, "edited": false, "id": "cfjvfkr", "is_submitter": false, "link_id": "t3_1yekpg", "parent_id": "t1_cfjv4iv", "permalink": "/r/Frozen/comments/1yekpg/headcanon_the_coronaarendelle_connection/cfjvfkr/", "score": 6, "stickied": false, "subreddit_id": "t5_2vpth", "author_name": "IBlazeMyOwnPath", "author_id": "bfqs7", "subreddit_name": "frozen"}, {"body": "I... will have to re-watch that scene.\n\nedit: [... well I'll be damned](http://imgur.com/5tQV6zL)", "created_utc": 1392886703.0, "distinguished": null, "edited": 1392886969.0, "id": "cfk0li3", "is_submitter": true, "link_id": "t3_1yekpg", "parent_id": "t1_cfjy84q", "permalink": "/r/Frozen/comments/1yekpg/headcanon_the_coronaarendelle_connection/cfk0li3/", "score": 14, "stickied": false, "subreddit_id": "t5_2vpth", "author_name": "damocles2501", "author_id": "d3wqx", "subreddit_name": "frozen"}, {"body": "She says hi to everyone though. That's why ~~I~~ we love her.  ", "created_utc": 1392897587.0, "distinguished": null, "edited": false, "id": "cfk2aru", "is_submitter": false, "link_id": "t3_1yekpg", "parent_id": "t1_cfjy84q", "permalink": "/r/Frozen/comments/1yekpg/headcanon_the_coronaarendelle_connection/cfk2aru/", "score": 5, "stickied": false, "subreddit_id": "t5_2vpth", "author_name": "ares623", "author_id": "3mbae", "subreddit_name": "frozen"}, {"body": "Of course! How did I miss that?", "created_utc": 1392921029.0, "distinguished": null, "edited": false, "id": "cfkaw1p", "is_submitter": false, "link_id": "t3_1yekpg", "parent_id": "t1_cfkapvz", "permalink": "/r/Frozen/comments/1yekpg/headcanon_the_coronaarendelle_connection/cfkaw1p/", "score": 6, "stickied": false, "subreddit_id": "t5_2vpth", "author_name": null, "author_id": null, "subreddit_name": "frozen"}, {"body": "Yes, perhaps it was sarcasm. But here's my theory: though unrelated, Disney's recent films appear to have a trend where the princesses are older than their previous generation counterparts (Ariel being 14, etc etc). So I thought the 'years and years of asking' was one of the ways they showed that Rapunzel and Eugene developed a mature relationship before marrying each other. Good point on Tangled Ever After though!", "created_utc": 1392908276.0, "distinguished": null, "edited": false, "id": "cfk53v4", "is_submitter": false, "link_id": "t3_1yekpg", "parent_id": "t1_cfk3qo9", "permalink": "/r/Frozen/comments/1yekpg/headcanon_the_coronaarendelle_connection/cfk53v4/", "score": 3, "stickied": false, "subreddit_id": "t5_2vpth", "author_name": null, "author_id": null, "subreddit_name": "frozen"}, {"body": "It is.  But pretty much, every Pixar movie, has a tie in, to one of the other ones.. before/after.. its freeky.", "created_utc": 1392865823.0, "distinguished": null, "edited": false, "id": "cfjto9s", "is_submitter": false, "link_id": "t3_1yekpg", "parent_id": "t1_cfjtn43", "permalink": "/r/Frozen/comments/1yekpg/headcanon_the_coronaarendelle_connection/cfjto9s/", "score": 2, "stickied": false, "subreddit_id": "t5_2vpth", "author_name": "gdkitty", "author_id": "8payt", "subreddit_name": "frozen"}, {"body": "Yea it might not be true since he is obviously biased towards Tarzan since he was involved in it, BUT STILL I do not like that the tumblr poster just label him as \"Others\" ", "created_utc": 1392917252.0, "distinguished": null, "edited": false, "id": "cfk91an", "is_submitter": false, "link_id": "t3_1yekpg", "parent_id": "t1_cfk6smx", "permalink": "/r/Frozen/comments/1yekpg/headcanon_the_coronaarendelle_connection/cfk91an/", "score": 2, "stickied": false, "subreddit_id": "t5_2vpth", "author_name": "IamVAcer", "author_id": "d3tyl", "subreddit_name": "frozen"}, {"body": "Perhaps the crossover sequel can be about all these kingdoms banding together to stop Fantasy Prussia from taking over.\n\nProbably won't play all that well in Germany, though.", "created_utc": 1392908270.0, "distinguished": null, "edited": false, "id": "cfk53rv", "is_submitter": false, "link_id": "t3_1yekpg", "parent_id": "t1_cfk0rpx", "permalink": "/r/Frozen/comments/1yekpg/headcanon_the_coronaarendelle_connection/cfk53rv/", "score": 2, "stickied": false, "subreddit_id": "t5_2vpth", "author_name": "poktanju", "author_id": "4z4uc", "subreddit_name": "frozen"}, {"body": "It looks more like she's waving at that woman in green, though.", "created_utc": 1392900051.0, "distinguished": null, "edited": false, "id": "cfk2qdh", "is_submitter": false, "link_id": "t3_1yekpg", "parent_id": "t1_cfk0li3", "permalink": "/r/Frozen/comments/1yekpg/headcanon_the_coronaarendelle_connection/cfk2qdh/", "score": 20, "stickied": false, "subreddit_id": "t5_2vpth", "author_name": "Swoove", "author_id": "7w825", "subreddit_name": "frozen"}, {"body": "Also, the candies in \"for the first time in forever\" are from sugar rush.", "created_utc": 1393203697.0, "distinguished": null, "edited": false, "id": "cfmz1gq", "is_submitter": false, "link_id": "t3_1yekpg", "parent_id": "t1_cfkaw1p", "permalink": "/r/Frozen/comments/1yekpg/headcanon_the_coronaarendelle_connection/cfmz1gq/", "score": 2, "stickied": false, "subreddit_id": "t5_2vpth", "author_name": "subconcussive", "author_id": "8zakp", "subreddit_name": "frozen"}, {"body": "This blew my mind because it makes so much sense. ", "created_utc": 1392871152.0, "distinguished": null, "edited": false, "id": "cfjw1r1", "is_submitter": false, "link_id": "t3_1yekpg", "parent_id": "t1_cfjto9s", "permalink": "/r/Frozen/comments/1yekpg/headcanon_the_coronaarendelle_connection/cfjw1r1/", "score": 1, "stickied": false, "subreddit_id": "t5_2vpth", "author_name": "Carramell", "author_id": "5wq4y", "subreddit_name": "frozen"}, {"body": "I'm Prussian :O  \nI'd watch that sequel and be like \"yaay Prussia take over! Get rid of those large-eyed baddies!\"", "created_utc": 1392910159.0, "distinguished": null, "edited": false, "id": "cfk5ucq", "is_submitter": false, "link_id": "t3_1yekpg", "parent_id": "t1_cfk53rv", "permalink": "/r/Frozen/comments/1yekpg/headcanon_the_coronaarendelle_connection/cfk5ucq/", "score": 1, "stickied": false, "subreddit_id": "t5_2vpth", "author_name": "Nolos", "author_id": "dqt7e", "subreddit_name": "frozen"}, {"body": "Meh, it's really just a lot of picking-and choosing to try to get everything to fit in the theory. You have to make some pretty big assumptions to try to tie it all together.", "created_utc": 1392876123.0, "distinguished": null, "edited": false, "id": "cfjxyv8", "is_submitter": false, "link_id": "t3_1yekpg", "parent_id": "t1_cfjw1r1", "permalink": "/r/Frozen/comments/1yekpg/headcanon_the_coronaarendelle_connection/cfjxyv8/", "score": 4, "stickied": false, "subreddit_id": "t5_2vpth", "author_name": "shmameron", "author_id": "9h46k", "subreddit_name": "frozen"}, {"body": "No more than in the original image of this post :)", "created_utc": 1392921747.0, "distinguished": null, "edited": false, "id": "cfkb8qf", "is_submitter": false, "link_id": "t3_1yekpg", "parent_id": "t1_cfjxyv8", "permalink": "/r/Frozen/comments/1yekpg/headcanon_the_coronaarendelle_connection/cfkb8qf/", "score": 1, "stickied": false, "subreddit_id": "t5_2vpth", "author_name": "gdkitty", "author_id": "8payt", "subreddit_name": "frozen"}]