{"clicked": false, "created_utc": 1392864074.0, "distinguished": null, "edited": false, "id": "1yekpg", "is_video": false, "locked": false, "num_comments": 43, "over_18": false, "permalink": "/r/Frozen/comments/1yekpg/headcanon_the_coronaarendelle_connection/", "score": 169, "selftext": "", "stickied": false, "subreddit_id": "t5_2vpth", "title": "[headcanon] The Corona/Arendelle connection", "url": "http://emmy-loves-rotbtd.tumblr.com/post/77223061108", "author_name": "damocles2501", "author_id": "d3wqx", "subreddit_name": "frozen", "upvote_ratio": 0.98}