[{"body": "Is that from redbubble? I've been considering getting a shirt or two from there and I'm curious as to the quality.", "created_utc": 1392320312.0, "distinguished": null, "edited": false, "id": "cfejqz1", "is_submitter": false, "link_id": "t3_1xttka", "parent_id": "t3_1xttka", "permalink": "/r/Frozen/comments/1xttka/finally_got_my_frozen_tshirt/cfejqz1/", "score": 3, "stickied": false, "subreddit_id": "t5_2vpth", "author_name": "Jokey665", "author_id": "4r8mh", "subreddit_name": "frozen"}, {"body": "Looks great, where can i get one?", "created_utc": 1392320677.0, "distinguished": null, "edited": false, "id": "cfejxdi", "is_submitter": false, "link_id": "t3_1xttka", "parent_id": "t3_1xttka", "permalink": "/r/Frozen/comments/1xttka/finally_got_my_frozen_tshirt/cfejxdi/", "score": 3, "stickied": false, "subreddit_id": "t5_2vpth", "author_name": "Portgas", "author_id": "7kc75", "subreddit_name": "frozen"}, {"body": "I got the same one but in red :) ", "created_utc": 1392321807.0, "distinguished": null, "edited": false, "id": "cfekh8q", "is_submitter": false, "link_id": "t3_1xttka", "parent_id": "t3_1xttka", "permalink": "/r/Frozen/comments/1xttka/finally_got_my_frozen_tshirt/cfekh8q/", "score": 3, "stickied": false, "subreddit_id": "t5_2vpth", "author_name": "Parsimony3", "author_id": "dhnoj", "subreddit_name": "frozen"}, {"body": "is it come with cold resistance? cool!! ", "created_utc": 1392328054.0, "distinguished": null, "edited": false, "id": "cfenihf", "is_submitter": false, "link_id": "t3_1xttka", "parent_id": "t3_1xttka", "permalink": "/r/Frozen/comments/1xttka/finally_got_my_frozen_tshirt/cfenihf/", "score": 2, "stickied": false, "subreddit_id": "t5_2vpth", "author_name": "simien05", "author_id": "d9qj1", "subreddit_name": "frozen"}, {"body": "What a crazy random happenstance, [mine came in today, too!] (http://imgur.com/C5AjBrq.jpg)", "created_utc": 1392350013.0, "distinguished": null, "edited": false, "id": "cfexgbh", "is_submitter": false, "link_id": "t3_1xttka", "parent_id": "t3_1xttka", "permalink": "/r/Frozen/comments/1xttka/finally_got_my_frozen_tshirt/cfexgbh/", "score": 4, "stickied": false, "subreddit_id": "t5_2vpth", "author_name": "ninjaakid422", "author_id": "8uh8c", "subreddit_name": "frozen"}, {"body": "Awesome, I loved it! :D", "created_utc": 1392321681.0, "distinguished": null, "edited": false, "id": "cfekf2q", "is_submitter": false, "link_id": "t3_1xttka", "parent_id": "t3_1xttka", "permalink": "/r/Frozen/comments/1xttka/finally_got_my_frozen_tshirt/cfekf2q/", "score": 1, "stickied": false, "subreddit_id": "t5_2vpth", "author_name": null, "author_id": null, "subreddit_name": "frozen"}, {"body": "Yeah it is :) I would suggest ordering a size up if you don't want it to be super form fitting. The fabric is really soft though and this is definitely my new favorite piece of clothing!", "created_utc": 1392320797.0, "distinguished": null, "edited": false, "id": "cfejzip", "is_submitter": true, "link_id": "t3_1xttka", "parent_id": "t1_cfejqz1", "permalink": "/r/Frozen/comments/1xttka/finally_got_my_frozen_tshirt/cfejzip/", "score": 3, "stickied": false, "subreddit_id": "t5_2vpth", "author_name": "forturtlepictures", "author_id": "drfix", "subreddit_name": "frozen"}, {"body": "It's from redbubble. Here are a bunch of FROZEN shirts they have: http://www.redbubble.com/shop/frozen+t-shirts?page=1", "created_utc": 1392320917.0, "distinguished": null, "edited": false, "id": "cfek1og", "is_submitter": true, "link_id": "t3_1xttka", "parent_id": "t1_cfejxdi", "permalink": "/r/Frozen/comments/1xttka/finally_got_my_frozen_tshirt/cfek1og/", "score": 5, "stickied": false, "subreddit_id": "t5_2vpth", "author_name": "forturtlepictures", "author_id": "drfix", "subreddit_name": "frozen"}, {"body": "Thanks. 30 bucks though...maybe some other time.", "created_utc": 1392321326.0, "distinguished": null, "edited": false, "id": "cfek8u4", "is_submitter": false, "link_id": "t3_1xttka", "parent_id": "t1_cfek1og", "permalink": "/r/Frozen/comments/1xttka/finally_got_my_frozen_tshirt/cfek8u4/", "score": 2, "stickied": false, "subreddit_id": "t5_2vpth", "author_name": "Portgas", "author_id": "7kc75", "subreddit_name": "frozen"}]