{"clicked": false, "created_utc": 1392320239.0, "distinguished": null, "edited": false, "id": "1xttka", "is_video": false, "locked": false, "num_comments": 9, "over_18": false, "permalink": "/r/Frozen/comments/1xttka/finally_got_my_frozen_tshirt/", "score": 125, "selftext": "", "stickied": false, "subreddit_id": "t5_2vpth", "title": "Finally got my FROZEN T-shirt!", "url": "http://imgur.com/a/VviGJ", "author_name": "forturtlepictures", "author_id": "drfix", "subreddit_name": "frozen", "upvote_ratio": 0.99}