[{"body": "Should be also mentioned that it's only the second animation to cross the billion mark, and the first that is not a sequel! Just $63 million more to become the highest grossing animated movie of all time!", "created_utc": 1393777371.0, "distinguished": null, "edited": false, "id": "cfshcco", "is_submitter": false, "link_id": "t3_1zcoau", "parent_id": "t3_1zcoau", "permalink": "/r/Frozen/comments/1zcoau/one_billion/cfshcco/", "score": 63, "stickied": false, "subreddit_id": "t5_2vpth", "author_name": null, "author_id": null, "subreddit_name": "frozen"}, {"body": "Wow! Just on time for coronation day :D\n\nOh, and even though we all knew it was going to happen, do you happen to have a source article?", "created_utc": 1393776597.0, "distinguished": null, "edited": false, "id": "cfsh31m", "is_submitter": false, "link_id": "t3_1zcoau", "parent_id": "t3_1zcoau", "permalink": "/r/Frozen/comments/1zcoau/one_billion/cfsh31m/", "score": 37, "stickied": false, "subreddit_id": "t5_2vpth", "author_name": null, "author_id": null, "subreddit_name": "frozen"}, {"body": "I believe [this](http://i.imgur.com/FBg1j2o.gif) is suitable reaction", "created_utc": 1393781588.0, "distinguished": null, "edited": false, "id": "cfsiwjf", "is_submitter": false, "link_id": "t3_1zcoau", "parent_id": "t3_1zcoau", "permalink": "/r/Frozen/comments/1zcoau/one_billion/cfsiwjf/", "score": 29, "stickied": false, "subreddit_id": "t5_2vpth", "author_name": null, "author_id": null, "subreddit_name": "frozen"}, {"body": "Wow, it's crazy how most people barely cared about and then, with the help of word of mouth, it rose and more got to witness this masterpiece, then gained a cult following, still was getting more money, Recognition was worldwide and here we are. Great job Disney for creating an amazing movie and inspiring others. Now it's time for the oscars.", "created_utc": 1393776760.0, "distinguished": null, "edited": false, "id": "cfsh4yi", "is_submitter": false, "link_id": "t3_1zcoau", "parent_id": "t3_1zcoau", "permalink": "/r/Frozen/comments/1zcoau/one_billion/cfsh4yi/", "score": 28, "stickied": false, "subreddit_id": "t5_2vpth", "author_name": "TheKing0fLimbs", "author_id": "d03e0", "subreddit_name": "frozen"}, {"body": "I knew it could do it. What an amazing number for an amazing movie. Congratulations to Walt Disney Animated Studios and thanks to all fans for a support.\n\nIt's also became the biggest Disney animation of all time. Rightly deserved. \n\nBtw, i think i need to do another \"Did you know...\" now, with a lot of fun stuff in it. Probably will take a while, though.", "created_utc": 1393776409.0, "distinguished": null, "edited": 1393777187.0, "id": "cfsh0tb", "is_submitter": false, "link_id": "t3_1zcoau", "parent_id": "t3_1zcoau", "permalink": "/r/Frozen/comments/1zcoau/one_billion/cfsh0tb/", "score": 23, "stickied": false, "subreddit_id": "t5_2vpth", "author_name": "Portgas", "author_id": "7kc75", "subreddit_name": "frozen"}, {"body": "This movie is turning out to being Disney's greatest sleeper hits of all time.  \n\nEvery review I've seen has been saying:  \"we didn't think much of it in the trailers, but holy shit is this awesome.\"\n\nWhat I'd love to know, what would the illustrious Siskal and Ebert say?", "created_utc": 1393784057.0, "distinguished": null, "edited": false, "id": "cfsjw67", "is_submitter": false, "link_id": "t3_1zcoau", "parent_id": "t3_1zcoau", "permalink": "/r/Frozen/comments/1zcoau/one_billion/cfsjw67/", "score": 15, "stickied": false, "subreddit_id": "t5_2vpth", "author_name": "Anemoi523", "author_id": "5tb0u", "subreddit_name": "frozen"}, {"body": "[deleted]", "created_utc": 1393777936.0, "distinguished": null, "edited": 1502671302.0, "id": "cfshjaw", "is_submitter": false, "link_id": "t3_1zcoau", "parent_id": "t3_1zcoau", "permalink": "/r/Frozen/comments/1zcoau/one_billion/cfshjaw/", "score": 13, "stickied": false, "subreddit_id": "t5_2vpth", "author_name": null, "author_id": null, "subreddit_name": "frozen"}, {"body": "What a great achievement, and very well deserved. Now I'm hoping for 2 Oscars tonight and beating Toy Story 3 in dollars. Let's hope Japan falls in love with it like most of us have. ", "created_utc": 1393788522.0, "distinguished": null, "edited": 1393798353.0, "id": "cfslr6p", "is_submitter": false, "link_id": "t3_1zcoau", "parent_id": "t3_1zcoau", "permalink": "/r/Frozen/comments/1zcoau/one_billion/cfslr6p/", "score": 7, "stickied": false, "subreddit_id": "t5_2vpth", "author_name": "ChillinFallin", "author_id": "737fv", "subreddit_name": "frozen"}, {"body": "And to think it hasn't even been released in Japan yet!", "created_utc": 1393794323.0, "distinguished": null, "edited": false, "id": "cfso88w", "is_submitter": false, "link_id": "t3_1zcoau", "parent_id": "t3_1zcoau", "permalink": "/r/Frozen/comments/1zcoau/one_billion/cfso88w/", "score": 6, "stickied": false, "subreddit_id": "t5_2vpth", "author_name": null, "author_id": null, "subreddit_name": "frozen"}, {"body": "Holy Sh*t.\n\nWoohoo!", "created_utc": 1393782811.0, "distinguished": null, "edited": false, "id": "cfsjdru", "is_submitter": false, "link_id": "t3_1zcoau", "parent_id": "t3_1zcoau", "permalink": "/r/Frozen/comments/1zcoau/one_billion/cfsjdru/", "score": 4, "stickied": false, "subreddit_id": "t5_2vpth", "author_name": "WanderingRurouni", "author_id": "bes49", "subreddit_name": "frozen"}, {"body": "Woop!", "created_utc": 1393793619.0, "distinguished": null, "edited": false, "id": "cfsnxht", "is_submitter": false, "link_id": "t3_1zcoau", "parent_id": "t3_1zcoau", "permalink": "/r/Frozen/comments/1zcoau/one_billion/cfsnxht/", "score": 3, "stickied": false, "subreddit_id": "t5_2vpth", "author_name": "ThinWhiteMale", "author_id": "cuqb4", "subreddit_name": "frozen"}, {"body": "I knew it could do it! :D\nIf Frozen wins an Oscar, we should all go watch it again next weekend to celebrate! We need to beat Toy Story 3!", "created_utc": 1393794775.0, "distinguished": null, "edited": false, "id": "cfsofox", "is_submitter": false, "link_id": "t3_1zcoau", "parent_id": "t3_1zcoau", "permalink": "/r/Frozen/comments/1zcoau/one_billion/cfsofox/", "score": 3, "stickied": false, "subreddit_id": "t5_2vpth", "author_name": null, "author_id": null, "subreddit_name": "frozen"}, {"body": "Related article: http://www.latimes.com/entertainment/envelope/cotown/la-et-ct-disneys-frozen-crosses-1-billion-mark-20140302,0,4508279.story#axzz2upinuMVf", "created_utc": 1393786645.0, "distinguished": null, "edited": false, "id": "cfskypk", "is_submitter": false, "link_id": "t3_1zcoau", "parent_id": "t3_1zcoau", "permalink": "/r/Frozen/comments/1zcoau/one_billion/cfskypk/", "score": 2, "stickied": false, "subreddit_id": "t5_2vpth", "author_name": "hotrodx", "author_id": "3nqjk", "subreddit_name": "frozen"}, {"body": "Here's what we need to remember now, Frozen is now the 18th highest grossing movie of all time. However, we have an Oscar performance of Let it Go tonight plus it will almost definitely win 2 Oscars and it hasn't come out in Japan yet. I can almost assure to everyone here that Frozen will reach the top 10 highest grossing movies of all time.", "created_utc": 1393799026.0, "distinguished": null, "edited": false, "id": "cfsqamn", "is_submitter": false, "link_id": "t3_1zcoau", "parent_id": "t3_1zcoau", "permalink": "/r/Frozen/comments/1zcoau/one_billion/cfsqamn/", "score": 2, "stickied": false, "subreddit_id": "t5_2vpth", "author_name": null, "author_id": null, "subreddit_name": "frozen"}, {"body": "Damn it,I wish we could post gifs. Either way,looks like tonight is Endgame night for our beloved little movie.", "created_utc": 1393799880.0, "distinguished": null, "edited": false, "id": "cfsqo62", "is_submitter": false, "link_id": "t3_1zcoau", "parent_id": "t3_1zcoau", "permalink": "/r/Frozen/comments/1zcoau/one_billion/cfsqo62/", "score": 2, "stickied": false, "subreddit_id": "t5_2vpth", "author_name": "Guild_Navigator", "author_id": "6v5xw", "subreddit_name": "frozen"}, {"body": "I hate to be *that guy* but to be honest, because the Lion King came out 10 years ago and because of inflation, although the Lion King made \"less\" money than Frozen, it's still more valuable. The Lion King made around $1.5 billion in today's cash value, so Frozen would need to make 500 million more to become the highest grossing animation.", "created_utc": 1393793340.0, "distinguished": null, "edited": false, "id": "cfsnt8q", "is_submitter": false, "link_id": "t3_1zcoau", "parent_id": "t3_1zcoau", "permalink": "/r/Frozen/comments/1zcoau/one_billion/cfsnt8q/", "score": 2, "stickied": false, "subreddit_id": "t5_2vpth", "author_name": "SURRENDER_YER_BOOTY", "author_id": "evksh", "subreddit_name": "frozen"}, {"body": "What a day! (And still going!)", "created_utc": 1393813217.0, "distinguished": null, "edited": false, "id": "cfsw787", "is_submitter": false, "link_id": "t3_1zcoau", "parent_id": "t3_1zcoau", "permalink": "/r/Frozen/comments/1zcoau/one_billion/cfsw787/", "score": 1, "stickied": false, "subreddit_id": "t5_2vpth", "author_name": "drunkcersei", "author_id": "8xy4g", "subreddit_name": "frozen"}, {"body": "Lets hope it will be a hit in japan ", "created_utc": 1393777830.0, "distinguished": null, "edited": false, "id": "cfshi02", "is_submitter": true, "link_id": "t3_1zcoau", "parent_id": "t1_cfshcco", "permalink": "/r/Frozen/comments/1zcoau/one_billion/cfshi02/", "score": 35, "stickied": false, "subreddit_id": "t5_2vpth", "author_name": "Mawuen", "author_id": "do8js", "subreddit_name": "frozen"}, {"body": "[deleted]", "created_utc": 1393777563.0, "distinguished": null, "edited": false, "id": "cfsheql", "is_submitter": false, "link_id": "t3_1zcoau", "parent_id": "t1_cfshcco", "permalink": "/r/Frozen/comments/1zcoau/one_billion/cfsheql/", "score": 20, "stickied": false, "subreddit_id": "t5_2vpth", "author_name": null, "author_id": null, "subreddit_name": "frozen"}, {"body": "Toy Story 3 here we come!", "created_utc": 1393778748.0, "distinguished": null, "edited": false, "id": "cfshtq2", "is_submitter": false, "link_id": "t3_1zcoau", "parent_id": "t1_cfshcco", "permalink": "/r/Frozen/comments/1zcoau/one_billion/cfshtq2/", "score": 14, "stickied": false, "subreddit_id": "t5_2vpth", "author_name": null, "author_id": null, "subreddit_name": "frozen"}, {"body": "Corneration", "created_utc": 1393777851.0, "distinguished": null, "edited": false, "id": "cfshi93", "is_submitter": false, "link_id": "t3_1zcoau", "parent_id": "t1_cfsh31m", "permalink": "/r/Frozen/comments/1zcoau/one_billion/cfshi93/", "score": 26, "stickied": false, "subreddit_id": "t5_2vpth", "author_name": "anal_intelligence", "author_id": "aqvbk", "subreddit_name": "frozen"}, {"body": "[Source article](http://www.boxofficemojo.com/movies/?id=frozen2013.htm)!", "created_utc": 1393777415.0, "distinguished": null, "edited": false, "id": "cfshcx3", "is_submitter": false, "link_id": "t3_1zcoau", "parent_id": "t1_cfsh31m", "permalink": "/r/Frozen/comments/1zcoau/one_billion/cfshcx3/", "score": 10, "stickied": false, "subreddit_id": "t5_2vpth", "author_name": null, "author_id": null, "subreddit_name": "frozen"}, {"body": "no it was annouced 10 min ago that it had reached 1 billion all i have is a link to the box office http://t.co/wGhEP2UYBZ", "created_utc": 1393776889.0, "distinguished": null, "edited": false, "id": "cfsh6kl", "is_submitter": true, "link_id": "t3_1zcoau", "parent_id": "t1_cfsh31m", "permalink": "/r/Frozen/comments/1zcoau/one_billion/cfsh6kl/", "score": 7, "stickied": false, "subreddit_id": "t5_2vpth", "author_name": "Mawuen", "author_id": "do8js", "subreddit_name": "frozen"}, {"body": "For the first time in foreverrr! We finally made it happen. For the first time in foreverrr! A movie that isn't a sequel - we have reached a billion together! You don't have to keep worrying! For the first time in forever, i can sleep in peace..", "created_utc": 1393784859.0, "distinguished": null, "edited": false, "id": "cfsk84x", "is_submitter": false, "link_id": "t3_1zcoau", "parent_id": "t1_cfsh31m", "permalink": "/r/Frozen/comments/1zcoau/one_billion/cfsk84x/", "score": 7, "stickied": false, "subreddit_id": "t5_2vpth", "author_name": "lazybutter", "author_id": "73zbx", "subreddit_name": "frozen"}, {"body": "My reaction is more [this](http://www.cinemablend.com/images/news/41270/_1390495070.gif).", "created_utc": 1393790163.0, "distinguished": null, "edited": false, "id": "cfsmgj0", "is_submitter": false, "link_id": "t3_1zcoau", "parent_id": "t1_cfsiwjf", "permalink": "/r/Frozen/comments/1zcoau/one_billion/cfsmgj0/", "score": 14, "stickied": false, "subreddit_id": "t5_2vpth", "author_name": "Herra_Ratatoskr", "author_id": "42kpq", "subreddit_name": "frozen"}, {"body": "> cult following\n\n*ahem..* That's us right?", "created_utc": 1393778693.0, "distinguished": null, "edited": false, "id": "cfsht0z", "is_submitter": false, "link_id": "t3_1zcoau", "parent_id": "t1_cfsh4yi", "permalink": "/r/Frozen/comments/1zcoau/one_billion/cfsht0z/", "score": 40, "stickied": false, "subreddit_id": "t5_2vpth", "author_name": null, "author_id": null, "subreddit_name": "frozen"}, {"body": ">Wow, it's crazy how most people barely cared about and then, with the help of word of mouth, it rose and more got to witness this masterpiece\n\nThis was their plan, in fact!", "created_utc": 1393781931.0, "distinguished": null, "edited": false, "id": "cfsj1de", "is_submitter": false, "link_id": "t3_1zcoau", "parent_id": "t1_cfsh4yi", "permalink": "/r/Frozen/comments/1zcoau/one_billion/cfsj1de/", "score": 4, "stickied": false, "subreddit_id": "t5_2vpth", "author_name": "Y0L0queue", "author_id": "chtpt", "subreddit_name": "frozen"}, {"body": "I saw the teaser for Frozen by chance just because I was subscribed to Disney's Youtube channel. It was interesting, I planned to watch it in the theaters but I got busy and I became just 'meh'. Then my brother told me about Frozen and I'm so glad that he did!", "created_utc": 1393832727.0, "distinguished": null, "edited": false, "id": "cft33fm", "is_submitter": false, "link_id": "t3_1zcoau", "parent_id": "t1_cfsh4yi", "permalink": "/r/Frozen/comments/1zcoau/one_billion/cft33fm/", "score": 1, "stickied": false, "subreddit_id": "t5_2vpth", "author_name": "FelixBlue", "author_id": "fca2h", "subreddit_name": "frozen"}, {"body": "> Now to see if Frozen can beat $400M Domestic... (it's at 388.7M right now).\n\nI'm working on helping with that.\n", "created_utc": 1393784531.0, "distinguished": null, "edited": false, "id": "cfsk37l", "is_submitter": false, "link_id": "t3_1zcoau", "parent_id": "t1_cfshjaw", "permalink": "/r/Frozen/comments/1zcoau/one_billion/cfsk37l/", "score": 8, "stickied": false, "subreddit_id": "t5_2vpth", "author_name": "boomerangotan", "author_id": "3r350", "subreddit_name": "frozen"}, {"body": ">Now to see if Frozen can beat $400M Domestic... (it's at 388.7M right now).\n\nIt most likely will.\n\nRefer to: http://boxofficemojo.com/showdowns/chart/?view=weekend&id=animationalltime.htm . This is the weekend grosses for some of the biggest animated films.\n\nThis weekend, it is projected that Frozen will get around $3.6M.\n\nIn comparison, Despicable Me 2 got its ~$3+M at week #7 ($3.9M), and gross was at $346M at the time. Its final gross tally was $368M. So it still earned $22M after hitting the $3M weekend mark.\n\nToy Story 3 got $3.1M on its 8th weekend, and was at $396M at that point. Its final gross was at $415M. So it still earned $19M after hitting the $3M weekend mark.\n\nWithout considering weekend holds (which Frozen is great at), it still can earn at least $15M. We're not considering the possible Oscar boost yet. And, having anecdotal evidence that Frozen had multiple viewings factored into the gross, I still believe there's still a lot of individuals who haven't watched it yet (compared to front heavy ones like Catching Fire or Iron Man 3), so a win at the Oscars will come a long way.", "created_utc": 1393784762.0, "distinguished": null, "edited": false, "id": "cfsk6n9", "is_submitter": false, "link_id": "t3_1zcoau", "parent_id": "t1_cfshjaw", "permalink": "/r/Frozen/comments/1zcoau/one_billion/cfsk6n9/", "score": 8, "stickied": false, "subreddit_id": "t5_2vpth", "author_name": "hotrodx", "author_id": "3nqjk", "subreddit_name": "frozen"}, {"body": "[deleted]", "created_utc": 1393798906.0, "distinguished": null, "edited": 1502671270.0, "id": "cfsq8rp", "is_submitter": false, "link_id": "t3_1zcoau", "parent_id": "t1_cfslr6p", "permalink": "/r/Frozen/comments/1zcoau/one_billion/cfsq8rp/", "score": 4, "stickied": false, "subreddit_id": "t5_2vpth", "author_name": null, "author_id": null, "subreddit_name": "frozen"}, {"body": "> If Frozen wins an Oscar, we should all go watch it again next weekend to celebrate! We need to beat Toy Story 3!\n\nIt'll will be (re-)watched whether or not it wins!", "created_utc": 1393797541.0, "distinguished": null, "edited": false, "id": "cfspnff", "is_submitter": false, "link_id": "t3_1zcoau", "parent_id": "t1_cfsofox", "permalink": "/r/Frozen/comments/1zcoau/one_billion/cfspnff/", "score": 5, "stickied": false, "subreddit_id": "t5_2vpth", "author_name": "Chimon", "author_id": "640oy", "subreddit_name": "frozen"}, {"body": "Let's be really honest here, there are a lot of problems with measuring a film's success by box office gross. Inflation, increasing population, expansion of cinema across the globe, an overall increase in disposable income by the average person...the list goes on. Still, even taking all of that into consideration, there's no denying that *Frozen* has achieved great success. ", "created_utc": 1393796140.0, "distinguished": null, "edited": false, "id": "cfsp1jj", "is_submitter": false, "link_id": "t3_1zcoau", "parent_id": "t1_cfsnt8q", "permalink": "/r/Frozen/comments/1zcoau/one_billion/cfsp1jj/", "score": 10, "stickied": false, "subreddit_id": "t5_2vpth", "author_name": "MetasequoiaLeaf", "author_id": "55vej", "subreddit_name": "frozen"}, {"body": "If the ticket prices were the same now as they were when the Lion King came out, supply and demand theory dictates that more people would go and see Frozen! \n\nThat's not everything, though! Back in the day of the Lion King, we didn't have big-ass HDTV widescreen TV sets, and On demand. There are people, who can afford to see it in the cinema, but would rather wait and watch it at home!", "created_utc": 1393800676.0, "distinguished": null, "edited": false, "id": "cfsr0md", "is_submitter": false, "link_id": "t3_1zcoau", "parent_id": "t1_cfsnt8q", "permalink": "/r/Frozen/comments/1zcoau/one_billion/cfsr0md/", "score": 5, "stickied": false, "subreddit_id": "t5_2vpth", "author_name": null, "author_id": null, "subreddit_name": "frozen"}, {"body": "Lion King also got rereleased a few times.\n\n", "created_utc": 1393807099.0, "distinguished": null, "edited": false, "id": "cfstp7d", "is_submitter": false, "link_id": "t3_1zcoau", "parent_id": "t1_cfsnt8q", "permalink": "/r/Frozen/comments/1zcoau/one_billion/cfstp7d/", "score": 2, "stickied": false, "subreddit_id": "t5_2vpth", "author_name": null, "author_id": null, "subreddit_name": "frozen"}, {"body": "oh gosh no i never meant to take away from Frozen's success. To make the billion dollar mark is extraordinary. But to put it in context or comparison with other movies, it still got a way to go.\n\nYou could even say that Frozen lost profits due to more easily accessible pirated versions online compared to back then or even the argument of waiting for DVD. ", "created_utc": 1393829055.0, "distinguished": null, "edited": false, "id": "cft26j3", "is_submitter": false, "link_id": "t3_1zcoau", "parent_id": "t1_cfsnt8q", "permalink": "/r/Frozen/comments/1zcoau/one_billion/cft26j3/", "score": 2, "stickied": false, "subreddit_id": "t5_2vpth", "author_name": "SURRENDER_YER_BOOTY", "author_id": "evksh", "subreddit_name": "frozen"}, {"body": "Back then there weren't other great animation companies like Blue Sky or Dreamworks. Disney back there was literally THE animation company.\n\nThat Frozen can do so well despite the competition speaks of its success.", "created_utc": 1393815010.0, "distinguished": null, "edited": false, "id": "cfswy4t", "is_submitter": false, "link_id": "t3_1zcoau", "parent_id": "t1_cfsnt8q", "permalink": "/r/Frozen/comments/1zcoau/one_billion/cfswy4t/", "score": 1, "stickied": false, "subreddit_id": "t5_2vpth", "author_name": "Eriflee", "author_id": "8n6qs", "subreddit_name": "frozen"}, {"body": "There is some truth to that and based on those numbers you are right but there are a lot of other factors you didn't factor in which people have already said. \n\nOne problem is that you should look at the competition that a film like Frozen has an it's just extraordinary. It opened with the new hunger games film followed soon after by the new hobbit and a slew of other holiday movies. \n\nThe lion king opened against... Well babies day out opened the next week and then forest gump a fortnight after that. ", "created_utc": 1394024379.0, "distinguished": null, "edited": false, "id": "cfux1y0", "is_submitter": false, "link_id": "t3_1zcoau", "parent_id": "t1_cfsnt8q", "permalink": "/r/Frozen/comments/1zcoau/one_billion/cfux1y0/", "score": 1, "stickied": false, "subreddit_id": "t5_2vpth", "author_name": "Wehavecrashed", "author_id": "ca12v", "subreddit_name": "frozen"}, {"body": "I read that a lot of Japanese love American stuff. So... yay?", "created_utc": 1393779932.0, "distinguished": null, "edited": false, "id": "cfsi9v0", "is_submitter": false, "link_id": "t3_1zcoau", "parent_id": "t1_cfshi02", "permalink": "/r/Frozen/comments/1zcoau/one_billion/cfsi9v0/", "score": 19, "stickied": false, "subreddit_id": "t5_2vpth", "author_name": "TheGifGoddess", "author_id": "9v50n", "subreddit_name": "frozen"}, {"body": "Japan has a Disneyland. So, chances are good.", "created_utc": 1393791646.0, "distinguished": null, "edited": false, "id": "cfsn3c9", "is_submitter": false, "link_id": "t3_1zcoau", "parent_id": "t1_cfshi02", "permalink": "/r/Frozen/comments/1zcoau/one_billion/cfsn3c9/", "score": 13, "stickied": false, "subreddit_id": "t5_2vpth", "author_name": "damocles2501", "author_id": "d3wqx", "subreddit_name": "frozen"}, {"body": "Well based on other film box office performances in Japan it has a chance. \n\nIn Japan\n\nToy Story 3 made $126,660,533, Wreck It Ralph made $29,646,724 and Tangled made $31,081,461. \n\nSo based on other Disney films it should pick up at least $30,000,000 but I can easily see it exploding maybe even reaching $100,000,000 in Japan. We will have to wait a few weeks to see.\n\n", "created_utc": 1394019407.0, "distinguished": null, "edited": false, "id": "cfuw5ib", "is_submitter": false, "link_id": "t3_1zcoau", "parent_id": "t1_cfshi02", "permalink": "/r/Frozen/comments/1zcoau/one_billion/cfuw5ib/", "score": 1, "stickied": false, "subreddit_id": "t5_2vpth", "author_name": "Wehavecrashed", "author_id": "ca12v", "subreddit_name": "frozen"}, {"body": "Let's build a snowman together!!", "created_utc": 1393785348.0, "distinguished": null, "edited": false, "id": "cfskfcy", "is_submitter": false, "link_id": "t3_1zcoau", "parent_id": "t1_cfsheql", "permalink": "/r/Frozen/comments/1zcoau/one_billion/cfskfcy/", "score": 10, "stickied": false, "subreddit_id": "t5_2vpth", "author_name": "lazybutter", "author_id": "73zbx", "subreddit_name": "frozen"}, {"body": "Yup. That one.", "created_utc": 1393794399.0, "distinguished": null, "edited": false, "id": "cfso9hd", "is_submitter": false, "link_id": "t3_1zcoau", "parent_id": "t1_cfsmgj0", "permalink": "/r/Frozen/comments/1zcoau/one_billion/cfso9hd/", "score": 5, "stickied": false, "subreddit_id": "t5_2vpth", "author_name": null, "author_id": null, "subreddit_name": "frozen"}, {"body": "Oh the cult is definitely bigger than this 5000 subscriber sub.", "created_utc": 1393783709.0, "distinguished": null, "edited": false, "id": "cfsjqui", "is_submitter": false, "link_id": "t3_1zcoau", "parent_id": "t1_cfsht0z", "permalink": "/r/Frozen/comments/1zcoau/one_billion/cfsjqui/", "score": 20, "stickied": false, "subreddit_id": "t5_2vpth", "author_name": "JamesAQuintero", "author_id": "7gthv", "subreddit_name": "frozen"}, {"body": "Plus, assuming it wins tonight, Oscar buzz might give it a boost over the next week or to.", "created_utc": 1393790313.0, "distinguished": null, "edited": false, "id": "cfsmivs", "is_submitter": false, "link_id": "t3_1zcoau", "parent_id": "t1_cfsk6n9", "permalink": "/r/Frozen/comments/1zcoau/one_billion/cfsmivs/", "score": 5, "stickied": false, "subreddit_id": "t5_2vpth", "author_name": "Herra_Ratatoskr", "author_id": "42kpq", "subreddit_name": "frozen"}, {"body": "Really? Nice. The more the merrier, this movie deserves all of it. ", "created_utc": 1393804331.0, "distinguished": null, "edited": false, "id": "cfssk9p", "is_submitter": false, "link_id": "t3_1zcoau", "parent_id": "t1_cfsq8rp", "permalink": "/r/Frozen/comments/1zcoau/one_billion/cfssk9p/", "score": 3, "stickied": false, "subreddit_id": "t5_2vpth", "author_name": "ChillinFallin", "author_id": "737fv", "subreddit_name": "frozen"}, {"body": "And kim jong il's first son lost his place as supreme leader by sneaking out to go there!", "created_utc": 1393794981.0, "distinguished": null, "edited": false, "id": "cfsoj1o", "is_submitter": false, "link_id": "t3_1zcoau", "parent_id": "t1_cfsn3c9", "permalink": "/r/Frozen/comments/1zcoau/one_billion/cfsoj1o/", "score": 12, "stickied": false, "subreddit_id": "t5_2vpth", "author_name": null, "author_id": null, "subreddit_name": "frozen"}, {"body": "it would be awesome if it did. i want it to get into top 10 highest grossing movies of all time.", "created_utc": 1394045656.0, "distinguished": null, "edited": false, "id": "cfv5jkg", "is_submitter": true, "link_id": "t3_1zcoau", "parent_id": "t1_cfuw5ib", "permalink": "/r/Frozen/comments/1zcoau/one_billion/cfv5jkg/", "score": 1, "stickied": false, "subreddit_id": "t5_2vpth", "author_name": "Mawuen", "author_id": "do8js", "subreddit_name": "frozen"}, {"body": "It doesn't have to be a snowmen ", "created_utc": 1393791851.0, "distinguished": null, "edited": false, "id": "cfsn6he", "is_submitter": false, "link_id": "t3_1zcoau", "parent_id": "t1_cfskfcy", "permalink": "/r/Frozen/comments/1zcoau/one_billion/cfsn6he/", "score": 8, "stickied": false, "subreddit_id": "t5_2vpth", "author_name": "belac889", "author_id": "bf66h", "subreddit_name": "frozen"}, {"body": "Where is the Frozen fandom most concentrated, I wonder? /frz/, or maybe somewhere on tumblr?", "created_utc": 1393784052.0, "distinguished": null, "edited": false, "id": "cfsjw37", "is_submitter": false, "link_id": "t3_1zcoau", "parent_id": "t1_cfsjqui", "permalink": "/r/Frozen/comments/1zcoau/one_billion/cfsjw37/", "score": 9, "stickied": false, "subreddit_id": "t5_2vpth", "author_name": "poktanju", "author_id": "4z4uc", "subreddit_name": "frozen"}, {"body": "IT HAPPENED! ", "created_utc": 1393817535.0, "distinguished": null, "edited": false, "id": "cfsy06k", "is_submitter": false, "link_id": "t3_1zcoau", "parent_id": "t1_cfsmivs", "permalink": "/r/Frozen/comments/1zcoau/one_billion/cfsy06k/", "score": 2, "stickied": false, "subreddit_id": "t5_2vpth", "author_name": "DarkGaia123", "author_id": "5ik68", "subreddit_name": "frozen"}, {"body": "I would say go away belac, but screw it! Let's build one -- in summmeeeerrrrr!!", "created_utc": 1393792587.0, "distinguished": null, "edited": false, "id": "cfsnhs1", "is_submitter": false, "link_id": "t3_1zcoau", "parent_id": "t1_cfsn6he", "permalink": "/r/Frozen/comments/1zcoau/one_billion/cfsnhs1/", "score": 6, "stickied": false, "subreddit_id": "t5_2vpth", "author_name": "lazybutter", "author_id": "73zbx", "subreddit_name": "frozen"}, {"body": "It'd be close, but I think tumblr is a bit bigger than here, and we're a bit bigger than /frz/.", "created_utc": 1393791981.0, "distinguished": null, "edited": false, "id": "cfsn8gq", "is_submitter": false, "link_id": "t3_1zcoau", "parent_id": "t1_cfsjw37", "permalink": "/r/Frozen/comments/1zcoau/one_billion/cfsn8gq/", "score": 11, "stickied": false, "subreddit_id": "t5_2vpth", "author_name": "synthion", "author_id": "60lta", "subreddit_name": "frozen"}, {"body": "What the hell there's a /frz/?  Are you serious?", "created_utc": 1393786916.0, "distinguished": null, "edited": false, "id": "cfsl2td", "is_submitter": false, "link_id": "t3_1zcoau", "parent_id": "t1_cfsjw37", "permalink": "/r/Frozen/comments/1zcoau/one_billion/cfsl2td/", "score": 5, "stickied": false, "subreddit_id": "t5_2vpth", "author_name": "CarbonCreed", "author_id": "7l8me", "subreddit_name": "frozen"}, {"body": "I love reddit, but I'm almost 100% sure /frz/ is bigger. They're at 430 general thread with over 500 replies per thread. ", "created_utc": 1393794284.0, "distinguished": null, "edited": false, "id": "cfso7nc", "is_submitter": false, "link_id": "t3_1zcoau", "parent_id": "t1_cfsn8gq", "permalink": "/r/Frozen/comments/1zcoau/one_billion/cfso7nc/", "score": 5, "stickied": false, "subreddit_id": "t5_2vpth", "author_name": "Mengsked", "author_id": "6gtnv", "subreddit_name": "frozen"}, {"body": "That's just what they call the general Frozen threads on /co/.", "created_utc": 1393788165.0, "distinguished": null, "edited": false, "id": "cfsllml", "is_submitter": false, "link_id": "t3_1zcoau", "parent_id": "t1_cfsl2td", "permalink": "/r/Frozen/comments/1zcoau/one_billion/cfsllml/", "score": 7, "stickied": false, "subreddit_id": "t5_2vpth", "author_name": "poktanju", "author_id": "4z4uc", "subreddit_name": "frozen"}, {"body": "And what is /co/?", "created_utc": 1393799622.0, "distinguished": null, "edited": false, "id": "cfsqk34", "is_submitter": false, "link_id": "t3_1zcoau", "parent_id": "t1_cfsllml", "permalink": "/r/Frozen/comments/1zcoau/one_billion/cfsqk34/", "score": 3, "stickied": false, "subreddit_id": "t5_2vpth", "author_name": "blobblet", "author_id": "cr9fw", "subreddit_name": "frozen"}, {"body": "Comics and Cartoons board on 4chan. A sort-of decent place, most of the time.", "created_utc": 1393801151.0, "distinguished": null, "edited": false, "id": "cfsr7tz", "is_submitter": false, "link_id": "t3_1zcoau", "parent_id": "t1_cfsqk34", "permalink": "/r/Frozen/comments/1zcoau/one_billion/cfsr7tz/", "score": 5, "stickied": false, "subreddit_id": "t5_2vpth", "author_name": "poktanju", "author_id": "4z4uc", "subreddit_name": "frozen"}]