{"clicked": false, "created_utc": 1393776271.0, "distinguished": null, "edited": 1393813433.0, "id": "1zcoau", "is_video": false, "locked": false, "num_comments": 55, "over_18": false, "permalink": "/r/Frozen/comments/1zcoau/one_billion/", "score": 236, "selftext": "Frozen gets to 1 billion\n\nFrozen is the 18th movie to earn over $1 billion, but only the fifth that's not a sequel or prequel\n\n*EDIT official box office as of March 2nd 2014\n\nDomestic:\t $388,736,000\t   \nForeign:\t $611,500,000\t  \nWorldwide = $1,000,236,000\t ", "stickied": false, "subreddit_id": "t5_2vpth", "title": "ONE BILLION!!!", "url": null, "author_name": "Mawuen", "author_id": "do8js", "subreddit_name": "frozen", "upvote_ratio": 0.98}