[{"body": "i like how Elsa is sweating in the second picture ", "created_utc": 1392309110.0, "distinguished": null, "edited": false, "id": "cfeef8r", "is_submitter": false, "link_id": "t3_1xt931", "parent_id": "t3_1xt931", "permalink": "/r/Frozen/comments/1xt931/anna_and_elsa_are_welcomed_with_the_rest_of_the/cfeef8r/", "score": 33, "stickied": false, "subreddit_id": "t5_2vpth", "author_name": "Portgas", "author_id": "7kc75", "subreddit_name": "frozen"}, {"body": "Where the helllllll is Nala?", "created_utc": 1392314103.0, "distinguished": null, "edited": false, "id": "cfegri2", "is_submitter": false, "link_id": "t3_1xt931", "parent_id": "t3_1xt931", "permalink": "/r/Frozen/comments/1xt931/anna_and_elsa_are_welcomed_with_the_rest_of_the/cfegri2/", "score": 30, "stickied": false, "subreddit_id": "t5_2vpth", "author_name": "bolognacake", "author_id": "aqfn7", "subreddit_name": "frozen"}, {"body": "I Love the monks from Frollo's \"Hellfire\" sequence in the background. Such an under-appreciated movie and villain.", "created_utc": 1392314836.0, "distinguished": null, "edited": false, "id": "cfeh408", "is_submitter": false, "link_id": "t3_1xt931", "parent_id": "t3_1xt931", "permalink": "/r/Frozen/comments/1xt931/anna_and_elsa_are_welcomed_with_the_rest_of_the/cfeh408/", "score": 23, "stickied": false, "subreddit_id": "t5_2vpth", "author_name": "AdultSupervision", "author_id": "ej121", "subreddit_name": "frozen"}, {"body": "The food choices in the second picture are incredible.", "created_utc": 1392317156.0, "distinguished": null, "edited": false, "id": "cfei8fm", "is_submitter": false, "link_id": "t3_1xt931", "parent_id": "t3_1xt931", "permalink": "/r/Frozen/comments/1xt931/anna_and_elsa_are_welcomed_with_the_rest_of_the/cfei8fm/", "score": 15, "stickied": false, "subreddit_id": "t5_2vpth", "author_name": null, "author_id": null, "subreddit_name": "frozen"}, {"body": "Love these.  ... M\u4e95 also needs to have Elsa with Queen Elinore and the Queen of Corona... Aurora/Briar Rose's mother never died either, did she?", "created_utc": 1392328866.0, "distinguished": null, "edited": false, "id": "cfenx5r", "is_submitter": false, "link_id": "t3_1xt931", "parent_id": "t3_1xt931", "permalink": "/r/Frozen/comments/1xt931/anna_and_elsa_are_welcomed_with_the_rest_of_the/cfenx5r/", "score": 11, "stickied": false, "subreddit_id": "t5_2vpth", "author_name": "damocles2501", "author_id": "d3wqx", "subreddit_name": "frozen"}, {"body": "while it's funny as hell. \n\nHonestly speaking there's a lot of other queen in Disney Realm, like Merida's and Rapunzel's mother for instance. But maybe they are not as memorable as the villain one. ", "created_utc": 1392315556.0, "distinguished": null, "edited": false, "id": "cfehgbd", "is_submitter": false, "link_id": "t3_1xt931", "parent_id": "t3_1xt931", "permalink": "/r/Frozen/comments/1xt931/anna_and_elsa_are_welcomed_with_the_rest_of_the/cfehgbd/", "score": 20, "stickied": false, "subreddit_id": "t5_2vpth", "author_name": "simien05", "author_id": "d9qj1", "subreddit_name": "frozen"}, {"body": "Post the rest of it; it's like 32 pages long, All Elsanna.\n\nhttp://www.pixiv.net/member_illust.php?mode=medium&illust_id=41584151", "created_utc": 1392354995.0, "distinguished": null, "edited": false, "id": "cfezfpx", "is_submitter": false, "link_id": "t3_1xt931", "parent_id": "t3_1xt931", "permalink": "/r/Frozen/comments/1xt931/anna_and_elsa_are_welcomed_with_the_rest_of_the/cfezfpx/", "score": 5, "stickied": false, "subreddit_id": "t5_2vpth", "author_name": "Darkside_Hero", "author_id": "6wquo", "subreddit_name": "frozen"}, {"body": "Awwww, so cute <3", "created_utc": 1392321603.0, "distinguished": null, "edited": false, "id": "cfekdpf", "is_submitter": false, "link_id": "t3_1xt931", "parent_id": "t3_1xt931", "permalink": "/r/Frozen/comments/1xt931/anna_and_elsa_are_welcomed_with_the_rest_of_the/cfekdpf/", "score": 5, "stickied": false, "subreddit_id": "t5_2vpth", "author_name": null, "author_id": null, "subreddit_name": "frozen"}, {"body": "where's the black princess?", "created_utc": 1392327419.0, "distinguished": null, "edited": false, "id": "cfen6y7", "is_submitter": false, "link_id": "t3_1xt931", "parent_id": "t3_1xt931", "permalink": "/r/Frozen/comments/1xt931/anna_and_elsa_are_welcomed_with_the_rest_of_the/cfen6y7/", "score": 3, "stickied": false, "subreddit_id": "t5_2vpth", "author_name": null, "author_id": null, "subreddit_name": "frozen"}, {"body": "I like how they made the princesses so cute.", "created_utc": 1392335492.0, "distinguished": null, "edited": false, "id": "cfer3iz", "is_submitter": false, "link_id": "t3_1xt931", "parent_id": "t3_1xt931", "permalink": "/r/Frozen/comments/1xt931/anna_and_elsa_are_welcomed_with_the_rest_of_the/cfer3iz/", "score": 2, "stickied": false, "subreddit_id": "t5_2vpth", "author_name": null, "author_id": null, "subreddit_name": "frozen"}, {"body": "\"why am I getting lumped in with the 'evil' queens?\"", "created_utc": 1392309942.0, "distinguished": null, "edited": false, "id": "cfeet02", "is_submitter": false, "link_id": "t3_1xt931", "parent_id": "t1_cfeef8r", "permalink": "/r/Frozen/comments/1xt931/anna_and_elsa_are_welcomed_with_the_rest_of_the/cfeet02/", "score": 37, "stickied": false, "subreddit_id": "t5_2vpth", "author_name": "gdkitty", "author_id": "8payt", "subreddit_name": "frozen"}, {"body": "They also forgot about Tiana, Mulan, Merida, and Pocahontas. :( ", "created_utc": 1392326372.0, "distinguished": null, "edited": false, "id": "cfemok6", "is_submitter": false, "link_id": "t3_1xt931", "parent_id": "t1_cfegri2", "permalink": "/r/Frozen/comments/1xt931/anna_and_elsa_are_welcomed_with_the_rest_of_the/cfemok6/", "score": 35, "stickied": false, "subreddit_id": "t5_2vpth", "author_name": "GREAT_WALL_OF_DICK", "author_id": "79lyu", "subreddit_name": "frozen"}, {"body": "She would probably maul everyone there.", "created_utc": 1392335259.0, "distinguished": null, "edited": false, "id": "cfeqzoy", "is_submitter": false, "link_id": "t3_1xt931", "parent_id": "t1_cfegri2", "permalink": "/r/Frozen/comments/1xt931/anna_and_elsa_are_welcomed_with_the_rest_of_the/cfeqzoy/", "score": 4, "stickied": false, "subreddit_id": "t5_2vpth", "author_name": null, "author_id": null, "subreddit_name": "frozen"}, {"body": "I don't think he's under-appreciated. Pretty sure everybody likes him and his song.", "created_utc": 1392316127.0, "distinguished": null, "edited": false, "id": "cfehqb4", "is_submitter": false, "link_id": "t3_1xt931", "parent_id": "t1_cfeh408", "permalink": "/r/Frozen/comments/1xt931/anna_and_elsa_are_welcomed_with_the_rest_of_the/cfehqb4/", "score": 8, "stickied": false, "subreddit_id": "t5_2vpth", "author_name": "Portgas", "author_id": "7kc75", "subreddit_name": "frozen"}, {"body": "technically Cinderella is also a queen now. \n", "created_utc": 1392330617.0, "distinguished": null, "edited": false, "id": "cfeos4k", "is_submitter": false, "link_id": "t3_1xt931", "parent_id": "t1_cfenx5r", "permalink": "/r/Frozen/comments/1xt931/anna_and_elsa_are_welcomed_with_the_rest_of_the/cfeos4k/", "score": 10, "stickied": false, "subreddit_id": "t5_2vpth", "author_name": "simien05", "author_id": "d9qj1", "subreddit_name": "frozen"}, {"body": "A queen isn't necessarily a woman who's married to a king or has princes and princesses as daughters...if the king is the ruler, then his \"queen\" is still technically a princess.", "created_utc": 1394944540.0, "distinguished": null, "edited": false, "id": "cg3qnwv", "is_submitter": false, "link_id": "t3_1xt931", "parent_id": "t1_cfehgbd", "permalink": "/r/Frozen/comments/1xt931/anna_and_elsa_are_welcomed_with_the_rest_of_the/cg3qnwv/", "score": 1, "stickied": false, "subreddit_id": "t5_2vpth", "author_name": null, "author_id": null, "subreddit_name": "frozen"}, {"body": "\"I'm not evil! ^just ^misunderstood...\"", "created_utc": 1392320937.0, "distinguished": null, "edited": false, "id": "cfek21f", "is_submitter": false, "link_id": "t3_1xt931", "parent_id": "t1_cfeet02", "permalink": "/r/Frozen/comments/1xt931/anna_and_elsa_are_welcomed_with_the_rest_of_the/cfek21f/", "score": 20, "stickied": false, "subreddit_id": "t5_2vpth", "author_name": "ebodell", "author_id": "8zgoo", "subreddit_name": "frozen"}, {"body": "And Kida :(", "created_utc": 1392333702.0, "distinguished": null, "edited": false, "id": "cfeq9w5", "is_submitter": false, "link_id": "t3_1xt931", "parent_id": "t1_cfemok6", "permalink": "/r/Frozen/comments/1xt931/anna_and_elsa_are_welcomed_with_the_rest_of_the/cfeq9w5/", "score": 11, "stickied": false, "subreddit_id": "t5_2vpth", "author_name": "Fr33ly", "author_id": "6g9qo", "subreddit_name": "frozen"}, {"body": "Yea but Mulan isn't *really* a princess", "created_utc": 1392327968.0, "distinguished": null, "edited": false, "id": "cfengw8", "is_submitter": false, "link_id": "t3_1xt931", "parent_id": "t1_cfemok6", "permalink": "/r/Frozen/comments/1xt931/anna_and_elsa_are_welcomed_with_the_rest_of_the/cfengw8/", "score": 19, "stickied": false, "subreddit_id": "t5_2vpth", "author_name": "bolognacake", "author_id": "aqfn7", "subreddit_name": "frozen"}, {"body": "She's also the most badass", "created_utc": 1392343565.0, "distinguished": null, "edited": false, "id": "cfeuoir", "is_submitter": false, "link_id": "t3_1xt931", "parent_id": "t1_cfeqzoy", "permalink": "/r/Frozen/comments/1xt931/anna_and_elsa_are_welcomed_with_the_rest_of_the/cfeuoir/", "score": 1, "stickied": false, "subreddit_id": "t5_2vpth", "author_name": "zoozema0", "author_id": "8s2ne", "subreddit_name": "frozen"}, {"body": "Seriously. If Hellfire isn't the absolute best villain song in the canon I don't know what is.", "created_utc": 1392328288.0, "distinguished": null, "edited": false, "id": "cfenmqo", "is_submitter": false, "link_id": "t3_1xt931", "parent_id": "t1_cfehqb4", "permalink": "/r/Frozen/comments/1xt931/anna_and_elsa_are_welcomed_with_the_rest_of_the/cfenmqo/", "score": 11, "stickied": false, "subreddit_id": "t5_2vpth", "author_name": null, "author_id": null, "subreddit_name": "frozen"}, {"body": "You sacrifice your happiness every day for 13 years and no one says anything, but you set off an eternal winter *one time*...", "created_utc": 1392322973.0, "distinguished": null, "edited": false, "id": "cfel0ve", "is_submitter": false, "link_id": "t3_1xt931", "parent_id": "t1_cfek21f", "permalink": "/r/Frozen/comments/1xt931/anna_and_elsa_are_welcomed_with_the_rest_of_the/cfel0ve/", "score": 54, "stickied": false, "subreddit_id": "t5_2vpth", "author_name": "Rhamni", "author_id": "bgzmt", "subreddit_name": "frozen"}, {"body": "\"I'm not bad, I'm just drawn that way.\"", "created_utc": 1392335906.0, "distinguished": null, "edited": false, "id": "cferad9", "is_submitter": false, "link_id": "t3_1xt931", "parent_id": "t1_cfek21f", "permalink": "/r/Frozen/comments/1xt931/anna_and_elsa_are_welcomed_with_the_rest_of_the/cferad9/", "score": 7, "stickied": false, "subreddit_id": "t5_2vpth", "author_name": "wave-tree", "author_id": "bj8g6", "subreddit_name": "frozen"}, {"body": "You shut your goddamn mouth!", "created_utc": 1392328277.0, "distinguished": null, "edited": false, "id": "cfenmjo", "is_submitter": false, "link_id": "t3_1xt931", "parent_id": "t1_cfengw8", "permalink": "/r/Frozen/comments/1xt931/anna_and_elsa_are_welcomed_with_the_rest_of_the/cfenmjo/", "score": 43, "stickied": false, "subreddit_id": "t5_2vpth", "author_name": "Bronywesen", "author_id": "6jg11", "subreddit_name": "frozen"}, {"body": "Poor Unfortunate Souls is pretty dern good", "created_utc": 1392358840.0, "distinguished": null, "edited": false, "id": "cff0pmv", "is_submitter": false, "link_id": "t3_1xt931", "parent_id": "t1_cfenmqo", "permalink": "/r/Frozen/comments/1xt931/anna_and_elsa_are_welcomed_with_the_rest_of_the/cff0pmv/", "score": 6, "stickied": false, "subreddit_id": "t5_2vpth", "author_name": "bolognacake", "author_id": "aqfn7", "subreddit_name": "frozen"}, {"body": "it almost similar effect when you accidentally fart in public *that one time!*", "created_utc": 1392328303.0, "distinguished": null, "edited": false, "id": "cfenmzi", "is_submitter": false, "link_id": "t3_1xt931", "parent_id": "t1_cfel0ve", "permalink": "/r/Frozen/comments/1xt931/anna_and_elsa_are_welcomed_with_the_rest_of_the/cfenmzi/", "score": 9, "stickied": false, "subreddit_id": "t5_2vpth", "author_name": "simien05", "author_id": "d9qj1", "subreddit_name": "frozen"}, {"body": "It is, but doesn't compare to Hellfire :(", "created_utc": 1392481072.0, "distinguished": null, "edited": false, "id": "cfg0hkw", "is_submitter": false, "link_id": "t3_1xt931", "parent_id": "t1_cff0pmv", "permalink": "/r/Frozen/comments/1xt931/anna_and_elsa_are_welcomed_with_the_rest_of_the/cfg0hkw/", "score": 1, "stickied": false, "subreddit_id": "t5_2vpth", "author_name": null, "author_id": null, "subreddit_name": "frozen"}]