{"clicked": false, "created_utc": 1392309005.0, "distinguished": null, "edited": false, "id": "1xt931", "is_video": false, "locked": false, "num_comments": 27, "over_18": false, "permalink": "/r/Frozen/comments/1xt931/anna_and_elsa_are_welcomed_with_the_rest_of_the/", "score": 240, "selftext": "", "stickied": false, "subreddit_id": "t5_2vpth", "title": "Anna and Elsa are welcomed with the rest of the Disney princesses and queens", "url": "http://bjorgmans.tumblr.com/post/76481034577/m", "author_name": "Eren_Jeager", "author_id": "db1dv", "subreddit_name": "frozen", "upvote_ratio": 0.96}