[{"body": "You are fantastic.", "created_utc": 1390513637.0, "distinguished": null, "edited": false, "id": "cex5y9i", "is_submitter": false, "link_id": "t3_1vz5jz", "parent_id": "t3_1vz5jz", "permalink": "/r/Frozen/comments/1vz5jz/i_also_made_an_annaalien/cex5y9i/", "score": 7, "stickied": false, "subreddit_id": "t5_2vpth", "author_name": "sharkuppercut", "author_id": "8r5oj", "subreddit_name": "frozen"}, {"body": "So is it okay if I add this and keep adding them if you make more? It's really good.", "created_utc": 1390514351.0, "distinguished": null, "edited": false, "id": "cex6bab", "is_submitter": false, "link_id": "t3_1vz5jz", "parent_id": "t3_1vz5jz", "permalink": "/r/Frozen/comments/1vz5jz/i_also_made_an_annaalien/cex6bab/", "score": 3, "stickied": false, "subreddit_id": "t5_2vpth", "author_name": "Eren_Jeager", "author_id": "db1dv", "subreddit_name": "frozen"}, {"body": "If you make the whole crew, maybe the mods could do something similar to /r/leagueoflegends and rotate the snoo icon every day or few days.", "created_utc": 1390515101.0, "distinguished": null, "edited": false, "id": "cex6ooc", "is_submitter": false, "link_id": "t3_1vz5jz", "parent_id": "t3_1vz5jz", "permalink": "/r/Frozen/comments/1vz5jz/i_also_made_an_annaalien/cex6ooc/", "score": 3, "stickied": false, "subreddit_id": "t5_2vpth", "author_name": "theKunz1", "author_id": "c3jji", "subreddit_name": "frozen"}, {"body": "Aaaaaa! I love it! Thank you!", "created_utc": 1390517497.0, "distinguished": null, "edited": false, "id": "cex7v46", "is_submitter": false, "link_id": "t3_1vz5jz", "parent_id": "t3_1vz5jz", "permalink": "/r/Frozen/comments/1vz5jz/i_also_made_an_annaalien/cex7v46/", "score": 2, "stickied": false, "subreddit_id": "t5_2vpth", "author_name": "TheAdobeEmpire", "author_id": "8btkg", "subreddit_name": "frozen"}, {"body": "[Thank you!](http://media.tumblr.com/4e3c0e7fadf742ee2d3b94f3979d9fdc/tumblr_inline_mn1707LBcp1qz4rgp.png)", "created_utc": 1390513926.0, "distinguished": null, "edited": false, "id": "cex63mf", "is_submitter": true, "link_id": "t3_1vz5jz", "parent_id": "t1_cex5y9i", "permalink": "/r/Frozen/comments/1vz5jz/i_also_made_an_annaalien/cex63mf/", "score": 5, "stickied": false, "subreddit_id": "t5_2vpth", "author_name": "ilovemrmiyagi", "author_id": "6vnvy", "subreddit_name": "frozen"}, {"body": "*You're* fantastic. ", "created_utc": 1390538021.0, "distinguished": null, "edited": false, "id": "cexh4oz", "is_submitter": false, "link_id": "t3_1vz5jz", "parent_id": "t1_cex5y9i", "permalink": "/r/Frozen/comments/1vz5jz/i_also_made_an_annaalien/cexh4oz/", "score": 1, "stickied": false, "subreddit_id": "t5_2vpth", "author_name": "JiForce", "author_id": "5fwj2", "subreddit_name": "frozen"}, {"body": "Yes it is okey :) Im just glad to contribute with something", "created_utc": 1390514791.0, "distinguished": null, "edited": false, "id": "cex6j2j", "is_submitter": true, "link_id": "t3_1vz5jz", "parent_id": "t1_cex6bab", "permalink": "/r/Frozen/comments/1vz5jz/i_also_made_an_annaalien/cex6j2j/", "score": 3, "stickied": false, "subreddit_id": "t5_2vpth", "author_name": "ilovemrmiyagi", "author_id": "6vnvy", "subreddit_name": "frozen"}, {"body": "Hmm... how many can you fit in at once? I've seen some subreddits that have a few aliens up there", "created_utc": 1390515562.0, "distinguished": null, "edited": false, "id": "cex6wzm", "is_submitter": true, "link_id": "t3_1vz5jz", "parent_id": "t1_cex6ooc", "permalink": "/r/Frozen/comments/1vz5jz/i_also_made_an_annaalien/cex6wzm/", "score": 3, "stickied": false, "subreddit_id": "t5_2vpth", "author_name": "ilovemrmiyagi", "author_id": "6vnvy", "subreddit_name": "frozen"}, {"body": "Thank you, and youre welcome :P", "created_utc": 1390518670.0, "distinguished": null, "edited": false, "id": "cex8f4n", "is_submitter": true, "link_id": "t3_1vz5jz", "parent_id": "t1_cex7v46", "permalink": "/r/Frozen/comments/1vz5jz/i_also_made_an_annaalien/cex8f4n/", "score": 2, "stickied": false, "subreddit_id": "t5_2vpth", "author_name": "ilovemrmiyagi", "author_id": "6vnvy", "subreddit_name": "frozen"}, {"body": "They truly are amazing! Now we need Sven and Olaf! ", "created_utc": 1390523204.0, "distinguished": null, "edited": false, "id": "cexaiyy", "is_submitter": false, "link_id": "t3_1vz5jz", "parent_id": "t1_cex63mf", "permalink": "/r/Frozen/comments/1vz5jz/i_also_made_an_annaalien/cexaiyy/", "score": 3, "stickied": false, "subreddit_id": "t5_2vpth", "author_name": "hooahguy", "author_id": "6201t", "subreddit_name": "frozen"}, {"body": "It can be like /r/doctorwho", "created_utc": 1390516022.0, "distinguished": null, "edited": false, "id": "cex756t", "is_submitter": false, "link_id": "t3_1vz5jz", "parent_id": "t1_cex6wzm", "permalink": "/r/Frozen/comments/1vz5jz/i_also_made_an_annaalien/cex756t/", "score": 4, "stickied": false, "subreddit_id": "t5_2vpth", "author_name": "Soyyos", "author_id": "amrp0", "subreddit_name": "frozen"}, {"body": "AFAIK there's no limit to the size of the logo. So they should all be able to go on there.", "created_utc": 1390516013.0, "distinguished": null, "edited": false, "id": "cex7515", "is_submitter": false, "link_id": "t3_1vz5jz", "parent_id": "t1_cex6wzm", "permalink": "/r/Frozen/comments/1vz5jz/i_also_made_an_annaalien/cex7515/", "score": 2, "stickied": false, "subreddit_id": "t5_2vpth", "author_name": "Eren_Jeager", "author_id": "db1dv", "subreddit_name": "frozen"}, {"body": "I actually gave them a try as well. Its just kinda hard to do since theyre not really \"human shaped\" :P But i might give it a try later on", "created_utc": 1390523924.0, "distinguished": null, "edited": false, "id": "cexauzf", "is_submitter": true, "link_id": "t3_1vz5jz", "parent_id": "t1_cexaiyy", "permalink": "/r/Frozen/comments/1vz5jz/i_also_made_an_annaalien/cexauzf/", "score": 2, "stickied": false, "subreddit_id": "t5_2vpth", "author_name": "ilovemrmiyagi", "author_id": "6vnvy", "subreddit_name": "frozen"}]