{"clicked": false, "created_utc": 1390513248.0, "distinguished": null, "edited": false, "id": "1vz5jz", "is_video": false, "locked": false, "num_comments": 13, "over_18": false, "permalink": "/r/Frozen/comments/1vz5jz/i_also_made_an_annaalien/", "score": 138, "selftext": "", "stickied": false, "subreddit_id": "t5_2vpth", "title": "I also made an Anna-alien!", "url": "http://i.imgur.com/k5IpoaO.png", "author_name": "ilovemrmiyagi", "author_id": "6vnvy", "subreddit_name": "frozen", "upvote_ratio": 0.99}