[{"body": "In Anna's defense, this has proven true in pretty much every Disney movie until now.", "created_utc": 1391639657.0, "distinguished": null, "edited": false, "id": "cf80qff", "is_submitter": false, "link_id": "t3_1x4581", "parent_id": "t3_1x4581", "permalink": "/r/Frozen/comments/1x4581/some_truth_and_some_disney_logic/cf80qff/", "score": 23, "stickied": false, "subreddit_id": "t5_2vpth", "author_name": "AdultSupervision", "author_id": "ej121", "subreddit_name": "frozen"}, {"body": "The faces for Hans and Anna are perfect for this caption. Anna's face looks like \"umm, duh! Haven't you ever seen a Disney movie?\" and Hans looks like \"I can't believe you. You should know this.\"", "created_utc": 1391669134.0, "distinguished": null, "edited": false, "id": "cf8d5kd", "is_submitter": false, "link_id": "t3_1x4581", "parent_id": "t3_1x4581", "permalink": "/r/Frozen/comments/1x4581/some_truth_and_some_disney_logic/cf8d5kd/", "score": 6, "stickied": false, "subreddit_id": "t5_2vpth", "author_name": "kazoozled", "author_id": "bmqie", "subreddit_name": "frozen"}, {"body": "File not found... ", "created_utc": 1391696798.0, "distinguished": null, "edited": false, "id": "cf8ih4w", "is_submitter": false, "link_id": "t3_1x4581", "parent_id": "t3_1x4581", "permalink": "/r/Frozen/comments/1x4581/some_truth_and_some_disney_logic/cf8ih4w/", "score": 2, "stickied": false, "subreddit_id": "t5_2vpth", "author_name": "Loqutis", "author_id": "9i8nt", "subreddit_name": "frozen"}]