{"clicked": false, "created_utc": 1391633137.0, "distinguished": null, "edited": false, "id": "1x4581", "is_video": false, "locked": false, "num_comments": 3, "over_18": false, "permalink": "/r/Frozen/comments/1x4581/some_truth_and_some_disney_logic/", "score": 196, "selftext": "", "stickied": false, "subreddit_id": "t5_2vpth", "title": "Some truth and some disney logic", "url": "http://imgur.com/gallery/aElqZ7I", "author_name": "Down_In_Smoke", "author_id": "edvya", "subreddit_name": "frozen", "upvote_ratio": 0.98}