[{"body": "So sorry I can't get the full source, but I found it on this FB page: https://www.facebook.com/TheOriginalBestOfTumblr", "created_utc": 1392926596.0, "distinguished": null, "edited": false, "id": "cfkdogx", "is_submitter": true, "link_id": "t3_1ygvj6", "parent_id": "t3_1ygvj6", "permalink": "/r/Frozen/comments/1ygvj6/do_you_want_to_build_a_snowman_frozone/cfkdogx/", "score": 4, "stickied": false, "subreddit_id": "t5_2vpth", "author_name": "jereddit", "author_id": "5v70b", "subreddit_name": "frozen"}, {"body": "Yes. Yes I do.", "created_utc": 1392996651.0, "distinguished": null, "edited": false, "id": "cfl1l18", "is_submitter": false, "link_id": "t3_1ygvj6", "parent_id": "t3_1ygvj6", "permalink": "/r/Frozen/comments/1ygvj6/do_you_want_to_build_a_snowman_frozone/cfl1l18/", "score": 4, "stickied": false, "subreddit_id": "t5_2vpth", "author_name": "HiImFrozone", "author_id": "f1pjq", "subreddit_name": "frozen"}, {"body": "Haha I love this!\n\nAnd as for the source you could always just google the tumblr username and caption directly. =]\nhttp://gearstation.tumblr.com/post/77065485467/do-you-wanna-build-a-snowman-i-am-a-grown", "created_utc": 1392939655.0, "distinguished": null, "edited": false, "id": "cfkk5u4", "is_submitter": false, "link_id": "t3_1ygvj6", "parent_id": "t1_cfkdogx", "permalink": "/r/Frozen/comments/1ygvj6/do_you_want_to_build_a_snowman_frozone/cfkk5u4/", "score": 7, "stickied": false, "subreddit_id": "t5_2vpth", "author_name": "VitaminsXYZ", "author_id": "9s3kl", "subreddit_name": "frozen"}, {"body": "Thanks!", "created_utc": 1392939935.0, "distinguished": null, "edited": false, "id": "cfkkahw", "is_submitter": true, "link_id": "t3_1ygvj6", "parent_id": "t1_cfkk5u4", "permalink": "/r/Frozen/comments/1ygvj6/do_you_want_to_build_a_snowman_frozone/cfkkahw/", "score": 3, "stickied": false, "subreddit_id": "t5_2vpth", "author_name": "jereddit", "author_id": "5v70b", "subreddit_name": "frozen"}]