{"clicked": false, "created_utc": 1392926546.0, "distinguished": null, "edited": false, "id": "1ygvj6", "is_video": false, "locked": false, "num_comments": 4, "over_18": false, "permalink": "/r/Frozen/comments/1ygvj6/do_you_want_to_build_a_snowman_frozone/", "score": 135, "selftext": "", "stickied": false, "subreddit_id": "t5_2vpth", "title": "Do you want to build a snowman, Frozone?", "url": "http://imgur.com/BjjR5LZ", "author_name": "jereddit", "author_id": "5v70b", "subreddit_name": "frozen", "upvote_ratio": 0.96}