[{"body": "The combination of nickname and title is amazing in itself.", "created_utc": 1392380479.0, "distinguished": null, "edited": false, "id": "cff4qfh", "is_submitter": false, "link_id": "t3_1xw3sz", "parent_id": "t3_1xw3sz", "permalink": "/r/Frozen/comments/1xw3sz/just_wanted_to_say_happy_valentines_day_to_all_of/cff4qfh/", "score": 10, "stickied": false, "subreddit_id": "t5_2vpth", "author_name": "Nolos", "author_id": "dqt7e", "subreddit_name": "frozen"}, {"body": "I wanna stuff some chocolate in my faaaaace!", "created_utc": 1392397720.0, "distinguished": null, "edited": false, "id": "cffahfv", "is_submitter": false, "link_id": "t3_1xw3sz", "parent_id": "t3_1xw3sz", "permalink": "/r/Frozen/comments/1xw3sz/just_wanted_to_say_happy_valentines_day_to_all_of/cffahfv/", "score": 9, "stickied": false, "subreddit_id": "t5_2vpth", "author_name": "drunkcersei", "author_id": "8xy4g", "subreddit_name": "frozen"}, {"body": "I think I'm gonna vurp!", "created_utc": 1392386913.0, "distinguished": null, "edited": false, "id": "cff699s", "is_submitter": false, "link_id": "t3_1xw3sz", "parent_id": "t3_1xw3sz", "permalink": "/r/Frozen/comments/1xw3sz/just_wanted_to_say_happy_valentines_day_to_all_of/cff699s/", "score": 5, "stickied": false, "subreddit_id": "t5_2vpth", "author_name": "Yarjka", "author_id": "9yldz", "subreddit_name": "frozen"}, {"body": "My Valentines Day present to myself... pre-ordering Frozen :)", "created_utc": 1392401900.0, "distinguished": null, "edited": false, "id": "cffcfar", "is_submitter": false, "link_id": "t3_1xw3sz", "parent_id": "t3_1xw3sz", "permalink": "/r/Frozen/comments/1xw3sz/just_wanted_to_say_happy_valentines_day_to_all_of/cffcfar/", "score": 5, "stickied": false, "subreddit_id": "t5_2vpth", "author_name": "ZooGrl", "author_id": "f9dzz", "subreddit_name": "frozen"}, {"body": " ", "created_utc": 1392435718.0, "distinguished": null, "edited": 1426183340.0, "id": "cffq9ee", "is_submitter": false, "link_id": "t3_1xw3sz", "parent_id": "t3_1xw3sz", "permalink": "/r/Frozen/comments/1xw3sz/just_wanted_to_say_happy_valentines_day_to_all_of/cffq9ee/", "score": 4, "stickied": false, "subreddit_id": "t5_2vpth", "author_name": null, "author_id": null, "subreddit_name": "frozen"}, {"body": "> faaaaaaascche!\n\nFTFY\n", "created_utc": 1392399519.0, "distinguished": null, "edited": false, "id": "cffbbc0", "is_submitter": false, "link_id": "t3_1xw3sz", "parent_id": "t1_cffahfv", "permalink": "/r/Frozen/comments/1xw3sz/just_wanted_to_say_happy_valentines_day_to_all_of/cffbbc0/", "score": 6, "stickied": false, "subreddit_id": "t5_2vpth", "author_name": null, "author_id": null, "subreddit_name": "frozen"}]