{"clicked": false, "created_utc": 1392380247.0, "distinguished": null, "edited": false, "id": "1xw3sz", "is_video": false, "locked": false, "num_comments": 6, "over_18": false, "permalink": "/r/Frozen/comments/1xw3sz/just_wanted_to_say_happy_valentines_day_to_all_of/", "score": 185, "selftext": "", "stickied": false, "subreddit_id": "t5_2vpth", "title": "Just wanted to say Happy Valentine's Day to all of ya : )", "url": "http://imgur.com/1cZeIvL", "author_name": "HotCoffeeMod", "author_id": "f9s40", "subreddit_name": "frozen", "upvote_ratio": 0.96}