[{"body": "I love Frozen, but I honestly this shot annoys the crap out of me because I feel like it's the filmmakers being inconsistent with the audience.\n\nDon't get me wrong, I wasn't surprised when Hans turned out to be evil.  The line he had about not hesitating to punish \"treason\" should have sent alarm bells off for anyone.  But other than that, he didn't do anything to belie that he had bad intentions.\n\nI mean, in this shot, no one is looking at Hans yet he wistfully sighs as if he's lovestruck!  Doesn't seem like the reaction a schemer would give.", "created_utc": 1392129706.0, "distinguished": null, "edited": false, "id": "cfck06e", "is_submitter": false, "link_id": "t3_1xl3mj", "parent_id": "t3_1xl3mj", "permalink": "/r/Frozen/comments/1xl3mj/dreamy_scumbag_hans/cfck06e/", "score": 6, "stickied": false, "subreddit_id": "t5_2vpth", "author_name": "FlipsLikeAPancake", "author_id": "d7zuu", "subreddit_name": "frozen"}, {"body": "Everyone in frozen except for hans is a normal G rated disney charactor\n\nHOWEVER, HANS IS SOMEONE WHO WAS REJECTED FROM GAME OF THRONES, FOR BEING TOO EVIL", "created_utc": 1392145924.0, "distinguished": null, "edited": false, "id": "cfcr9a2", "is_submitter": false, "link_id": "t3_1xl3mj", "parent_id": "t3_1xl3mj", "permalink": "/r/Frozen/comments/1xl3mj/dreamy_scumbag_hans/cfcr9a2/", "score": 1, "stickied": false, "subreddit_id": "t5_2vpth", "author_name": null, "author_id": null, "subreddit_name": "frozen"}, {"body": "Well, his horse was looking. And we know from Tangled that horses can be very treasonous when a main character needs help.\n\n\nBut seriously, I'm sure the filmmakers were also torn by this shot. Here I was trying to be funny, but it's what I think they were going for: \"Ah, that went well!\" Not every evil intention goes with an frown, a grin and a sinister laugh.", "created_utc": 1392134207.0, "distinguished": null, "edited": false, "id": "cfclr04", "is_submitter": true, "link_id": "t3_1xl3mj", "parent_id": "t1_cfck06e", "permalink": "/r/Frozen/comments/1xl3mj/dreamy_scumbag_hans/cfclr04/", "score": 7, "stickied": false, "subreddit_id": "t5_2vpth", "author_name": "Juancu", "author_id": "9fw7d", "subreddit_name": "frozen"}, {"body": "there's no rule saying schemers can't actually fall in love. ", "created_utc": 1392201948.0, "distinguished": null, "edited": false, "id": "cfdcnn6", "is_submitter": false, "link_id": "t3_1xl3mj", "parent_id": "t1_cfck06e", "permalink": "/r/Frozen/comments/1xl3mj/dreamy_scumbag_hans/cfdcnn6/", "score": 2, "stickied": false, "subreddit_id": "t5_2vpth", "author_name": "wenfield", "author_id": "5e7hu", "subreddit_name": "frozen"}]