[{"body": "My soul is ... frozen?\n\nGood art :)", "created_utc": 1393879625.0, "distinguished": null, "edited": false, "id": "cfthjv6", "is_submitter": false, "link_id": "t3_1zgp7w", "parent_id": "t3_1zgp7w", "permalink": "/r/Frozen/comments/1zgp7w/oscar_graphic_for_original_song_let_it_go/cfthjv6/", "score": 27, "stickied": false, "subreddit_id": "t5_2vpth", "author_name": "Igneek", "author_id": "9zwlf", "subreddit_name": "frozen"}, {"body": "Thank you! me and someone else were looking for this :)\n", "created_utc": 1393879544.0, "distinguished": null, "edited": false, "id": "cfthige", "is_submitter": false, "link_id": "t3_1zgp7w", "parent_id": "t3_1zgp7w", "permalink": "/r/Frozen/comments/1zgp7w/oscar_graphic_for_original_song_let_it_go/cfthige/", "score": 12, "stickied": false, "subreddit_id": "t5_2vpth", "author_name": "gdkitty", "author_id": "8payt", "subreddit_name": "frozen"}, {"body": "Breathtaking piece. Anywhere i can find it wallpaper-sized?", "created_utc": 1393879585.0, "distinguished": null, "edited": false, "id": "cfthj7f", "is_submitter": false, "link_id": "t3_1zgp7w", "parent_id": "t3_1zgp7w", "permalink": "/r/Frozen/comments/1zgp7w/oscar_graphic_for_original_song_let_it_go/cfthj7f/", "score": 9, "stickied": false, "subreddit_id": "t5_2vpth", "author_name": "Portgas", "author_id": "7kc75", "subreddit_name": "frozen"}, {"body": "wooo... I have been looking for thiss!!", "created_utc": 1393880412.0, "distinguished": null, "edited": false, "id": "cfthyam", "is_submitter": false, "link_id": "t3_1zgp7w", "parent_id": "t3_1zgp7w", "permalink": "/r/Frozen/comments/1zgp7w/oscar_graphic_for_original_song_let_it_go/cfthyam/", "score": 7, "stickied": false, "subreddit_id": "t5_2vpth", "author_name": "simien05", "author_id": "d9qj1", "subreddit_name": "frozen"}, {"body": "aaand wallpaper", "created_utc": 1393900763.0, "distinguished": null, "edited": false, "id": "cftri2g", "is_submitter": false, "link_id": "t3_1zgp7w", "parent_id": "t3_1zgp7w", "permalink": "/r/Frozen/comments/1zgp7w/oscar_graphic_for_original_song_let_it_go/cftri2g/", "score": 5, "stickied": false, "subreddit_id": "t5_2vpth", "author_name": "MyNameIsBobH111", "author_id": "c6xq5", "subreddit_name": "frozen"}, {"body": "LOL. I like how the left side stays true to the lyrics, and then the right side gets progressively drunker..", "created_utc": 1393879775.0, "distinguished": null, "edited": false, "id": "cfthmod", "is_submitter": false, "link_id": "t3_1zgp7w", "parent_id": "t1_cfthjv6", "permalink": "/r/Frozen/comments/1zgp7w/oscar_graphic_for_original_song_let_it_go/cfthmod/", "score": 32, "stickied": false, "subreddit_id": "t5_2vpth", "author_name": "midnightbokeh", "author_id": "fbovj", "subreddit_name": "frozen"}, {"body": "Unfortunately this is the best I've got so far. If you're bothered by the blurred text under the title, that was purposely done on all the nominations. Here's an upscale from 720 by Photoshop. http://heroharmony.com/img/screenshot/movie/frozen/frozen_original_song.png", "created_utc": 1393880420.0, "distinguished": null, "edited": 1393880962.0, "id": "cfthyft", "is_submitter": true, "link_id": "t3_1zgp7w", "parent_id": "t1_cfthj7f", "permalink": "/r/Frozen/comments/1zgp7w/oscar_graphic_for_original_song_let_it_go/cfthyft/", "score": 9, "stickied": false, "subreddit_id": "t5_2vpth", "author_name": "HamTake", "author_id": "al6pn", "subreddit_name": "frozen"}, {"body": "Same here, thanks Op!", "created_utc": 1393897109.0, "distinguished": null, "edited": false, "id": "cftpsof", "is_submitter": false, "link_id": "t3_1zgp7w", "parent_id": "t1_cfthyam", "permalink": "/r/Frozen/comments/1zgp7w/oscar_graphic_for_original_song_let_it_go/cftpsof/", "score": 6, "stickied": false, "subreddit_id": "t5_2vpth", "author_name": "teffhk", "author_id": "dyxc8", "subreddit_name": "frozen"}, {"body": "The only word that was incorrect was frozen at the end. If they replace it with spiraling, then both sides are correct.", "created_utc": 1393886784.0, "distinguished": null, "edited": false, "id": "cftl2wm", "is_submitter": false, "link_id": "t3_1zgp7w", "parent_id": "t1_cfthmod", "permalink": "/r/Frozen/comments/1zgp7w/oscar_graphic_for_original_song_let_it_go/cftl2wm/", "score": 12, "stickied": false, "subreddit_id": "t5_2vpth", "author_name": "Nosferatu616", "author_id": "4lbsg", "subreddit_name": "frozen"}, {"body": "I'll take it anyway, thanks :)", "created_utc": 1393880728.0, "distinguished": null, "edited": false, "id": "cfti3ze", "is_submitter": false, "link_id": "t3_1zgp7w", "parent_id": "t1_cfthyft", "permalink": "/r/Frozen/comments/1zgp7w/oscar_graphic_for_original_song_let_it_go/cfti3ze/", "score": 4, "stickied": false, "subreddit_id": "t5_2vpth", "author_name": "Portgas", "author_id": "7kc75", "subreddit_name": "frozen"}, {"body": "\"I let the storm rage on my power flurries through the air into the sky my soul is frozen\" \n\nThat's not how the song goes haha ", "created_utc": 1393894756.0, "distinguished": null, "edited": false, "id": "cftooz6", "is_submitter": false, "link_id": "t3_1zgp7w", "parent_id": "t1_cftl2wm", "permalink": "/r/Frozen/comments/1zgp7w/oscar_graphic_for_original_song_let_it_go/cftooz6/", "score": 9, "stickied": false, "subreddit_id": "t5_2vpth", "author_name": "Giraffeses", "author_id": "78gwe", "subreddit_name": "frozen"}, {"body": "You're welcome! Actually I just realized I lied a bit. That was a screenshot of the 720 video source viewed fullscreen on my 1080 screen - and then put to photoshop. xD", "created_utc": 1393881183.0, "distinguished": null, "edited": false, "id": "cftic5s", "is_submitter": true, "link_id": "t3_1zgp7w", "parent_id": "t1_cfti3ze", "permalink": "/r/Frozen/comments/1zgp7w/oscar_graphic_for_original_song_let_it_go/cftic5s/", "score": 7, "stickied": false, "subreddit_id": "t5_2vpth", "author_name": "HamTake", "author_id": "al6pn", "subreddit_name": "frozen"}, {"body": "Someone was more nervous than Idina.", "created_utc": 1393895494.0, "distinguished": null, "edited": false, "id": "cftp1fu", "is_submitter": true, "link_id": "t3_1zgp7w", "parent_id": "t1_cftooz6", "permalink": "/r/Frozen/comments/1zgp7w/oscar_graphic_for_original_song_let_it_go/cftp1fu/", "score": 13, "stickied": false, "subreddit_id": "t5_2vpth", "author_name": "HamTake", "author_id": "al6pn", "subreddit_name": "frozen"}, {"body": "Removing the \"I\" and replacing \"frozen\" would make it work. The background's not too cluttered so it probably wouldn't take an experienced editor/artist long to fix it and keep the typeface consistent.  Unfortunately, I lack the expertise or time to make it happen, but it's great nonetheless. ", "created_utc": 1393903553.0, "distinguished": null, "edited": false, "id": "cftsuls", "is_submitter": false, "link_id": "t3_1zgp7w", "parent_id": "t1_cftooz6", "permalink": "/r/Frozen/comments/1zgp7w/oscar_graphic_for_original_song_let_it_go/cftsuls/", "score": 7, "stickied": false, "subreddit_id": "t5_2vpth", "author_name": null, "author_id": null, "subreddit_name": "frozen"}, {"body": "If i was an image editor, i'd fainted right now", "created_utc": 1393881265.0, "distinguished": null, "edited": false, "id": "cftidp2", "is_submitter": false, "link_id": "t3_1zgp7w", "parent_id": "t1_cftic5s", "permalink": "/r/Frozen/comments/1zgp7w/oscar_graphic_for_original_song_let_it_go/cftidp2/", "score": 3, "stickied": false, "subreddit_id": "t5_2vpth", "author_name": "Portgas", "author_id": "7kc75", "subreddit_name": "frozen"}, {"body": "Fixed it! http://i.imgur.com/haG50Kz.jpg", "created_utc": 1393912985.0, "distinguished": null, "edited": false, "id": "cftwr7a", "is_submitter": false, "link_id": "t3_1zgp7w", "parent_id": "t1_cftsuls", "permalink": "/r/Frozen/comments/1zgp7w/oscar_graphic_for_original_song_let_it_go/cftwr7a/", "score": 11, "stickied": false, "subreddit_id": "t5_2vpth", "author_name": "midnightbokeh", "author_id": "fbovj", "subreddit_name": "frozen"}, {"body": "I know I did. Haha! I updated the image, same link, less blur.", "created_utc": 1393881666.0, "distinguished": null, "edited": false, "id": "cftil2w", "is_submitter": true, "link_id": "t3_1zgp7w", "parent_id": "t1_cftidp2", "permalink": "/r/Frozen/comments/1zgp7w/oscar_graphic_for_original_song_let_it_go/cftil2w/", "score": 6, "stickied": false, "subreddit_id": "t5_2vpth", "author_name": "HamTake", "author_id": "al6pn", "subreddit_name": "frozen"}]