{"clicked": false, "created_utc": 1393879141.0, "distinguished": null, "edited": false, "id": "1zgp7w", "is_video": false, "locked": false, "num_comments": 17, "over_18": false, "permalink": "/r/Frozen/comments/1zgp7w/oscar_graphic_for_original_song_let_it_go/", "score": 332, "selftext": "", "stickied": false, "subreddit_id": "t5_2vpth", "title": "Oscar graphic for original song, Let It Go", "url": "http://imgur.com/ljatLgU", "author_name": "HamTake", "author_id": "al6pn", "subreddit_name": "frozen", "upvote_ratio": 0.98}