[{"body": "There's also a verbal mirror. The way Anna talks when she meets Hans for the first time is the same way Kristoff talks when Anna gives him a new sled.", "created_utc": 1393005315.0, "distinguished": null, "edited": false, "id": "cfl5gba", "is_submitter": false, "link_id": "t3_1yjkhd", "parent_id": "t3_1yjkhd", "permalink": "/r/Frozen/comments/1yjkhd/i_love_how_frozen_used_contrastmirroring/cfl5gba/", "score": 8, "stickied": false, "subreddit_id": "t5_2vpth", "author_name": "theKunz1", "author_id": "c3jji", "subreddit_name": "frozen"}, {"body": "And while making this(my first internet image post), I got even more respect for the animators. Every single scene is a masterpiece.", "created_utc": 1392998669.0, "distinguished": null, "edited": false, "id": "cfl2ffr", "is_submitter": true, "link_id": "t3_1yjkhd", "parent_id": "t3_1yjkhd", "permalink": "/r/Frozen/comments/1yjkhd/i_love_how_frozen_used_contrastmirroring/cfl2ffr/", "score": 16, "stickied": false, "subreddit_id": "t5_2vpth", "author_name": "FelixBlue", "author_id": "fca2h", "subreddit_name": "frozen"}, {"body": "I fucking love how Sphen (not sure of the spelling) shows off the sled like a model.", "created_utc": 1393064112.0, "distinguished": null, "edited": false, "id": "cflqi3g", "is_submitter": false, "link_id": "t3_1yjkhd", "parent_id": "t1_cfl5gba", "permalink": "/r/Frozen/comments/1yjkhd/i_love_how_frozen_used_contrastmirroring/cflqi3g/", "score": 6, "stickied": false, "subreddit_id": "t5_2vpth", "author_name": "Notanoveltyaccountok", "author_id": "agveh", "subreddit_name": "frozen"}, {"body": "There are a lot more of these throughout the movie too. The girls skating with Olaf, Anna sitting outside of Elsa's door, but my favorite one is probably the troll warning / ending because of how different the emotional context is between the two scenes.\n\nhttp://gfycat.com/MealyWellwornAlaskankleekai", "created_utc": 1393002209.0, "distinguished": null, "edited": false, "id": "cfl40ci", "is_submitter": false, "link_id": "t3_1yjkhd", "parent_id": "t1_cfl2ffr", "permalink": "/r/Frozen/comments/1yjkhd/i_love_how_frozen_used_contrastmirroring/cfl40ci/", "score": 22, "stickied": false, "subreddit_id": "t5_2vpth", "author_name": "CarterDug", "author_id": "7c3j2", "subreddit_name": "frozen"}, {"body": "Every shot is a perfection", "created_utc": 1392999911.0, "distinguished": null, "edited": false, "id": "cfl2yvs", "is_submitter": false, "link_id": "t3_1yjkhd", "parent_id": "t1_cfl2ffr", "permalink": "/r/Frozen/comments/1yjkhd/i_love_how_frozen_used_contrastmirroring/cfl2yvs/", "score": 4, "stickied": false, "subreddit_id": "t5_2vpth", "author_name": "Portgas", "author_id": "7kc75", "subreddit_name": "frozen"}, {"body": "It adds to Frozen being that much more of a masterpiece, and getting closer to replacing The Dark Knight as my favorite movie of all time.", "created_utc": 1393016475.0, "distinguished": null, "edited": false, "id": "cflas1g", "is_submitter": false, "link_id": "t3_1yjkhd", "parent_id": "t1_cfl2ffr", "permalink": "/r/Frozen/comments/1yjkhd/i_love_how_frozen_used_contrastmirroring/cflas1g/", "score": 5, "stickied": false, "subreddit_id": "t5_2vpth", "author_name": "RKitch2112", "author_id": "etl3g", "subreddit_name": "frozen"}, {"body": "WOW, your screen caps quality is very good also! Digital HD ver.? ", "created_utc": 1392999804.0, "distinguished": null, "edited": false, "id": "cfl2x68", "is_submitter": false, "link_id": "t3_1yjkhd", "parent_id": "t1_cfl2ffr", "permalink": "/r/Frozen/comments/1yjkhd/i_love_how_frozen_used_contrastmirroring/cfl2x68/", "score": 3, "stickied": false, "subreddit_id": "t5_2vpth", "author_name": "teffhk", "author_id": "dyxc8", "subreddit_name": "frozen"}, {"body": "Cool! I never noticed this one before :D", "created_utc": 1393002357.0, "distinguished": null, "edited": false, "id": "cfl42rk", "is_submitter": true, "link_id": "t3_1yjkhd", "parent_id": "t1_cfl40ci", "permalink": "/r/Frozen/comments/1yjkhd/i_love_how_frozen_used_contrastmirroring/cfl42rk/", "score": 8, "stickied": false, "subreddit_id": "t5_2vpth", "author_name": "FelixBlue", "author_id": "fca2h", "subreddit_name": "frozen"}, {"body": "Yeah, that was my favourite part about the ending was how it tied right back to the beginning.", "created_utc": 1393038140.0, "distinguished": null, "edited": false, "id": "cfljs58", "is_submitter": false, "link_id": "t3_1yjkhd", "parent_id": "t1_cfl40ci", "permalink": "/r/Frozen/comments/1yjkhd/i_love_how_frozen_used_contrastmirroring/cfljs58/", "score": 3, "stickied": false, "subreddit_id": "t5_2vpth", "author_name": "Knowltey", "author_id": "3aadp", "subreddit_name": "frozen"}, {"body": "It already has replaced The Dark Knight as my favorite movie of all time.", "created_utc": 1393017741.0, "distinguished": null, "edited": false, "id": "cflbdh8", "is_submitter": false, "link_id": "t3_1yjkhd", "parent_id": "t1_cflas1g", "permalink": "/r/Frozen/comments/1yjkhd/i_love_how_frozen_used_contrastmirroring/cflbdh8/", "score": 6, "stickied": false, "subreddit_id": "t5_2vpth", "author_name": "KaptainK27", "author_id": "f0vwg", "subreddit_name": "frozen"}, {"body": "I got it from the screener version that had been around in the Internet. I should feel guilty, but later I went to the theaters twice so I hope that compensates my guilty soul...\n\nActually I wish I'd seen it in the movies first, because even this so-so quality video on computer put me in awe.", "created_utc": 1393001694.0, "distinguished": null, "edited": false, "id": "cfl3rvz", "is_submitter": true, "link_id": "t3_1yjkhd", "parent_id": "t1_cfl2x68", "permalink": "/r/Frozen/comments/1yjkhd/i_love_how_frozen_used_contrastmirroring/cfl3rvz/", "score": 9, "stickied": false, "subreddit_id": "t5_2vpth", "author_name": "FelixBlue", "author_id": "fca2h", "subreddit_name": "frozen"}, {"body": "This replaced Meet the Robinsons as my favorite Disney movie of all time.", "created_utc": 1393045758.0, "distinguished": null, "edited": false, "id": "cflmfqj", "is_submitter": false, "link_id": "t3_1yjkhd", "parent_id": "t1_cflbdh8", "permalink": "/r/Frozen/comments/1yjkhd/i_love_how_frozen_used_contrastmirroring/cflmfqj/", "score": 3, "stickied": false, "subreddit_id": "t5_2vpth", "author_name": "STEALTHHUNTER88", "author_id": "faodj", "subreddit_name": "frozen"}, {"body": "Twice? THAT'S INSUFFICIENT. We knights watch it over 3 times! Repent repent!", "created_utc": 1393002384.0, "distinguished": null, "edited": false, "id": "cfl4389", "is_submitter": false, "link_id": "t3_1yjkhd", "parent_id": "t1_cfl3rvz", "permalink": "/r/Frozen/comments/1yjkhd/i_love_how_frozen_used_contrastmirroring/cfl4389/", "score": 8, "stickied": false, "subreddit_id": "t5_2vpth", "author_name": "IamVAcer", "author_id": "d3tyl", "subreddit_name": "frozen"}, {"body": "I initially watched it twice online (I know, I still feel guilty) but then I watched it twice in theaters to compensate. (I would've seen it more but they stopped playing it near me :() Totally buying the movie when it gets out.", "created_utc": 1393045715.0, "distinguished": null, "edited": false, "id": "cflmf9j", "is_submitter": false, "link_id": "t3_1yjkhd", "parent_id": "t1_cfl3rvz", "permalink": "/r/Frozen/comments/1yjkhd/i_love_how_frozen_used_contrastmirroring/cflmf9j/", "score": 1, "stickied": false, "subreddit_id": "t5_2vpth", "author_name": "STEALTHHUNTER88", "author_id": "faodj", "subreddit_name": "frozen"}, {"body": "3 times? Pfft... peasant\n\nhttp://i.imgur.com/s5yfzpX.jpg", "created_utc": 1393038462.0, "distinguished": null, "edited": false, "id": "cfljwc9", "is_submitter": false, "link_id": "t3_1yjkhd", "parent_id": "t1_cfl4389", "permalink": "/r/Frozen/comments/1yjkhd/i_love_how_frozen_used_contrastmirroring/cfljwc9/", "score": 4, "stickied": false, "subreddit_id": "t5_2vpth", "author_name": "Knowltey", "author_id": "3aadp", "subreddit_name": "frozen"}, {"body": "Me too! I have never loved a movie this much before.", "created_utc": 1393061499.0, "distinguished": null, "edited": false, "id": "cflq4dm", "is_submitter": true, "link_id": "t3_1yjkhd", "parent_id": "t1_cflmf9j", "permalink": "/r/Frozen/comments/1yjkhd/i_love_how_frozen_used_contrastmirroring/cflq4dm/", "score": 1, "stickied": false, "subreddit_id": "t5_2vpth", "author_name": "FelixBlue", "author_id": "fca2h", "subreddit_name": "frozen"}, {"body": "3 times is the very least Knights should dedicate. I watched 4 times. \nNow you my friend, is someone I salute. ", "created_utc": 1393051726.0, "distinguished": null, "edited": false, "id": "cflo6o9", "is_submitter": false, "link_id": "t3_1yjkhd", "parent_id": "t1_cfljwc9", "permalink": "/r/Frozen/comments/1yjkhd/i_love_how_frozen_used_contrastmirroring/cflo6o9/", "score": 1, "stickied": false, "subreddit_id": "t5_2vpth", "author_name": "IamVAcer", "author_id": "d3tyl", "subreddit_name": "frozen"}, {"body": "Same, same ... I'm so obsessed with it, I asked a Girl Scout troop if they wanted to build a snowman. I don't think they got the reference.", "created_utc": 1393110394.0, "distinguished": null, "edited": false, "id": "cfm4fsa", "is_submitter": false, "link_id": "t3_1yjkhd", "parent_id": "t1_cflq4dm", "permalink": "/r/Frozen/comments/1yjkhd/i_love_how_frozen_used_contrastmirroring/cfm4fsa/", "score": 1, "stickied": false, "subreddit_id": "t5_2vpth", "author_name": "STEALTHHUNTER88", "author_id": "faodj", "subreddit_name": "frozen"}]