{"clicked": false, "created_utc": 1392998525.0, "distinguished": null, "edited": false, "id": "1yjkhd", "is_video": false, "locked": false, "num_comments": 18, "over_18": false, "permalink": "/r/Frozen/comments/1yjkhd/i_love_how_frozen_used_contrastmirroring/", "score": 158, "selftext": "", "stickied": false, "subreddit_id": "t5_2vpth", "title": "I love how Frozen used contrast/mirroring", "url": "http://imgur.com/M4AbQEb", "author_name": "FelixBlue", "author_id": "fca2h", "subreddit_name": "frozen", "upvote_ratio": 0.95}