[{"body": "Why she has to look so perfectly beautiful in any frame in the movie dammit!", "created_utc": 1393064163.0, "distinguished": null, "edited": false, "id": "cflqibi", "is_submitter": false, "link_id": "t3_1ym1ua", "parent_id": "t3_1ym1ua", "permalink": "/r/Frozen/comments/1ym1ua/good_girl_elsa_xpost_rdisney/cflqibi/", "score": 30, "stickied": false, "subreddit_id": "t5_2vpth", "author_name": "ANakedHobo", "author_id": "ds718", "subreddit_name": "frozen"}, {"body": "Talking about a supply and demand problem.", "created_utc": 1393064832.0, "distinguished": null, "edited": false, "id": "cflqlgq", "is_submitter": false, "link_id": "t3_1ym1ua", "parent_id": "t3_1ym1ua", "permalink": "/r/Frozen/comments/1ym1ua/good_girl_elsa_xpost_rdisney/cflqlgq/", "score": 15, "stickied": false, "subreddit_id": "t5_2vpth", "author_name": "loopuleasa", "author_id": "4josc", "subreddit_name": "frozen"}, {"body": "This is a split second before she creates the cloud for Olaf. \nLast time I watched, was amazed by the detail in the wrist flip she does to create the cloud. ", "created_utc": 1393075591.0, "distinguished": null, "edited": false, "id": "cfls4h5", "is_submitter": false, "link_id": "t3_1ym1ua", "parent_id": "t3_1ym1ua", "permalink": "/r/Frozen/comments/1ym1ua/good_girl_elsa_xpost_rdisney/cfls4h5/", "score": 16, "stickied": false, "subreddit_id": "t5_2vpth", "author_name": "gdkitty", "author_id": "8payt", "subreddit_name": "frozen"}, {"body": "I thought the point was that she makes the ice and he delivers it. Imean, she's a queen and she doesnt have time to deliver ice. Also, kristoff has a lot of knowledge about the market that elsa doesnt. The only thing she does is provide him with the ice", "created_utc": 1393077021.0, "distinguished": null, "edited": false, "id": "cflse9x", "is_submitter": false, "link_id": "t3_1ym1ua", "parent_id": "t3_1ym1ua", "permalink": "/r/Frozen/comments/1ym1ua/good_girl_elsa_xpost_rdisney/cflse9x/", "score": 11, "stickied": false, "subreddit_id": "t5_2vpth", "author_name": "ilovemrmiyagi", "author_id": "6vnvy", "subreddit_name": "frozen"}, {"body": "Can she be \"perfecter\"?", "created_utc": 1393067894.0, "distinguished": null, "edited": false, "id": "cflqzp2", "is_submitter": false, "link_id": "t3_1ym1ua", "parent_id": "t3_1ym1ua", "permalink": "/r/Frozen/comments/1ym1ua/good_girl_elsa_xpost_rdisney/cflqzp2/", "score": 10, "stickied": false, "subreddit_id": "t5_2vpth", "author_name": "teffhk", "author_id": "dyxc8", "subreddit_name": "frozen"}, {"body": "Does anybody have the original picture without text, i cannot seem to find it.", "created_utc": 1393076745.0, "distinguished": null, "edited": false, "id": "cflscb3", "is_submitter": false, "link_id": "t3_1ym1ua", "parent_id": "t3_1ym1ua", "permalink": "/r/Frozen/comments/1ym1ua/good_girl_elsa_xpost_rdisney/cflscb3/", "score": 5, "stickied": false, "subreddit_id": "t5_2vpth", "author_name": "The1andonlygogoman64", "author_id": "dgjve", "subreddit_name": "frozen"}, {"body": "I have been confused for a while as to why he sold ice(and why people bought it for that matter) when Elsa could create infinite amounts of it.", "created_utc": 1393059946.0, "distinguished": null, "edited": false, "id": "cflpvls", "is_submitter": false, "link_id": "t3_1ym1ua", "parent_id": "t3_1ym1ua", "permalink": "/r/Frozen/comments/1ym1ua/good_girl_elsa_xpost_rdisney/cflpvls/", "score": 5, "stickied": false, "subreddit_id": "t5_2vpth", "author_name": "jereddit", "author_id": "5v70b", "subreddit_name": "frozen"}, {"body": "Elsa has to abide Union rules. :D", "created_utc": 1393069443.0, "distinguished": null, "edited": false, "id": "cflr752", "is_submitter": false, "link_id": "t3_1ym1ua", "parent_id": "t3_1ym1ua", "permalink": "/r/Frozen/comments/1ym1ua/good_girl_elsa_xpost_rdisney/cflr752/", "score": 3, "stickied": false, "subreddit_id": "t5_2vpth", "author_name": "hotrodx", "author_id": "3nqjk", "subreddit_name": "frozen"}, {"body": "thats not a thing", "created_utc": 1393102434.0, "distinguished": null, "edited": false, "id": "cfm1b83", "is_submitter": false, "link_id": "t3_1ym1ua", "parent_id": "t3_1ym1ua", "permalink": "/r/Frozen/comments/1ym1ua/good_girl_elsa_xpost_rdisney/cfm1b83/", "score": 3, "stickied": false, "subreddit_id": "t5_2vpth", "author_name": "Gnet20", "author_id": "654xm", "subreddit_name": "frozen"}, {"body": "I hope the memes aren't starting...", "created_utc": 1393084426.0, "distinguished": null, "edited": false, "id": "cflucz1", "is_submitter": false, "link_id": "t3_1ym1ua", "parent_id": "t3_1ym1ua", "permalink": "/r/Frozen/comments/1ym1ua/good_girl_elsa_xpost_rdisney/cflucz1/", "score": 2, "stickied": false, "subreddit_id": "t5_2vpth", "author_name": "JamesAQuintero", "author_id": "7gthv", "subreddit_name": "frozen"}, {"body": "Oh the power of shipping:I read \"BF\" in my mind as \"best friend\" instead of \"boyfriend\" ... Ain't that interesting... Hm...", "created_utc": 1402069203.0, "distinguished": null, "edited": false, "id": "ci0qw96", "is_submitter": false, "link_id": "t3_1ym1ua", "parent_id": "t3_1ym1ua", "permalink": "/r/Frozen/comments/1ym1ua/good_girl_elsa_xpost_rdisney/ci0qw96/", "score": 1, "stickied": false, "subreddit_id": "t5_2vpth", "author_name": "Empoleon_blownaparte", "author_id": "go4r6", "subreddit_name": "frozen"}, {"body": "Cos she's [A PICTURE OF SOPHISTICATED GRAAAAAAAAACE](https://31.media.tumblr.com/f2b82ed3e55dbc321f6617ea89194707/tumblr_inline_mye28e5RMQ1qi5mgo.jpg)", "created_utc": 1393075541.0, "distinguished": null, "edited": false, "id": "cfls45j", "is_submitter": false, "link_id": "t3_1ym1ua", "parent_id": "t1_cflqibi", "permalink": "/r/Frozen/comments/1ym1ua/good_girl_elsa_xpost_rdisney/cfls45j/", "score": 39, "stickied": false, "subreddit_id": "t5_2vpth", "author_name": null, "author_id": null, "subreddit_name": "frozen"}, {"body": "[Interesting](http://imgur.com/rHGFlFO)", "created_utc": 1393086165.0, "distinguished": null, "edited": false, "id": "cfluz4h", "is_submitter": false, "link_id": "t3_1ym1ua", "parent_id": "t1_cfls4h5", "permalink": "/r/Frozen/comments/1ym1ua/good_girl_elsa_xpost_rdisney/cfluz4h/", "score": 15, "stickied": false, "subreddit_id": "t5_2vpth", "author_name": "Scyter", "author_id": "6l0mu", "subreddit_name": "frozen"}, {"body": "Dude same! I love how it's not a big dramatic arm wave or anything, it's such a subtle movement but it works so well.", "created_utc": 1393077125.0, "distinguished": null, "edited": false, "id": "cflsezd", "is_submitter": false, "link_id": "t3_1ym1ua", "parent_id": "t1_cfls4h5", "permalink": "/r/Frozen/comments/1ym1ua/good_girl_elsa_xpost_rdisney/cflsezd/", "score": 6, "stickied": false, "subreddit_id": "t5_2vpth", "author_name": "Swoove", "author_id": "7w825", "subreddit_name": "frozen"}, {"body": "Would you like it with both of them?: http://i.imgur.com/bSJVuQ1.jpg", "created_utc": 1393077396.0, "distinguished": null, "edited": false, "id": "cflsgwe", "is_submitter": false, "link_id": "t3_1ym1ua", "parent_id": "t1_cflscb3", "permalink": "/r/Frozen/comments/1ym1ua/good_girl_elsa_xpost_rdisney/cflsgwe/", "score": 16, "stickied": false, "subreddit_id": "t5_2vpth", "author_name": "TheKing0fLimbs", "author_id": "d03e0", "subreddit_name": "frozen"}, {"body": "In the [original thread](http://www.reddit.com/r/disney/comments/1ylaq5/possible_spoiler_good_girl_elsa/), /u/Animal31 and /u/naclhv's explanation was that Elsa creates ice, and Kristoff delivers it to neighboring kingdoms to raise revenue for Arendelle.", "created_utc": 1393060344.0, "distinguished": null, "edited": false, "id": "cflpxwe", "is_submitter": false, "link_id": "t3_1ym1ua", "parent_id": "t1_cflpvls", "permalink": "/r/Frozen/comments/1ym1ua/good_girl_elsa_xpost_rdisney/cflpxwe/", "score": 16, "stickied": false, "subreddit_id": "t5_2vpth", "author_name": "CarterDug", "author_id": "7c3j2", "subreddit_name": "frozen"}, {"body": "People bought and sold ice for cooling and preserving food. No refrigerators.", "created_utc": 1393076849.0, "distinguished": null, "edited": false, "id": "cflsd16", "is_submitter": false, "link_id": "t3_1ym1ua", "parent_id": "t1_cflpvls", "permalink": "/r/Frozen/comments/1ym1ua/good_girl_elsa_xpost_rdisney/cflsd16/", "score": 3, "stickied": false, "subreddit_id": "t5_2vpth", "author_name": "MrDustibear", "author_id": "7su27", "subreddit_name": "frozen"}, {"body": "Seeing as how the movie is set in Norway, they're going to experience the snow and ice even without Elsa. It's assumed her parents didn't have the powers, so the snow and ice came even before she was born. And the movie is set before technology, so they didn't have refrigerators or AC units. They stored the ice and used to for cooling and preserving food (like MrDustibear mentioned).", "created_utc": 1393090782.0, "distinguished": null, "edited": false, "id": "cflwqub", "is_submitter": false, "link_id": "t3_1ym1ua", "parent_id": "t1_cflpvls", "permalink": "/r/Frozen/comments/1ym1ua/good_girl_elsa_xpost_rdisney/cflwqub/", "score": 1, "stickied": false, "subreddit_id": "t5_2vpth", "author_name": "themagicalgnome", "author_id": "9xcci", "subreddit_name": "frozen"}, {"body": "oh sure it is", "created_utc": 1393116815.0, "distinguished": null, "edited": false, "id": "cfm6udp", "is_submitter": false, "link_id": "t3_1ym1ua", "parent_id": "t1_cfm1b83", "permalink": "/r/Frozen/comments/1ym1ua/good_girl_elsa_xpost_rdisney/cfm6udp/", "score": 5, "stickied": false, "subreddit_id": "t5_2vpth", "author_name": "JackSeoul", "author_id": "3352x", "subreddit_name": "frozen"}, {"body": "Well, may be in *most* of them she does", "created_utc": 1393082813.0, "distinguished": null, "edited": 1393083027.0, "id": "cflttm5", "is_submitter": false, "link_id": "t3_1ym1ua", "parent_id": "t1_cfls45j", "permalink": "/r/Frozen/comments/1ym1ua/good_girl_elsa_xpost_rdisney/cflttm5/", "score": 9, "stickied": false, "subreddit_id": "t5_2vpth", "author_name": "ANakedHobo", "author_id": "ds718", "subreddit_name": "frozen"}, {"body": "Upper middle and right. Love it.", "created_utc": 1393077030.0, "distinguished": null, "edited": false, "id": "cflseby", "is_submitter": false, "link_id": "t3_1ym1ua", "parent_id": "t1_cfls45j", "permalink": "/r/Frozen/comments/1ym1ua/good_girl_elsa_xpost_rdisney/cflseby/", "score": 7, "stickied": false, "subreddit_id": "t5_2vpth", "author_name": "Swoove", "author_id": "7w825", "subreddit_name": "frozen"}, {"body": "gotta love the derp face in the bottom left", "created_utc": 1393090369.0, "distinguished": null, "edited": false, "id": "cflwky6", "is_submitter": true, "link_id": "t3_1ym1ua", "parent_id": "t1_cfls45j", "permalink": "/r/Frozen/comments/1ym1ua/good_girl_elsa_xpost_rdisney/cflwky6/", "score": 6, "stickied": false, "subreddit_id": "t5_2vpth", "author_name": "baconbroth", "author_id": "cidv2", "subreddit_name": "frozen"}, {"body": "Wtf... That a bad translated version of my post?", "created_utc": 1393092908.0, "distinguished": null, "edited": false, "id": "cflxlep", "is_submitter": false, "link_id": "t3_1ym1ua", "parent_id": "t1_cfluz4h", "permalink": "/r/Frozen/comments/1ym1ua/good_girl_elsa_xpost_rdisney/cflxlep/", "score": 8, "stickied": false, "subreddit_id": "t5_2vpth", "author_name": "gdkitty", "author_id": "8payt", "subreddit_name": "frozen"}, {"body": "I have the same extension. Took me a minute. \n\nIt's my favorite extension. ", "created_utc": 1393100431.0, "distinguished": null, "edited": false, "id": "cfm0j5m", "is_submitter": false, "link_id": "t3_1ym1ua", "parent_id": "t1_cfluz4h", "permalink": "/r/Frozen/comments/1ym1ua/good_girl_elsa_xpost_rdisney/cfm0j5m/", "score": 2, "stickied": false, "subreddit_id": "t5_2vpth", "author_name": "dita_von_cheese", "author_id": "d1ktc", "subreddit_name": "frozen"}, {"body": "I like the way Anna holds her big sis' arm :)", "created_utc": 1393078893.0, "distinguished": null, "edited": false, "id": "cflsse5", "is_submitter": false, "link_id": "t3_1ym1ua", "parent_id": "t1_cflsgwe", "permalink": "/r/Frozen/comments/1ym1ua/good_girl_elsa_xpost_rdisney/cflsse5/", "score": 16, "stickied": false, "subreddit_id": "t5_2vpth", "author_name": null, "author_id": null, "subreddit_name": "frozen"}, {"body": "Oh my god, it's gorgeous! I don't remember this scene in the movie and I watched it twice. Can anyone find it in better quality?", "created_utc": 1393095203.0, "distinguished": null, "edited": false, "id": "cflyhk5", "is_submitter": false, "link_id": "t3_1ym1ua", "parent_id": "t1_cflsgwe", "permalink": "/r/Frozen/comments/1ym1ua/good_girl_elsa_xpost_rdisney/cflyhk5/", "score": 3, "stickied": false, "subreddit_id": "t5_2vpth", "author_name": null, "author_id": null, "subreddit_name": "frozen"}, {"body": "I read in some thread someone suggested the fact the Queen would do labor would not look good.\n\nYou know, beside crashing the Ice miners economy/job, Kristoff is not the only one.", "created_utc": 1393068079.0, "distinguished": null, "edited": false, "id": "cflr0js", "is_submitter": false, "link_id": "t3_1ym1ua", "parent_id": "t1_cflpxwe", "permalink": "/r/Frozen/comments/1ym1ua/good_girl_elsa_xpost_rdisney/cflr0js/", "score": 12, "stickied": false, "subreddit_id": "t5_2vpth", "author_name": "Plintstorm", "author_id": "eqvs4", "subreddit_name": "frozen"}, {"body": "Yeah, but why buy it when Elsa can just create enough for everyone?", "created_utc": 1393099279.0, "distinguished": null, "edited": false, "id": "cfm02yn", "is_submitter": false, "link_id": "t3_1ym1ua", "parent_id": "t1_cflsd16", "permalink": "/r/Frozen/comments/1ym1ua/good_girl_elsa_xpost_rdisney/cfm02yn/", "score": 2, "stickied": false, "subreddit_id": "t5_2vpth", "author_name": "jereddit", "author_id": "5v70b", "subreddit_name": "frozen"}, {"body": "It's a chrome addon that changes the word butt to \"butt\". It's really humorous\n\n[Butt to Butt Plus](https://chrome.google.com/webstore/detail/butt-to-butt-plus/apmlngnhgbnjpajelfkmabhkfapgnoai)", "created_utc": 1393093129.0, "distinguished": null, "edited": false, "id": "cflxol7", "is_submitter": false, "link_id": "t3_1ym1ua", "parent_id": "t1_cflxlep", "permalink": "/r/Frozen/comments/1ym1ua/good_girl_elsa_xpost_rdisney/cflxol7/", "score": 8, "stickied": false, "subreddit_id": "t5_2vpth", "author_name": "Scyter", "author_id": "6l0mu", "subreddit_name": "frozen"}, {"body": "It's the cloud-to-butt chrome extension. Or butt-to-butt if you already have it.", "created_utc": 1393093158.0, "distinguished": null, "edited": false, "id": "cflxozt", "is_submitter": false, "link_id": "t3_1ym1ua", "parent_id": "t1_cflxlep", "permalink": "/r/Frozen/comments/1ym1ua/good_girl_elsa_xpost_rdisney/cflxozt/", "score": 7, "stickied": false, "subreddit_id": "t5_2vpth", "author_name": "shmameron", "author_id": "9h46k", "subreddit_name": "frozen"}, {"body": "I wouldn't say so, Arendelle is fairly small and tight-knit, and it could be seen as a benevolent action rather than one unbecoming of a ruler (depends on the society and period of course). That said, I do appreciate the point that giving out free slabs of ice willy-nilly might not be the best economic strategy.", "created_utc": 1393075774.0, "distinguished": null, "edited": false, "id": "cfls5pw", "is_submitter": false, "link_id": "t3_1ym1ua", "parent_id": "t1_cflr0js", "permalink": "/r/Frozen/comments/1ym1ua/good_girl_elsa_xpost_rdisney/cfls5pw/", "score": 5, "stickied": false, "subreddit_id": "t5_2vpth", "author_name": null, "author_id": null, "subreddit_name": "frozen"}, {"body": "Well nobody knew she could until she froze all on Arendelle, and why should he do that? It'd put thousands of men out of their jobs. It's not economically smart.", "created_utc": 1393112315.0, "distinguished": null, "edited": false, "id": "cfm55im", "is_submitter": false, "link_id": "t3_1ym1ua", "parent_id": "t1_cfm02yn", "permalink": "/r/Frozen/comments/1ym1ua/good_girl_elsa_xpost_rdisney/cfm55im/", "score": 2, "stickied": false, "subreddit_id": "t5_2vpth", "author_name": "MrDustibear", "author_id": "7su27", "subreddit_name": "frozen"}]