{"clicked": false, "created_utc": 1393059229.0, "distinguished": null, "edited": false, "id": "1ym1ua", "is_video": false, "locked": false, "num_comments": 32, "over_18": false, "permalink": "/r/Frozen/comments/1ym1ua/good_girl_elsa_xpost_rdisney/", "score": 278, "selftext": "", "stickied": false, "subreddit_id": "t5_2vpth", "title": "Good Girl Elsa (x-post r/Disney)", "url": "http://i.imgur.com/EVGwAu3.jpg", "author_name": "baconbroth", "author_id": "cidv2", "subreddit_name": "frozen", "upvote_ratio": 0.95}