[{"body": "[deleted]", "created_utc": 1392651865.0, "distinguished": null, "edited": 1462513456.0, "id": "cfhi4yo", "is_submitter": false, "link_id": "t3_1y5edi", "parent_id": "t3_1y5edi", "permalink": "/r/Frozen/comments/1y5edi/big_sister_doesnt_want_you_playing_with_me/cfhi4yo/", "score": 21, "stickied": false, "subreddit_id": "t5_2vpth", "author_name": null, "author_id": null, "subreddit_name": "frozen"}, {"body": "Bioshock! Luv this~~", "created_utc": 1392652734.0, "distinguished": null, "edited": false, "id": "cfhihcl", "is_submitter": false, "link_id": "t3_1y5edi", "parent_id": "t3_1y5edi", "permalink": "/r/Frozen/comments/1y5edi/big_sister_doesnt_want_you_playing_with_me/cfhihcl/", "score": 6, "stickied": false, "subreddit_id": "t5_2vpth", "author_name": "teffhk", "author_id": "dyxc8", "subreddit_name": "frozen"}, {"body": "This is a crossover I did not know I needed until the minute I clicked on this.  This is awesome.  :D", "created_utc": 1392659095.0, "distinguished": null, "edited": false, "id": "cfhkvpq", "is_submitter": false, "link_id": "t3_1y5edi", "parent_id": "t3_1y5edi", "permalink": "/r/Frozen/comments/1y5edi/big_sister_doesnt_want_you_playing_with_me/cfhkvpq/", "score": 7, "stickied": false, "subreddit_id": "t5_2vpth", "author_name": null, "author_id": null, "subreddit_name": "frozen"}, {"body": "Yusss... My crossover fandom finally manifest in a physical medium. Oh how I have waited for this day! ", "created_utc": 1392655660.0, "distinguished": null, "edited": false, "id": "cfhjlln", "is_submitter": false, "link_id": "t3_1y5edi", "parent_id": "t3_1y5edi", "permalink": "/r/Frozen/comments/1y5edi/big_sister_doesnt_want_you_playing_with_me/cfhjlln/", "score": 3, "stickied": false, "subreddit_id": "t5_2vpth", "author_name": "MilanoMongoose", "author_id": "cse66", "subreddit_name": "frozen"}, {"body": "That's okay, I wanna play with Big Sister.", "created_utc": 1392663575.0, "distinguished": null, "edited": false, "id": "cfhmu7c", "is_submitter": false, "link_id": "t3_1y5edi", "parent_id": "t3_1y5edi", "permalink": "/r/Frozen/comments/1y5edi/big_sister_doesnt_want_you_playing_with_me/cfhmu7c/", "score": 3, "stickied": false, "subreddit_id": "t5_2vpth", "author_name": "Overwatch98", "author_id": "ae1sc", "subreddit_name": "frozen"}, {"body": "Words don't express how much I love this.", "created_utc": 1392664669.0, "distinguished": null, "edited": false, "id": "cfhnazl", "is_submitter": false, "link_id": "t3_1y5edi", "parent_id": "t3_1y5edi", "permalink": "/r/Frozen/comments/1y5edi/big_sister_doesnt_want_you_playing_with_me/cfhnazl/", "score": 3, "stickied": false, "subreddit_id": "t5_2vpth", "author_name": "TheDarthGhost1", "author_id": "f0twq", "subreddit_name": "frozen"}, {"body": "Cool", "created_utc": 1392688884.0, "distinguished": null, "edited": false, "id": "cfhyk3m", "is_submitter": false, "link_id": "t3_1y5edi", "parent_id": "t3_1y5edi", "permalink": "/r/Frozen/comments/1y5edi/big_sister_doesnt_want_you_playing_with_me/cfhyk3m/", "score": 1, "stickied": false, "subreddit_id": "t5_2vpth", "author_name": "Tsiuqmorts", "author_id": "f3ban", "subreddit_name": "frozen"}, {"body": "How come there are so many Bioshock fans in here?? LOL", "created_utc": 1392699412.0, "distinguished": null, "edited": false, "id": "cfi3574", "is_submitter": false, "link_id": "t3_1y5edi", "parent_id": "t3_1y5edi", "permalink": "/r/Frozen/comments/1y5edi/big_sister_doesnt_want_you_playing_with_me/cfi3574/", "score": 1, "stickied": false, "subreddit_id": "t5_2vpth", "author_name": "teffhk", "author_id": "dyxc8", "subreddit_name": "frozen"}, {"body": "~Do you want to suck some Adams~", "created_utc": 1392657213.0, "distinguished": null, "edited": false, "id": "cfhk960", "is_submitter": false, "link_id": "t3_1y5edi", "parent_id": "t3_1y5edi", "permalink": "/r/Frozen/comments/1y5edi/big_sister_doesnt_want_you_playing_with_me/cfhk960/", "score": 1, "stickied": false, "subreddit_id": "t5_2vpth", "author_name": "IamVAcer", "author_id": "d3tyl", "subreddit_name": "frozen"}, {"body": "Same here! *shaking hands", "created_utc": 1392652715.0, "distinguished": null, "edited": false, "id": "cfhih3f", "is_submitter": false, "link_id": "t3_1y5edi", "parent_id": "t1_cfhi4yo", "permalink": "/r/Frozen/comments/1y5edi/big_sister_doesnt_want_you_playing_with_me/cfhih3f/", "score": 6, "stickied": false, "subreddit_id": "t5_2vpth", "author_name": "teffhk", "author_id": "dyxc8", "subreddit_name": "frozen"}]