{"clicked": false, "created_utc": 1392649774.0, "distinguished": null, "edited": false, "id": "1y5edi", "is_video": false, "locked": false, "num_comments": 9, "over_18": false, "permalink": "/r/Frozen/comments/1y5edi/big_sister_doesnt_want_you_playing_with_me/", "score": 145, "selftext": "", "stickied": false, "subreddit_id": "t5_2vpth", "title": "Big Sister doesn't want you playing with me (Bioshock crossover)", "url": "http://kiome-yasha.tumblr.com/post/76932913439/big-sister-doesnt-want-you-playing-with-me", "author_name": "Eren_Jeager", "author_id": "db1dv", "subreddit_name": "frozen", "upvote_ratio": 0.96}