[{"body": "[http://i.imgur.com/Le0QMMc.gif](http://i.imgur.com/Le0QMMc.gif)  \n[http://i.imgur.com/ORKjT5S.gif](http://i.imgur.com/ORKjT5S.gif)  \nEdit: [Better version of the second gif](http://i.minus.com/icd5Kl239PldU.gif)", "created_utc": 1392166977.0, "distinguished": null, "edited": 1392187766.0, "id": "cfd1bo7", "is_submitter": false, "link_id": "t3_1xnoij", "parent_id": "t3_1xnoij", "permalink": "/r/Frozen/comments/1xnoij/no_anna_youre_just_a_spare/cfd1bo7/", "score": 20, "stickied": false, "subreddit_id": "t5_2vpth", "author_name": "2718281828", "author_id": "3m64d", "subreddit_name": "frozen"}, {"body": "[Here's the original.](http://i.minus.com/iZJYLLsKNt2KQ.gif)", "created_utc": 1392164582.0, "distinguished": null, "edited": false, "id": "cfd0703", "is_submitter": false, "link_id": "t3_1xnoij", "parent_id": "t3_1xnoij", "permalink": "/r/Frozen/comments/1xnoij/no_anna_youre_just_a_spare/cfd0703/", "score": 16, "stickied": false, "subreddit_id": "t5_2vpth", "author_name": "2718281828", "author_id": "3m64d", "subreddit_name": "frozen"}, {"body": "but this button wants to flyyyyyyyyyyyyy !!!!!!!!!!!!!!!!", "created_utc": 1392161733.0, "distinguished": null, "edited": false, "id": "cfcywiu", "is_submitter": false, "link_id": "t3_1xnoij", "parent_id": "t3_1xnoij", "permalink": "/r/Frozen/comments/1xnoij/no_anna_youre_just_a_spare/cfcywiu/", "score": 12, "stickied": false, "subreddit_id": "t5_2vpth", "author_name": "simien05", "author_id": "d9qj1", "subreddit_name": "frozen"}, {"body": "this is so funny i loled a little too hard at work :(", "created_utc": 1392164718.0, "distinguished": null, "edited": false, "id": "cfd099y", "is_submitter": false, "link_id": "t3_1xnoij", "parent_id": "t3_1xnoij", "permalink": "/r/Frozen/comments/1xnoij/no_anna_youre_just_a_spare/cfd099y/", "score": 6, "stickied": false, "subreddit_id": "t5_2vpth", "author_name": "bobfong360", "author_id": "f3uux", "subreddit_name": "frozen"}, {"body": "Not sure if I want to laugh or cringe.  \n\nOh, its just like my little sister's christmas pagent", "created_utc": 1392167858.0, "distinguished": null, "edited": false, "id": "cfd1q4v", "is_submitter": false, "link_id": "t3_1xnoij", "parent_id": "t3_1xnoij", "permalink": "/r/Frozen/comments/1xnoij/no_anna_youre_just_a_spare/cfd1q4v/", "score": 3, "stickied": false, "subreddit_id": "t5_2vpth", "author_name": "Anemoi523", "author_id": "5tb0u", "subreddit_name": "frozen"}, {"body": "I'm cackling right now. Awesome!", "created_utc": 1392173457.0, "distinguished": null, "edited": false, "id": "cfd4c81", "is_submitter": false, "link_id": "t3_1xnoij", "parent_id": "t3_1xnoij", "permalink": "/r/Frozen/comments/1xnoij/no_anna_youre_just_a_spare/cfd4c81/", "score": 3, "stickied": false, "subreddit_id": "t5_2vpth", "author_name": "AlixEcho", "author_id": "ajekd", "subreddit_name": "frozen"}, {"body": "LE song that goes with it\n\nhttp://www.youtube.com/watch?v=66MQPWZ-n0g", "created_utc": 1392618432.0, "distinguished": null, "edited": false, "id": "cfhatwu", "is_submitter": false, "link_id": "t3_1xnoij", "parent_id": "t3_1xnoij", "permalink": "/r/Frozen/comments/1xnoij/no_anna_youre_just_a_spare/cfhatwu/", "score": -2, "stickied": false, "subreddit_id": "t5_2vpth", "author_name": "minewastaken2", "author_id": "fafwa", "subreddit_name": "frozen"}, {"body": "Much better quality!", "created_utc": 1392164874.0, "distinguished": null, "edited": false, "id": "cfd0bwh", "is_submitter": true, "link_id": "t3_1xnoij", "parent_id": "t1_cfd0703", "permalink": "/r/Frozen/comments/1xnoij/no_anna_youre_just_a_spare/cfd0bwh/", "score": 2, "stickied": false, "subreddit_id": "t5_2vpth", "author_name": "JamesAQuintero", "author_id": "7gthv", "subreddit_name": "frozen"}, {"body": "[removed]", "created_utc": 1392166110.0, "distinguished": null, "edited": false, "id": "cfd0xbb", "is_submitter": false, "link_id": "t3_1xnoij", "parent_id": "t1_cfd0703", "permalink": "/r/Frozen/comments/1xnoij/no_anna_youre_just_a_spare/cfd0xbb/", "score": 1, "stickied": false, "subreddit_id": "t5_2vpth", "author_name": null, "author_id": null, "subreddit_name": "frozen"}, {"body": "Wait, buttons can't fly. It doesn't make any sense!", "created_utc": 1392164618.0, "distinguished": null, "edited": false, "id": "cfd07lp", "is_submitter": false, "link_id": "t3_1xnoij", "parent_id": "t1_cfcywiu", "permalink": "/r/Frozen/comments/1xnoij/no_anna_youre_just_a_spare/cfd07lp/", "score": 9, "stickied": false, "subreddit_id": "t5_2vpth", "author_name": "Random-Webtoon-Fan", "author_id": "da36r", "subreddit_name": "frozen"}, {"body": "No. It's from the beginning of the party (about 20 minutes in) played in reverse.", "created_utc": 1392166632.0, "distinguished": null, "edited": false, "id": "cfd161o", "is_submitter": false, "link_id": "t3_1xnoij", "parent_id": "t1_cfd0xbb", "permalink": "/r/Frozen/comments/1xnoij/no_anna_youre_just_a_spare/cfd161o/", "score": 13, "stickied": false, "subreddit_id": "t5_2vpth", "author_name": "2718281828", "author_id": "3m64d", "subreddit_name": "frozen"}, {"body": "Like a girl who\u2019s bad at metaphors", "created_utc": 1392178507.0, "distinguished": null, "edited": false, "id": "cfd6kcc", "is_submitter": false, "link_id": "t3_1xnoij", "parent_id": "t1_cfd07lp", "permalink": "/r/Frozen/comments/1xnoij/no_anna_youre_just_a_spare/cfd6kcc/", "score": 5, "stickied": false, "subreddit_id": "t5_2vpth", "author_name": "joelicious5000", "author_id": "66op1", "subreddit_name": "frozen"}]