{"clicked": false, "created_utc": 1392161396.0, "distinguished": null, "edited": false, "id": "1xnoij", "is_video": false, "locked": false, "num_comments": 13, "over_18": false, "permalink": "/r/Frozen/comments/1xnoij/no_anna_youre_just_a_spare/", "score": 134, "selftext": "", "stickied": false, "subreddit_id": "t5_2vpth", "title": "\"No Anna, you're just a spare\"", "url": "http://flippercc.tumblr.com/post/74598087618/rewind-laughing-like-an-idiot", "author_name": "JamesAQuintero", "author_id": "7gthv", "subreddit_name": "frozen", "upvote_ratio": 0.97}