[{"body": "[WOOT WOOT!](http://i.imgur.com/QoVPliA.gif) Best acceptance speech ever", "created_utc": 1393820338.0, "distinguished": null, "edited": 1393820394.0, "id": "cfsz6do", "is_submitter": false, "link_id": "t3_1zen75", "parent_id": "t3_1zen75", "permalink": "/r/Frozen/comments/1zen75/well_that_makes_two/cfsz6do/", "score": 53, "stickied": false, "subreddit_id": "t5_2vpth", "author_name": "damocles2501", "author_id": "d3wqx", "subreddit_name": "frozen"}, {"body": "And Robert Lopez asked for a sequel in the rhyming acceptance speech. That was great.", "created_utc": 1393820466.0, "distinguished": null, "edited": false, "id": "cfsz89s", "is_submitter": false, "link_id": "t3_1zen75", "parent_id": "t3_1zen75", "permalink": "/r/Frozen/comments/1zen75/well_that_makes_two/cfsz89s/", "score": 36, "stickied": false, "subreddit_id": "t5_2vpth", "author_name": "2718281828", "author_id": "3m64d", "subreddit_name": "frozen"}, {"body": "I did a double take when they dropped out a little bit of the song. Still a bit bummed about that...\n\nStill, best acceptance speech ever.", "created_utc": 1393820446.0, "distinguished": null, "edited": false, "id": "cfsz7yo", "is_submitter": false, "link_id": "t3_1zen75", "parent_id": "t3_1zen75", "permalink": "/r/Frozen/comments/1zen75/well_that_makes_two/cfsz7yo/", "score": 35, "stickied": false, "subreddit_id": "t5_2vpth", "author_name": "cgr100", "author_id": "9sqwj", "subreddit_name": "frozen"}, {"body": "Anyone else hear travolta's interesting pronunciation of \"Menzel\"", "created_utc": 1393820546.0, "distinguished": null, "edited": false, "id": "cfsz9g0", "is_submitter": false, "link_id": "t3_1zen75", "parent_id": "t3_1zen75", "permalink": "/r/Frozen/comments/1zen75/well_that_makes_two/cfsz9g0/", "score": 31, "stickied": false, "subreddit_id": "t5_2vpth", "author_name": "linkseyi", "author_id": "6iort", "subreddit_name": "frozen"}, {"body": "Well who gives a hoot about the rest of the Oscars. ", "created_utc": 1393820402.0, "distinguished": null, "edited": false, "id": "cfsz7c2", "is_submitter": false, "link_id": "t3_1zen75", "parent_id": "t3_1zen75", "permalink": "/r/Frozen/comments/1zen75/well_that_makes_two/cfsz7c2/", "score": 24, "stickied": false, "subreddit_id": "t5_2vpth", "author_name": "oMrEnigma", "author_id": "el5bg", "subreddit_name": "frozen"}, {"body": "Gonna be completely honest when I say that her performance (aka the biggest thing I was looking forward to this entire weekend) was underwhelming. I still got the chills, but it wasn't what I had hoped it would be. \n\nBut other than that, GOOOOOD SHIT TO THE TWO AWARDS!!!", "created_utc": 1393820681.0, "distinguished": null, "edited": false, "id": "cfszbci", "is_submitter": false, "link_id": "t3_1zen75", "parent_id": "t3_1zen75", "permalink": "/r/Frozen/comments/1zen75/well_that_makes_two/cfszbci/", "score": 22, "stickied": false, "subreddit_id": "t5_2vpth", "author_name": "Sparkvoltage", "author_id": "6iw4q", "subreddit_name": "frozen"}, {"body": "Yay so glad! Idina was nervous but she always rocks it! ", "created_utc": 1393820423.0, "distinguished": null, "edited": false, "id": "cfsz7mv", "is_submitter": false, "link_id": "t3_1zen75", "parent_id": "t3_1zen75", "permalink": "/r/Frozen/comments/1zen75/well_that_makes_two/cfsz7mv/", "score": 19, "stickied": false, "subreddit_id": "t5_2vpth", "author_name": "Littleone23", "author_id": "7kcac", "subreddit_name": "frozen"}, {"body": "I just watched someone win an EGOT! I'm so glad Frozen won!!", "created_utc": 1393820578.0, "distinguished": null, "edited": false, "id": "cfsz9x7", "is_submitter": false, "link_id": "t3_1zen75", "parent_id": "t3_1zen75", "permalink": "/r/Frozen/comments/1zen75/well_that_makes_two/cfsz9x7/", "score": 23, "stickied": false, "subreddit_id": "t5_2vpth", "author_name": "bananabelle", "author_id": "396bs", "subreddit_name": "frozen"}, {"body": "\"Let's make frozen two!\"\n\nOh pleaseee do", "created_utc": 1393820559.0, "distinguished": null, "edited": false, "id": "cfsz9mp", "is_submitter": false, "link_id": "t3_1zen75", "parent_id": "t3_1zen75", "permalink": "/r/Frozen/comments/1zen75/well_that_makes_two/cfsz9mp/", "score": 19, "stickied": false, "subreddit_id": "t5_2vpth", "author_name": "immorta1", "author_id": "6vh4a", "subreddit_name": "frozen"}, {"body": "Woohoo!", "created_utc": 1393820286.0, "distinguished": null, "edited": false, "id": "cfsz5ml", "is_submitter": false, "link_id": "t3_1zen75", "parent_id": "t3_1zen75", "permalink": "/r/Frozen/comments/1zen75/well_that_makes_two/cfsz5ml/", "score": 12, "stickied": false, "subreddit_id": "t5_2vpth", "author_name": "Herra_Ratatoskr", "author_id": "42kpq", "subreddit_name": "frozen"}, {"body": "[deleted]", "created_utc": 1393820516.0, "distinguished": null, "edited": false, "id": "cfsz8zy", "is_submitter": false, "link_id": "t3_1zen75", "parent_id": "t3_1zen75", "permalink": "/r/Frozen/comments/1zen75/well_that_makes_two/cfsz8zy/", "score": 10, "stickied": false, "subreddit_id": "t5_2vpth", "author_name": null, "author_id": null, "subreddit_name": "frozen"}, {"body": "I think Bobby and Kristen Lopez should win a bonus award for cutest speech ever.", "created_utc": 1393820501.0, "distinguished": null, "edited": false, "id": "cfsz8s8", "is_submitter": false, "link_id": "t3_1zen75", "parent_id": "t3_1zen75", "permalink": "/r/Frozen/comments/1zen75/well_that_makes_two/cfsz8s8/", "score": 20, "stickied": false, "subreddit_id": "t5_2vpth", "author_name": "AlixEcho", "author_id": "ajekd", "subreddit_name": "frozen"}, {"body": "The Anderson Lopez's had a great little speech.", "created_utc": 1393820429.0, "distinguished": null, "edited": false, "id": "cfsz7pv", "is_submitter": false, "link_id": "t3_1zen75", "parent_id": "t3_1zen75", "permalink": "/r/Frozen/comments/1zen75/well_that_makes_two/cfsz7pv/", "score": 10, "stickied": false, "subreddit_id": "t5_2vpth", "author_name": "fullofcrunch", "author_id": "eznqw", "subreddit_name": "frozen"}, {"body": "Here's the link to the performance.\n\nhttp://www.youtube.com/watch?v=NO-ORfU7ids", "created_utc": 1393820740.0, "distinguished": null, "edited": false, "id": "cfszc7z", "is_submitter": false, "link_id": "t3_1zen75", "parent_id": "t3_1zen75", "permalink": "/r/Frozen/comments/1zen75/well_that_makes_two/cfszc7z/", "score": 8, "stickied": false, "subreddit_id": "t5_2vpth", "author_name": "ToastedB", "author_id": "de24c", "subreddit_name": "frozen"}, {"body": "LET IT GO!!!!", "created_utc": 1393820362.0, "distinguished": null, "edited": false, "id": "cfsz6r2", "is_submitter": false, "link_id": "t3_1zen75", "parent_id": "t3_1zen75", "permalink": "/r/Frozen/comments/1zen75/well_that_makes_two/cfsz6r2/", "score": 9, "stickied": false, "subreddit_id": "t5_2vpth", "author_name": "lazybutter", "author_id": "73zbx", "subreddit_name": "frozen"}, {"body": "YEAH BABY !!! TWWWWWWWWWOOOOOOOOOOOOOOOOO OUT OF TWWWWWOOOOOOOOOOOOOOOOOOOOOOOO.\n\nWell deserved, I'm so happy. ", "created_utc": 1393820422.0, "distinguished": null, "edited": false, "id": "cfsz7ma", "is_submitter": false, "link_id": "t3_1zen75", "parent_id": "t3_1zen75", "permalink": "/r/Frozen/comments/1zen75/well_that_makes_two/cfsz7ma/", "score": 7, "stickied": false, "subreddit_id": "t5_2vpth", "author_name": "ChillinFallin", "author_id": "737fv", "subreddit_name": "frozen"}, {"body": "YES YES YES YES YES", "created_utc": 1393820377.0, "distinguished": null, "edited": false, "id": "cfsz6yy", "is_submitter": false, "link_id": "t3_1zen75", "parent_id": "t3_1zen75", "permalink": "/r/Frozen/comments/1zen75/well_that_makes_two/cfsz6yy/", "score": 8, "stickied": false, "subreddit_id": "t5_2vpth", "author_name": "Recidivis", "author_id": "8pkti", "subreddit_name": "frozen"}, {"body": "The circle is complete. This will live on with us.", "created_utc": 1393820398.0, "distinguished": null, "edited": false, "id": "cfsz7a3", "is_submitter": false, "link_id": "t3_1zen75", "parent_id": "t3_1zen75", "permalink": "/r/Frozen/comments/1zen75/well_that_makes_two/cfsz7a3/", "score": 7, "stickied": false, "subreddit_id": "t5_2vpth", "author_name": "TheKing0fLimbs", "author_id": "d03e0", "subreddit_name": "frozen"}, {"body": "YESSSS CONGRATS TO FROZEN AND THE SONGWRITERS AN THE ENTIRE CAST :D WELL DESERVED", "created_utc": 1393820422.0, "distinguished": null, "edited": false, "id": "cfsz7mq", "is_submitter": false, "link_id": "t3_1zen75", "parent_id": "t3_1zen75", "permalink": "/r/Frozen/comments/1zen75/well_that_makes_two/cfsz7mq/", "score": 7, "stickied": false, "subreddit_id": "t5_2vpth", "author_name": "iemnick", "author_id": "ar0ty", "subreddit_name": "frozen"}, {"body": "And to celebrate I'm going to watch the movie! (again)", "created_utc": 1393820517.0, "distinguished": null, "edited": false, "id": "cfsz907", "is_submitter": false, "link_id": "t3_1zen75", "parent_id": "t3_1zen75", "permalink": "/r/Frozen/comments/1zen75/well_that_makes_two/cfsz907/", "score": 7, "stickied": false, "subreddit_id": "t5_2vpth", "author_name": "flyingjanitor", "author_id": "eos7g", "subreddit_name": "frozen"}, {"body": "That was the best acceptance speech ever. ", "created_utc": 1393820546.0, "distinguished": null, "edited": false, "id": "cfsz9g2", "is_submitter": false, "link_id": "t3_1zen75", "parent_id": "t3_1zen75", "permalink": "/r/Frozen/comments/1zen75/well_that_makes_two/cfsz9g2/", "score": 8, "stickied": false, "subreddit_id": "t5_2vpth", "author_name": "Frankmer9", "author_id": "77bx6", "subreddit_name": "frozen"}, {"body": "Knock Knock!\n\nWho's there?\n\nYou\n\nYou who?\n\nYOO HOO BIG SUMMER BLOWOUT!!!", "created_utc": 1393821462.0, "distinguished": null, "edited": false, "id": "cfszmkl", "is_submitter": false, "link_id": "t3_1zen75", "parent_id": "t3_1zen75", "permalink": "/r/Frozen/comments/1zen75/well_that_makes_two/cfszmkl/", "score": 7, "stickied": false, "subreddit_id": "t5_2vpth", "author_name": "MilkmanBurlur", "author_id": "fczhl", "subreddit_name": "frozen"}, {"body": "Woooooooo", "created_utc": 1393820400.0, "distinguished": null, "edited": false, "id": "cfsz7bg", "is_submitter": false, "link_id": "t3_1zen75", "parent_id": "t3_1zen75", "permalink": "/r/Frozen/comments/1zen75/well_that_makes_two/cfsz7bg/", "score": 7, "stickied": false, "subreddit_id": "t5_2vpth", "author_name": "ToastedB", "author_id": "de24c", "subreddit_name": "frozen"}, {"body": "Let's break out the champagne! Two Oscars and a billion dollars in one day! WOOHOO!!!", "created_utc": 1393821468.0, "distinguished": null, "edited": false, "id": "cfszmo6", "is_submitter": false, "link_id": "t3_1zen75", "parent_id": "t3_1zen75", "permalink": "/r/Frozen/comments/1zen75/well_that_makes_two/cfszmo6/", "score": 5, "stickied": false, "subreddit_id": "t5_2vpth", "author_name": "RKitch2112", "author_id": "etl3g", "subreddit_name": "frozen"}, {"body": "cool", "created_utc": 1393820439.0, "distinguished": null, "edited": false, "id": "cfsz7v4", "is_submitter": false, "link_id": "t3_1zen75", "parent_id": "t3_1zen75", "permalink": "/r/Frozen/comments/1zen75/well_that_makes_two/cfsz7v4/", "score": 5, "stickied": false, "subreddit_id": "t5_2vpth", "author_name": "xalpha25", "author_id": "8dyp5", "subreddit_name": "frozen"}, {"body": "[deleted]", "created_utc": 1393820957.0, "distinguished": null, "edited": 1533536101.0, "id": "cfszfcv", "is_submitter": false, "link_id": "t3_1zen75", "parent_id": "t3_1zen75", "permalink": "/r/Frozen/comments/1zen75/well_that_makes_two/cfszfcv/", "score": 4, "stickied": false, "subreddit_id": "t5_2vpth", "author_name": null, "author_id": null, "subreddit_name": "frozen"}, {"body": "BROOKLYN", "created_utc": 1393823385.0, "distinguished": null, "edited": false, "id": "cft0clw", "is_submitter": false, "link_id": "t3_1zen75", "parent_id": "t3_1zen75", "permalink": "/r/Frozen/comments/1zen75/well_that_makes_two/cft0clw/", "score": 2, "stickied": false, "subreddit_id": "t5_2vpth", "author_name": "bellibones", "author_id": "7vql2", "subreddit_name": "frozen"}, {"body": "Best night for those involved with Frozen and the fans! Woooo! Cheers to them and to more Oscars in the future for Disney Animation! :D ", "created_utc": 1393825528.0, "distinguished": null, "edited": false, "id": "cft13gb", "is_submitter": false, "link_id": "t3_1zen75", "parent_id": "t3_1zen75", "permalink": "/r/Frozen/comments/1zen75/well_that_makes_two/cft13gb/", "score": 2, "stickied": false, "subreddit_id": "t5_2vpth", "author_name": "SailorNova", "author_id": "aiysu", "subreddit_name": "frozen"}, {"body": "[deleted]", "created_utc": 1393821018.0, "distinguished": null, "edited": false, "id": "cfszg6p", "is_submitter": false, "link_id": "t3_1zen75", "parent_id": "t3_1zen75", "permalink": "/r/Frozen/comments/1zen75/well_that_makes_two/cfszg6p/", "score": 1, "stickied": false, "subreddit_id": "t5_2vpth", "author_name": null, "author_id": null, "subreddit_name": "frozen"}, {"body": "Let's do frozen twoooo", "created_utc": 1393820442.0, "distinguished": null, "edited": false, "id": "cfsz7wm", "is_submitter": false, "link_id": "t3_1zen75", "parent_id": "t1_cfsz6do", "permalink": "/r/Frozen/comments/1zen75/well_that_makes_two/cfsz7wm/", "score": 25, "stickied": false, "subreddit_id": "t5_2vpth", "author_name": "arcticdonkeys", "author_id": "cccy5", "subreddit_name": "frozen"}, {"body": "THIS gif sums up all of our feelings. So thrilled that they won it!", "created_utc": 1393820522.0, "distinguished": null, "edited": false, "id": "cfsz92r", "is_submitter": false, "link_id": "t3_1zen75", "parent_id": "t1_cfsz6do", "permalink": "/r/Frozen/comments/1zen75/well_that_makes_two/cfsz92r/", "score": 13, "stickied": false, "subreddit_id": "t5_2vpth", "author_name": "FinallyGivenIn", "author_id": "cmtny", "subreddit_name": "frozen"}, {"body": "Does anyone know what she said during the acceptance speech? I missed it.", "created_utc": 1393821241.0, "distinguished": null, "edited": false, "id": "cfszjfp", "is_submitter": false, "link_id": "t3_1zen75", "parent_id": "t1_cfsz6do", "permalink": "/r/Frozen/comments/1zen75/well_that_makes_two/cfszjfp/", "score": 7, "stickied": false, "subreddit_id": "t5_2vpth", "author_name": "Firestonezz", "author_id": "a7gjx", "subreddit_name": "frozen"}, {"body": "That gif's been used so many times today, I think I'm getting tired of it.  Oh wait... that's impossible.  YAAAAY OSCARS!!!", "created_utc": 1393821410.0, "distinguished": null, "edited": false, "id": "cfszlvf", "is_submitter": false, "link_id": "t3_1zen75", "parent_id": "t1_cfsz6do", "permalink": "/r/Frozen/comments/1zen75/well_that_makes_two/cfszlvf/", "score": 7, "stickied": false, "subreddit_id": "t5_2vpth", "author_name": "blo442", "author_id": "evr89", "subreddit_name": "frozen"}, {"body": "Better quality: http://i.imgur.com/x1gojDe.gif", "created_utc": 1393861654.0, "distinguished": null, "edited": false, "id": "cft92wj", "is_submitter": false, "link_id": "t3_1zen75", "parent_id": "t1_cfsz6do", "permalink": "/r/Frozen/comments/1zen75/well_that_makes_two/cft92wj/", "score": 1, "stickied": false, "subreddit_id": "t5_2vpth", "author_name": "Scyter", "author_id": "6l0mu", "subreddit_name": "frozen"}, {"body": "[The Acceptance Speech](https://www.youtube.com/watch?v=HABkhO0Xx14)", "created_utc": 1393821382.0, "distinguished": null, "edited": false, "id": "cfszlgq", "is_submitter": false, "link_id": "t3_1zen75", "parent_id": "t1_cfsz89s", "permalink": "/r/Frozen/comments/1zen75/well_that_makes_two/cfszlgq/", "score": 15, "stickied": false, "subreddit_id": "t5_2vpth", "author_name": "K281067", "author_id": "etzx6", "subreddit_name": "frozen"}, {"body": "Stupid moon song, you cut both let it go and happy short\n\nEDIT, the only reason I care about happy is because I'm a pharrel fan thanks to his amazing work on random access memories, not a traitor\n\nEDIT 2, [BANANA](https://www.google.com/search?hl=en&authuser=0&site=imghp&tbm=isch&source=hp&biw=1280&bih=622&q=minion&oq=minion&gs_l=img.3..0l10.18.1228.0.3116.6.5.0.1.1.0.193.486.3j2.5.0....0...1ac.1.36.img..0.6.497.jaTkAij4whQ)", "created_utc": 1393820873.0, "distinguished": null, "edited": 1393854914.0, "id": "cfsze4r", "is_submitter": false, "link_id": "t3_1zen75", "parent_id": "t1_cfsz7yo", "permalink": "/r/Frozen/comments/1zen75/well_that_makes_two/cfsze4r/", "score": 16, "stickied": false, "subreddit_id": "t5_2vpth", "author_name": null, "author_id": null, "subreddit_name": "frozen"}, {"body": "I heard \"Adele Dozzy\"", "created_utc": 1393821143.0, "distinguished": null, "edited": false, "id": "cfszhyx", "is_submitter": false, "link_id": "t3_1zen75", "parent_id": "t1_cfsz9g0", "permalink": "/r/Frozen/comments/1zen75/well_that_makes_two/cfszhyx/", "score": 17, "stickied": false, "subreddit_id": "t5_2vpth", "author_name": "lordmoldyshorts", "author_id": "6tpyw", "subreddit_name": "frozen"}, {"body": "[Adele Dazim](https://twitter.com/AdeleDazim), by the reckoning of the Internet.", "created_utc": 1393824027.0, "distinguished": null, "edited": false, "id": "cft0l1p", "is_submitter": false, "link_id": "t3_1zen75", "parent_id": "t1_cfsz9g0", "permalink": "/r/Frozen/comments/1zen75/well_that_makes_two/cft0l1p/", "score": 11, "stickied": false, "subreddit_id": "t5_2vpth", "author_name": "blo442", "author_id": "evr89", "subreddit_name": "frozen"}, {"body": "https://www.youtube.com/watch?v=sliDVeMksjU\nWelp.", "created_utc": 1393821719.0, "distinguished": null, "edited": false, "id": "cfszqfx", "is_submitter": false, "link_id": "t3_1zen75", "parent_id": "t1_cfsz9g0", "permalink": "/r/Frozen/comments/1zen75/well_that_makes_two/cfszqfx/", "score": 6, "stickied": false, "subreddit_id": "t5_2vpth", "author_name": "SKxP", "author_id": "chjlf", "subreddit_name": "frozen"}, {"body": "3pac reppin soooon", "created_utc": 1393822271.0, "distinguished": null, "edited": false, "id": "cfszxuq", "is_submitter": false, "link_id": "t3_1zen75", "parent_id": "t1_cfsz7c2", "permalink": "/r/Frozen/comments/1zen75/well_that_makes_two/cfszxuq/", "score": 2, "stickied": false, "subreddit_id": "t5_2vpth", "author_name": null, "author_id": null, "subreddit_name": "frozen"}, {"body": "I was a bit down that they cut the second chorus, which IMO is the best part of the song.", "created_utc": 1393820950.0, "distinguished": null, "edited": false, "id": "cfszf9m", "is_submitter": false, "link_id": "t3_1zen75", "parent_id": "t1_cfszbci", "permalink": "/r/Frozen/comments/1zen75/well_that_makes_two/cfszf9m/", "score": 16, "stickied": false, "subreddit_id": "t5_2vpth", "author_name": null, "author_id": null, "subreddit_name": "frozen"}, {"body": "Maybe Idina was channelling Queen Elsa: intentionally nervous at first, then BAM!", "created_utc": 1393820483.0, "distinguished": null, "edited": false, "id": "cfsz8ip", "is_submitter": false, "link_id": "t3_1zen75", "parent_id": "t1_cfsz7mv", "permalink": "/r/Frozen/comments/1zen75/well_that_makes_two/cfsz8ip/", "score": 27, "stickied": false, "subreddit_id": "t5_2vpth", "author_name": "m_sobol", "author_id": "cdluz", "subreddit_name": "frozen"}, {"body": "Idina being nervous just cemented her as the soul of Elsa to me. ", "created_utc": 1393821779.0, "distinguished": null, "edited": false, "id": "cfszr8c", "is_submitter": false, "link_id": "t3_1zen75", "parent_id": "t1_cfsz7mv", "permalink": "/r/Frozen/comments/1zen75/well_that_makes_two/cfszr8c/", "score": 5, "stickied": false, "subreddit_id": "t5_2vpth", "author_name": "chzrm3", "author_id": "djsw3", "subreddit_name": "frozen"}, {"body": "Her performance was really bad. It seems like they had to skip the song to keep up with her rushing.", "created_utc": 1393820779.0, "distinguished": null, "edited": false, "id": "cfszcrx", "is_submitter": false, "link_id": "t3_1zen75", "parent_id": "t1_cfsz7mv", "permalink": "/r/Frozen/comments/1zen75/well_that_makes_two/cfszcrx/", "score": 14, "stickied": false, "subreddit_id": "t5_2vpth", "author_name": "gyrfalcon23", "author_id": "75539", "subreddit_name": "frozen"}, {"body": "Awwwwwwwww yisssssssssssssssss\n", "created_utc": 1393821311.0, "distinguished": null, "edited": false, "id": "cfszkeo", "is_submitter": false, "link_id": "t3_1zen75", "parent_id": "t1_cfsz5ml", "permalink": "/r/Frozen/comments/1zen75/well_that_makes_two/cfszkeo/", "score": 2, "stickied": false, "subreddit_id": "t5_2vpth", "author_name": "lq13", "author_id": "fblf7", "subreddit_name": "frozen"}, {"body": "I still enjoyed it, but you could definitely tell she wasn't happy with it either at the end.", "created_utc": 1393825049.0, "distinguished": null, "edited": false, "id": "cft0xrz", "is_submitter": false, "link_id": "t3_1zen75", "parent_id": "t1_cfsz8zy", "permalink": "/r/Frozen/comments/1zen75/well_that_makes_two/cft0xrz/", "score": 6, "stickied": false, "subreddit_id": "t5_2vpth", "author_name": "poopfeastPrime", "author_id": "79kww", "subreddit_name": "frozen"}, {"body": "[deleted]", "created_utc": 1393821202.0, "distinguished": null, "edited": 1540963411.0, "id": "cfszitu", "is_submitter": false, "link_id": "t3_1zen75", "parent_id": "t1_cfszc7z", "permalink": "/r/Frozen/comments/1zen75/well_that_makes_two/cfszitu/", "score": 6, "stickied": false, "subreddit_id": "t5_2vpth", "author_name": null, "author_id": null, "subreddit_name": "frozen"}, {"body": "The do seem like an amazing family -- they just come across as genuinely nice, loving people, besides being amazingly talented and passionate about their work. It's great to see them get the recognition!", "created_utc": 1393821931.0, "distinguished": null, "edited": false, "id": "cfsztal", "is_submitter": false, "link_id": "t3_1zen75", "parent_id": "t1_cfszfcv", "permalink": "/r/Frozen/comments/1zen75/well_that_makes_two/cfsztal/", "score": 7, "stickied": false, "subreddit_id": "t5_2vpth", "author_name": "AlixEcho", "author_id": "ajekd", "subreddit_name": "frozen"}, {"body": "[How I feel.](http://img.pandawhale.com/post-37668-Disney-Frozen-Reddit-Upvote-gi-MRLT.gif)", "created_utc": 1393820478.0, "distinguished": null, "edited": false, "id": "cfsz8gn", "is_submitter": false, "link_id": "t3_1zen75", "parent_id": "t1_cfsz7wm", "permalink": "/r/Frozen/comments/1zen75/well_that_makes_two/cfsz8gn/", "score": 19, "stickied": false, "subreddit_id": "t5_2vpth", "author_name": "Sarzek", "author_id": "5jwex", "subreddit_name": "frozen"}, {"body": "[from a comment below](http://www.reddit.com/r/Frozen/comments/1zen75/well_that_makes_two/cfszlgq)", "created_utc": 1393821580.0, "distinguished": null, "edited": false, "id": "cfszody", "is_submitter": false, "link_id": "t3_1zen75", "parent_id": "t1_cfszjfp", "permalink": "/r/Frozen/comments/1zen75/well_that_makes_two/cfszody/", "score": 10, "stickied": false, "subreddit_id": "t5_2vpth", "author_name": "damocles2501", "author_id": "d3wqx", "subreddit_name": "frozen"}, {"body": "He actually said that??? I thought it was my stream skipping! Wow. ", "created_utc": 1393821571.0, "distinguished": null, "edited": false, "id": "cfszo94", "is_submitter": false, "link_id": "t3_1zen75", "parent_id": "t1_cfszhyx", "permalink": "/r/Frozen/comments/1zen75/well_that_makes_two/cfszo94/", "score": 11, "stickied": false, "subreddit_id": "t5_2vpth", "author_name": "AlixEcho", "author_id": "ajekd", "subreddit_name": "frozen"}, {"body": "Yeah, the song definitely suffered from being shortened... it lost a lot of the build up that made it so powerful.", "created_utc": 1393821269.0, "distinguished": null, "edited": false, "id": "cfszjug", "is_submitter": false, "link_id": "t3_1zen75", "parent_id": "t1_cfszf9m", "permalink": "/r/Frozen/comments/1zen75/well_that_makes_two/cfszjug/", "score": 7, "stickied": false, "subreddit_id": "t5_2vpth", "author_name": "AlixEcho", "author_id": "ajekd", "subreddit_name": "frozen"}, {"body": "Yes! I love this theory!", "created_utc": 1393820561.0, "distinguished": null, "edited": false, "id": "cfsz9o0", "is_submitter": false, "link_id": "t3_1zen75", "parent_id": "t1_cfsz8ip", "permalink": "/r/Frozen/comments/1zen75/well_that_makes_two/cfsz9o0/", "score": 10, "stickied": false, "subreddit_id": "t5_2vpth", "author_name": "Littleone23", "author_id": "7kcac", "subreddit_name": "frozen"}, {"body": "[deleted]", "created_utc": 1393824896.0, "distinguished": null, "edited": false, "id": "cft0vwq", "is_submitter": false, "link_id": "t3_1zen75", "parent_id": "t1_cfszcrx", "permalink": "/r/Frozen/comments/1zen75/well_that_makes_two/cft0vwq/", "score": 8, "stickied": false, "subreddit_id": "t5_2vpth", "author_name": null, "author_id": null, "subreddit_name": "frozen"}, {"body": "She looked like she knew she messed up and that her performance would be criticized (which as much as I love the song, I can't help but agree with).", "created_utc": 1393821478.0, "distinguished": null, "edited": false, "id": "cfszmt3", "is_submitter": false, "link_id": "t3_1zen75", "parent_id": "t1_cfszitu", "permalink": "/r/Frozen/comments/1zen75/well_that_makes_two/cfszmt3/", "score": 13, "stickied": false, "subreddit_id": "t5_2vpth", "author_name": "Sparkvoltage", "author_id": "6iw4q", "subreddit_name": "frozen"}, {"body": "They had to shorten the song for broadcast so she probably wasn't used to singing it like that. ", "created_utc": 1393825811.0, "distinguished": null, "edited": false, "id": "cft16v9", "is_submitter": false, "link_id": "t3_1zen75", "parent_id": "t1_cfszitu", "permalink": "/r/Frozen/comments/1zen75/well_that_makes_two/cft16v9/", "score": 5, "stickied": false, "subreddit_id": "t5_2vpth", "author_name": "cheeseheadfoamy", "author_id": "d1vxf", "subreddit_name": "frozen"}, {"body": "Yeah, I had to keep rewatching it to make sure, but that's sure what it sounded like to me", "created_utc": 1393822370.0, "distinguished": null, "edited": false, "id": "cfszz88", "is_submitter": false, "link_id": "t3_1zen75", "parent_id": "t1_cfszo94", "permalink": "/r/Frozen/comments/1zen75/well_that_makes_two/cfszz88/", "score": 8, "stickied": false, "subreddit_id": "t5_2vpth", "author_name": "lordmoldyshorts", "author_id": "6tpyw", "subreddit_name": "frozen"}, {"body": "I don't even care about the voice crack at the last note, she gave it her all. And she channelled wicked on that last line too!", "created_utc": 1393820613.0, "distinguished": null, "edited": false, "id": "cfszadx", "is_submitter": false, "link_id": "t3_1zen75", "parent_id": "t1_cfsz9o0", "permalink": "/r/Frozen/comments/1zen75/well_that_makes_two/cfszadx/", "score": 16, "stickied": false, "subreddit_id": "t5_2vpth", "author_name": "m_sobol", "author_id": "cdluz", "subreddit_name": "frozen"}, {"body": "It was, the tempo was faster, and I think Idina may have gone even a little faster in some places because she probably wasn't used to that tempo. ", "created_utc": 1393844769.0, "distinguished": null, "edited": false, "id": "cft50ol", "is_submitter": false, "link_id": "t3_1zen75", "parent_id": "t1_cft0vwq", "permalink": "/r/Frozen/comments/1zen75/well_that_makes_two/cft50ol/", "score": 3, "stickied": false, "subreddit_id": "t5_2vpth", "author_name": "delta835", "author_id": "93ebf", "subreddit_name": "frozen"}, {"body": "soo... she just has to perform it again to make up for it!", "created_utc": 1393825647.0, "distinguished": null, "edited": false, "id": "cft14vq", "is_submitter": false, "link_id": "t3_1zen75", "parent_id": "t1_cfszmt3", "permalink": "/r/Frozen/comments/1zen75/well_that_makes_two/cft14vq/", "score": 2, "stickied": false, "subreddit_id": "t5_2vpth", "author_name": "squeakyL", "author_id": "3h9yb", "subreddit_name": "frozen"}, {"body": "I loved her voice cracking at the end, she must have been super nervous and emotional, just made it that much real to me. Go idina, plus she must have been pissed about her name getting butchered lol", "created_utc": 1393821374.0, "distinguished": null, "edited": false, "id": "cfszlcq", "is_submitter": false, "link_id": "t3_1zen75", "parent_id": "t1_cfszadx", "permalink": "/r/Frozen/comments/1zen75/well_that_makes_two/cfszlcq/", "score": 11, "stickied": false, "subreddit_id": "t5_2vpth", "author_name": "Peruvianart", "author_id": "9n5s9", "subreddit_name": "frozen"}, {"body": "Nope still going to rewatch the hell out of it!", "created_utc": 1393820714.0, "distinguished": null, "edited": false, "id": "cfszbtr", "is_submitter": false, "link_id": "t3_1zen75", "parent_id": "t1_cfszadx", "permalink": "/r/Frozen/comments/1zen75/well_that_makes_two/cfszbtr/", "score": 5, "stickied": false, "subreddit_id": "t5_2vpth", "author_name": "Littleone23", "author_id": "7kcac", "subreddit_name": "frozen"}, {"body": "The Oscar show producers and backstage can't keep up with the professionalism that a theatre legend like Idina expects.\n\nTelepromter fails, camera fails, pizza fails. Sigh. Wish they gave her a headset mic, so she could strut instead of standing still with her hands full.", "created_utc": 1393821871.0, "distinguished": null, "edited": false, "id": "cfszsh3", "is_submitter": false, "link_id": "t3_1zen75", "parent_id": "t1_cfszlcq", "permalink": "/r/Frozen/comments/1zen75/well_that_makes_two/cfszsh3/", "score": 11, "stickied": false, "subreddit_id": "t5_2vpth", "author_name": "m_sobol", "author_id": "cdluz", "subreddit_name": "frozen"}, {"body": "The orchestra was playing at a faster tempo than the normal song. Whether it was planned beforehand or the orchestra didn't know what it was doing because it was in a separate building, she doesn't have to deal with that on Broadway. Broadway also doesn't cut out half your song so they can stuff more Samsung ads into the show. ", "created_utc": 1393844719.0, "distinguished": null, "edited": false, "id": "cft50gc", "is_submitter": false, "link_id": "t3_1zen75", "parent_id": "t1_cfszsh3", "permalink": "/r/Frozen/comments/1zen75/well_that_makes_two/cft50gc/", "score": 1, "stickied": false, "subreddit_id": "t5_2vpth", "author_name": "delta835", "author_id": "93ebf", "subreddit_name": "frozen"}]