{"clicked": false, "created_utc": 1393820253.0, "distinguished": null, "edited": false, "id": "1zen75", "is_video": false, "locked": false, "num_comments": 59, "over_18": false, "permalink": "/r/Frozen/comments/1zen75/well_that_makes_two/", "score": 170, "selftext": "Congrats to everyone involved for the two Oscars!", "stickied": false, "subreddit_id": "t5_2vpth", "title": "Well, that makes two!", "url": null, "author_name": "FyndFyre", "author_id": "d38qn", "subreddit_name": "frozen", "upvote_ratio": 0.94}