[{"body": "Anna's face in the 5th panel. XD\nAlso, props to Disney for this. I didn't notice the joke at first.", "created_utc": 1391962092.0, "distinguished": null, "edited": false, "id": "cfaxu2p", "is_submitter": false, "link_id": "t3_1xfpew", "parent_id": "t3_1xfpew", "permalink": "/r/Frozen/comments/1xfpew/foot_size_doesnt_matter/cfaxu2p/", "score": 24, "stickied": false, "subreddit_id": "t5_2vpth", "author_name": "jayjay200", "author_id": "c0kdx", "subreddit_name": "frozen"}, {"body": "Dat Kristoff face in the end :D", "created_utc": 1391963169.0, "distinguished": null, "edited": false, "id": "cfay6r2", "is_submitter": false, "link_id": "t3_1xfpew", "parent_id": "t3_1xfpew", "permalink": "/r/Frozen/comments/1xfpew/foot_size_doesnt_matter/cfay6r2/", "score": 21, "stickied": false, "subreddit_id": "t5_2vpth", "author_name": "Roxioz", "author_id": "f6z4v", "subreddit_name": "frozen"}, {"body": "At least Kristoff looks like he doesn't have a problem with *his* foot size.", "created_utc": 1391983103.0, "distinguished": null, "edited": false, "id": "cfb6du3", "is_submitter": false, "link_id": "t3_1xfpew", "parent_id": "t3_1xfpew", "permalink": "/r/Frozen/comments/1xfpew/foot_size_doesnt_matter/cfb6du3/", "score": 11, "stickied": false, "subreddit_id": "t5_2vpth", "author_name": "Hypnosomnia", "author_id": "71vcj", "subreddit_name": "frozen"}, {"body": "Man I looooove the artist's drawing style!", "created_utc": 1391962009.0, "distinguished": null, "edited": false, "id": "cfaxt58", "is_submitter": false, "link_id": "t3_1xfpew", "parent_id": "t3_1xfpew", "permalink": "/r/Frozen/comments/1xfpew/foot_size_doesnt_matter/cfaxt58/", "score": 11, "stickied": false, "subreddit_id": "t5_2vpth", "author_name": "Swoove", "author_id": "7w825", "subreddit_name": "frozen"}, {"body": "Dreeeaaammyyy", "created_utc": 1391983142.0, "distinguished": null, "edited": false, "id": "cfb6eez", "is_submitter": false, "link_id": "t3_1xfpew", "parent_id": "t3_1xfpew", "permalink": "/r/Frozen/comments/1xfpew/foot_size_doesnt_matter/cfb6eez/", "score": 5, "stickied": false, "subreddit_id": "t5_2vpth", "author_name": "IamVAcer", "author_id": "d3tyl", "subreddit_name": "frozen"}, {"body": "Kinda off subject, but how does one paint the 'shade' on characters (like Kristoff's face in the last panel)? Do you use the burn tool, or just one by one paint each color with a darker tone of the original color used?", "created_utc": 1391969395.0, "distinguished": null, "edited": false, "id": "cfb0lhd", "is_submitter": false, "link_id": "t3_1xfpew", "parent_id": "t3_1xfpew", "permalink": "/r/Frozen/comments/1xfpew/foot_size_doesnt_matter/cfb0lhd/", "score": 3, "stickied": false, "subreddit_id": "t5_2vpth", "author_name": "ThreeBigTacos", "author_id": "5h9ld", "subreddit_name": "frozen"}, {"body": "Hahaha friggin love this. AWSOME art style too", "created_utc": 1391971432.0, "distinguished": null, "edited": false, "id": "cfb1g68", "is_submitter": false, "link_id": "t3_1xfpew", "parent_id": "t3_1xfpew", "permalink": "/r/Frozen/comments/1xfpew/foot_size_doesnt_matter/cfb1g68/", "score": 2, "stickied": false, "subreddit_id": "t5_2vpth", "author_name": "-Melrakki-", "author_id": "enq6q", "subreddit_name": "frozen"}, {"body": "Anywhere I can find the video clip of this? I'd like to show a friend how this scene plays out in real time.", "created_utc": 1391975917.0, "distinguished": null, "edited": false, "id": "cfb3cra", "is_submitter": false, "link_id": "t3_1xfpew", "parent_id": "t3_1xfpew", "permalink": "/r/Frozen/comments/1xfpew/foot_size_doesnt_matter/cfb3cra/", "score": 2, "stickied": false, "subreddit_id": "t5_2vpth", "author_name": "DeFi3D", "author_id": "6a7dp", "subreddit_name": "frozen"}, {"body": "Man, that's a well painted Kristoff at the end there! That's some serious talent.", "created_utc": 1391991392.0, "distinguished": null, "edited": false, "id": "cfb9uhl", "is_submitter": false, "link_id": "t3_1xfpew", "parent_id": "t3_1xfpew", "permalink": "/r/Frozen/comments/1xfpew/foot_size_doesnt_matter/cfb9uhl/", "score": 2, "stickied": false, "subreddit_id": "t5_2vpth", "author_name": "Ckydder", "author_id": "7ykzu", "subreddit_name": "frozen"}, {"body": "\"foot size\"\n\n\nYou know what they say about guys with big feet..", "created_utc": 1391982348.0, "distinguished": null, "edited": false, "id": "cfb62h8", "is_submitter": false, "link_id": "t3_1xfpew", "parent_id": "t3_1xfpew", "permalink": "/r/Frozen/comments/1xfpew/foot_size_doesnt_matter/cfb62h8/", "score": 1, "stickied": false, "subreddit_id": "t5_2vpth", "author_name": "Bestyan", "author_id": "dr3dr", "subreddit_name": "frozen"}, {"body": "Foot size totally matters.", "created_utc": 1392000729.0, "distinguished": null, "edited": false, "id": "cfbdmoz", "is_submitter": false, "link_id": "t3_1xfpew", "parent_id": "t3_1xfpew", "permalink": "/r/Frozen/comments/1xfpew/foot_size_doesnt_matter/cfbdmoz/", "score": 0, "stickied": false, "subreddit_id": "t5_2vpth", "author_name": "SavageGeeIced", "author_id": "6ss5a", "subreddit_name": "frozen"}, {"body": "from my experience of shading in photoshop, i'd say you can use darker, less saturated tone of the original color", "created_utc": 1391970681.0, "distinguished": null, "edited": false, "id": "cfb14p4", "is_submitter": true, "link_id": "t3_1xfpew", "parent_id": "t1_cfb0lhd", "permalink": "/r/Frozen/comments/1xfpew/foot_size_doesnt_matter/cfb14p4/", "score": 2, "stickied": false, "subreddit_id": "t5_2vpth", "author_name": "Portgas", "author_id": "7kc75", "subreddit_name": "frozen"}, {"body": "You can simply put black ontop of the color in a new layer and set that layer to have a different blending mode like soft light, sample (blending mode and opacity is outlined in red): http://i.imgur.com/zAgWz8r.jpg", "created_utc": 1392727378.0, "distinguished": null, "edited": false, "id": "cfi9hsk", "is_submitter": false, "link_id": "t3_1xfpew", "parent_id": "t1_cfb0lhd", "permalink": "/r/Frozen/comments/1xfpew/foot_size_doesnt_matter/cfi9hsk/", "score": 1, "stickied": false, "subreddit_id": "t5_2vpth", "author_name": null, "author_id": null, "subreddit_name": "frozen"}, {"body": "http://imgur.com/J0ru7", "created_utc": 1391982588.0, "distinguished": null, "edited": false, "id": "cfb660l", "is_submitter": false, "link_id": "t3_1xfpew", "parent_id": "t1_cfb62h8", "permalink": "/r/Frozen/comments/1xfpew/foot_size_doesnt_matter/cfb660l/", "score": 20, "stickied": false, "subreddit_id": "t5_2vpth", "author_name": "randomness43080", "author_id": "f3ivm", "subreddit_name": "frozen"}, {"body": "Big socks?", "created_utc": 1391992855.0, "distinguished": null, "edited": false, "id": "cfbafkk", "is_submitter": false, "link_id": "t3_1xfpew", "parent_id": "t1_cfb62h8", "permalink": "/r/Frozen/comments/1xfpew/foot_size_doesnt_matter/cfbafkk/", "score": 6, "stickied": false, "subreddit_id": "t5_2vpth", "author_name": "Ckydder", "author_id": "7ykzu", "subreddit_name": "frozen"}, {"body": "Thank you! That was the image I was looking for :)", "created_utc": 1391983880.0, "distinguished": null, "edited": false, "id": "cfb6pv8", "is_submitter": false, "link_id": "t3_1xfpew", "parent_id": "t1_cfb660l", "permalink": "/r/Frozen/comments/1xfpew/foot_size_doesnt_matter/cfb6pv8/", "score": 3, "stickied": false, "subreddit_id": "t5_2vpth", "author_name": "Bestyan", "author_id": "dr3dr", "subreddit_name": "frozen"}]