{"clicked": false, "created_utc": 1391958434.0, "distinguished": null, "edited": false, "id": "1xfpew", "is_video": false, "locked": false, "num_comments": 16, "over_18": false, "permalink": "/r/Frozen/comments/1xfpew/foot_size_doesnt_matter/", "score": 123, "selftext": "", "stickied": false, "subreddit_id": "t5_2vpth", "title": "Foot size doesn't matter", "url": "http://clindor.tumblr.com/post/76103553302/this-is-the-closest-disney-will-ever-get-to-a", "author_name": "Portgas", "author_id": "7kc75", "subreddit_name": "frozen", "upvote_ratio": 0.98}