[{"body": "[Source](http://disney-rapunzel-merida-vanellope.tumblr.com/post/78367895184/best-animated-movie-and-best-original-song-deal)\n\nSehm hon HELL-drr IN-um HELL-gum\nAYG-num ok krund ee THES-um HELL-\ngah STAHTH, ehk teh frahm FUR-ear U-\nthear\u2026\n\n...Queen Elsa of Oscars!!!!", "created_utc": 1393820765.0, "distinguished": null, "edited": false, "id": "cfszckh", "is_submitter": true, "link_id": "t3_1zenjg", "parent_id": "t3_1zenjg", "permalink": "/r/Frozen/comments/1zenjg/queen_elsa_of_oscars/cfszckh/", "score": 25, "stickied": false, "subreddit_id": "t5_2vpth", "author_name": "teffhk", "author_id": "dyxc8", "subreddit_name": "frozen"}, {"body": "...So is the United States going to thaw now?", "created_utc": 1393822251.0, "distinguished": null, "edited": false, "id": "cfszxl1", "is_submitter": false, "link_id": "t3_1zenjg", "parent_id": "t3_1zenjg", "permalink": "/r/Frozen/comments/1zenjg/queen_elsa_of_oscars/cfszxl1/", "score": 21, "stickied": false, "subreddit_id": "t5_2vpth", "author_name": "3BillionBasePairs", "author_id": "bnmql", "subreddit_name": "frozen"}, {"body": "I love how Internet people make things like this", "created_utc": 1393831484.0, "distinguished": null, "edited": false, "id": "cft2t2f", "is_submitter": false, "link_id": "t3_1zenjg", "parent_id": "t3_1zenjg", "permalink": "/r/Frozen/comments/1zenjg/queen_elsa_of_oscars/cft2t2f/", "score": 15, "stickied": false, "subreddit_id": "t5_2vpth", "author_name": "FelixBlue", "author_id": "fca2h", "subreddit_name": "frozen"}, {"body": "I'd like to see her doing the sexy strut with the Oscars!", "created_utc": 1393864290.0, "distinguished": null, "edited": false, "id": "cfta6c6", "is_submitter": false, "link_id": "t3_1zenjg", "parent_id": "t3_1zenjg", "permalink": "/r/Frozen/comments/1zenjg/queen_elsa_of_oscars/cfta6c6/", "score": 9, "stickied": false, "subreddit_id": "t5_2vpth", "author_name": null, "author_id": null, "subreddit_name": "frozen"}, {"body": "it's missing the nervous pause! ", "created_utc": 1393836386.0, "distinguished": null, "edited": false, "id": "cft3svv", "is_submitter": false, "link_id": "t3_1zenjg", "parent_id": "t3_1zenjg", "permalink": "/r/Frozen/comments/1zenjg/queen_elsa_of_oscars/cft3svv/", "score": 3, "stickied": false, "subreddit_id": "t5_2vpth", "author_name": "ares623", "author_id": "3mbae", "subreddit_name": "frozen"}, {"body": "This is brilliant. heh. ", "created_utc": 1393857544.0, "distinguished": null, "edited": false, "id": "cft7lww", "is_submitter": false, "link_id": "t3_1zenjg", "parent_id": "t3_1zenjg", "permalink": "/r/Frozen/comments/1zenjg/queen_elsa_of_oscars/cft7lww/", "score": 6, "stickied": false, "subreddit_id": "t5_2vpth", "author_name": "TheOneAndOnlyTainted", "author_id": "dhz5a", "subreddit_name": "frozen"}, {"body": "Then Elsa freezes the Oscars she is holding.", "created_utc": 1393869766.0, "distinguished": null, "edited": false, "id": "cftcpn6", "is_submitter": false, "link_id": "t3_1zenjg", "parent_id": "t3_1zenjg", "permalink": "/r/Frozen/comments/1zenjg/queen_elsa_of_oscars/cftcpn6/", "score": 2, "stickied": false, "subreddit_id": "t5_2vpth", "author_name": "fanfrickfracktion", "author_id": "fexxy", "subreddit_name": "frozen"}, {"body": "Could someone make a picture instead of a gif for the awards on both hands and the award names that it has won? That would make a great facebook cover photo.\n", "created_utc": 1393822927.0, "distinguished": null, "edited": false, "id": "cft06ml", "is_submitter": false, "link_id": "t3_1zenjg", "parent_id": "t1_cfszckh", "permalink": "/r/Frozen/comments/1zenjg/queen_elsa_of_oscars/cft06ml/", "score": 15, "stickied": false, "subreddit_id": "t5_2vpth", "author_name": "lazybutter", "author_id": "73zbx", "subreddit_name": "frozen"}, {"body": "Nope", "created_utc": 1393826296.0, "distinguished": null, "edited": false, "id": "cft1cmb", "is_submitter": false, "link_id": "t3_1zenjg", "parent_id": "t1_cfszxl1", "permalink": "/r/Frozen/comments/1zenjg/queen_elsa_of_oscars/cft1cmb/", "score": 6, "stickied": false, "subreddit_id": "t5_2vpth", "author_name": "FPSmcducky", "author_id": "59jq7", "subreddit_name": "frozen"}, {"body": "I know I'm two months late and you may've seen this by now, but:\n\nhttp://25.media.tumblr.com/b6ff6957cdeb4c600fee59d91440ae10/tumblr_n1ua6sGOTA1sjciazo6_400.gif", "created_utc": 1401489594.0, "distinguished": null, "edited": false, "id": "chv8eoo", "is_submitter": false, "link_id": "t3_1zenjg", "parent_id": "t1_cfta6c6", "permalink": "/r/Frozen/comments/1zenjg/queen_elsa_of_oscars/chv8eoo/", "score": 3, "stickied": false, "subreddit_id": "t5_2vpth", "author_name": "Eldi13", "author_id": "4kd57", "subreddit_name": "frozen"}]