{"clicked": false, "created_utc": 1393820489.0, "distinguished": null, "edited": false, "id": "1zenjg", "is_video": false, "locked": false, "num_comments": 10, "over_18": false, "permalink": "/r/Frozen/comments/1zenjg/queen_elsa_of_oscars/", "score": 544, "selftext": "", "stickied": false, "subreddit_id": "t5_2vpth", "title": "Queen Elsa of Oscars!!!", "url": "http://25.media.tumblr.com/2953442c2ceee50cb6e87495a1c7f07f/tumblr_n1qwfmUYXQ1qeuqv1o1_500.gif", "author_name": "teffhk", "author_id": "dyxc8", "subreddit_name": "frozen", "upvote_ratio": 0.96}