[{"body": "USA's in deep deep deep deep... Snow.", "created_utc": 1390985249.0, "distinguished": null, "edited": false, "id": "cf1ossb", "is_submitter": false, "link_id": "t3_1wfz97", "parent_id": "t3_1wfz97", "permalink": "/r/Frozen/comments/1wfz97/elsa_wants_whats_rightfully_hers/cf1ossb/", "score": 37, "stickied": false, "subreddit_id": "t5_2vpth", "author_name": "icefire4114", "author_id": "a6z6f", "subreddit_name": "frozen"}, {"body": "Don't be surprised if Disney gets snubbed here again.", "created_utc": 1390978262.0, "distinguished": null, "edited": false, "id": "cf1n99s", "is_submitter": false, "link_id": "t3_1wfz97", "parent_id": "t3_1wfz97", "permalink": "/r/Frozen/comments/1wfz97/elsa_wants_whats_rightfully_hers/cf1n99s/", "score": 27, "stickied": false, "subreddit_id": "t5_2vpth", "author_name": "jory26", "author_id": "8rb91", "subreddit_name": "frozen"}, {"body": "Five snowstorms for New York since this movie came out\n\nWE GET IT ELSA, WE GET IT.  ", "created_utc": 1391709896.0, "distinguished": null, "edited": false, "id": "cf8o0sl", "is_submitter": false, "link_id": "t3_1wfz97", "parent_id": "t3_1wfz97", "permalink": "/r/Frozen/comments/1wfz97/elsa_wants_whats_rightfully_hers/cf8o0sl/", "score": 11, "stickied": false, "subreddit_id": "t5_2vpth", "author_name": "Anemoi523", "author_id": "5tb0u", "subreddit_name": "frozen"}, {"body": "The cold never bothered me anyway.", "created_utc": 1391033240.0, "distinguished": null, "edited": false, "id": "cf25j8z", "is_submitter": false, "link_id": "t3_1wfz97", "parent_id": "t3_1wfz97", "permalink": "/r/Frozen/comments/1wfz97/elsa_wants_whats_rightfully_hers/cf25j8z/", "score": 12, "stickied": false, "subreddit_id": "t5_2vpth", "author_name": "jayjay200", "author_id": "c0kdx", "subreddit_name": "frozen"}, {"body": "... I live in the yellow part. ", "created_utc": 1391016157.0, "distinguished": null, "edited": false, "id": "cf1wrn5", "is_submitter": false, "link_id": "t3_1wfz97", "parent_id": "t3_1wfz97", "permalink": "/r/Frozen/comments/1wfz97/elsa_wants_whats_rightfully_hers/cf1wrn5/", "score": 7, "stickied": false, "subreddit_id": "t5_2vpth", "author_name": null, "author_id": null, "subreddit_name": "frozen"}, {"body": "50 degrees in California? Seems a little low to me.", "created_utc": 1391011526.0, "distinguished": null, "edited": false, "id": "cf1uo7v", "is_submitter": false, "link_id": "t3_1wfz97", "parent_id": "t3_1wfz97", "permalink": "/r/Frozen/comments/1wfz97/elsa_wants_whats_rightfully_hers/cf1uo7v/", "score": 6, "stickied": false, "subreddit_id": "t5_2vpth", "author_name": "austinstudios", "author_id": "ctiu4", "subreddit_name": "frozen"}, {"body": "This is why I'm not leaving Florida", "created_utc": 1391033664.0, "distinguished": null, "edited": false, "id": "cf25qv7", "is_submitter": false, "link_id": "t3_1wfz97", "parent_id": "t3_1wfz97", "permalink": "/r/Frozen/comments/1wfz97/elsa_wants_whats_rightfully_hers/cf25qv7/", "score": 3, "stickied": false, "subreddit_id": "t5_2vpth", "author_name": "Voids", "author_id": "6dj3i", "subreddit_name": "frozen"}, {"body": "Except Tahoe. \n\nGod. Damnit. jfkdl;as ^(Hopefully that changes in the next few days though.)", "created_utc": 1390985665.0, "distinguished": null, "edited": false, "id": "cf1ovhg", "is_submitter": true, "link_id": "t3_1wfz97", "parent_id": "t1_cf1ossb", "permalink": "/r/Frozen/comments/1wfz97/elsa_wants_whats_rightfully_hers/cf1ovhg/", "score": 9, "stickied": false, "subreddit_id": "t5_2vpth", "author_name": "JiForce", "author_id": "5fwj2", "subreddit_name": "frozen"}, {"body": "Except my town's ski hill... dammit. ", "created_utc": 1391005663.0, "distinguished": null, "edited": false, "id": "cf1sjc8", "is_submitter": false, "link_id": "t3_1wfz97", "parent_id": "t1_cf1ossb", "permalink": "/r/Frozen/comments/1wfz97/elsa_wants_whats_rightfully_hers/cf1sjc8/", "score": 4, "stickied": false, "subreddit_id": "t5_2vpth", "author_name": null, "author_id": null, "subreddit_name": "frozen"}, {"body": "After the Golden Globes, I definitely wouldn't be. People just eat stuff like Ordinary Love up. ", "created_utc": 1390978660.0, "distinguished": null, "edited": false, "id": "cf1nd5c", "is_submitter": true, "link_id": "t3_1wfz97", "parent_id": "t1_cf1n99s", "permalink": "/r/Frozen/comments/1wfz97/elsa_wants_whats_rightfully_hers/cf1nd5c/", "score": 20, "stickied": false, "subreddit_id": "t5_2vpth", "author_name": "JiForce", "author_id": "5fwj2", "subreddit_name": "frozen"}, {"body": "So do I.  I was wearing flip flops and a t-shirt yesterday and I was still sweating.", "created_utc": 1391017481.0, "distinguished": null, "edited": false, "id": "cf1xe7s", "is_submitter": false, "link_id": "t3_1wfz97", "parent_id": "t1_cf1wrn5", "permalink": "/r/Frozen/comments/1wfz97/elsa_wants_whats_rightfully_hers/cf1xe7s/", "score": 6, "stickied": false, "subreddit_id": "t5_2vpth", "author_name": "chibipan222", "author_id": "als3i", "subreddit_name": "frozen"}, {"body": "This is pretty much freezing for us. ", "created_utc": 1391039719.0, "distinguished": null, "edited": false, "id": "cf28ndf", "is_submitter": true, "link_id": "t3_1wfz97", "parent_id": "t1_cf1uo7v", "permalink": "/r/Frozen/comments/1wfz97/elsa_wants_whats_rightfully_hers/cf28ndf/", "score": 8, "stickied": false, "subreddit_id": "t5_2vpth", "author_name": "JiForce", "author_id": "5fwj2", "subreddit_name": "frozen"}, {"body": "This is why I'm moving to Florida.", "created_utc": 1392062546.0, "distinguished": null, "edited": false, "id": "cfbx8q4", "is_submitter": false, "link_id": "t3_1wfz97", "parent_id": "t1_cf25qv7", "permalink": "/r/Frozen/comments/1wfz97/elsa_wants_whats_rightfully_hers/cfbx8q4/", "score": 1, "stickied": false, "subreddit_id": "t5_2vpth", "author_name": null, "author_id": null, "subreddit_name": "frozen"}, {"body": "I think that in the judges' minds, they are faced with: a kids' animated film, or an inspiring biography of an influential, worldchanging leader.\n\nAlso, I read somewhere that the judges at the Oscars have an average age of 60-70, so that doesn't help our case.", "created_utc": 1390981873.0, "distinguished": null, "edited": false, "id": "cf1o4uh", "is_submitter": false, "link_id": "t3_1wfz97", "parent_id": "t1_cf1nd5c", "permalink": "/r/Frozen/comments/1wfz97/elsa_wants_whats_rightfully_hers/cf1o4uh/", "score": 19, "stickied": false, "subreddit_id": "t5_2vpth", "author_name": "Miss_Sauce", "author_id": "9c9bo", "subreddit_name": "frozen"}, {"body": "Want to trade for even a weekend? I'll drive down there and you can come up to Ottawa and live in a winter wonderland <3", "created_utc": 1391023415.0, "distinguished": null, "edited": false, "id": "cf20cvk", "is_submitter": false, "link_id": "t3_1wfz97", "parent_id": "t1_cf1xe7s", "permalink": "/r/Frozen/comments/1wfz97/elsa_wants_whats_rightfully_hers/cf20cvk/", "score": 6, "stickied": false, "subreddit_id": "t5_2vpth", "author_name": "Kimmberlias", "author_id": "9lica", "subreddit_name": "frozen"}, {"body": "My thoughts exactly. And it's a goddamn shame too. Maybe it's because I haven't actually seen Mandela yet so I don't have as much of an in-context emotional connection to it, whereas I've seen Frozen twice now in theaters, but I only *like* Ordinary Love. It's... okay, for lack of a better word, because I'm so ambivalent about it. \n\nI mean, it's a pretty song, with some feel-good lyrics, but it feels like generic rehashed U2, with some Keane and Coldplay influences thrown in. For it to win *best original song* is a travesty. ", "created_utc": 1390982579.0, "distinguished": null, "edited": false, "id": "cf1oa7o", "is_submitter": true, "link_id": "t3_1wfz97", "parent_id": "t1_cf1o4uh", "permalink": "/r/Frozen/comments/1wfz97/elsa_wants_whats_rightfully_hers/cf1oa7o/", "score": 17, "stickied": false, "subreddit_id": "t5_2vpth", "author_name": "JiForce", "author_id": "5fwj2", "subreddit_name": "frozen"}, {"body": "That's very tempting but since I don't own a jacket or socks I should probably pass :) its actually quite rainy and miserable here today though so don't feel too bad.", "created_utc": 1391028126.0, "distinguished": null, "edited": false, "id": "cf22udl", "is_submitter": false, "link_id": "t3_1wfz97", "parent_id": "t1_cf20cvk", "permalink": "/r/Frozen/comments/1wfz97/elsa_wants_whats_rightfully_hers/cf22udl/", "score": 4, "stickied": false, "subreddit_id": "t5_2vpth", "author_name": "chibipan222", "author_id": "als3i", "subreddit_name": "frozen"}, {"body": "I'd prefer rain over -31F haha\n\nAlso, I can't even begin to picture not having socks... that's just crazy! haha", "created_utc": 1391034383.0, "distinguished": null, "edited": false, "id": "cf263vb", "is_submitter": false, "link_id": "t3_1wfz97", "parent_id": "t1_cf22udl", "permalink": "/r/Frozen/comments/1wfz97/elsa_wants_whats_rightfully_hers/cf263vb/", "score": 3, "stickied": false, "subreddit_id": "t5_2vpth", "author_name": "Kimmberlias", "author_id": "9lica", "subreddit_name": "frozen"}, {"body": "lol I prefer 0F and snow over 80(ish)F and rain. just sayin", "created_utc": 1391181431.0, "distinguished": null, "edited": false, "id": "cf3m0dz", "is_submitter": false, "link_id": "t3_1wfz97", "parent_id": "t1_cf263vb", "permalink": "/r/Frozen/comments/1wfz97/elsa_wants_whats_rightfully_hers/cf3m0dz/", "score": 3, "stickied": false, "subreddit_id": "t5_2vpth", "author_name": "KaptainK27", "author_id": "f0vwg", "subreddit_name": "frozen"}]