{"clicked": false, "created_utc": 1390974348.0, "distinguished": null, "edited": false, "id": "1wfz97", "is_video": false, "locked": false, "num_comments": 20, "over_18": false, "permalink": "/r/Frozen/comments/1wfz97/elsa_wants_whats_rightfully_hers/", "score": 217, "selftext": "", "stickied": false, "subreddit_id": "t5_2vpth", "title": "Elsa wants what's rightfully hers!", "url": "http://reindeersarebetter.tumblr.com/post/74830868001/elsa-i-sang-my-heart-out-i-deserved-that-golden", "author_name": "JiForce", "author_id": "5fwj2", "subreddit_name": "frozen", "upvote_ratio": 0.99}