[{"body": "That's when you just keep knocking on the door \"Do you want to build a snowman?\" \nUntil they let you in :)", "created_utc": 1392230787.0, "distinguished": null, "edited": false, "id": "cfdmeoz", "is_submitter": false, "link_id": "t3_1xq8wb", "parent_id": "t3_1xq8wb", "permalink": "/r/Frozen/comments/1xq8wb/as_a_guy_with_my_guy_friends_when_the_kick_me_out/cfdmeoz/", "score": 82, "stickied": false, "subreddit_id": "t5_2vpth", "author_name": "gdkitty", "author_id": "8payt", "subreddit_name": "frozen"}, {"body": "Let's be honest here... was it because you liked Frozen, or because you liked the idea of singing Let It Go for the 8th time that night?", "created_utc": 1392244394.0, "distinguished": null, "edited": false, "id": "cfdteca", "is_submitter": false, "link_id": "t3_1xq8wb", "parent_id": "t3_1xq8wb", "permalink": "/r/Frozen/comments/1xq8wb/as_a_guy_with_my_guy_friends_when_the_kick_me_out/cfdteca/", "score": 65, "stickied": false, "subreddit_id": "t5_2vpth", "author_name": "NotUnusualYet", "author_id": "5pezz", "subreddit_name": "frozen"}, {"body": "Sounds like you need new friends.", "created_utc": 1392236270.0, "distinguished": null, "edited": false, "id": "cfdp6ze", "is_submitter": false, "link_id": "t3_1xq8wb", "parent_id": "t3_1xq8wb", "permalink": "/r/Frozen/comments/1xq8wb/as_a_guy_with_my_guy_friends_when_the_kick_me_out/cfdp6ze/", "score": 46, "stickied": false, "subreddit_id": "t5_2vpth", "author_name": "Superjoshe", "author_id": "a5tb7", "subreddit_name": "frozen"}, {"body": "[Tell them this](http://i.imgur.com/31dUSoA.gif)", "created_utc": 1392242053.0, "distinguished": null, "edited": false, "id": "cfds7nn", "is_submitter": false, "link_id": "t3_1xq8wb", "parent_id": "t3_1xq8wb", "permalink": "/r/Frozen/comments/1xq8wb/as_a_guy_with_my_guy_friends_when_the_kick_me_out/cfds7nn/", "score": 29, "stickied": false, "subreddit_id": "t5_2vpth", "author_name": "vadersky94", "author_id": "7ewjh", "subreddit_name": "frozen"}, {"body": "My god.. I can watch this gif the whole day. So mesmerizing... ", "created_utc": 1392247271.0, "distinguished": null, "edited": false, "id": "cfdustw", "is_submitter": false, "link_id": "t3_1xq8wb", "parent_id": "t3_1xq8wb", "permalink": "/r/Frozen/comments/1xq8wb/as_a_guy_with_my_guy_friends_when_the_kick_me_out/cfdustw/", "score": 6, "stickied": false, "subreddit_id": "t5_2vpth", "author_name": null, "author_id": null, "subreddit_name": "frozen"}, {"body": "Or is it because you pry open their eyelids when they are sleeping and ask them if they wanna build a snowman?", "created_utc": 1392254104.0, "distinguished": null, "edited": false, "id": "cfdxtvv", "is_submitter": false, "link_id": "t3_1xq8wb", "parent_id": "t3_1xq8wb", "permalink": "/r/Frozen/comments/1xq8wb/as_a_guy_with_my_guy_friends_when_the_kick_me_out/cfdxtvv/", "score": 5, "stickied": false, "subreddit_id": "t5_2vpth", "author_name": "Eriflee", "author_id": "8n6qs", "subreddit_name": "frozen"}, {"body": "I dont know that many people who dont like Frozen IRL :D", "created_utc": 1392265672.0, "distinguished": null, "edited": false, "id": "cfe2xte", "is_submitter": false, "link_id": "t3_1xq8wb", "parent_id": "t3_1xq8wb", "permalink": "/r/Frozen/comments/1xq8wb/as_a_guy_with_my_guy_friends_when_the_kick_me_out/cfe2xte/", "score": 3, "stickied": false, "subreddit_id": "t5_2vpth", "author_name": "KokiKun", "author_id": "615xc", "subreddit_name": "frozen"}, {"body": "That never happened", "created_utc": 1392264918.0, "distinguished": null, "edited": false, "id": "cfe2mdw", "is_submitter": false, "link_id": "t3_1xq8wb", "parent_id": "t3_1xq8wb", "permalink": "/r/Frozen/comments/1xq8wb/as_a_guy_with_my_guy_friends_when_the_kick_me_out/cfe2mdw/", "score": 9, "stickied": false, "subreddit_id": "t5_2vpth", "author_name": "Voids", "author_id": "6dj3i", "subreddit_name": "frozen"}, {"body": "I just notice I wrote \"the\" instead of \"they\" in the un-editable title. *Cringe*", "created_utc": 1392268472.0, "distinguished": null, "edited": false, "id": "cfe422l", "is_submitter": true, "link_id": "t3_1xq8wb", "parent_id": "t3_1xq8wb", "permalink": "/r/Frozen/comments/1xq8wb/as_a_guy_with_my_guy_friends_when_the_kick_me_out/cfe422l/", "score": 4, "stickied": false, "subreddit_id": "t5_2vpth", "author_name": "jamesz5000", "author_id": "4g59i", "subreddit_name": "frozen"}, {"body": "Seriously, I'm a guy.", "created_utc": 1392263304.0, "distinguished": null, "edited": false, "id": "cfe1xbh", "is_submitter": false, "link_id": "t3_1xq8wb", "parent_id": "t3_1xq8wb", "permalink": "/r/Frozen/comments/1xq8wb/as_a_guy_with_my_guy_friends_when_the_kick_me_out/cfe1xbh/", "score": 2, "stickied": false, "subreddit_id": "t5_2vpth", "author_name": "thejealousone", "author_id": "8yf1g", "subreddit_name": "frozen"}, {"body": "Did distance make everything feel small when you left?", "created_utc": 1392283456.0, "distinguished": null, "edited": false, "id": "cfe7z06", "is_submitter": false, "link_id": "t3_1xq8wb", "parent_id": "t3_1xq8wb", "permalink": "/r/Frozen/comments/1xq8wb/as_a_guy_with_my_guy_friends_when_the_kick_me_out/cfe7z06/", "score": 2, "stickied": false, "subreddit_id": "t5_2vpth", "author_name": "Gnet20", "author_id": "654xm", "subreddit_name": "frozen"}, {"body": "You deserve a better class of friends. ", "created_utc": 1392269057.0, "distinguished": null, "edited": false, "id": "cfe49wc", "is_submitter": false, "link_id": "t3_1xq8wb", "parent_id": "t3_1xq8wb", "permalink": "/r/Frozen/comments/1xq8wb/as_a_guy_with_my_guy_friends_when_the_kick_me_out/cfe49wc/", "score": 1, "stickied": false, "subreddit_id": "t5_2vpth", "author_name": "Dokbokki", "author_id": "68i7r", "subreddit_name": "frozen"}, {"body": "/r/shittytumblrgifs", "created_utc": 1392530997.0, "distinguished": null, "edited": false, "id": "cfgivl3", "is_submitter": false, "link_id": "t3_1xq8wb", "parent_id": "t3_1xq8wb", "permalink": "/r/Frozen/comments/1xq8wb/as_a_guy_with_my_guy_friends_when_the_kick_me_out/cfgivl3/", "score": -2, "stickied": false, "subreddit_id": "t5_2vpth", "author_name": "Baconopolis", "author_id": "92t3g", "subreddit_name": "frozen"}, {"body": "I don't know... It may take 13 years to get back in.", "created_utc": 1392233292.0, "distinguished": null, "edited": false, "id": "cfdnofj", "is_submitter": false, "link_id": "t3_1xq8wb", "parent_id": "t1_cfdmeoz", "permalink": "/r/Frozen/comments/1xq8wb/as_a_guy_with_my_guy_friends_when_the_kick_me_out/cfdnofj/", "score": 47, "stickied": false, "subreddit_id": "t5_2vpth", "author_name": null, "author_id": null, "subreddit_name": "frozen"}, {"body": "It doesn't have to be a snowman!", "created_utc": 1392233156.0, "distinguished": null, "edited": false, "id": "cfdnlx2", "is_submitter": false, "link_id": "t3_1xq8wb", "parent_id": "t1_cfdmeoz", "permalink": "/r/Frozen/comments/1xq8wb/as_a_guy_with_my_guy_friends_when_the_kick_me_out/cfdnlx2/", "score": 19, "stickied": false, "subreddit_id": "t5_2vpth", "author_name": "Chimon", "author_id": "640oy", "subreddit_name": "frozen"}, {"body": "[Or this.](http://i.imgur.com/WQvpoz5.gif)", "created_utc": 1392266744.0, "distinguished": null, "edited": false, "id": "cfe3e3h", "is_submitter": false, "link_id": "t3_1xq8wb", "parent_id": "t1_cfds7nn", "permalink": "/r/Frozen/comments/1xq8wb/as_a_guy_with_my_guy_friends_when_the_kick_me_out/cfe3e3h/", "score": 7, "stickied": false, "subreddit_id": "t5_2vpth", "author_name": null, "author_id": null, "subreddit_name": "frozen"}, {"body": "just gonna save this for another time ", "created_utc": 1392258117.0, "distinguished": null, "edited": false, "id": "cfdzlf2", "is_submitter": false, "link_id": "t3_1xq8wb", "parent_id": "t1_cfds7nn", "permalink": "/r/Frozen/comments/1xq8wb/as_a_guy_with_my_guy_friends_when_the_kick_me_out/cfdzlf2/", "score": 3, "stickied": false, "subreddit_id": "t5_2vpth", "author_name": "michaelsong55", "author_id": "5w0bg", "subreddit_name": "frozen"}, {"body": "Just wanna remember this link.", "created_utc": 1392351137.0, "distinguished": null, "edited": false, "id": "cfexx7m", "is_submitter": false, "link_id": "t3_1xq8wb", "parent_id": "t1_cfds7nn", "permalink": "/r/Frozen/comments/1xq8wb/as_a_guy_with_my_guy_friends_when_the_kick_me_out/cfexx7m/", "score": 2, "stickied": false, "subreddit_id": "t5_2vpth", "author_name": "ninjaakid422", "author_id": "8uh8c", "subreddit_name": "frozen"}, {"body": "http://imgur.com/kW7Zy5g", "created_utc": 1392269580.0, "distinguished": null, "edited": false, "id": "cfe4h0n", "is_submitter": true, "link_id": "t3_1xq8wb", "parent_id": "t1_cfe2mdw", "permalink": "/r/Frozen/comments/1xq8wb/as_a_guy_with_my_guy_friends_when_the_kick_me_out/cfe4h0n/", "score": 27, "stickied": false, "subreddit_id": "t5_2vpth", "author_name": "jamesz5000", "author_id": "4g59i", "subreddit_name": "frozen"}, {"body": "At least you can edit this post and put a \"d\" at the end of \"notice.\"", "created_utc": 1392316392.0, "distinguished": null, "edited": false, "id": "cfehuyd", "is_submitter": false, "link_id": "t3_1xq8wb", "parent_id": "t1_cfe422l", "permalink": "/r/Frozen/comments/1xq8wb/as_a_guy_with_my_guy_friends_when_the_kick_me_out/cfehuyd/", "score": 5, "stickied": false, "subreddit_id": "t5_2vpth", "author_name": "Zack_and_Screech", "author_id": "6nojk", "subreddit_name": "frozen"}, {"body": "Not that shitty. You can see her say each of the words in the text.", "created_utc": 1394647443.0, "distinguished": null, "edited": false, "id": "cg0vama", "is_submitter": false, "link_id": "t3_1xq8wb", "parent_id": "t1_cfgivl3", "permalink": "/r/Frozen/comments/1xq8wb/as_a_guy_with_my_guy_friends_when_the_kick_me_out/cg0vama/", "score": 1, "stickied": false, "subreddit_id": "t5_2vpth", "author_name": "Ridonkulus_DUDE", "author_id": "6dsed", "subreddit_name": "frozen"}, {"body": "\"Jeeze guys! just let me back in!\n\nMy parents even died and everything... just let me back in!\"", "created_utc": 1392233490.0, "distinguished": null, "edited": false, "id": "cfdns13", "is_submitter": false, "link_id": "t3_1xq8wb", "parent_id": "t1_cfdnofj", "permalink": "/r/Frozen/comments/1xq8wb/as_a_guy_with_my_guy_friends_when_the_kick_me_out/cfdns13/", "score": 24, "stickied": false, "subreddit_id": "t5_2vpth", "author_name": "gdkitty", "author_id": "8payt", "subreddit_name": "frozen"}, {"body": "Omy gah... my brain be broked...", "created_utc": 1392317495.0, "distinguished": null, "edited": false, "id": "cfeiec3", "is_submitter": true, "link_id": "t3_1xq8wb", "parent_id": "t1_cfehuyd", "permalink": "/r/Frozen/comments/1xq8wb/as_a_guy_with_my_guy_friends_when_the_kick_me_out/cfeiec3/", "score": 3, "stickied": false, "subreddit_id": "t5_2vpth", "author_name": "jamesz5000", "author_id": "4g59i", "subreddit_name": "frozen"}]