{"clicked": false, "created_utc": 1392230678.0, "distinguished": null, "edited": false, "id": "1xq8wb", "is_video": false, "locked": false, "num_comments": 23, "over_18": false, "permalink": "/r/Frozen/comments/1xq8wb/as_a_guy_with_my_guy_friends_when_the_kick_me_out/", "score": 256, "selftext": "", "stickied": false, "subreddit_id": "t5_2vpth", "title": "As a guy with my guy friends when the kick me out in the middle of the night for liking Frozen.", "url": "http://i.imgur.com/Co0FUEK.jpg", "author_name": "jamesz5000", "author_id": "4g59i", "subreddit_name": "frozen", "upvote_ratio": 0.86}