[{"body": "[deleted]", "created_utc": 1392156614.0, "distinguished": null, "edited": false, "id": "cfcwozm", "is_submitter": false, "link_id": "t3_1xncy0", "parent_id": "t3_1xncy0", "permalink": "/r/Frozen/comments/1xncy0/down_voting_something_on_the_front_page_frozen/cfcwozm/", "score": 41, "stickied": false, "subreddit_id": "t5_2vpth", "author_name": null, "author_id": null, "subreddit_name": "frozen"}, {"body": "You should post this to /r/upvotegifs, get it used around Reddit!\n\nAlso, what software did you use to track the downvote onto the snowball?", "created_utc": 1392158268.0, "distinguished": null, "edited": false, "id": "cfcxi8f", "is_submitter": false, "link_id": "t3_1xncy0", "parent_id": "t3_1xncy0", "permalink": "/r/Frozen/comments/1xncy0/down_voting_something_on_the_front_page_frozen/cfcxi8f/", "score": 31, "stickied": false, "subreddit_id": "t5_2vpth", "author_name": "Eren_Jeager", "author_id": "db1dv", "subreddit_name": "frozen"}, {"body": "It would be awesome if someone compiled these Frozen Up/down vote gifs into an album for easy reference", "created_utc": 1392156261.0, "distinguished": null, "edited": false, "id": "cfcwitf", "is_submitter": false, "link_id": "t3_1xncy0", "parent_id": "t3_1xncy0", "permalink": "/r/Frozen/comments/1xncy0/down_voting_something_on_the_front_page_frozen/cfcwitf/", "score": 17, "stickied": false, "subreddit_id": "t5_2vpth", "author_name": "theKunz1", "author_id": "c3jji", "subreddit_name": "frozen"}, {"body": "I'll make an effective version later.", "created_utc": 1392154737.0, "distinguished": null, "edited": false, "id": "cfcvr1g", "is_submitter": true, "link_id": "t3_1xncy0", "parent_id": "t3_1xncy0", "permalink": "/r/Frozen/comments/1xncy0/down_voting_something_on_the_front_page_frozen/cfcvr1g/", "score": 7, "stickied": false, "subreddit_id": "t5_2vpth", "author_name": "DYWTBASM", "author_id": "f5y9o", "subreddit_name": "frozen"}, {"body": "/r/gifs would go crazy for this. Awesome edit.", "created_utc": 1392161142.0, "distinguished": null, "edited": false, "id": "cfcyms8", "is_submitter": false, "link_id": "t3_1xncy0", "parent_id": "t3_1xncy0", "permalink": "/r/Frozen/comments/1xncy0/down_voting_something_on_the_front_page_frozen/cfcyms8/", "score": 8, "stickied": false, "subreddit_id": "t5_2vpth", "author_name": null, "author_id": null, "subreddit_name": "frozen"}, {"body": "More like down voting a troll", "created_utc": 1393282952.0, "distinguished": null, "edited": false, "id": "cfns5f8", "is_submitter": false, "link_id": "t3_1xncy0", "parent_id": "t3_1xncy0", "permalink": "/r/Frozen/comments/1xncy0/down_voting_something_on_the_front_page_frozen/cfns5f8/", "score": 1, "stickied": false, "subreddit_id": "t5_2vpth", "author_name": "vulkott", "author_id": "865lb", "subreddit_name": "frozen"}, {"body": "Why don't you have him blasting upvotes out of his mouth? Sorry I know this is 3 weeks old I just discovered this subreddit", "created_utc": 1394526676.0, "distinguished": null, "edited": false, "id": "cfzpci6", "is_submitter": false, "link_id": "t3_1xncy0", "parent_id": "t3_1xncy0", "permalink": "/r/Frozen/comments/1xncy0/down_voting_something_on_the_front_page_frozen/cfzpci6/", "score": 1, "stickied": false, "subreddit_id": "t5_2vpth", "author_name": "Sqpon", "author_id": "5km37", "subreddit_name": "frozen"}, {"body": "Okay. All right. I'm okay. I'm calm...", "created_utc": 1392157291.0, "distinguished": null, "edited": false, "id": "cfcx0x7", "is_submitter": false, "link_id": "t3_1xncy0", "parent_id": "t1_cfcwozm", "permalink": "/r/Frozen/comments/1xncy0/down_voting_something_on_the_front_page_frozen/cfcx0x7/", "score": 19, "stickied": false, "subreddit_id": "t5_2vpth", "author_name": "randomness43080", "author_id": "f3ivm", "subreddit_name": "frozen"}, {"body": "I didn't know about that sub, I'll check it out. As for the tracking I use Sony Vegas but it doesn't perfectly track so I just move the arrow in the off frames.", "created_utc": 1392159797.0, "distinguished": null, "edited": false, "id": "cfcy1o6", "is_submitter": true, "link_id": "t3_1xncy0", "parent_id": "t1_cfcxi8f", "permalink": "/r/Frozen/comments/1xncy0/down_voting_something_on_the_front_page_frozen/cfcy1o6/", "score": 16, "stickied": false, "subreddit_id": "t5_2vpth", "author_name": "DYWTBASM", "author_id": "f5y9o", "subreddit_name": "frozen"}, {"body": "This one contains the ones I've made: http://imgur.com/a/jlTMU", "created_utc": 1392156700.0, "distinguished": null, "edited": false, "id": "cfcwqgz", "is_submitter": true, "link_id": "t3_1xncy0", "parent_id": "t1_cfcwitf", "permalink": "/r/Frozen/comments/1xncy0/down_voting_something_on_the_front_page_frozen/cfcwqgz/", "score": 43, "stickied": false, "subreddit_id": "t5_2vpth", "author_name": "DYWTBASM", "author_id": "f5y9o", "subreddit_name": "frozen"}, {"body": "It is not nice to throw people! ", "created_utc": 1392166520.0, "distinguished": null, "edited": false, "id": "cfd147e", "is_submitter": false, "link_id": "t3_1xncy0", "parent_id": "t1_cfcx0x7", "permalink": "/r/Frozen/comments/1xncy0/down_voting_something_on_the_front_page_frozen/cfd147e/", "score": 20, "stickied": false, "subreddit_id": "t5_2vpth", "author_name": "TheGingerWannabe", "author_id": "76a4f", "subreddit_name": "frozen"}, {"body": "That last one OH MY GOD!!!", "created_utc": 1392213962.0, "distinguished": null, "edited": false, "id": "cfdf1p8", "is_submitter": false, "link_id": "t3_1xncy0", "parent_id": "t1_cfcwqgz", "permalink": "/r/Frozen/comments/1xncy0/down_voting_something_on_the_front_page_frozen/cfdf1p8/", "score": 9, "stickied": false, "subreddit_id": "t5_2vpth", "author_name": null, "author_id": null, "subreddit_name": "frozen"}, {"body": "You are the future", "created_utc": 1392352975.0, "distinguished": null, "edited": false, "id": "cfeyo4a", "is_submitter": false, "link_id": "t3_1xncy0", "parent_id": "t1_cfcwqgz", "permalink": "/r/Frozen/comments/1xncy0/down_voting_something_on_the_front_page_frozen/cfeyo4a/", "score": 4, "stickied": false, "subreddit_id": "t5_2vpth", "author_name": "ninjaakid422", "author_id": "8uh8c", "subreddit_name": "frozen"}, {"body": "Aw c'mon!", "created_utc": 1392168647.0, "distinguished": null, "edited": false, "id": "cfd236y", "is_submitter": false, "link_id": "t3_1xncy0", "parent_id": "t1_cfd147e", "permalink": "/r/Frozen/comments/1xncy0/down_voting_something_on_the_front_page_frozen/cfd236y/", "score": 7, "stickied": false, "subreddit_id": "t5_2vpth", "author_name": "baconarcher", "author_id": "bnh95", "subreddit_name": "frozen"}]