{"clicked": false, "created_utc": 1392154673.0, "distinguished": null, "edited": false, "id": "1xncy0", "is_video": false, "locked": false, "num_comments": 12, "over_18": false, "permalink": "/r/Frozen/comments/1xncy0/down_voting_something_on_the_front_page_frozen/", "score": 1169, "selftext": "", "stickied": false, "subreddit_id": "t5_2vpth", "title": "Down voting something on the front page (frozen version)", "url": "http://i.imgur.com/nB5WLOU.gif", "author_name": "DYWTBASM", "author_id": "f5y9o", "subreddit_name": "frozen", "upvote_ratio": 0.97}